{"type": "FeatureCollection", "features": [{"type": "Feature", "geometry": {"type": "Point", "coordinates": [97.5, 23.5]}, "properties": {"elevation_m": 989.6, "risk": 0.1}}, {"type": "Feature", "geometry": {"type": "Point", "coordinates": [97.5, 24.5]}, "properties": {"elevation_m": 775.9, "risk": 0.1}}, {"type": "Feature", "geometry": {"type": "Point", "coordinates": [96.5, 20.5]}, "properties": {"elevation_m": 802.4, "risk": 0.1}}, {"type": "Feature", "geometry": {"type": "Point", "coordinates": [96.5, 23.5]}, "properties": {"elevation_m": 278.0, "risk": 0.1}}, {"type": "Feature", "geometry": {"type": "Point", "coordinates": [99.5, 21.5]}, "properties": {"elevation_m": 1200.6, "risk": 0.1}}, {"type": "Feature", "geometry": {"type": "Point", "coordinates": [98.5, 21.5]}, "properties": {"elevation_m": 891.1, "risk": 0.1}}, {"type": "Feature", "geometry": {"type": "Point", "coordinates": [97.5, 21.5]}, "properties": {"elevation_m": 1057.1, "risk": 0.1}}, {"type": "Feature", "geometry": {"type": "Point", "coordinates": [98.5, 22.5]}, "properties": {"elevation_m": 1074.8, "risk": 0.1}}, {"type": "Feature", "geometry": {"type": "Point", "coordinates": [99.5, 23.5]}, "properties": {"elevation_m": 1553.7, "risk": 0.1}}, {"type": "Feature", "geometry": {"type": "Point", "coordinates": [99.5, 22.5]}, "properties": {"elevation_m": 1314.4, "risk": 0.1}}, {"type": "Feature", "geometry": {"type": "Point", "coordinates": [95.5, 20.5]}, "properties": {"elevation_m": 270.9, "risk": 0.1}}, {"type": "Feature", "geometry": {"type": "Point", "coordinates": [95.5, 21.5]}, "properties": {"elevation_m": 155.8, "risk": 0.1}}, {"type": "Feature", "geometry": {"type": "Point", "coordinates": [98.5, 23.5]}, "properties": {"elevation_m": 1177.5, "risk": 0.1}}, {"type": "Feature", "geometry": {"type": "Point", "coordinates": [95.5, 22.5]}, "properties": {"elevation_m": 130.1, "risk": 0.1}}, {"type": "Feature", "geometry": {"type": "Point", "coordinates": [95.5, 24.5]}, "properties": {"elevation_m": 347.7, "risk": 0.1}}, {"type": "Feature", "geometry": {"type": "Point", "coordinates": [96.5, 21.5]}, "properties": {"elevation_m": 656.9, "risk": 0.1}}, {"type": "Feature", "geometry": {"type": "Point", "coordinates": [96.5, 22.5]}, "properties": {"elevation_m": 736.9, "risk": 0.1}}, {"type": "Feature", "geometry": {"type": "Point", "coordinates": [99.5, 24.5]}, "properties": {"elevation_m": 1659.8, "risk": 0.1}}, {"type": "Feature", "geometry": {"type": "Point", "coordinates": [97.5, 22.5]}, "properties": {"elevation_m": 846.2, "risk": 0.1}}, {"type": "Feature", "geometry": {"type": "Point", "coordinates": [98.5, 24.5]}, "properties": {"elevation_m": 1499.6, "risk": 0.1}}, {"type": "Feature", "geometry": {"type": "Point", "coordinates": [98.5, 20.5]}, "properties": {"elevation_m": 831.7, "risk": 0.1}}, {"type": "Feature", "geometry": {"type": "Point", "coordinates": [97.5, 20.5]}, "properties": {"elevation_m": 1105.4, "risk": 0.1}}, {"type": "Feature", "geometry": {"type": "Point", "coordinates": [99.5, 20.5]}, "properties": {"elevation_m": 910.1, "risk": 0.1}}, {"type": "Feature", "geometry": {"type": "Point", "coordinates": [96.5, 24.5]}, "properties": {"elevation_m": 283.7, "risk": 0.1}}, {"type": "Feature", "geometry": {"type": "Point", "coordinates": [95.5, 23.5]}, "properties": {"elevation_m": 239.2, "risk": 0.1}}, {"type": "Feature", "geometry": {"type": "Point", "coordinates": [104.5, 21.5]}, "properties": {"elevation_m": 757.1, "risk": 0.1}}, {"type": "Feature", "geometry": {"type": "Point", "coordinates": [103.5, 23.5]}, "properties": {"elevation_m": 1590.8, "risk": 0.1}}, {"type": "Feature", "geometry": {"type": "Point", "coordinates": [104.5, 22.5]}, "properties": {"elevation_m": 693.1, "risk": 0.1}}, {"type": "Feature", "geometry": {"type": "Point", "coordinates": [102.5, 21.5]}, "properties": {"elevation_m": 880.1, "risk": 0.1}}, {"type": "Feature", "geometry": {"type": "Point", "coordinates": [101.5, 24.5]}, "properties": {"elevation_m": 1700.3, "risk": 0.1}}, {"type": "Feature", "geometry": {"type": "Point", "coordinates": [100.5, 22.5]}, "properties": {"elevation_m": 1270.8, "risk": 0.1}}, {"type": "Feature", "geometry": {"type": "Point", "coordinates": [101.5, 22.5]}, "properties": {"elevation_m": 1206.5, "risk": 0.1}}, {"type": "Feature", "geometry": {"type": "Point", "coordinates": [102.5, 23.5]}, "properties": {"elevation_m": 1532.4, "risk": 0.1}}, {"type": "Feature", "geometry": {"type": "Point", "coordinates": [103.5, 22.5]}, "properties": {"elevation_m": 1048.8, "risk": 0.1}}, {"type": "Feature", "geometry": {"type": "Point", "coordinates": [102.5, 22.5]}, "properties": {"elevation_m": 1098.8, "risk": 0.1}}, {"type": "Feature", "geometry": {"type": "Point", "coordinates": [100.5, 24.5]}, "properties": {"elevation_m": 1805.2, "risk": 0.1}}, {"type": "Feature", "geometry": {"type": "Point", "coordinates": [102.5, 24.5]}, "properties": {"elevation_m": 1902.4, "risk": 0.1}}, {"type": "Feature", "geometry": {"type": "Point", "coordinates": [103.5, 24.5]}, "properties": {"elevation_m": 1794.5, "risk": 0.1}}, {"type": "Feature", "geometry": {"type": "Point", "coordinates": [100.5, 21.5]}, "properties": {"elevation_m": 1050.1, "risk": 0.1}}, {"type": "Feature", "geometry": {"type": "Point", "coordinates": [101.5, 23.5]}, "properties": {"elevation_m": 1454.6, "risk": 0.1}}, {"type": "Feature", "geometry": {"type": "Point", "coordinates": [104.5, 24.5]}, "properties": {"elevation_m": 1399.2, "risk": 0.1}}, {"type": "Feature", "geometry": {"type": "Point", "coordinates": [100.5, 23.5]}, "properties": {"elevation_m": 1484.6, "risk": 0.1}}, {"type": "Feature", "geometry": {"type": "Point", "coordinates": [104.5, 23.5]}, "properties": {"elevation_m": 1466.7, "risk": 0.1}}, {"type": "Feature", "geometry": {"type": "Point", "coordinates": [104.5, 20.5]}, "properties": {"elevation_m": 811.8, "risk": 0.1}}, {"type": "Feature", "geometry": {"type": "Point", "coordinates": [101.5, 21.5]}, "properties": {"elevation_m": 966.4, "risk": 0.1}}, {"type": "Feature", "geometry": {"type": "Point", "coordinates": [100.5, 20.5]}, "properties": {"elevation_m": 682.8, "risk": 0.1}}, {"type": "Feature", "geometry": {"type": "Point", "coordinates": [101.5, 20.5]}, "properties": {"elevation_m": 874.5, "risk": 0.1}}, {"type": "Feature", "geometry": {"type": "Point", "coordinates": [102.5, 20.5]}, "properties": {"elevation_m": 775.4, "risk": 0.1}}, {"type": "Feature", "geometry": {"type": "Point", "coordinates": [103.5, 20.5]}, "properties": {"elevation_m": 1046.6, "risk": 0.1}}, {"type": "Feature", "geometry": {"type": "Point", "coordinates": [103.5, 21.5]}, "properties": {"elevation_m": 854.1, "risk": 0.1}}, {"type": "Feature", "geometry": {"type": "Point", "coordinates": [105.5, 23.5]}, "properties": {"elevation_m": 1098.8, "risk": 0.1}}, {"type": "Feature", "geometry": {"type": "Point", "coordinates": [106.5, 20.5]}, "properties": {"elevation_m": 2.8, "risk": 1.0}}, {"type": "Feature", "geometry": {"type": "Point", "coordinates": [106.5, 21.5]}, "properties": {"elevation_m": 211.5, "risk": 0.1}}, {"type": "Feature", "geometry": {"type": "Point", "coordinates": [108.5, 22.5]}, "properties": {"elevation_m": 127.4, "risk": 0.1}}, {"type": "Feature", "geometry": {"type": "Point", "coordinates": [109.5, 23.5]}, "properties": {"elevation_m": 176.2, "risk": 0.1}}, {"type": "Feature", "geometry": {"type": "Point", "coordinates": [106.5, 24.5]}, "properties": {"elevation_m": 790.4, "risk": 0.1}}, {"type": "Feature", "geometry": {"type": "Point", "coordinates": [107.5, 22.5]}, "properties": {"elevation_m": 235.8, "risk": 0.1}}, {"type": "Feature", "geometry": {"type": "Point", "coordinates": [108.5, 23.5]}, "properties": {"elevation_m": 262.7, "risk": 0.1}}, {"type": "Feature", "geometry": {"type": "Point", "coordinates": [105.5, 24.5]}, "properties": {"elevation_m": 947.5, "risk": 0.1}}, {"type": "Feature", "geometry": {"type": "Point", "coordinates": [106.5, 23.5]}, "properties": {"elevation_m": 658.9, "risk": 0.1}}, {"type": "Feature", "geometry": {"type": "Point", "coordinates": [107.5, 20.5]}, "properties": {"elevation_m": 2.6, "risk": 1.0}}, {"type": "Feature", "geometry": {"type": "Point", "coordinates": [107.5, 24.5]}, "properties": {"elevation_m": 611.6, "risk": 0.1}}, {"type": "Feature", "geometry": {"type": "Point", "coordinates": [105.5, 21.5]}, "properties": {"elevation_m": 119.2, "risk": 0.1}}, {"type": "Feature", "geometry": {"type": "Point", "coordinates": [108.5, 21.5]}, "properties": {"elevation_m": 29.6, "risk": 0.1}}, {"type": "Feature", "geometry": {"type": "Point", "coordinates": [109.5, 22.5]}, "properties": {"elevation_m": 141.9, "risk": 0.1}}, {"type": "Feature", "geometry": {"type": "Point", "coordinates": [109.5, 21.5]}, "properties": {"elevation_m": 26.5, "risk": 0.1}}, {"type": "Feature", "geometry": {"type": "Point", "coordinates": [107.5, 21.5]}, "properties": {"elevation_m": 252.1, "risk": 0.1}}, {"type": "Feature", "geometry": {"type": "Point", "coordinates": [106.5, 22.5]}, "properties": {"elevation_m": 434.3, "risk": 0.1}}, {"type": "Feature", "geometry": {"type": "Point", "coordinates": [107.5, 23.5]}, "properties": {"elevation_m": 357.2, "risk": 0.1}}, {"type": "Feature", "geometry": {"type": "Point", "coordinates": [109.5, 24.5]}, "properties": {"elevation_m": 217.6, "risk": 0.1}}, {"type": "Feature", "geometry": {"type": "Point", "coordinates": [109.5, 20.5]}, "properties": {"elevation_m": 4.1, "risk": 0.75}}, {"type": "Feature", "geometry": {"type": "Point", "coordinates": [105.5, 20.5]}, "properties": {"elevation_m": 199.1, "risk": 0.1}}, {"type": "Feature", "geometry": {"type": "Point", "coordinates": [105.5, 22.5]}, "properties": {"elevation_m": 542.5, "risk": 0.1}}, {"type": "Feature", "geometry": {"type": "Point", "coordinates": [108.5, 24.5]}, "properties": {"elevation_m": 363.2, "risk": 0.1}}, {"type": "Feature", "geometry": {"type": "Point", "coordinates": [117.5, 24.5]}, "properties": {"elevation_m": 342.6, "risk": 0.1}}, {"type": "Feature", "geometry": {"type": "Point", "coordinates": [116.5, 22.5]}, "properties": {"elevation_m": 0.8, "risk": 1.0}}, {"type": "Feature", "geometry": {"type": "Point", "coordinates": [115.5, 23.5]}, "properties": {"elevation_m": 297.6, "risk": 0.1}}, {"type": "Feature", "geometry": {"type": "Point", "coordinates": [116.5, 23.5]}, "properties": {"elevation_m": 128.9, "risk": 0.1}}, {"type": "Feature", "geometry": {"type": "Point", "coordinates": [118.5, 24.5]}, "properties": {"elevation_m": 43.7, "risk": 0.1}}, {"type": "Feature", "geometry": {"type": "Point", "coordinates": [115.5, 24.5]}, "properties": {"elevation_m": 321.7, "risk": 0.1}}, {"type": "Feature", "geometry": {"type": "Point", "coordinates": [115.5, 22.5]}, "properties": {"elevation_m": 13.2, "risk": 0.1}}, {"type": "Feature", "geometry": {"type": "Point", "coordinates": [116.5, 20.5]}, "properties": {"elevation_m": 0.0, "risk": 1.0}}, {"type": "Feature", "geometry": {"type": "Point", "coordinates": [116.5, 24.5]}, "properties": {"elevation_m": 368.5, "risk": 0.1}}, {"type": "Feature", "geometry": {"type": "Point", "coordinates": [117.5, 23.5]}, "properties": {"elevation_m": 29.8, "risk": 0.1}}, {"type": "Feature", "geometry": {"type": "Point", "coordinates": [119.5, 23.5]}, "properties": {"elevation_m": 0.2, "risk": 1.0}}, {"type": "Feature", "geometry": {"type": "Point", "coordinates": [119.5, 24.5]}, "properties": {"elevation_m": 0.0, "risk": 1.0}}, {"type": "Feature", "geometry": {"type": "Point", "coordinates": [122.5, 24.5]}, "properties": {"elevation_m": 0.1, "risk": 1.0}}, {"type": "Feature", "geometry": {"type": "Point", "coordinates": [121.5, 24.5]}, "properties": {"elevation_m": 900.3, "risk": 0.1}}, {"type": "Feature", "geometry": {"type": "Point", "coordinates": [120.5, 24.5]}, "properties": {"elevation_m": 101.5, "risk": 0.1}}, {"type": "Feature", "geometry": {"type": "Point", "coordinates": [120.5, 23.5]}, "properties": {"elevation_m": 515.0, "risk": 0.1}}, {"type": "Feature", "geometry": {"type": "Point", "coordinates": [121.5, 23.5]}, "properties": {"elevation_m": 637.4, "risk": 0.1}}, {"type": "Feature", "geometry": {"type": "Point", "coordinates": [120.5, 22.5]}, "properties": {"elevation_m": 272.0, "risk": 0.1}}, {"type": "Feature", "geometry": {"type": "Point", "coordinates": [124.5, 24.5]}, "properties": {"elevation_m": 1.5, "risk": 1.0}}, {"type": "Feature", "geometry": {"type": "Point", "coordinates": [123.5, 24.5]}, "properties": {"elevation_m": 4.3, "risk": 0.75}}, {"type": "Feature", "geometry": {"type": "Point", "coordinates": [120.5, 21.5]}, "properties": {"elevation_m": 0.8, "risk": 1.0}}, {"type": "Feature", "geometry": {"type": "Point", "coordinates": [121.5, 21.5]}, "properties": {"elevation_m": 0.0, "risk": 1.0}}, {"type": "Feature", "geometry": {"type": "Point", "coordinates": [121.5, 20.5]}, "properties": {"elevation_m": 1.7, "risk": 1.0}}, {"type": "Feature", "geometry": {"type": "Point", "coordinates": [122.5, 20.5]}, "properties": {"elevation_m": 0.5, "risk": 1.0}}, {"type": "Feature", "geometry": {"type": "Point", "coordinates": [121.5, 22.5]}, "properties": {"elevation_m": 32.5, "risk": 0.1}}, {"type": "Feature", "geometry": {"type": "Point", "coordinates": [125.5, 24.5]}, "properties": {"elevation_m": 0.7, "risk": 1.0}}, {"type": "Feature", "geometry": {"type": "Point", "coordinates": [144.5, 20.5]}, "properties": {"elevation_m": 0.0, "risk": 1.0}}, {"type": "Feature", "geometry": {"type": "Point", "coordinates": [141.5, 24.5]}, "properties": {"elevation_m": 0.3, "risk": 1.0}}, {"type": "Feature", "geometry": {"type": "Point", "coordinates": [94.5, 28.5]}, "properties": {"elevation_m": 1872.9, "risk": 0.1}}, {"type": "Feature", "geometry": {"type": "Point", "coordinates": [90.5, 27.5]}, "properties": {"elevation_m": 3161.6, "risk": 0.1}}, {"type": "Feature", "geometry": {"type": "Point", "coordinates": [91.5, 29.5]}, "properties": {"elevation_m": 4402.8, "risk": 0.1}}, {"type": "Feature", "geometry": {"type": "Point", "coordinates": [94.5, 29.5]}, "properties": {"elevation_m": 3926.1, "risk": 0.1}}, {"type": "Feature", "geometry": {"type": "Point", "coordinates": [94.5, 25.5]}, "properties": {"elevation_m": 1349.7, "risk": 0.1}}, {"type": "Feature", "geometry": {"type": "Point", "coordinates": [92.5, 29.5]}, "properties": {"elevation_m": 4801.2, "risk": 0.1}}, {"type": "Feature", "geometry": {"type": "Point", "coordinates": [91.5, 25.5]}, "properties": {"elevation_m": 725.9, "risk": 0.1}}, {"type": "Feature", "geometry": {"type": "Point", "coordinates": [90.5, 28.5]}, "properties": {"elevation_m": 5066.0, "risk": 0.1}}, {"type": "Feature", "geometry": {"type": "Point", "coordinates": [90.5, 25.5]}, "properties": {"elevation_m": 233.0, "risk": 0.1}}, {"type": "Feature", "geometry": {"type": "Point", "coordinates": [94.5, 26.5]}, "properties": {"elevation_m": 555.2, "risk": 0.1}}, {"type": "Feature", "geometry": {"type": "Point", "coordinates": [90.5, 29.5]}, "properties": {"elevation_m": 4740.9, "risk": 0.1}}, {"type": "Feature", "geometry": {"type": "Point", "coordinates": [93.5, 27.5]}, "properties": {"elevation_m": 1434.6, "risk": 0.1}}, {"type": "Feature", "geometry": {"type": "Point", "coordinates": [91.5, 28.5]}, "properties": {"elevation_m": 4846.1, "risk": 0.1}}, {"type": "Feature", "geometry": {"type": "Point", "coordinates": [92.5, 28.5]}, "properties": {"elevation_m": 4706.6, "risk": 0.1}}, {"type": "Feature", "geometry": {"type": "Point", "coordinates": [93.5, 29.5]}, "properties": {"elevation_m": 4547.9, "risk": 0.1}}, {"type": "Feature", "geometry": {"type": "Point", "coordinates": [94.5, 27.5]}, "properties": {"elevation_m": 416.2, "risk": 0.1}}, {"type": "Feature", "geometry": {"type": "Point", "coordinates": [91.5, 27.5]}, "properties": {"elevation_m": 2822.8, "risk": 0.1}}, {"type": "Feature", "geometry": {"type": "Point", "coordinates": [93.5, 26.5]}, "properties": {"elevation_m": 244.4, "risk": 0.1}}, {"type": "Feature", "geometry": {"type": "Point", "coordinates": [93.5, 28.5]}, "properties": {"elevation_m": 3381.4, "risk": 0.1}}, {"type": "Feature", "geometry": {"type": "Point", "coordinates": [90.5, 26.5]}, "properties": {"elevation_m": 239.6, "risk": 0.1}}, {"type": "Feature", "geometry": {"type": "Point", "coordinates": [93.5, 25.5]}, "properties": {"elevation_m": 661.0, "risk": 0.1}}, {"type": "Feature", "geometry": {"type": "Point", "coordinates": [91.5, 26.5]}, "properties": {"elevation_m": 234.9, "risk": 0.1}}, {"type": "Feature", "geometry": {"type": "Point", "coordinates": [92.5, 25.5]}, "properties": {"elevation_m": 674.1, "risk": 0.1}}, {"type": "Feature", "geometry": {"type": "Point", "coordinates": [92.5, 27.5]}, "properties": {"elevation_m": 2795.3, "risk": 0.1}}, {"type": "Feature", "geometry": {"type": "Point", "coordinates": [92.5, 26.5]}, "properties": {"elevation_m": 136.5, "risk": 0.1}}, {"type": "Feature", "geometry": {"type": "Point", "coordinates": [96.5, 26.5]}, "properties": {"elevation_m": 513.3, "risk": 0.1}}, {"type": "Feature", "geometry": {"type": "Point", "coordinates": [95.5, 26.5]}, "properties": {"elevation_m": 1078.4, "risk": 0.1}}, {"type": "Feature", "geometry": {"type": "Point", "coordinates": [99.5, 25.5]}, "properties": {"elevation_m": 2151.9, "risk": 0.1}}, {"type": "Feature", "geometry": {"type": "Point", "coordinates": [99.5, 29.5]}, "properties": {"elevation_m": 4152.0, "risk": 0.1}}, {"type": "Feature", "geometry": {"type": "Point", "coordinates": [95.5, 27.5]}, "properties": {"elevation_m": 245.3, "risk": 0.1}}, {"type": "Feature", "geometry": {"type": "Point", "coordinates": [95.5, 29.5]}, "properties": {"elevation_m": 3348.0, "risk": 0.1}}, {"type": "Feature", "geometry": {"type": "Point", "coordinates": [97.5, 29.5]}, "properties": {"elevation_m": 4529.1, "risk": 0.1}}, {"type": "Feature", "geometry": {"type": "Point", "coordinates": [99.5, 28.5]}, "properties": {"elevation_m": 3758.2, "risk": 0.1}}, {"type": "Feature", "geometry": {"type": "Point", "coordinates": [96.5, 25.5]}, "properties": {"elevation_m": 448.3, "risk": 0.1}}, {"type": "Feature", "geometry": {"type": "Point", "coordinates": [98.5, 25.5]}, "properties": {"elevation_m": 1979.0, "risk": 0.1}}, {"type": "Feature", "geometry": {"type": "Point", "coordinates": [99.5, 26.5]}, "properties": {"elevation_m": 2759.8, "risk": 0.1}}, {"type": "Feature", "geometry": {"type": "Point", "coordinates": [97.5, 28.5]}, "properties": {"elevation_m": 3958.5, "risk": 0.1}}, {"type": "Feature", "geometry": {"type": "Point", "coordinates": [98.5, 27.5]}, "properties": {"elevation_m": 2594.4, "risk": 0.1}}, {"type": "Feature", "geometry": {"type": "Point", "coordinates": [99.5, 27.5]}, "properties": {"elevation_m": 3153.0, "risk": 0.1}}, {"type": "Feature", "geometry": {"type": "Point", "coordinates": [95.5, 25.5]}, "properties": {"elevation_m": 490.5, "risk": 0.1}}, {"type": "Feature", "geometry": {"type": "Point", "coordinates": [96.5, 27.5]}, "properties": {"elevation_m": 1355.5, "risk": 0.1}}, {"type": "Feature", "geometry": {"type": "Point", "coordinates": [97.5, 26.5]}, "properties": {"elevation_m": 829.8, "risk": 0.1}}, {"type": "Feature", "geometry": {"type": "Point", "coordinates": [98.5, 28.5]}, "properties": {"elevation_m": 3797.4, "risk": 0.1}}, {"type": "Feature", "geometry": {"type": "Point", "coordinates": [95.5, 28.5]}, "properties": {"elevation_m": 1720.6, "risk": 0.1}}, {"type": "Feature", "geometry": {"type": "Point", "coordinates": [96.5, 28.5]}, "properties": {"elevation_m": 3165.7, "risk": 0.1}}, {"type": "Feature", "geometry": {"type": "Point", "coordinates": [97.5, 25.5]}, "properties": {"elevation_m": 607.8, "risk": 0.1}}, {"type": "Feature", "geometry": {"type": "Point", "coordinates": [98.5, 29.5]}, "properties": {"elevation_m": 4189.9, "risk": 0.1}}, {"type": "Feature", "geometry": {"type": "Point", "coordinates": [98.5, 26.5]}, "properties": {"elevation_m": 2192.0, "risk": 0.1}}, {"type": "Feature", "geometry": {"type": "Point", "coordinates": [97.5, 27.5]}, "properties": {"elevation_m": 1564.4, "risk": 0.1}}, {"type": "Feature", "geometry": {"type": "Point", "coordinates": [96.5, 29.5]}, "properties": {"elevation_m": 4564.4, "risk": 0.1}}, {"type": "Feature", "geometry": {"type": "Point", "coordinates": [101.5, 25.5]}, "properties": {"elevation_m": 1956.6, "risk": 0.1}}, {"type": "Feature", "geometry": {"type": "Point", "coordinates": [104.5, 25.5]}, "properties": {"elevation_m": 1832.9, "risk": 0.1}}, {"type": "Feature", "geometry": {"type": "Point", "coordinates": [100.5, 26.5]}, "properties": {"elevation_m": 2366.2, "risk": 0.1}}, {"type": "Feature", "geometry": {"type": "Point", "coordinates": [101.5, 26.5]}, "properties": {"elevation_m": 1874.7, "risk": 0.1}}, {"type": "Feature", "geometry": {"type": "Point", "coordinates": [100.5, 25.5]}, "properties": {"elevation_m": 2116.3, "risk": 0.1}}, {"type": "Feature", "geometry": {"type": "Point", "coordinates": [102.5, 28.5]}, "properties": {"elevation_m": 2615.9, "risk": 0.1}}, {"type": "Feature", "geometry": {"type": "Point", "coordinates": [103.5, 28.5]}, "properties": {"elevation_m": 1737.8, "risk": 0.1}}, {"type": "Feature", "geometry": {"type": "Point", "coordinates": [103.5, 26.5]}, "properties": {"elevation_m": 2194.9, "risk": 0.1}}, {"type": "Feature", "geometry": {"type": "Point", "coordinates": [101.5, 27.5]}, "properties": {"elevation_m": 2677.1, "risk": 0.1}}, {"type": "Feature", "geometry": {"type": "Point", "coordinates": [103.5, 27.5]}, "properties": {"elevation_m": 2103.3, "risk": 0.1}}, {"type": "Feature", "geometry": {"type": "Point", "coordinates": [102.5, 25.5]}, "properties": {"elevation_m": 2123.6, "risk": 0.1}}, {"type": "Feature", "geometry": {"type": "Point", "coordinates": [104.5, 26.5]}, "properties": {"elevation_m": 2021.2, "risk": 0.1}}, {"type": "Feature", "geometry": {"type": "Point", "coordinates": [102.5, 27.5]}, "properties": {"elevation_m": 2313.1, "risk": 0.1}}, {"type": "Feature", "geometry": {"type": "Point", "coordinates": [101.5, 29.5]}, "properties": {"elevation_m": 4168.1, "risk": 0.1}}, {"type": "Feature", "geometry": {"type": "Point", "coordinates": [103.5, 29.5]}, "properties": {"elevation_m": 894.7, "risk": 0.1}}, {"type": "Feature", "geometry": {"type": "Point", "coordinates": [100.5, 29.5]}, "properties": {"elevation_m": 4263.6, "risk": 0.1}}, {"type": "Feature", "geometry": {"type": "Point", "coordinates": [100.5, 28.5]}, "properties": {"elevation_m": 3850.8, "risk": 0.1}}, {"type": "Feature", "geometry": {"type": "Point", "coordinates": [101.5, 28.5]}, "properties": {"elevation_m": 3422.3, "risk": 0.1}}, {"type": "Feature", "geometry": {"type": "Point", "coordinates": [104.5, 28.5]}, "properties": {"elevation_m": 658.8, "risk": 0.1}}, {"type": "Feature", "geometry": {"type": "Point", "coordinates": [102.5, 26.5]}, "properties": {"elevation_m": 2090.7, "risk": 0.1}}, {"type": "Feature", "geometry": {"type": "Point", "coordinates": [103.5, 25.5]}, "properties": {"elevation_m": 2080.6, "risk": 0.1}}, {"type": "Feature", "geometry": {"type": "Point", "coordinates": [104.5, 27.5]}, "properties": {"elevation_m": 1677.7, "risk": 0.1}}, {"type": "Feature", "geometry": {"type": "Point", "coordinates": [100.5, 27.5]}, "properties": {"elevation_m": 2973.7, "risk": 0.1}}, {"type": "Feature", "geometry": {"type": "Point", "coordinates": [104.5, 29.5]}, "properties": {"elevation_m": 408.7, "risk": 0.1}}, {"type": "Feature", "geometry": {"type": "Point", "coordinates": [102.5, 29.5]}, "properties": {"elevation_m": 2165.5, "risk": 0.1}}, {"type": "Feature", "geometry": {"type": "Point", "coordinates": [107.5, 25.5]}, "properties": {"elevation_m": 853.4, "risk": 0.1}}, {"type": "Feature", "geometry": {"type": "Point", "coordinates": [107.5, 29.5]}, "properties": {"elevation_m": 794.3, "risk": 0.1}}, {"type": "Feature", "geometry": {"type": "Point", "coordinates": [107.5, 27.5]}, "properties": {"elevation_m": 919.6, "risk": 0.1}}, {"type": "Feature", "geometry": {"type": "Point", "coordinates": [108.5, 29.5]}, "properties": {"elevation_m": 930.2, "risk": 0.1}}, {"type": "Feature", "geometry": {"type": "Point", "coordinates": [109.5, 27.5]}, "properties": {"elevation_m": 452.3, "risk": 0.1}}, {"type": "Feature", "geometry": {"type": "Point", "coordinates": [105.5, 26.5]}, "properties": {"elevation_m": 1500.5, "risk": 0.1}}, {"type": "Feature", "geometry": {"type": "Point", "coordinates": [105.5, 27.5]}, "properties": {"elevation_m": 1426.3, "risk": 0.1}}, {"type": "Feature", "geometry": {"type": "Point", "coordinates": [108.5, 28.5]}, "properties": {"elevation_m": 805.9, "risk": 0.1}}, {"type": "Feature", "geometry": {"type": "Point", "coordinates": [106.5, 26.5]}, "properties": {"elevation_m": 1276.6, "risk": 0.1}}, {"type": "Feature", "geometry": {"type": "Point", "coordinates": [105.5, 28.5]}, "properties": {"elevation_m": 588.3, "risk": 0.1}}, {"type": "Feature", "geometry": {"type": "Point", "coordinates": [105.5, 29.5]}, "properties": {"elevation_m": 362.3, "risk": 0.1}}, {"type": "Feature", "geometry": {"type": "Point", "coordinates": [107.5, 28.5]}, "properties": {"elevation_m": 1016.9, "risk": 0.1}}, {"type": "Feature", "geometry": {"type": "Point", "coordinates": [109.5, 28.5]}, "properties": {"elevation_m": 528.0, "risk": 0.1}}, {"type": "Feature", "geometry": {"type": "Point", "coordinates": [106.5, 29.5]}, "properties": {"elevation_m": 386.8, "risk": 0.1}}, {"type": "Feature", "geometry": {"type": "Point", "coordinates": [107.5, 26.5]}, "properties": {"elevation_m": 1041.7, "risk": 0.1}}, {"type": "Feature", "geometry": {"type": "Point", "coordinates": [105.5, 25.5]}, "properties": {"elevation_m": 1177.1, "risk": 0.1}}, {"type": "Feature", "geometry": {"type": "Point", "coordinates": [109.5, 25.5]}, "properties": {"elevation_m": 476.7, "risk": 0.1}}, {"type": "Feature", "geometry": {"type": "Point", "coordinates": [108.5, 26.5]}, "properties": {"elevation_m": 847.1, "risk": 0.1}}, {"type": "Feature", "geometry": {"type": "Point", "coordinates": [106.5, 25.5]}, "properties": {"elevation_m": 943.2, "risk": 0.1}}, {"type": "Feature", "geometry": {"type": "Point", "coordinates": [109.5, 26.5]}, "properties": {"elevation_m": 552.7, "risk": 0.1}}, {"type": "Feature", "geometry": {"type": "Point", "coordinates": [106.5, 28.5]}, "properties": {"elevation_m": 912.2, "risk": 0.1}}, {"type": "Feature", "geometry": {"type": "Point", "coordinates": [108.5, 27.5]}, "properties": {"elevation_m": 778.9, "risk": 0.1}}, {"type": "Feature", "geometry": {"type": "Point", "coordinates": [109.5, 29.5]}, "properties": {"elevation_m": 804.6, "risk": 0.1}}, {"type": "Feature", "geometry": {"type": "Point", "coordinates": [106.5, 27.5]}, "properties": {"elevation_m": 1078.4, "risk": 0.1}}, {"type": "Feature", "geometry": {"type": "Point", "coordinates": [108.5, 25.5]}, "properties": {"elevation_m": 689.4, "risk": 0.1}}, {"type": "Feature", "geometry": {"type": "Point", "coordinates": [110.5, 29.5]}, "properties": {"elevation_m": 635.5, "risk": 0.1}}, {"type": "Feature", "geometry": {"type": "Point", "coordinates": [114.5, 28.5]}, "properties": {"elevation_m": 355.8, "risk": 0.1}}, {"type": "Feature", "geometry": {"type": "Point", "coordinates": [111.5, 28.5]}, "properties": {"elevation_m": 268.2, "risk": 0.1}}, {"type": "Feature", "geometry": {"type": "Point", "coordinates": [113.5, 25.5]}, "properties": {"elevation_m": 580.1, "risk": 0.1}}, {"type": "Feature", "geometry": {"type": "Point", "coordinates": [114.5, 27.5]}, "properties": {"elevation_m": 235.9, "risk": 0.1}}, {"type": "Feature", "geometry": {"type": "Point", "coordinates": [111.5, 29.5]}, "properties": {"elevation_m": 153.3, "risk": 0.1}}, {"type": "Feature", "geometry": {"type": "Point", "coordinates": [110.5, 28.5]}, "properties": {"elevation_m": 415.3, "risk": 0.1}}, {"type": "Feature", "geometry": {"type": "Point", "coordinates": [112.5, 25.5]}, "properties": {"elevation_m": 436.6, "risk": 0.1}}, {"type": "Feature", "geometry": {"type": "Point", "coordinates": [112.5, 27.5]}, "properties": {"elevation_m": 143.8, "risk": 0.1}}, {"type": "Feature", "geometry": {"type": "Point", "coordinates": [112.5, 28.5]}, "properties": {"elevation_m": 79.6, "risk": 0.1}}, {"type": "Feature", "geometry": {"type": "Point", "coordinates": [112.5, 29.5]}, "properties": {"elevation_m": 32.6, "risk": 0.1}}, {"type": "Feature", "geometry": {"type": "Point", "coordinates": [112.5, 26.5]}, "properties": {"elevation_m": 204.0, "risk": 0.1}}, {"type": "Feature", "geometry": {"type": "Point", "coordinates": [113.5, 29.5]}, "properties": {"elevation_m": 112.9, "risk": 0.1}}, {"type": "Feature", "geometry": {"type": "Point", "coordinates": [111.5, 25.5]}, "properties": {"elevation_m": 483.2, "risk": 0.1}}, {"type": "Feature", "geometry": {"type": "Point", "coordinates": [110.5, 26.5]}, "properties": {"elevation_m": 739.1, "risk": 0.1}}, {"type": "Feature", "geometry": {"type": "Point", "coordinates": [113.5, 27.5]}, "properties": {"elevation_m": 208.5, "risk": 0.1}}, {"type": "Feature", "geometry": {"type": "Point", "coordinates": [114.5, 25.5]}, "properties": {"elevation_m": 356.6, "risk": 0.1}}, {"type": "Feature", "geometry": {"type": "Point", "coordinates": [114.5, 26.5]}, "properties": {"elevation_m": 370.2, "risk": 0.1}}, {"type": "Feature", "geometry": {"type": "Point", "coordinates": [113.5, 26.5]}, "properties": {"elevation_m": 397.7, "risk": 0.1}}, {"type": "Feature", "geometry": {"type": "Point", "coordinates": [111.5, 26.5]}, "properties": {"elevation_m": 320.5, "risk": 0.1}}, {"type": "Feature", "geometry": {"type": "Point", "coordinates": [113.5, 28.5]}, "properties": {"elevation_m": 183.4, "risk": 0.1}}, {"type": "Feature", "geometry": {"type": "Point", "coordinates": [110.5, 27.5]}, "properties": {"elevation_m": 540.4, "risk": 0.1}}, {"type": "Feature", "geometry": {"type": "Point", "coordinates": [111.5, 27.5]}, "properties": {"elevation_m": 358.8, "risk": 0.1}}, {"type": "Feature", "geometry": {"type": "Point", "coordinates": [110.5, 25.5]}, "properties": {"elevation_m": 521.2, "risk": 0.1}}, {"type": "Feature", "geometry": {"type": "Point", "coordinates": [114.5, 29.5]}, "properties": {"elevation_m": 260.4, "risk": 0.1}}, {"type": "Feature", "geometry": {"type": "Point", "coordinates": [117.5, 29.5]}, "properties": {"elevation_m": 236.5, "risk": 0.1}}, {"type": "Feature", "geometry": {"type": "Point", "coordinates": [117.5, 27.5]}, "properties": {"elevation_m": 561.6, "risk": 0.1}}, {"type": "Feature", "geometry": {"type": "Point", "coordinates": [119.5, 29.5]}, "properties": {"elevation_m": 238.9, "risk": 0.1}}, {"type": "Feature", "geometry": {"type": "Point", "coordinates": [119.5, 25.5]}, "properties": {"elevation_m": 65.9, "risk": 0.1}}, {"type": "Feature", "geometry": {"type": "Point", "coordinates": [118.5, 26.5]}, "properties": {"elevation_m": 536.5, "risk": 0.1}}, {"type": "Feature", "geometry": {"type": "Point", "coordinates": [119.5, 27.5]}, "properties": {"elevation_m": 765.4, "risk": 0.1}}, {"type": "Feature", "geometry": {"type": "Point", "coordinates": [116.5, 25.5]}, "properties": {"elevation_m": 577.8, "risk": 0.1}}, {"type": "Feature", "geometry": {"type": "Point", "coordinates": [118.5, 25.5]}, "properties": {"elevation_m": 470.1, "risk": 0.1}}, {"type": "Feature", "geometry": {"type": "Point", "coordinates": [115.5, 28.5]}, "properties": {"elevation_m": 99.9, "risk": 0.1}}, {"type": "Feature", "geometry": {"type": "Point", "coordinates": [116.5, 28.5]}, "properties": {"elevation_m": 40.3, "risk": 0.1}}, {"type": "Feature", "geometry": {"type": "Point", "coordinates": [119.5, 26.5]}, "properties": {"elevation_m": 326.4, "risk": 0.1}}, {"type": "Feature", "geometry": {"type": "Point", "coordinates": [115.5, 26.5]}, "properties": {"elevation_m": 315.4, "risk": 0.1}}, {"type": "Feature", "geometry": {"type": "Point", "coordinates": [117.5, 26.5]}, "properties": {"elevation_m": 491.9, "risk": 0.1}}, {"type": "Feature", "geometry": {"type": "Point", "coordinates": [118.5, 27.5]}, "properties": {"elevation_m": 461.7, "risk": 0.1}}, {"type": "Feature", "geometry": {"type": "Point", "coordinates": [117.5, 28.5]}, "properties": {"elevation_m": 200.2, "risk": 0.1}}, {"type": "Feature", "geometry": {"type": "Point", "coordinates": [115.5, 27.5]}, "properties": {"elevation_m": 160.2, "risk": 0.1}}, {"type": "Feature", "geometry": {"type": "Point", "coordinates": [115.5, 29.5]}, "properties": {"elevation_m": 157.8, "risk": 0.1}}, {"type": "Feature", "geometry": {"type": "Point", "coordinates": [117.5, 25.5]}, "properties": {"elevation_m": 661.3, "risk": 0.1}}, {"type": "Feature", "geometry": {"type": "Point", "coordinates": [116.5, 26.5]}, "properties": {"elevation_m": 436.0, "risk": 0.1}}, {"type": "Feature", "geometry": {"type": "Point", "coordinates": [118.5, 28.5]}, "properties": {"elevation_m": 438.7, "risk": 0.1}}, {"type": "Feature", "geometry": {"type": "Point", "coordinates": [116.5, 27.5]}, "properties": {"elevation_m": 233.0, "risk": 0.1}}, {"type": "Feature", "geometry": {"type": "Point", "coordinates": [115.5, 25.5]}, "properties": {"elevation_m": 374.6, "risk": 0.1}}, {"type": "Feature", "geometry": {"type": "Point", "coordinates": [118.5, 29.5]}, "properties": {"elevation_m": 376.1, "risk": 0.1}}, {"type": "Feature", "geometry": {"type": "Point", "coordinates": [119.5, 28.5]}, "properties": {"elevation_m": 488.6, "risk": 0.1}}, {"type": "Feature", "geometry": {"type": "Point", "coordinates": [116.5, 29.5]}, "properties": {"elevation_m": 62.5, "risk": 0.1}}, {"type": "Feature", "geometry": {"type": "Point", "coordinates": [121.5, 25.5]}, "properties": {"elevation_m": 23.1, "risk": 0.1}}, {"type": "Feature", "geometry": {"type": "Point", "coordinates": [120.5, 25.5]}, "properties": {"elevation_m": 0.0, "risk": 1.0}}, {"type": "Feature", "geometry": {"type": "Point", "coordinates": [120.5, 27.5]}, "properties": {"elevation_m": 177.7, "risk": 0.1}}, {"type": "Feature", "geometry": {"type": "Point", "coordinates": [122.5, 25.5]}, "properties": {"elevation_m": 0.0, "risk": 1.0}}, {"type": "Feature", "geometry": {"type": "Point", "coordinates": [120.5, 28.5]}, "properties": {"elevation_m": 416.3, "risk": 0.1}}, {"type": "Feature", "geometry": {"type": "Point", "coordinates": [122.5, 29.5]}, "properties": {"elevation_m": 2.1, "risk": 1.0}}, {"type": "Feature", "geometry": {"type": "Point", "coordinates": [121.5, 27.5]}, "properties": {"elevation_m": 0.7, "risk": 1.0}}, {"type": "Feature", "geometry": {"type": "Point", "coordinates": [120.5, 29.5]}, "properties": {"elevation_m": 237.0, "risk": 0.1}}, {"type": "Feature", "geometry": {"type": "Point", "coordinates": [123.5, 25.5]}, "properties": {"elevation_m": 0.0, "risk": 1.0}}, {"type": "Feature", "geometry": {"type": "Point", "coordinates": [121.5, 29.5]}, "properties": {"elevation_m": 162.7, "risk": 0.1}}, {"type": "Feature", "geometry": {"type": "Point", "coordinates": [122.5, 28.5]}, "properties": {"elevation_m": 0.0, "risk": 1.0}}, {"type": "Feature", "geometry": {"type": "Point", "coordinates": [121.5, 28.5]}, "properties": {"elevation_m": 56.5, "risk": 0.1}}, {"type": "Feature", "geometry": {"type": "Point", "coordinates": [120.5, 26.5]}, "properties": {"elevation_m": 9.1, "risk": 0.4}}, {"type": "Feature", "geometry": {"type": "Point", "coordinates": [124.5, 25.5]}, "properties": {"elevation_m": 0.0, "risk": 1.0}}, {"type": "Feature", "geometry": {"type": "Point", "coordinates": [128.5, 26.5]}, "properties": {"elevation_m": 6.3, "risk": 0.4}}, {"type": "Feature", "geometry": {"type": "Point", "coordinates": [127.5, 27.5]}, "properties": {"elevation_m": 0.1, "risk": 1.0}}, {"type": "Feature", "geometry": {"type": "Point", "coordinates": [125.5, 25.5]}, "properties": {"elevation_m": 0.0, "risk": 1.0}}, {"type": "Feature", "geometry": {"type": "Point", "coordinates": [128.5, 28.5]}, "properties": {"elevation_m": 0.0, "risk": 1.0}}, {"type": "Feature", "geometry": {"type": "Point", "coordinates": [129.5, 28.5]}, "properties": {"elevation_m": 12.7, "risk": 0.1}}, {"type": "Feature", "geometry": {"type": "Point", "coordinates": [127.5, 26.5]}, "properties": {"elevation_m": 4.6, "risk": 0.75}}, {"type": "Feature", "geometry": {"type": "Point", "coordinates": [129.5, 29.5]}, "properties": {"elevation_m": 2.0, "risk": 1.0}}, {"type": "Feature", "geometry": {"type": "Point", "coordinates": [129.5, 27.5]}, "properties": {"elevation_m": 0.2, "risk": 1.0}}, {"type": "Feature", "geometry": {"type": "Point", "coordinates": [128.5, 27.5]}, "properties": {"elevation_m": 3.7, "risk": 0.75}}, {"type": "Feature", "geometry": {"type": "Point", "coordinates": [126.5, 26.5]}, "properties": {"elevation_m": 0.4, "risk": 1.0}}, {"type": "Feature", "geometry": {"type": "Point", "coordinates": [130.5, 28.5]}, "properties": {"elevation_m": 0.0, "risk": 1.0}}, {"type": "Feature", "geometry": {"type": "Point", "coordinates": [131.5, 25.5]}, "properties": {"elevation_m": 0.1, "risk": 1.0}}, {"type": "Feature", "geometry": {"type": "Point", "coordinates": [70.5, 34.5]}, "properties": {"elevation_m": 1413.6, "risk": 0.1}}, {"type": "Feature", "geometry": {"type": "Point", "coordinates": [71.5, 34.5]}, "properties": {"elevation_m": 921.7, "risk": 0.1}}, {"type": "Feature", "geometry": {"type": "Point", "coordinates": [74.5, 33.5]}, "properties": {"elevation_m": 1841.4, "risk": 0.1}}, {"type": "Feature", "geometry": {"type": "Point", "coordinates": [70.5, 33.5]}, "properties": {"elevation_m": 1391.5, "risk": 0.1}}, {"type": "Feature", "geometry": {"type": "Point", "coordinates": [72.5, 32.5]}, "properties": {"elevation_m": 382.2, "risk": 0.1}}, {"type": "Feature", "geometry": {"type": "Point", "coordinates": [71.5, 33.5]}, "properties": {"elevation_m": 665.9, "risk": 0.1}}, {"type": "Feature", "geometry": {"type": "Point", "coordinates": [71.5, 32.5]}, "properties": {"elevation_m": 295.3, "risk": 0.1}}, {"type": "Feature", "geometry": {"type": "Point", "coordinates": [73.5, 30.5]}, "properties": {"elevation_m": 171.7, "risk": 0.1}}, {"type": "Feature", "geometry": {"type": "Point", "coordinates": [74.5, 32.5]}, "properties": {"elevation_m": 287.4, "risk": 0.1}}, {"type": "Feature", "geometry": {"type": "Point", "coordinates": [72.5, 31.5]}, "properties": {"elevation_m": 170.5, "risk": 0.1}}, {"type": "Feature", "geometry": {"type": "Point", "coordinates": [73.5, 33.5]}, "properties": {"elevation_m": 783.3, "risk": 0.1}}, {"type": "Feature", "geometry": {"type": "Point", "coordinates": [70.5, 32.5]}, "properties": {"elevation_m": 526.9, "risk": 0.1}}, {"type": "Feature", "geometry": {"type": "Point", "coordinates": [72.5, 33.5]}, "properties": {"elevation_m": 432.3, "risk": 0.1}}, {"type": "Feature", "geometry": {"type": "Point", "coordinates": [73.5, 34.5]}, "properties": {"elevation_m": 2285.2, "risk": 0.1}}, {"type": "Feature", "geometry": {"type": "Point", "coordinates": [73.5, 32.5]}, "properties": {"elevation_m": 255.7, "risk": 0.1}}, {"type": "Feature", "geometry": {"type": "Point", "coordinates": [72.5, 34.5]}, "properties": {"elevation_m": 1029.3, "risk": 0.1}}, {"type": "Feature", "geometry": {"type": "Point", "coordinates": [70.5, 30.5]}, "properties": {"elevation_m": 504.7, "risk": 0.1}}, {"type": "Feature", "geometry": {"type": "Point", "coordinates": [71.5, 31.5]}, "properties": {"elevation_m": 169.7, "risk": 0.1}}, {"type": "Feature", "geometry": {"type": "Point", "coordinates": [74.5, 34.5]}, "properties": {"elevation_m": 2720.9, "risk": 0.1}}, {"type": "Feature", "geometry": {"type": "Point", "coordinates": [74.5, 30.5]}, "properties": {"elevation_m": 195.7, "risk": 0.1}}, {"type": "Feature", "geometry": {"type": "Point", "coordinates": [73.5, 31.5]}, "properties": {"elevation_m": 194.1, "risk": 0.1}}, {"type": "Feature", "geometry": {"type": "Point", "coordinates": [71.5, 30.5]}, "properties": {"elevation_m": 135.4, "risk": 0.1}}, {"type": "Feature", "geometry": {"type": "Point", "coordinates": [72.5, 30.5]}, "properties": {"elevation_m": 151.3, "risk": 0.1}}, {"type": "Feature", "geometry": {"type": "Point", "coordinates": [70.5, 31.5]}, "properties": {"elevation_m": 389.7, "risk": 0.1}}, {"type": "Feature", "geometry": {"type": "Point", "coordinates": [74.5, 31.5]}, "properties": {"elevation_m": 214.5, "risk": 0.1}}, {"type": "Feature", "geometry": {"type": "Point", "coordinates": [76.5, 30.5]}, "properties": {"elevation_m": 296.2, "risk": 0.1}}, {"type": "Feature", "geometry": {"type": "Point", "coordinates": [78.5, 32.5]}, "properties": {"elevation_m": 4979.3, "risk": 0.1}}, {"type": "Feature", "geometry": {"type": "Point", "coordinates": [79.5, 30.5]}, "properties": {"elevation_m": 3596.8, "risk": 0.1}}, {"type": "Feature", "geometry": {"type": "Point", "coordinates": [76.5, 32.5]}, "properties": {"elevation_m": 3001.1, "risk": 0.1}}, {"type": "Feature", "geometry": {"type": "Point", "coordinates": [75.5, 31.5]}, "properties": {"elevation_m": 258.5, "risk": 0.1}}, {"type": "Feature", "geometry": {"type": "Point", "coordinates": [79.5, 34.5]}, "properties": {"elevation_m": 5409.6, "risk": 0.1}}, {"type": "Feature", "geometry": {"type": "Point", "coordinates": [75.5, 30.5]}, "properties": {"elevation_m": 230.2, "risk": 0.1}}, {"type": "Feature", "geometry": {"type": "Point", "coordinates": [77.5, 31.5]}, "properties": {"elevation_m": 2659.2, "risk": 0.1}}, {"type": "Feature", "geometry": {"type": "Point", "coordinates": [77.5, 33.5]}, "properties": {"elevation_m": 4827.9, "risk": 0.1}}, {"type": "Feature", "geometry": {"type": "Point", "coordinates": [76.5, 34.5]}, "properties": {"elevation_m": 4312.2, "risk": 0.1}}, {"type": "Feature", "geometry": {"type": "Point", "coordinates": [77.5, 30.5]}, "properties": {"elevation_m": 911.7, "risk": 0.1}}, {"type": "Feature", "geometry": {"type": "Point", "coordinates": [78.5, 33.5]}, "properties": {"elevation_m": 5060.1, "risk": 0.1}}, {"type": "Feature", "geometry": {"type": "Point", "coordinates": [78.5, 34.5]}, "properties": {"elevation_m": 5347.2, "risk": 0.1}}, {"type": "Feature", "geometry": {"type": "Point", "coordinates": [75.5, 33.5]}, "properties": {"elevation_m": 2665.7, "risk": 0.1}}, {"type": "Feature", "geometry": {"type": "Point", "coordinates": [79.5, 33.5]}, "properties": {"elevation_m": 5007.8, "risk": 0.1}}, {"type": "Feature", "geometry": {"type": "Point", "coordinates": [78.5, 30.5]}, "properties": {"elevation_m": 1947.9, "risk": 0.1}}, {"type": "Feature", "geometry": {"type": "Point", "coordinates": [77.5, 34.5]}, "properties": {"elevation_m": 4744.1, "risk": 0.1}}, {"type": "Feature", "geometry": {"type": "Point", "coordinates": [75.5, 34.5]}, "properties": {"elevation_m": 4075.3, "risk": 0.1}}, {"type": "Feature", "geometry": {"type": "Point", "coordinates": [76.5, 31.5]}, "properties": {"elevation_m": 698.9, "risk": 0.1}}, {"type": "Feature", "geometry": {"type": "Point", "coordinates": [78.5, 31.5]}, "properties": {"elevation_m": 4346.1, "risk": 0.1}}, {"type": "Feature", "geometry": {"type": "Point", "coordinates": [79.5, 32.5]}, "properties": {"elevation_m": 4901.2, "risk": 0.1}}, {"type": "Feature", "geometry": {"type": "Point", "coordinates": [76.5, 33.5]}, "properties": {"elevation_m": 4541.0, "risk": 0.1}}, {"type": "Feature", "geometry": {"type": "Point", "coordinates": [77.5, 32.5]}, "properties": {"elevation_m": 4739.7, "risk": 0.1}}, {"type": "Feature", "geometry": {"type": "Point", "coordinates": [79.5, 31.5]}, "properties": {"elevation_m": 4674.6, "risk": 0.1}}, {"type": "Feature", "geometry": {"type": "Point", "coordinates": [75.5, 32.5]}, "properties": {"elevation_m": 927.3, "risk": 0.1}}, {"type": "Feature", "geometry": {"type": "Point", "coordinates": [81.5, 33.5]}, "properties": {"elevation_m": 5018.8, "risk": 0.1}}, {"type": "Feature", "geometry": {"type": "Point", "coordinates": [82.5, 34.5]}, "properties": {"elevation_m": 5235.5, "risk": 0.1}}, {"type": "Feature", "geometry": {"type": "Point", "coordinates": [83.5, 33.5]}, "properties": {"elevation_m": 5025.4, "risk": 0.1}}, {"type": "Feature", "geometry": {"type": "Point", "coordinates": [82.5, 31.5]}, "properties": {"elevation_m": 5118.3, "risk": 0.1}}, {"type": "Feature", "geometry": {"type": "Point", "coordinates": [80.5, 33.5]}, "properties": {"elevation_m": 4793.7, "risk": 0.1}}, {"type": "Feature", "geometry": {"type": "Point", "coordinates": [81.5, 31.5]}, "properties": {"elevation_m": 5260.5, "risk": 0.1}}, {"type": "Feature", "geometry": {"type": "Point", "coordinates": [84.5, 33.5]}, "properties": {"elevation_m": 4916.9, "risk": 0.1}}, {"type": "Feature", "geometry": {"type": "Point", "coordinates": [81.5, 34.5]}, "properties": {"elevation_m": 5252.0, "risk": 0.1}}, {"type": "Feature", "geometry": {"type": "Point", "coordinates": [83.5, 34.5]}, "properties": {"elevation_m": 5137.4, "risk": 0.1}}, {"type": "Feature", "geometry": {"type": "Point", "coordinates": [83.5, 31.5]}, "properties": {"elevation_m": 5065.9, "risk": 0.1}}, {"type": "Feature", "geometry": {"type": "Point", "coordinates": [84.5, 32.5]}, "properties": {"elevation_m": 4829.0, "risk": 0.1}}, {"type": "Feature", "geometry": {"type": "Point", "coordinates": [84.5, 34.5]}, "properties": {"elevation_m": 5175.6, "risk": 0.1}}, {"type": "Feature", "geometry": {"type": "Point", "coordinates": [80.5, 31.5]}, "properties": {"elevation_m": 5012.7, "risk": 0.1}}, {"type": "Feature", "geometry": {"type": "Point", "coordinates": [84.5, 30.5]}, "properties": {"elevation_m": 5279.5, "risk": 0.1}}, {"type": "Feature", "geometry": {"type": "Point", "coordinates": [80.5, 34.5]}, "properties": {"elevation_m": 5308.2, "risk": 0.1}}, {"type": "Feature", "geometry": {"type": "Point", "coordinates": [84.5, 31.5]}, "properties": {"elevation_m": 4857.4, "risk": 0.1}}, {"type": "Feature", "geometry": {"type": "Point", "coordinates": [82.5, 30.5]}, "properties": {"elevation_m": 5230.2, "risk": 0.1}}, {"type": "Feature", "geometry": {"type": "Point", "coordinates": [83.5, 32.5]}, "properties": {"elevation_m": 4790.6, "risk": 0.1}}, {"type": "Feature", "geometry": {"type": "Point", "coordinates": [81.5, 30.5]}, "properties": {"elevation_m": 4903.7, "risk": 0.1}}, {"type": "Feature", "geometry": {"type": "Point", "coordinates": [83.5, 30.5]}, "properties": {"elevation_m": 5216.5, "risk": 0.1}}, {"type": "Feature", "geometry": {"type": "Point", "coordinates": [81.5, 32.5]}, "properties": {"elevation_m": 4898.8, "risk": 0.1}}, {"type": "Feature", "geometry": {"type": "Point", "coordinates": [82.5, 32.5]}, "properties": {"elevation_m": 4738.3, "risk": 0.1}}, {"type": "Feature", "geometry": {"type": "Point", "coordinates": [80.5, 30.5]}, "properties": {"elevation_m": 4581.0, "risk": 0.1}}, {"type": "Feature", "geometry": {"type": "Point", "coordinates": [80.5, 32.5]}, "properties": {"elevation_m": 5013.2, "risk": 0.1}}, {"type": "Feature", "geometry": {"type": "Point", "coordinates": [82.5, 33.5]}, "properties": {"elevation_m": 5060.3, "risk": 0.1}}, {"type": "Feature", "geometry": {"type": "Point", "coordinates": [86.5, 31.5]}, "properties": {"elevation_m": 4957.5, "risk": 0.1}}, {"type": "Feature", "geometry": {"type": "Point", "coordinates": [85.5, 31.5]}, "properties": {"elevation_m": 5008.6, "risk": 0.1}}, {"type": "Feature", "geometry": {"type": "Point", "coordinates": [86.5, 32.5]}, "properties": {"elevation_m": 4856.1, "risk": 0.1}}, {"type": "Feature", "geometry": {"type": "Point", "coordinates": [89.5, 30.5]}, "properties": {"elevation_m": 5090.8, "risk": 0.1}}, {"type": "Feature", "geometry": {"type": "Point", "coordinates": [87.5, 30.5]}, "properties": {"elevation_m": 5148.7, "risk": 0.1}}, {"type": "Feature", "geometry": {"type": "Point", "coordinates": [88.5, 30.5]}, "properties": {"elevation_m": 5117.6, "risk": 0.1}}, {"type": "Feature", "geometry": {"type": "Point", "coordinates": [88.5, 33.5]}, "properties": {"elevation_m": 5147.3, "risk": 0.1}}, {"type": "Feature", "geometry": {"type": "Point", "coordinates": [89.5, 33.5]}, "properties": {"elevation_m": 5126.6, "risk": 0.1}}, {"type": "Feature", "geometry": {"type": "Point", "coordinates": [86.5, 30.5]}, "properties": {"elevation_m": 5085.1, "risk": 0.1}}, {"type": "Feature", "geometry": {"type": "Point", "coordinates": [87.5, 34.5]}, "properties": {"elevation_m": 5054.5, "risk": 0.1}}, {"type": "Feature", "geometry": {"type": "Point", "coordinates": [86.5, 33.5]}, "properties": {"elevation_m": 5059.5, "risk": 0.1}}, {"type": "Feature", "geometry": {"type": "Point", "coordinates": [87.5, 32.5]}, "properties": {"elevation_m": 5049.5, "risk": 0.1}}, {"type": "Feature", "geometry": {"type": "Point", "coordinates": [87.5, 31.5]}, "properties": {"elevation_m": 4821.5, "risk": 0.1}}, {"type": "Feature", "geometry": {"type": "Point", "coordinates": [85.5, 33.5]}, "properties": {"elevation_m": 5103.9, "risk": 0.1}}, {"type": "Feature", "geometry": {"type": "Point", "coordinates": [88.5, 34.5]}, "properties": {"elevation_m": 5019.0, "risk": 0.1}}, {"type": "Feature", "geometry": {"type": "Point", "coordinates": [89.5, 32.5]}, "properties": {"elevation_m": 4846.9, "risk": 0.1}}, {"type": "Feature", "geometry": {"type": "Point", "coordinates": [89.5, 34.5]}, "properties": {"elevation_m": 5105.9, "risk": 0.1}}, {"type": "Feature", "geometry": {"type": "Point", "coordinates": [89.5, 31.5]}, "properties": {"elevation_m": 4760.6, "risk": 0.1}}, {"type": "Feature", "geometry": {"type": "Point", "coordinates": [87.5, 33.5]}, "properties": {"elevation_m": 5098.3, "risk": 0.1}}, {"type": "Feature", "geometry": {"type": "Point", "coordinates": [88.5, 32.5]}, "properties": {"elevation_m": 4917.8, "risk": 0.1}}, {"type": "Feature", "geometry": {"type": "Point", "coordinates": [85.5, 30.5]}, "properties": {"elevation_m": 5081.6, "risk": 0.1}}, {"type": "Feature", "geometry": {"type": "Point", "coordinates": [88.5, 31.5]}, "properties": {"elevation_m": 4821.4, "risk": 0.1}}, {"type": "Feature", "geometry": {"type": "Point", "coordinates": [85.5, 34.5]}, "properties": {"elevation_m": 5236.6, "risk": 0.1}}, {"type": "Feature", "geometry": {"type": "Point", "coordinates": [85.5, 32.5]}, "properties": {"elevation_m": 4965.8, "risk": 0.1}}, {"type": "Feature", "geometry": {"type": "Point", "coordinates": [86.5, 34.5]}, "properties": {"elevation_m": 5122.8, "risk": 0.1}}, {"type": "Feature", "geometry": {"type": "Point", "coordinates": [97.5, 32.5]}, "properties": {"elevation_m": 4479.6, "risk": 0.1}}, {"type": "Feature", "geometry": {"type": "Point", "coordinates": [99.5, 31.5]}, "properties": {"elevation_m": 4344.0, "risk": 0.1}}, {"type": "Feature", "geometry": {"type": "Point", "coordinates": [98.5, 32.5]}, "properties": {"elevation_m": 4360.9, "risk": 0.1}}, {"type": "Feature", "geometry": {"type": "Point", "coordinates": [99.5, 33.5]}, "properties": {"elevation_m": 4397.4, "risk": 0.1}}, {"type": "Feature", "geometry": {"type": "Point", "coordinates": [96.5, 32.5]}, "properties": {"elevation_m": 4359.3, "risk": 0.1}}, {"type": "Feature", "geometry": {"type": "Point", "coordinates": [99.5, 32.5]}, "properties": {"elevation_m": 4315.6, "risk": 0.1}}, {"type": "Feature", "geometry": {"type": "Point", "coordinates": [97.5, 34.5]}, "properties": {"elevation_m": 4497.7, "risk": 0.1}}, {"type": "Feature", "geometry": {"type": "Point", "coordinates": [99.5, 30.5]}, "properties": {"elevation_m": 4454.4, "risk": 0.1}}, {"type": "Feature", "geometry": {"type": "Point", "coordinates": [98.5, 33.5]}, "properties": {"elevation_m": 4535.4, "risk": 0.1}}, {"type": "Feature", "geometry": {"type": "Point", "coordinates": [96.5, 33.5]}, "properties": {"elevation_m": 4568.0, "risk": 0.1}}, {"type": "Feature", "geometry": {"type": "Point", "coordinates": [99.5, 34.5]}, "properties": {"elevation_m": 4473.6, "risk": 0.1}}, {"type": "Feature", "geometry": {"type": "Point", "coordinates": [97.5, 31.5]}, "properties": {"elevation_m": 4358.0, "risk": 0.1}}, {"type": "Feature", "geometry": {"type": "Point", "coordinates": [95.5, 33.5]}, "properties": {"elevation_m": 4788.4, "risk": 0.1}}, {"type": "Feature", "geometry": {"type": "Point", "coordinates": [96.5, 31.5]}, "properties": {"elevation_m": 4407.6, "risk": 0.1}}, {"type": "Feature", "geometry": {"type": "Point", "coordinates": [97.5, 33.5]}, "properties": {"elevation_m": 4510.8, "risk": 0.1}}, {"type": "Feature", "geometry": {"type": "Point", "coordinates": [95.5, 31.5]}, "properties": {"elevation_m": 4689.6, "risk": 0.1}}, {"type": "Feature", "geometry": {"type": "Point", "coordinates": [95.5, 32.5]}, "properties": {"elevation_m": 4621.5, "risk": 0.1}}, {"type": "Feature", "geometry": {"type": "Point", "coordinates": [98.5, 31.5]}, "properties": {"elevation_m": 4164.0, "risk": 0.1}}, {"type": "Feature", "geometry": {"type": "Point", "coordinates": [95.5, 34.5]}, "properties": {"elevation_m": 4611.1, "risk": 0.1}}, {"type": "Feature", "geometry": {"type": "Point", "coordinates": [98.5, 30.5]}, "properties": {"elevation_m": 4268.6, "risk": 0.1}}, {"type": "Feature", "geometry": {"type": "Point", "coordinates": [96.5, 30.5]}, "properties": {"elevation_m": 4620.6, "risk": 0.1}}, {"type": "Feature", "geometry": {"type": "Point", "coordinates": [98.5, 34.5]}, "properties": {"elevation_m": 4364.8, "risk": 0.1}}, {"type": "Feature", "geometry": {"type": "Point", "coordinates": [96.5, 34.5]}, "properties": {"elevation_m": 4613.3, "risk": 0.1}}, {"type": "Feature", "geometry": {"type": "Point", "coordinates": [97.5, 30.5]}, "properties": {"elevation_m": 4412.9, "risk": 0.1}}, {"type": "Feature", "geometry": {"type": "Point", "coordinates": [95.5, 30.5]}, "properties": {"elevation_m": 4468.5, "risk": 0.1}}, {"type": "Feature", "geometry": {"type": "Point", "coordinates": [104.5, 33.5]}, "properties": {"elevation_m": 2379.1, "risk": 0.1}}, {"type": "Feature", "geometry": {"type": "Point", "coordinates": [103.5, 31.5]}, "properties": {"elevation_m": 2804.4, "risk": 0.1}}, {"type": "Feature", "geometry": {"type": "Point", "coordinates": [104.5, 31.5]}, "properties": {"elevation_m": 824.9, "risk": 0.1}}, {"type": "Feature", "geometry": {"type": "Point", "coordinates": [101.5, 30.5]}, "properties": {"elevation_m": 3931.4, "risk": 0.1}}, {"type": "Feature", "geometry": {"type": "Point", "coordinates": [103.5, 32.5]}, "properties": {"elevation_m": 3530.5, "risk": 0.1}}, {"type": "Feature", "geometry": {"type": "Point", "coordinates": [102.5, 31.5]}, "properties": {"elevation_m": 3850.3, "risk": 0.1}}, {"type": "Feature", "geometry": {"type": "Point", "coordinates": [103.5, 34.5]}, "properties": {"elevation_m": 3111.6, "risk": 0.1}}, {"type": "Feature", "geometry": {"type": "Point", "coordinates": [103.5, 30.5]}, "properties": {"elevation_m": 967.3, "risk": 0.1}}, {"type": "Feature", "geometry": {"type": "Point", "coordinates": [104.5, 34.5]}, "properties": {"elevation_m": 2463.0, "risk": 0.1}}, {"type": "Feature", "geometry": {"type": "Point", "coordinates": [104.5, 30.5]}, "properties": {"elevation_m": 472.1, "risk": 0.1}}, {"type": "Feature", "geometry": {"type": "Point", "coordinates": [100.5, 33.5]}, "properties": {"elevation_m": 4234.6, "risk": 0.1}}, {"type": "Feature", "geometry": {"type": "Point", "coordinates": [101.5, 33.5]}, "properties": {"elevation_m": 3947.4, "risk": 0.1}}, {"type": "Feature", "geometry": {"type": "Point", "coordinates": [102.5, 30.5]}, "properties": {"elevation_m": 3038.6, "risk": 0.1}}, {"type": "Feature", "geometry": {"type": "Point", "coordinates": [100.5, 30.5]}, "properties": {"elevation_m": 4139.4, "risk": 0.1}}, {"type": "Feature", "geometry": {"type": "Point", "coordinates": [101.5, 32.5]}, "properties": {"elevation_m": 3859.9, "risk": 0.1}}, {"type": "Feature", "geometry": {"type": "Point", "coordinates": [102.5, 33.5]}, "properties": {"elevation_m": 3503.3, "risk": 0.1}}, {"type": "Feature", "geometry": {"type": "Point", "coordinates": [101.5, 34.5]}, "properties": {"elevation_m": 3790.0, "risk": 0.1}}, {"type": "Feature", "geometry": {"type": "Point", "coordinates": [100.5, 32.5]}, "properties": {"elevation_m": 4205.8, "risk": 0.1}}, {"type": "Feature", "geometry": {"type": "Point", "coordinates": [100.5, 31.5]}, "properties": {"elevation_m": 4125.5, "risk": 0.1}}, {"type": "Feature", "geometry": {"type": "Point", "coordinates": [102.5, 34.5]}, "properties": {"elevation_m": 3515.3, "risk": 0.1}}, {"type": "Feature", "geometry": {"type": "Point", "coordinates": [101.5, 31.5]}, "properties": {"elevation_m": 4014.0, "risk": 0.1}}, {"type": "Feature", "geometry": {"type": "Point", "coordinates": [102.5, 32.5]}, "properties": {"elevation_m": 3826.1, "risk": 0.1}}, {"type": "Feature", "geometry": {"type": "Point", "coordinates": [104.5, 32.5]}, "properties": {"elevation_m": 2006.3, "risk": 0.1}}, {"type": "Feature", "geometry": {"type": "Point", "coordinates": [103.5, 33.5]}, "properties": {"elevation_m": 3440.2, "risk": 0.1}}, {"type": "Feature", "geometry": {"type": "Point", "coordinates": [100.5, 34.5]}, "properties": {"elevation_m": 4032.7, "risk": 0.1}}, {"type": "Feature", "geometry": {"type": "Point", "coordinates": [106.5, 33.5]}, "properties": {"elevation_m": 1280.2, "risk": 0.1}}, {"type": "Feature", "geometry": {"type": "Point", "coordinates": [106.5, 34.5]}, "properties": {"elevation_m": 1587.3, "risk": 0.1}}, {"type": "Feature", "geometry": {"type": "Point", "coordinates": [108.5, 33.5]}, "properties": {"elevation_m": 1370.1, "risk": 0.1}}, {"type": "Feature", "geometry": {"type": "Point", "coordinates": [108.5, 31.5]}, "properties": {"elevation_m": 998.8, "risk": 0.1}}, {"type": "Feature", "geometry": {"type": "Point", "coordinates": [105.5, 33.5]}, "properties": {"elevation_m": 1539.5, "risk": 0.1}}, {"type": "Feature", "geometry": {"type": "Point", "coordinates": [108.5, 34.5]}, "properties": {"elevation_m": 684.3, "risk": 0.1}}, {"type": "Feature", "geometry": {"type": "Point", "coordinates": [107.5, 30.5]}, "properties": {"elevation_m": 492.6, "risk": 0.1}}, {"type": "Feature", "geometry": {"type": "Point", "coordinates": [107.5, 31.5]}, "properties": {"elevation_m": 616.8, "risk": 0.1}}, {"type": "Feature", "geometry": {"type": "Point", "coordinates": [105.5, 34.5]}, "properties": {"elevation_m": 1688.3, "risk": 0.1}}, {"type": "Feature", "geometry": {"type": "Point", "coordinates": [109.5, 32.5]}, "properties": {"elevation_m": 864.9, "risk": 0.1}}, {"type": "Feature", "geometry": {"type": "Point", "coordinates": [105.5, 31.5]}, "properties": {"elevation_m": 522.3, "risk": 0.1}}, {"type": "Feature", "geometry": {"type": "Point", "coordinates": [109.5, 34.5]}, "properties": {"elevation_m": 689.9, "risk": 0.1}}, {"type": "Feature", "geometry": {"type": "Point", "coordinates": [109.5, 33.5]}, "properties": {"elevation_m": 1143.1, "risk": 0.1}}, {"type": "Feature", "geometry": {"type": "Point", "coordinates": [106.5, 32.5]}, "properties": {"elevation_m": 1091.7, "risk": 0.1}}, {"type": "Feature", "geometry": {"type": "Point", "coordinates": [109.5, 31.5]}, "properties": {"elevation_m": 1240.4, "risk": 0.1}}, {"type": "Feature", "geometry": {"type": "Point", "coordinates": [106.5, 30.5]}, "properties": {"elevation_m": 371.6, "risk": 0.1}}, {"type": "Feature", "geometry": {"type": "Point", "coordinates": [108.5, 30.5]}, "properties": {"elevation_m": 840.9, "risk": 0.1}}, {"type": "Feature", "geometry": {"type": "Point", "coordinates": [107.5, 32.5]}, "properties": {"elevation_m": 1106.4, "risk": 0.1}}, {"type": "Feature", "geometry": {"type": "Point", "coordinates": [105.5, 30.5]}, "properties": {"elevation_m": 357.6, "risk": 0.1}}, {"type": "Feature", "geometry": {"type": "Point", "coordinates": [107.5, 34.5]}, "properties": {"elevation_m": 1139.0, "risk": 0.1}}, {"type": "Feature", "geometry": {"type": "Point", "coordinates": [105.5, 32.5]}, "properties": {"elevation_m": 1007.1, "risk": 0.1}}, {"type": "Feature", "geometry": {"type": "Point", "coordinates": [108.5, 32.5]}, "properties": {"elevation_m": 961.7, "risk": 0.1}}, {"type": "Feature", "geometry": {"type": "Point", "coordinates": [107.5, 33.5]}, "properties": {"elevation_m": 1312.1, "risk": 0.1}}, {"type": "Feature", "geometry": {"type": "Point", "coordinates": [109.5, 30.5]}, "properties": {"elevation_m": 1076.9, "risk": 0.1}}, {"type": "Feature", "geometry": {"type": "Point", "coordinates": [106.5, 31.5]}, "properties": {"elevation_m": 473.2, "risk": 0.1}}, {"type": "Feature", "geometry": {"type": "Point", "coordinates": [116.5, 32.5]}, "properties": {"elevation_m": 28.4, "risk": 0.1}}, {"type": "Feature", "geometry": {"type": "Point", "coordinates": [115.5, 31.5]}, "properties": {"elevation_m": 327.2, "risk": 0.1}}, {"type": "Feature", "geometry": {"type": "Point", "coordinates": [118.5, 30.5]}, "properties": {"elevation_m": 298.1, "risk": 0.1}}, {"type": "Feature", "geometry": {"type": "Point", "coordinates": [119.5, 32.5]}, "properties": {"elevation_m": 13.6, "risk": 0.1}}, {"type": "Feature", "geometry": {"type": "Point", "coordinates": [118.5, 31.5]}, "properties": {"elevation_m": 22.8, "risk": 0.1}}, {"type": "Feature", "geometry": {"type": "Point", "coordinates": [117.5, 33.5]}, "properties": {"elevation_m": 25.0, "risk": 0.1}}, {"type": "Feature", "geometry": {"type": "Point", "coordinates": [117.5, 31.5]}, "properties": {"elevation_m": 32.8, "risk": 0.1}}, {"type": "Feature", "geometry": {"type": "Point", "coordinates": [116.5, 31.5]}, "properties": {"elevation_m": 212.1, "risk": 0.1}}, {"type": "Feature", "geometry": {"type": "Point", "coordinates": [115.5, 32.5]}, "properties": {"elevation_m": 39.3, "risk": 0.1}}, {"type": "Feature", "geometry": {"type": "Point", "coordinates": [116.5, 33.5]}, "properties": {"elevation_m": 31.7, "risk": 0.1}}, {"type": "Feature", "geometry": {"type": "Point", "coordinates": [119.5, 34.5]}, "properties": {"elevation_m": 4.9, "risk": 0.75}}, {"type": "Feature", "geometry": {"type": "Point", "coordinates": [119.5, 31.5]}, "properties": {"elevation_m": 34.9, "risk": 0.1}}, {"type": "Feature", "geometry": {"type": "Point", "coordinates": [115.5, 34.5]}, "properties": {"elevation_m": 53.9, "risk": 0.1}}, {"type": "Feature", "geometry": {"type": "Point", "coordinates": [119.5, 30.5]}, "properties": {"elevation_m": 222.0, "risk": 0.1}}, {"type": "Feature", "geometry": {"type": "Point", "coordinates": [117.5, 30.5]}, "properties": {"elevation_m": 172.7, "risk": 0.1}}, {"type": "Feature", "geometry": {"type": "Point", "coordinates": [118.5, 34.5]}, "properties": {"elevation_m": 33.5, "risk": 0.1}}, {"type": "Feature", "geometry": {"type": "Point", "coordinates": [119.5, 33.5]}, "properties": {"elevation_m": 4.9, "risk": 0.75}}, {"type": "Feature", "geometry": {"type": "Point", "coordinates": [117.5, 32.5]}, "properties": {"elevation_m": 51.0, "risk": 0.1}}, {"type": "Feature", "geometry": {"type": "Point", "coordinates": [118.5, 32.5]}, "properties": {"elevation_m": 44.7, "risk": 0.1}}, {"type": "Feature", "geometry": {"type": "Point", "coordinates": [116.5, 30.5]}, "properties": {"elevation_m": 185.7, "risk": 0.1}}, {"type": "Feature", "geometry": {"type": "Point", "coordinates": [115.5, 33.5]}, "properties": {"elevation_m": 38.6, "risk": 0.1}}, {"type": "Feature", "geometry": {"type": "Point", "coordinates": [116.5, 34.5]}, "properties": {"elevation_m": 42.5, "risk": 0.1}}, {"type": "Feature", "geometry": {"type": "Point", "coordinates": [118.5, 33.5]}, "properties": {"elevation_m": 17.2, "risk": 0.1}}, {"type": "Feature", "geometry": {"type": "Point", "coordinates": [115.5, 30.5]}, "properties": {"elevation_m": 186.5, "risk": 0.1}}, {"type": "Feature", "geometry": {"type": "Point", "coordinates": [117.5, 34.5]}, "properties": {"elevation_m": 51.7, "risk": 0.1}}, {"type": "Feature", "geometry": {"type": "Point", "coordinates": [120.5, 33.5]}, "properties": {"elevation_m": 0.9, "risk": 1.0}}, {"type": "Feature", "geometry": {"type": "Point", "coordinates": [121.5, 31.5]}, "properties": {"elevation_m": 3.4, "risk": 0.75}}, {"type": "Feature", "geometry": {"type": "Point", "coordinates": [121.5, 32.5]}, "properties": {"elevation_m": 1.0, "risk": 1.0}}, {"type": "Feature", "geometry": {"type": "Point", "coordinates": [120.5, 30.5]}, "properties": {"elevation_m": 14.5, "risk": 0.1}}, {"type": "Feature", "geometry": {"type": "Point", "coordinates": [122.5, 30.5]}, "properties": {"elevation_m": 4.2, "risk": 0.75}}, {"type": "Feature", "geometry": {"type": "Point", "coordinates": [122.5, 31.5]}, "properties": {"elevation_m": 0.0, "risk": 1.0}}, {"type": "Feature", "geometry": {"type": "Point", "coordinates": [120.5, 31.5]}, "properties": {"elevation_m": 6.2, "risk": 0.4}}, {"type": "Feature", "geometry": {"type": "Point", "coordinates": [120.5, 34.5]}, "properties": {"elevation_m": -0.0, "risk": 1.0}}, {"type": "Feature", "geometry": {"type": "Point", "coordinates": [120.5, 32.5]}, "properties": {"elevation_m": 4.4, "risk": 0.75}}, {"type": "Feature", "geometry": {"type": "Point", "coordinates": [121.5, 30.5]}, "properties": {"elevation_m": 6.4, "risk": 0.4}}, {"type": "Feature", "geometry": {"type": "Point", "coordinates": [128.5, 32.5]}, "properties": {"elevation_m": 4.2, "risk": 0.75}}, {"type": "Feature", "geometry": {"type": "Point", "coordinates": [125.5, 34.5]}, "properties": {"elevation_m": 1.0, "risk": 1.0}}, {"type": "Feature", "geometry": {"type": "Point", "coordinates": [128.5, 31.5]}, "properties": {"elevation_m": 0.0, "risk": 1.0}}, {"type": "Feature", "geometry": {"type": "Point", "coordinates": [129.5, 30.5]}, "properties": {"elevation_m": 0.4, "risk": 1.0}}, {"type": "Feature", "geometry": {"type": "Point", "coordinates": [126.5, 34.5]}, "properties": {"elevation_m": 38.9, "risk": 0.1}}, {"type": "Feature", "geometry": {"type": "Point", "coordinates": [127.5, 34.5]}, "properties": {"elevation_m": 43.8, "risk": 0.1}}, {"type": "Feature", "geometry": {"type": "Point", "coordinates": [126.5, 33.5]}, "properties": {"elevation_m": 50.9, "risk": 0.1}}, {"type": "Feature", "geometry": {"type": "Point", "coordinates": [129.5, 33.5]}, "properties": {"elevation_m": 23.2, "risk": 0.1}}, {"type": "Feature", "geometry": {"type": "Point", "coordinates": [129.5, 34.5]}, "properties": {"elevation_m": 8.4, "risk": 0.4}}, {"type": "Feature", "geometry": {"type": "Point", "coordinates": [128.5, 34.5]}, "properties": {"elevation_m": 12.3, "risk": 0.1}}, {"type": "Feature", "geometry": {"type": "Point", "coordinates": [129.5, 31.5]}, "properties": {"elevation_m": 1.7, "risk": 1.0}}, {"type": "Feature", "geometry": {"type": "Point", "coordinates": [129.5, 32.5]}, "properties": {"elevation_m": 11.5, "risk": 0.1}}, {"type": "Feature", "geometry": {"type": "Point", "coordinates": [128.5, 33.5]}, "properties": {"elevation_m": 0.0, "risk": 1.0}}, {"type": "Feature", "geometry": {"type": "Point", "coordinates": [130.5, 31.5]}, "properties": {"elevation_m": 125.3, "risk": 0.1}}, {"type": "Feature", "geometry": {"type": "Point", "coordinates": [131.5, 30.5]}, "properties": {"elevation_m": 1.6, "risk": 1.0}}, {"type": "Feature", "geometry": {"type": "Point", "coordinates": [132.5, 33.5]}, "properties": {"elevation_m": 190.2, "risk": 0.1}}, {"type": "Feature", "geometry": {"type": "Point", "coordinates": [133.5, 32.5]}, "properties": {"elevation_m": 0.2, "risk": 1.0}}, {"type": "Feature", "geometry": {"type": "Point", "coordinates": [132.5, 32.5]}, "properties": {"elevation_m": 14.9, "risk": 0.1}}, {"type": "Feature", "geometry": {"type": "Point", "coordinates": [133.5, 33.5]}, "properties": {"elevation_m": 328.1, "risk": 0.1}}, {"type": "Feature", "geometry": {"type": "Point", "coordinates": [130.5, 34.5]}, "properties": {"elevation_m": 4.6, "risk": 0.75}}, {"type": "Feature", "geometry": {"type": "Point", "coordinates": [130.5, 30.5]}, "properties": {"elevation_m": 33.7, "risk": 0.1}}, {"type": "Feature", "geometry": {"type": "Point", "coordinates": [130.5, 32.5]}, "properties": {"elevation_m": 213.4, "risk": 0.1}}, {"type": "Feature", "geometry": {"type": "Point", "coordinates": [131.5, 31.5]}, "properties": {"elevation_m": 55.5, "risk": 0.1}}, {"type": "Feature", "geometry": {"type": "Point", "coordinates": [132.5, 34.5]}, "properties": {"elevation_m": 302.6, "risk": 0.1}}, {"type": "Feature", "geometry": {"type": "Point", "coordinates": [131.5, 33.5]}, "properties": {"elevation_m": 168.6, "risk": 0.1}}, {"type": "Feature", "geometry": {"type": "Point", "coordinates": [134.5, 34.5]}, "properties": {"elevation_m": 83.5, "risk": 0.1}}, {"type": "Feature", "geometry": {"type": "Point", "coordinates": [133.5, 34.5]}, "properties": {"elevation_m": 190.2, "risk": 0.1}}, {"type": "Feature", "geometry": {"type": "Point", "coordinates": [134.5, 33.5]}, "properties": {"elevation_m": 158.3, "risk": 0.1}}, {"type": "Feature", "geometry": {"type": "Point", "coordinates": [131.5, 34.5]}, "properties": {"elevation_m": 148.8, "risk": 0.1}}, {"type": "Feature", "geometry": {"type": "Point", "coordinates": [130.5, 33.5]}, "properties": {"elevation_m": 150.4, "risk": 0.1}}, {"type": "Feature", "geometry": {"type": "Point", "coordinates": [131.5, 32.5]}, "properties": {"elevation_m": 365.1, "risk": 0.1}}, {"type": "Feature", "geometry": {"type": "Point", "coordinates": [78.5, 38.5]}, "properties": {"elevation_m": 1213.2, "risk": 0.1}}, {"type": "Feature", "geometry": {"type": "Point", "coordinates": [76.5, 38.5]}, "properties": {"elevation_m": 1883.2, "risk": 0.1}}, {"type": "Feature", "geometry": {"type": "Point", "coordinates": [78.5, 37.5]}, "properties": {"elevation_m": 1606.7, "risk": 0.1}}, {"type": "Feature", "geometry": {"type": "Point", "coordinates": [79.5, 39.5]}, "properties": {"elevation_m": 1115.0, "risk": 0.1}}, {"type": "Feature", "geometry": {"type": "Point", "coordinates": [75.5, 38.5]}, "properties": {"elevation_m": 3795.4, "risk": 0.1}}, {"type": "Feature", "geometry": {"type": "Point", "coordinates": [76.5, 35.5]}, "properties": {"elevation_m": 4865.4, "risk": 0.1}}, {"type": "Feature", "geometry": {"type": "Point", "coordinates": [78.5, 36.5]}, "properties": {"elevation_m": 4318.3, "risk": 0.1}}, {"type": "Feature", "geometry": {"type": "Point", "coordinates": [77.5, 39.5]}, "properties": {"elevation_m": 1254.1, "risk": 0.1}}, {"type": "Feature", "geometry": {"type": "Point", "coordinates": [77.5, 38.5]}, "properties": {"elevation_m": 1217.6, "risk": 0.1}}, {"type": "Feature", "geometry": {"type": "Point", "coordinates": [79.5, 35.5]}, "properties": {"elevation_m": 5188.4, "risk": 0.1}}, {"type": "Feature", "geometry": {"type": "Point", "coordinates": [79.5, 37.5]}, "properties": {"elevation_m": 1355.2, "risk": 0.1}}, {"type": "Feature", "geometry": {"type": "Point", "coordinates": [77.5, 36.5]}, "properties": {"elevation_m": 4749.2, "risk": 0.1}}, {"type": "Feature", "geometry": {"type": "Point", "coordinates": [76.5, 39.5]}, "properties": {"elevation_m": 1324.2, "risk": 0.1}}, {"type": "Feature", "geometry": {"type": "Point", "coordinates": [79.5, 36.5]}, "properties": {"elevation_m": 3332.8, "risk": 0.1}}, {"type": "Feature", "geometry": {"type": "Point", "coordinates": [76.5, 36.5]}, "properties": {"elevation_m": 4687.7, "risk": 0.1}}, {"type": "Feature", "geometry": {"type": "Point", "coordinates": [78.5, 35.5]}, "properties": {"elevation_m": 5348.2, "risk": 0.1}}, {"type": "Feature", "geometry": {"type": "Point", "coordinates": [75.5, 37.5]}, "properties": {"elevation_m": 4133.5, "risk": 0.1}}, {"type": "Feature", "geometry": {"type": "Point", "coordinates": [75.5, 39.5]}, "properties": {"elevation_m": 2035.7, "risk": 0.1}}, {"type": "Feature", "geometry": {"type": "Point", "coordinates": [79.5, 38.5]}, "properties": {"elevation_m": 1211.9, "risk": 0.1}}, {"type": "Feature", "geometry": {"type": "Point", "coordinates": [77.5, 35.5]}, "properties": {"elevation_m": 5405.4, "risk": 0.1}}, {"type": "Feature", "geometry": {"type": "Point", "coordinates": [78.5, 39.5]}, "properties": {"elevation_m": 1148.9, "risk": 0.1}}, {"type": "Feature", "geometry": {"type": "Point", "coordinates": [76.5, 37.5]}, "properties": {"elevation_m": 2987.8, "risk": 0.1}}, {"type": "Feature", "geometry": {"type": "Point", "coordinates": [77.5, 37.5]}, "properties": {"elevation_m": 2055.3, "risk": 0.1}}, {"type": "Feature", "geometry": {"type": "Point", "coordinates": [75.5, 36.5]}, "properties": {"elevation_m": 4906.7, "risk": 0.1}}, {"type": "Feature", "geometry": {"type": "Point", "coordinates": [75.5, 35.5]}, "properties": {"elevation_m": 4077.6, "risk": 0.1}}, {"type": "Feature", "geometry": {"type": "Point", "coordinates": [80.5, 37.5]}, "properties": {"elevation_m": 1282.0, "risk": 0.1}}, {"type": "Feature", "geometry": {"type": "Point", "coordinates": [83.5, 35.5]}, "properties": {"elevation_m": 5037.8, "risk": 0.1}}, {"type": "Feature", "geometry": {"type": "Point", "coordinates": [83.5, 38.5]}, "properties": {"elevation_m": 1179.9, "risk": 0.1}}, {"type": "Feature", "geometry": {"type": "Point", "coordinates": [84.5, 36.5]}, "properties": {"elevation_m": 4670.4, "risk": 0.1}}, {"type": "Feature", "geometry": {"type": "Point", "coordinates": [83.5, 39.5]}, "properties": {"elevation_m": 1057.1, "risk": 0.1}}, {"type": "Feature", "geometry": {"type": "Point", "coordinates": [82.5, 38.5]}, "properties": {"elevation_m": 1172.0, "risk": 0.1}}, {"type": "Feature", "geometry": {"type": "Point", "coordinates": [82.5, 36.5]}, "properties": {"elevation_m": 3365.1, "risk": 0.1}}, {"type": "Feature", "geometry": {"type": "Point", "coordinates": [81.5, 37.5]}, "properties": {"elevation_m": 1314.9, "risk": 0.1}}, {"type": "Feature", "geometry": {"type": "Point", "coordinates": [84.5, 37.5]}, "properties": {"elevation_m": 1825.7, "risk": 0.1}}, {"type": "Feature", "geometry": {"type": "Point", "coordinates": [80.5, 38.5]}, "properties": {"elevation_m": 1196.2, "risk": 0.1}}, {"type": "Feature", "geometry": {"type": "Point", "coordinates": [82.5, 39.5]}, "properties": {"elevation_m": 1067.9, "risk": 0.1}}, {"type": "Feature", "geometry": {"type": "Point", "coordinates": [84.5, 39.5]}, "properties": {"elevation_m": 1036.5, "risk": 0.1}}, {"type": "Feature", "geometry": {"type": "Point", "coordinates": [82.5, 35.5]}, "properties": {"elevation_m": 5196.0, "risk": 0.1}}, {"type": "Feature", "geometry": {"type": "Point", "coordinates": [80.5, 39.5]}, "properties": {"elevation_m": 1103.0, "risk": 0.1}}, {"type": "Feature", "geometry": {"type": "Point", "coordinates": [81.5, 36.5]}, "properties": {"elevation_m": 2320.9, "risk": 0.1}}, {"type": "Feature", "geometry": {"type": "Point", "coordinates": [81.5, 39.5]}, "properties": {"elevation_m": 1089.1, "risk": 0.1}}, {"type": "Feature", "geometry": {"type": "Point", "coordinates": [84.5, 35.5]}, "properties": {"elevation_m": 4965.7, "risk": 0.1}}, {"type": "Feature", "geometry": {"type": "Point", "coordinates": [80.5, 36.5]}, "properties": {"elevation_m": 2676.9, "risk": 0.1}}, {"type": "Feature", "geometry": {"type": "Point", "coordinates": [84.5, 38.5]}, "properties": {"elevation_m": 1178.9, "risk": 0.1}}, {"type": "Feature", "geometry": {"type": "Point", "coordinates": [81.5, 35.5]}, "properties": {"elevation_m": 5371.0, "risk": 0.1}}, {"type": "Feature", "geometry": {"type": "Point", "coordinates": [80.5, 35.5]}, "properties": {"elevation_m": 5327.3, "risk": 0.1}}, {"type": "Feature", "geometry": {"type": "Point", "coordinates": [82.5, 37.5]}, "properties": {"elevation_m": 1349.7, "risk": 0.1}}, {"type": "Feature", "geometry": {"type": "Point", "coordinates": [83.5, 36.5]}, "properties": {"elevation_m": 3931.0, "risk": 0.1}}, {"type": "Feature", "geometry": {"type": "Point", "coordinates": [81.5, 38.5]}, "properties": {"elevation_m": 1177.6, "risk": 0.1}}, {"type": "Feature", "geometry": {"type": "Point", "coordinates": [83.5, 37.5]}, "properties": {"elevation_m": 1433.9, "risk": 0.1}}, {"type": "Feature", "geometry": {"type": "Point", "coordinates": [85.5, 35.5]}, "properties": {"elevation_m": 5086.0, "risk": 0.1}}, {"type": "Feature", "geometry": {"type": "Point", "coordinates": [87.5, 38.5]}, "properties": {"elevation_m": 1853.8, "risk": 0.1}}, {"type": "Feature", "geometry": {"type": "Point", "coordinates": [86.5, 38.5]}, "properties": {"elevation_m": 1276.0, "risk": 0.1}}, {"type": "Feature", "geometry": {"type": "Point", "coordinates": [88.5, 39.5]}, "properties": {"elevation_m": 847.2, "risk": 0.1}}, {"type": "Feature", "geometry": {"type": "Point", "coordinates": [87.5, 35.5]}, "properties": {"elevation_m": 4972.5, "risk": 0.1}}, {"type": "Feature", "geometry": {"type": "Point", "coordinates": [89.5, 35.5]}, "properties": {"elevation_m": 4990.4, "risk": 0.1}}, {"type": "Feature", "geometry": {"type": "Point", "coordinates": [86.5, 39.5]}, "properties": {"elevation_m": 971.5, "risk": 0.1}}, {"type": "Feature", "geometry": {"type": "Point", "coordinates": [86.5, 37.5]}, "properties": {"elevation_m": 3874.5, "risk": 0.1}}, {"type": "Feature", "geometry": {"type": "Point", "coordinates": [85.5, 39.5]}, "properties": {"elevation_m": 1013.5, "risk": 0.1}}, {"type": "Feature", "geometry": {"type": "Point", "coordinates": [89.5, 38.5]}, "properties": {"elevation_m": 3558.3, "risk": 0.1}}, {"type": "Feature", "geometry": {"type": "Point", "coordinates": [85.5, 38.5]}, "properties": {"elevation_m": 1179.2, "risk": 0.1}}, {"type": "Feature", "geometry": {"type": "Point", "coordinates": [85.5, 36.5]}, "properties": {"elevation_m": 4926.5, "risk": 0.1}}, {"type": "Feature", "geometry": {"type": "Point", "coordinates": [86.5, 35.5]}, "properties": {"elevation_m": 4999.4, "risk": 0.1}}, {"type": "Feature", "geometry": {"type": "Point", "coordinates": [89.5, 39.5]}, "properties": {"elevation_m": 1050.5, "risk": 0.1}}, {"type": "Feature", "geometry": {"type": "Point", "coordinates": [87.5, 36.5]}, "properties": {"elevation_m": 5007.7, "risk": 0.1}}, {"type": "Feature", "geometry": {"type": "Point", "coordinates": [89.5, 36.5]}, "properties": {"elevation_m": 4772.3, "risk": 0.1}}, {"type": "Feature", "geometry": {"type": "Point", "coordinates": [88.5, 37.5]}, "properties": {"elevation_m": 4478.1, "risk": 0.1}}, {"type": "Feature", "geometry": {"type": "Point", "coordinates": [85.5, 37.5]}, "properties": {"elevation_m": 2686.2, "risk": 0.1}}, {"type": "Feature", "geometry": {"type": "Point", "coordinates": [88.5, 35.5]}, "properties": {"elevation_m": 5032.4, "risk": 0.1}}, {"type": "Feature", "geometry": {"type": "Point", "coordinates": [88.5, 36.5]}, "properties": {"elevation_m": 4868.3, "risk": 0.1}}, {"type": "Feature", "geometry": {"type": "Point", "coordinates": [87.5, 37.5]}, "properties": {"elevation_m": 4383.5, "risk": 0.1}}, {"type": "Feature", "geometry": {"type": "Point", "coordinates": [86.5, 36.5]}, "properties": {"elevation_m": 5009.5, "risk": 0.1}}, {"type": "Feature", "geometry": {"type": "Point", "coordinates": [88.5, 38.5]}, "properties": {"elevation_m": 3031.1, "risk": 0.1}}, {"type": "Feature", "geometry": {"type": "Point", "coordinates": [87.5, 39.5]}, "properties": {"elevation_m": 875.0, "risk": 0.1}}, {"type": "Feature", "geometry": {"type": "Point", "coordinates": [89.5, 37.5]}, "properties": {"elevation_m": 4053.7, "risk": 0.1}}, {"type": "Feature", "geometry": {"type": "Point", "coordinates": [91.5, 35.5]}, "properties": {"elevation_m": 4935.1, "risk": 0.1}}, {"type": "Feature", "geometry": {"type": "Point", "coordinates": [90.5, 37.5]}, "properties": {"elevation_m": 4109.7, "risk": 0.1}}, {"type": "Feature", "geometry": {"type": "Point", "coordinates": [93.5, 38.5]}, "properties": {"elevation_m": 2851.8, "risk": 0.1}}, {"type": "Feature", "geometry": {"type": "Point", "coordinates": [93.5, 39.5]}, "properties": {"elevation_m": 2581.4, "risk": 0.1}}, {"type": "Feature", "geometry": {"type": "Point", "coordinates": [91.5, 39.5]}, "properties": {"elevation_m": 1863.4, "risk": 0.1}}, {"type": "Feature", "geometry": {"type": "Point", "coordinates": [94.5, 35.5]}, "properties": {"elevation_m": 4526.7, "risk": 0.1}}, {"type": "Feature", "geometry": {"type": "Point", "coordinates": [92.5, 37.5]}, "properties": {"elevation_m": 2919.0, "risk": 0.1}}, {"type": "Feature", "geometry": {"type": "Point", "coordinates": [90.5, 39.5]}, "properties": {"elevation_m": 1582.2, "risk": 0.1}}, {"type": "Feature", "geometry": {"type": "Point", "coordinates": [91.5, 37.5]}, "properties": {"elevation_m": 3746.0, "risk": 0.1}}, {"type": "Feature", "geometry": {"type": "Point", "coordinates": [93.5, 36.5]}, "properties": {"elevation_m": 3587.1, "risk": 0.1}}, {"type": "Feature", "geometry": {"type": "Point", "coordinates": [92.5, 39.5]}, "properties": {"elevation_m": 2005.6, "risk": 0.1}}, {"type": "Feature", "geometry": {"type": "Point", "coordinates": [90.5, 35.5]}, "properties": {"elevation_m": 4973.5, "risk": 0.1}}, {"type": "Feature", "geometry": {"type": "Point", "coordinates": [94.5, 36.5]}, "properties": {"elevation_m": 3094.5, "risk": 0.1}}, {"type": "Feature", "geometry": {"type": "Point", "coordinates": [93.5, 35.5]}, "properties": {"elevation_m": 4630.9, "risk": 0.1}}, {"type": "Feature", "geometry": {"type": "Point", "coordinates": [92.5, 35.5]}, "properties": {"elevation_m": 4754.5, "risk": 0.1}}, {"type": "Feature", "geometry": {"type": "Point", "coordinates": [93.5, 37.5]}, "properties": {"elevation_m": 2727.7, "risk": 0.1}}, {"type": "Feature", "geometry": {"type": "Point", "coordinates": [94.5, 38.5]}, "properties": {"elevation_m": 3163.4, "risk": 0.1}}, {"type": "Feature", "geometry": {"type": "Point", "coordinates": [91.5, 38.5]}, "properties": {"elevation_m": 3040.6, "risk": 0.1}}, {"type": "Feature", "geometry": {"type": "Point", "coordinates": [94.5, 37.5]}, "properties": {"elevation_m": 2808.7, "risk": 0.1}}, {"type": "Feature", "geometry": {"type": "Point", "coordinates": [94.5, 39.5]}, "properties": {"elevation_m": 2511.6, "risk": 0.1}}, {"type": "Feature", "geometry": {"type": "Point", "coordinates": [90.5, 38.5]}, "properties": {"elevation_m": 3300.4, "risk": 0.1}}, {"type": "Feature", "geometry": {"type": "Point", "coordinates": [92.5, 36.5]}, "properties": {"elevation_m": 3994.5, "risk": 0.1}}, {"type": "Feature", "geometry": {"type": "Point", "coordinates": [92.5, 38.5]}, "properties": {"elevation_m": 2808.4, "risk": 0.1}}, {"type": "Feature", "geometry": {"type": "Point", "coordinates": [90.5, 36.5]}, "properties": {"elevation_m": 4788.8, "risk": 0.1}}, {"type": "Feature", "geometry": {"type": "Point", "coordinates": [91.5, 36.5]}, "properties": {"elevation_m": 4600.7, "risk": 0.1}}, {"type": "Feature", "geometry": {"type": "Point", "coordinates": [96.5, 38.5]}, "properties": {"elevation_m": 4207.3, "risk": 0.1}}, {"type": "Feature", "geometry": {"type": "Point", "coordinates": [97.5, 39.5]}, "properties": {"elevation_m": 3240.2, "risk": 0.1}}, {"type": "Feature", "geometry": {"type": "Point", "coordinates": [96.5, 37.5]}, "properties": {"elevation_m": 3650.4, "risk": 0.1}}, {"type": "Feature", "geometry": {"type": "Point", "coordinates": [95.5, 37.5]}, "properties": {"elevation_m": 3359.3, "risk": 0.1}}, {"type": "Feature", "geometry": {"type": "Point", "coordinates": [99.5, 36.5]}, "properties": {"elevation_m": 3557.0, "risk": 0.1}}, {"type": "Feature", "geometry": {"type": "Point", "coordinates": [99.5, 35.5]}, "properties": {"elevation_m": 4149.1, "risk": 0.1}}, {"type": "Feature", "geometry": {"type": "Point", "coordinates": [95.5, 39.5]}, "properties": {"elevation_m": 3207.6, "risk": 0.1}}, {"type": "Feature", "geometry": {"type": "Point", "coordinates": [95.5, 38.5]}, "properties": {"elevation_m": 4071.3, "risk": 0.1}}, {"type": "Feature", "geometry": {"type": "Point", "coordinates": [98.5, 36.5]}, "properties": {"elevation_m": 3664.2, "risk": 0.1}}, {"type": "Feature", "geometry": {"type": "Point", "coordinates": [96.5, 39.5]}, "properties": {"elevation_m": 3411.1, "risk": 0.1}}, {"type": "Feature", "geometry": {"type": "Point", "coordinates": [97.5, 35.5]}, "properties": {"elevation_m": 4346.2, "risk": 0.1}}, {"type": "Feature", "geometry": {"type": "Point", "coordinates": [99.5, 39.5]}, "properties": {"elevation_m": 1688.9, "risk": 0.1}}, {"type": "Feature", "geometry": {"type": "Point", "coordinates": [95.5, 35.5]}, "properties": {"elevation_m": 4525.0, "risk": 0.1}}, {"type": "Feature", "geometry": {"type": "Point", "coordinates": [98.5, 35.5]}, "properties": {"elevation_m": 4271.6, "risk": 0.1}}, {"type": "Feature", "geometry": {"type": "Point", "coordinates": [95.5, 36.5]}, "properties": {"elevation_m": 3079.2, "risk": 0.1}}, {"type": "Feature", "geometry": {"type": "Point", "coordinates": [97.5, 38.5]}, "properties": {"elevation_m": 4296.8, "risk": 0.1}}, {"type": "Feature", "geometry": {"type": "Point", "coordinates": [97.5, 37.5]}, "properties": {"elevation_m": 3739.3, "risk": 0.1}}, {"type": "Feature", "geometry": {"type": "Point", "coordinates": [99.5, 38.5]}, "properties": {"elevation_m": 3682.8, "risk": 0.1}}, {"type": "Feature", "geometry": {"type": "Point", "coordinates": [98.5, 37.5]}, "properties": {"elevation_m": 3948.7, "risk": 0.1}}, {"type": "Feature", "geometry": {"type": "Point", "coordinates": [96.5, 36.5]}, "properties": {"elevation_m": 3041.6, "risk": 0.1}}, {"type": "Feature", "geometry": {"type": "Point", "coordinates": [98.5, 39.5]}, "properties": {"elevation_m": 2581.5, "risk": 0.1}}, {"type": "Feature", "geometry": {"type": "Point", "coordinates": [97.5, 36.5]}, "properties": {"elevation_m": 2981.1, "risk": 0.1}}, {"type": "Feature", "geometry": {"type": "Point", "coordinates": [99.5, 37.5]}, "properties": {"elevation_m": 3766.9, "risk": 0.1}}, {"type": "Feature", "geometry": {"type": "Point", "coordinates": [98.5, 38.5]}, "properties": {"elevation_m": 4096.0, "risk": 0.1}}, {"type": "Feature", "geometry": {"type": "Point", "coordinates": [96.5, 35.5]}, "properties": {"elevation_m": 4499.1, "risk": 0.1}}, {"type": "Feature", "geometry": {"type": "Point", "coordinates": [107.5, 35.5]}, "properties": {"elevation_m": 1239.6, "risk": 0.1}}, {"type": "Feature", "geometry": {"type": "Point", "coordinates": [105.5, 36.5]}, "properties": {"elevation_m": 1911.6, "risk": 0.1}}, {"type": "Feature", "geometry": {"type": "Point", "coordinates": [109.5, 38.5]}, "properties": {"elevation_m": 1221.5, "risk": 0.1}}, {"type": "Feature", "geometry": {"type": "Point", "coordinates": [108.5, 37.5]}, "properties": {"elevation_m": 1435.5, "risk": 0.1}}, {"type": "Feature", "geometry": {"type": "Point", "coordinates": [105.5, 35.5]}, "properties": {"elevation_m": 1882.8, "risk": 0.1}}, {"type": "Feature", "geometry": {"type": "Point", "coordinates": [106.5, 36.5]}, "properties": {"elevation_m": 1703.9, "risk": 0.1}}, {"type": "Feature", "geometry": {"type": "Point", "coordinates": [107.5, 36.5]}, "properties": {"elevation_m": 1431.7, "risk": 0.1}}, {"type": "Feature", "geometry": {"type": "Point", "coordinates": [109.5, 36.5]}, "properties": {"elevation_m": 1192.7, "risk": 0.1}}, {"type": "Feature", "geometry": {"type": "Point", "coordinates": [105.5, 39.5]}, "properties": {"elevation_m": 1223.6, "risk": 0.1}}, {"type": "Feature", "geometry": {"type": "Point", "coordinates": [107.5, 37.5]}, "properties": {"elevation_m": 1506.2, "risk": 0.1}}, {"type": "Feature", "geometry": {"type": "Point", "coordinates": [109.5, 39.5]}, "properties": {"elevation_m": 1384.9, "risk": 0.1}}, {"type": "Feature", "geometry": {"type": "Point", "coordinates": [107.5, 39.5]}, "properties": {"elevation_m": 1384.3, "risk": 0.1}}, {"type": "Feature", "geometry": {"type": "Point", "coordinates": [106.5, 38.5]}, "properties": {"elevation_m": 1233.0, "risk": 0.1}}, {"type": "Feature", "geometry": {"type": "Point", "coordinates": [108.5, 39.5]}, "properties": {"elevation_m": 1391.5, "risk": 0.1}}, {"type": "Feature", "geometry": {"type": "Point", "coordinates": [108.5, 35.5]}, "properties": {"elevation_m": 1320.5, "risk": 0.1}}, {"type": "Feature", "geometry": {"type": "Point", "coordinates": [106.5, 35.5]}, "properties": {"elevation_m": 1795.5, "risk": 0.1}}, {"type": "Feature", "geometry": {"type": "Point", "coordinates": [109.5, 37.5]}, "properties": {"elevation_m": 1211.2, "risk": 0.1}}, {"type": "Feature", "geometry": {"type": "Point", "coordinates": [109.5, 35.5]}, "properties": {"elevation_m": 1055.9, "risk": 0.1}}, {"type": "Feature", "geometry": {"type": "Point", "coordinates": [106.5, 37.5]}, "properties": {"elevation_m": 1448.1, "risk": 0.1}}, {"type": "Feature", "geometry": {"type": "Point", "coordinates": [108.5, 38.5]}, "properties": {"elevation_m": 1338.4, "risk": 0.1}}, {"type": "Feature", "geometry": {"type": "Point", "coordinates": [107.5, 38.5]}, "properties": {"elevation_m": 1361.7, "risk": 0.1}}, {"type": "Feature", "geometry": {"type": "Point", "coordinates": [105.5, 37.5]}, "properties": {"elevation_m": 1447.4, "risk": 0.1}}, {"type": "Feature", "geometry": {"type": "Point", "coordinates": [106.5, 39.5]}, "properties": {"elevation_m": 1277.4, "risk": 0.1}}, {"type": "Feature", "geometry": {"type": "Point", "coordinates": [105.5, 38.5]}, "properties": {"elevation_m": 1472.5, "risk": 0.1}}, {"type": "Feature", "geometry": {"type": "Point", "coordinates": [108.5, 36.5]}, "properties": {"elevation_m": 1415.3, "risk": 0.1}}, {"type": "Feature", "geometry": {"type": "Point", "coordinates": [114.5, 39.5]}, "properties": {"elevation_m": 1168.3, "risk": 0.1}}, {"type": "Feature", "geometry": {"type": "Point", "coordinates": [111.5, 35.5]}, "properties": {"elevation_m": 753.7, "risk": 0.1}}, {"type": "Feature", "geometry": {"type": "Point", "coordinates": [113.5, 35.5]}, "properties": {"elevation_m": 569.4, "risk": 0.1}}, {"type": "Feature", "geometry": {"type": "Point", "coordinates": [114.5, 36.5]}, "properties": {"elevation_m": 129.9, "risk": 0.1}}, {"type": "Feature", "geometry": {"type": "Point", "coordinates": [111.5, 36.5]}, "properties": {"elevation_m": 1062.7, "risk": 0.1}}, {"type": "Feature", "geometry": {"type": "Point", "coordinates": [112.5, 39.5]}, "properties": {"elevation_m": 1409.7, "risk": 0.1}}, {"type": "Feature", "geometry": {"type": "Point", "coordinates": [112.5, 38.5]}, "properties": {"elevation_m": 1332.5, "risk": 0.1}}, {"type": "Feature", "geometry": {"type": "Point", "coordinates": [113.5, 38.5]}, "properties": {"elevation_m": 1118.2, "risk": 0.1}}, {"type": "Feature", "geometry": {"type": "Point", "coordinates": [114.5, 37.5]}, "properties": {"elevation_m": 215.9, "risk": 0.1}}, {"type": "Feature", "geometry": {"type": "Point", "coordinates": [111.5, 37.5]}, "properties": {"elevation_m": 1358.2, "risk": 0.1}}, {"type": "Feature", "geometry": {"type": "Point", "coordinates": [112.5, 36.5]}, "properties": {"elevation_m": 1185.4, "risk": 0.1}}, {"type": "Feature", "geometry": {"type": "Point", "coordinates": [110.5, 36.5]}, "properties": {"elevation_m": 1004.9, "risk": 0.1}}, {"type": "Feature", "geometry": {"type": "Point", "coordinates": [111.5, 38.5]}, "properties": {"elevation_m": 1462.2, "risk": 0.1}}, {"type": "Feature", "geometry": {"type": "Point", "coordinates": [114.5, 35.5]}, "properties": {"elevation_m": 90.0, "risk": 0.1}}, {"type": "Feature", "geometry": {"type": "Point", "coordinates": [111.5, 39.5]}, "properties": {"elevation_m": 1283.0, "risk": 0.1}}, {"type": "Feature", "geometry": {"type": "Point", "coordinates": [112.5, 35.5]}, "properties": {"elevation_m": 815.3, "risk": 0.1}}, {"type": "Feature", "geometry": {"type": "Point", "coordinates": [113.5, 36.5]}, "properties": {"elevation_m": 961.8, "risk": 0.1}}, {"type": "Feature", "geometry": {"type": "Point", "coordinates": [113.5, 39.5]}, "properties": {"elevation_m": 1362.6, "risk": 0.1}}, {"type": "Feature", "geometry": {"type": "Point", "coordinates": [113.5, 37.5]}, "properties": {"elevation_m": 1183.3, "risk": 0.1}}, {"type": "Feature", "geometry": {"type": "Point", "coordinates": [112.5, 37.5]}, "properties": {"elevation_m": 1054.9, "risk": 0.1}}, {"type": "Feature", "geometry": {"type": "Point", "coordinates": [110.5, 35.5]}, "properties": {"elevation_m": 778.8, "risk": 0.1}}, {"type": "Feature", "geometry": {"type": "Point", "coordinates": [110.5, 39.5]}, "properties": {"elevation_m": 1244.6, "risk": 0.1}}, {"type": "Feature", "geometry": {"type": "Point", "coordinates": [110.5, 37.5]}, "properties": {"elevation_m": 977.0, "risk": 0.1}}, {"type": "Feature", "geometry": {"type": "Point", "coordinates": [114.5, 38.5]}, "properties": {"elevation_m": 222.1, "risk": 0.1}}, {"type": "Feature", "geometry": {"type": "Point", "coordinates": [110.5, 38.5]}, "properties": {"elevation_m": 1092.1, "risk": 0.1}}, {"type": "Feature", "geometry": {"type": "Point", "coordinates": [115.5, 39.5]}, "properties": {"elevation_m": 475.9, "risk": 0.1}}, {"type": "Feature", "geometry": {"type": "Point", "coordinates": [117.5, 39.5]}, "properties": {"elevation_m": 9.4, "risk": 0.4}}, {"type": "Feature", "geometry": {"type": "Point", "coordinates": [118.5, 38.5]}, "properties": {"elevation_m": 0.2, "risk": 1.0}}, {"type": "Feature", "geometry": {"type": "Point", "coordinates": [119.5, 36.5]}, "properties": {"elevation_m": 46.6, "risk": 0.1}}, {"type": "Feature", "geometry": {"type": "Point", "coordinates": [117.5, 38.5]}, "properties": {"elevation_m": 3.3, "risk": 0.75}}, {"type": "Feature", "geometry": {"type": "Point", "coordinates": [118.5, 37.5]}, "properties": {"elevation_m": 5.3, "risk": 0.4}}, {"type": "Feature", "geometry": {"type": "Point", "coordinates": [119.5, 39.5]}, "properties": {"elevation_m": 9.8, "risk": 0.4}}, {"type": "Feature", "geometry": {"type": "Point", "coordinates": [117.5, 35.5]}, "properties": {"elevation_m": 194.3, "risk": 0.1}}, {"type": "Feature", "geometry": {"type": "Point", "coordinates": [116.5, 36.5]}, "properties": {"elevation_m": 68.2, "risk": 0.1}}, {"type": "Feature", "geometry": {"type": "Point", "coordinates": [117.5, 36.5]}, "properties": {"elevation_m": 228.8, "risk": 0.1}}, {"type": "Feature", "geometry": {"type": "Point", "coordinates": [115.5, 37.5]}, "properties": {"elevation_m": 29.4, "risk": 0.1}}, {"type": "Feature", "geometry": {"type": "Point", "coordinates": [115.5, 36.5]}, "properties": {"elevation_m": 40.3, "risk": 0.1}}, {"type": "Feature", "geometry": {"type": "Point", "coordinates": [119.5, 35.5]}, "properties": {"elevation_m": 69.2, "risk": 0.1}}, {"type": "Feature", "geometry": {"type": "Point", "coordinates": [116.5, 35.5]}, "properties": {"elevation_m": 49.4, "risk": 0.1}}, {"type": "Feature", "geometry": {"type": "Point", "coordinates": [115.5, 38.5]}, "properties": {"elevation_m": 31.4, "risk": 0.1}}, {"type": "Feature", "geometry": {"type": "Point", "coordinates": [118.5, 35.5]}, "properties": {"elevation_m": 166.7, "risk": 0.1}}, {"type": "Feature", "geometry": {"type": "Point", "coordinates": [118.5, 39.5]}, "properties": {"elevation_m": 28.2, "risk": 0.1}}, {"type": "Feature", "geometry": {"type": "Point", "coordinates": [118.5, 36.5]}, "properties": {"elevation_m": 220.1, "risk": 0.1}}, {"type": "Feature", "geometry": {"type": "Point", "coordinates": [115.5, 35.5]}, "properties": {"elevation_m": 51.6, "risk": 0.1}}, {"type": "Feature", "geometry": {"type": "Point", "coordinates": [116.5, 39.5]}, "properties": {"elevation_m": 31.1, "risk": 0.1}}, {"type": "Feature", "geometry": {"type": "Point", "coordinates": [116.5, 38.5]}, "properties": {"elevation_m": 10.3, "risk": 0.1}}, {"type": "Feature", "geometry": {"type": "Point", "coordinates": [119.5, 37.5]}, "properties": {"elevation_m": 3.5, "risk": 0.75}}, {"type": "Feature", "geometry": {"type": "Point", "coordinates": [116.5, 37.5]}, "properties": {"elevation_m": 20.5, "risk": 0.1}}, {"type": "Feature", "geometry": {"type": "Point", "coordinates": [117.5, 37.5]}, "properties": {"elevation_m": 12.6, "risk": 0.1}}, {"type": "Feature", "geometry": {"type": "Point", "coordinates": [120.5, 36.5]}, "properties": {"elevation_m": 45.6, "risk": 0.1}}, {"type": "Feature", "geometry": {"type": "Point", "coordinates": [122.5, 36.5]}, "properties": {"elevation_m": 2.0, "risk": 1.0}}, {"type": "Feature", "geometry": {"type": "Point", "coordinates": [121.5, 37.5]}, "properties": {"elevation_m": 54.0, "risk": 0.1}}, {"type": "Feature", "geometry": {"type": "Point", "coordinates": [122.5, 39.5]}, "properties": {"elevation_m": 60.5, "risk": 0.1}}, {"type": "Feature", "geometry": {"type": "Point", "coordinates": [121.5, 36.5]}, "properties": {"elevation_m": 18.2, "risk": 0.1}}, {"type": "Feature", "geometry": {"type": "Point", "coordinates": [122.5, 37.5]}, "properties": {"elevation_m": 15.8, "risk": 0.1}}, {"type": "Feature", "geometry": {"type": "Point", "coordinates": [120.5, 37.5]}, "properties": {"elevation_m": 87.4, "risk": 0.1}}, {"type": "Feature", "geometry": {"type": "Point", "coordinates": [124.5, 38.5]}, "properties": {"elevation_m": 4.6, "risk": 0.75}}, {"type": "Feature", "geometry": {"type": "Point", "coordinates": [123.5, 39.5]}, "properties": {"elevation_m": 7.9, "risk": 0.4}}, {"type": "Feature", "geometry": {"type": "Point", "coordinates": [124.5, 39.5]}, "properties": {"elevation_m": 17.0, "risk": 0.1}}, {"type": "Feature", "geometry": {"type": "Point", "coordinates": [120.5, 38.5]}, "properties": {"elevation_m": 0.1, "risk": 1.0}}, {"type": "Feature", "geometry": {"type": "Point", "coordinates": [120.5, 35.5]}, "properties": {"elevation_m": 1.9, "risk": 1.0}}, {"type": "Feature", "geometry": {"type": "Point", "coordinates": [121.5, 38.5]}, "properties": {"elevation_m": 6.9, "risk": 0.4}}, {"type": "Feature", "geometry": {"type": "Point", "coordinates": [121.5, 39.5]}, "properties": {"elevation_m": 22.8, "risk": 0.1}}, {"type": "Feature", "geometry": {"type": "Point", "coordinates": [124.5, 37.5]}, "properties": {"elevation_m": 0.3, "risk": 1.0}}, {"type": "Feature", "geometry": {"type": "Point", "coordinates": [128.5, 36.5]}, "properties": {"elevation_m": 279.4, "risk": 0.1}}, {"type": "Feature", "geometry": {"type": "Point", "coordinates": [126.5, 39.5]}, "properties": {"elevation_m": 475.4, "risk": 0.1}}, {"type": "Feature", "geometry": {"type": "Point", "coordinates": [125.5, 38.5]}, "properties": {"elevation_m": 77.5, "risk": 0.1}}, {"type": "Feature", "geometry": {"type": "Point", "coordinates": [127.5, 39.5]}, "properties": {"elevation_m": 177.7, "risk": 0.1}}, {"type": "Feature", "geometry": {"type": "Point", "coordinates": [126.5, 37.5]}, "properties": {"elevation_m": 27.0, "risk": 0.1}}, {"type": "Feature", "geometry": {"type": "Point", "coordinates": [127.5, 35.5]}, "properties": {"elevation_m": 371.9, "risk": 0.1}}, {"type": "Feature", "geometry": {"type": "Point", "coordinates": [126.5, 36.5]}, "properties": {"elevation_m": 40.7, "risk": 0.1}}, {"type": "Feature", "geometry": {"type": "Point", "coordinates": [128.5, 38.5]}, "properties": {"elevation_m": 205.1, "risk": 0.1}}, {"type": "Feature", "geometry": {"type": "Point", "coordinates": [127.5, 37.5]}, "properties": {"elevation_m": 213.4, "risk": 0.1}}, {"type": "Feature", "geometry": {"type": "Point", "coordinates": [129.5, 36.5]}, "properties": {"elevation_m": 147.3, "risk": 0.1}}, {"type": "Feature", "geometry": {"type": "Point", "coordinates": [125.5, 36.5]}, "properties": {"elevation_m": 0.0, "risk": 1.0}}, {"type": "Feature", "geometry": {"type": "Point", "coordinates": [129.5, 35.5]}, "properties": {"elevation_m": 69.9, "risk": 0.1}}, {"type": "Feature", "geometry": {"type": "Point", "coordinates": [125.5, 39.5]}, "properties": {"elevation_m": 72.2, "risk": 0.1}}, {"type": "Feature", "geometry": {"type": "Point", "coordinates": [128.5, 35.5]}, "properties": {"elevation_m": 178.2, "risk": 0.1}}, {"type": "Feature", "geometry": {"type": "Point", "coordinates": [125.5, 35.5]}, "properties": {"elevation_m": 0.0, "risk": 1.0}}, {"type": "Feature", "geometry": {"type": "Point", "coordinates": [127.5, 38.5]}, "properties": {"elevation_m": 472.5, "risk": 0.1}}, {"type": "Feature", "geometry": {"type": "Point", "coordinates": [125.5, 37.5]}, "properties": {"elevation_m": 5.7, "risk": 0.4}}, {"type": "Feature", "geometry": {"type": "Point", "coordinates": [126.5, 38.5]}, "properties": {"elevation_m": 232.9, "risk": 0.1}}, {"type": "Feature", "geometry": {"type": "Point", "coordinates": [127.5, 36.5]}, "properties": {"elevation_m": 210.7, "risk": 0.1}}, {"type": "Feature", "geometry": {"type": "Point", "coordinates": [128.5, 37.5]}, "properties": {"elevation_m": 580.6, "risk": 0.1}}, {"type": "Feature", "geometry": {"type": "Point", "coordinates": [128.5, 39.5]}, "properties": {"elevation_m": 0.0, "risk": 1.0}}, {"type": "Feature", "geometry": {"type": "Point", "coordinates": [126.5, 35.5]}, "properties": {"elevation_m": 42.9, "risk": 0.1}}, {"type": "Feature", "geometry": {"type": "Point", "coordinates": [129.5, 37.5]}, "properties": {"elevation_m": 71.5, "risk": 0.1}}, {"type": "Feature", "geometry": {"type": "Point", "coordinates": [133.5, 35.5]}, "properties": {"elevation_m": 213.7, "risk": 0.1}}, {"type": "Feature", "geometry": {"type": "Point", "coordinates": [131.5, 37.5]}, "properties": {"elevation_m": 0.0, "risk": 1.0}}, {"type": "Feature", "geometry": {"type": "Point", "coordinates": [132.5, 36.5]}, "properties": {"elevation_m": 0.2, "risk": 1.0}}, {"type": "Feature", "geometry": {"type": "Point", "coordinates": [130.5, 37.5]}, "properties": {"elevation_m": 2.5, "risk": 1.0}}, {"type": "Feature", "geometry": {"type": "Point", "coordinates": [134.5, 35.5]}, "properties": {"elevation_m": 241.3, "risk": 0.1}}, {"type": "Feature", "geometry": {"type": "Point", "coordinates": [133.5, 36.5]}, "properties": {"elevation_m": 4.6, "risk": 0.75}}, {"type": "Feature", "geometry": {"type": "Point", "coordinates": [132.5, 35.5]}, "properties": {"elevation_m": 66.5, "risk": 0.1}}, {"type": "Feature", "geometry": {"type": "Point", "coordinates": [70.5, 42.5]}, "properties": {"elevation_m": 1614.2, "risk": 0.1}}, {"type": "Feature", "geometry": {"type": "Point", "coordinates": [72.5, 41.5]}, "properties": {"elevation_m": 1578.3, "risk": 0.1}}, {"type": "Feature", "geometry": {"type": "Point", "coordinates": [71.5, 40.5]}, "properties": {"elevation_m": 699.7, "risk": 0.1}}, {"type": "Feature", "geometry": {"type": "Point", "coordinates": [71.5, 42.5]}, "properties": {"elevation_m": 1850.2, "risk": 0.1}}, {"type": "Feature", "geometry": {"type": "Point", "coordinates": [71.5, 43.5]}, "properties": {"elevation_m": 447.0, "risk": 0.1}}, {"type": "Feature", "geometry": {"type": "Point", "coordinates": [74.5, 41.5]}, "properties": {"elevation_m": 2446.8, "risk": 0.1}}, {"type": "Feature", "geometry": {"type": "Point", "coordinates": [73.5, 44.5]}, "properties": {"elevation_m": 458.8, "risk": 0.1}}, {"type": "Feature", "geometry": {"type": "Point", "coordinates": [70.5, 41.5]}, "properties": {"elevation_m": 2315.3, "risk": 0.1}}, {"type": "Feature", "geometry": {"type": "Point", "coordinates": [72.5, 43.5]}, "properties": {"elevation_m": 541.4, "risk": 0.1}}, {"type": "Feature", "geometry": {"type": "Point", "coordinates": [72.5, 40.5]}, "properties": {"elevation_m": 1189.1, "risk": 0.1}}, {"type": "Feature", "geometry": {"type": "Point", "coordinates": [70.5, 43.5]}, "properties": {"elevation_m": 486.8, "risk": 0.1}}, {"type": "Feature", "geometry": {"type": "Point", "coordinates": [72.5, 42.5]}, "properties": {"elevation_m": 2097.9, "risk": 0.1}}, {"type": "Feature", "geometry": {"type": "Point", "coordinates": [74.5, 43.5]}, "properties": {"elevation_m": 833.4, "risk": 0.1}}, {"type": "Feature", "geometry": {"type": "Point", "coordinates": [73.5, 42.5]}, "properties": {"elevation_m": 2264.9, "risk": 0.1}}, {"type": "Feature", "geometry": {"type": "Point", "coordinates": [72.5, 44.5]}, "properties": {"elevation_m": 335.5, "risk": 0.1}}, {"type": "Feature", "geometry": {"type": "Point", "coordinates": [74.5, 42.5]}, "properties": {"elevation_m": 2323.4, "risk": 0.1}}, {"type": "Feature", "geometry": {"type": "Point", "coordinates": [70.5, 40.5]}, "properties": {"elevation_m": 922.9, "risk": 0.1}}, {"type": "Feature", "geometry": {"type": "Point", "coordinates": [74.5, 40.5]}, "properties": {"elevation_m": 3368.6, "risk": 0.1}}, {"type": "Feature", "geometry": {"type": "Point", "coordinates": [73.5, 43.5]}, "properties": {"elevation_m": 530.1, "risk": 0.1}}, {"type": "Feature", "geometry": {"type": "Point", "coordinates": [70.5, 44.5]}, "properties": {"elevation_m": 308.6, "risk": 0.1}}, {"type": "Feature", "geometry": {"type": "Point", "coordinates": [71.5, 41.5]}, "properties": {"elevation_m": 1821.1, "risk": 0.1}}, {"type": "Feature", "geometry": {"type": "Point", "coordinates": [73.5, 40.5]}, "properties": {"elevation_m": 2212.2, "risk": 0.1}}, {"type": "Feature", "geometry": {"type": "Point", "coordinates": [73.5, 41.5]}, "properties": {"elevation_m": 2142.8, "risk": 0.1}}, {"type": "Feature", "geometry": {"type": "Point", "coordinates": [74.5, 44.5]}, "properties": {"elevation_m": 523.8, "risk": 0.1}}, {"type": "Feature", "geometry": {"type": "Point", "coordinates": [71.5, 44.5]}, "properties": {"elevation_m": 321.3, "risk": 0.1}}, {"type": "Feature", "geometry": {"type": "Point", "coordinates": [76.5, 43.5]}, "properties": {"elevation_m": 888.7, "risk": 0.1}}, {"type": "Feature", "geometry": {"type": "Point", "coordinates": [75.5, 44.5]}, "properties": {"elevation_m": 451.9, "risk": 0.1}}, {"type": "Feature", "geometry": {"type": "Point", "coordinates": [77.5, 44.5]}, "properties": {"elevation_m": 723.8, "risk": 0.1}}, {"type": "Feature", "geometry": {"type": "Point", "coordinates": [77.5, 43.5]}, "properties": {"elevation_m": 1348.9, "risk": 0.1}}, {"type": "Feature", "geometry": {"type": "Point", "coordinates": [75.5, 42.5]}, "properties": {"elevation_m": 2200.0, "risk": 0.1}}, {"type": "Feature", "geometry": {"type": "Point", "coordinates": [78.5, 43.5]}, "properties": {"elevation_m": 1185.3, "risk": 0.1}}, {"type": "Feature", "geometry": {"type": "Point", "coordinates": [76.5, 42.5]}, "properties": {"elevation_m": 2390.4, "risk": 0.1}}, {"type": "Feature", "geometry": {"type": "Point", "coordinates": [79.5, 41.5]}, "properties": {"elevation_m": 2264.8, "risk": 0.1}}, {"type": "Feature", "geometry": {"type": "Point", "coordinates": [79.5, 43.5]}, "properties": {"elevation_m": 1189.3, "risk": 0.1}}, {"type": "Feature", "geometry": {"type": "Point", "coordinates": [76.5, 41.5]}, "properties": {"elevation_m": 3282.0, "risk": 0.1}}, {"type": "Feature", "geometry": {"type": "Point", "coordinates": [79.5, 42.5]}, "properties": {"elevation_m": 3087.4, "risk": 0.1}}, {"type": "Feature", "geometry": {"type": "Point", "coordinates": [79.5, 40.5]}, "properties": {"elevation_m": 1351.0, "risk": 0.1}}, {"type": "Feature", "geometry": {"type": "Point", "coordinates": [79.5, 44.5]}, "properties": {"elevation_m": 2039.0, "risk": 0.1}}, {"type": "Feature", "geometry": {"type": "Point", "coordinates": [76.5, 40.5]}, "properties": {"elevation_m": 3121.8, "risk": 0.1}}, {"type": "Feature", "geometry": {"type": "Point", "coordinates": [77.5, 40.5]}, "properties": {"elevation_m": 2551.8, "risk": 0.1}}, {"type": "Feature", "geometry": {"type": "Point", "coordinates": [78.5, 42.5]}, "properties": {"elevation_m": 2776.0, "risk": 0.1}}, {"type": "Feature", "geometry": {"type": "Point", "coordinates": [75.5, 43.5]}, "properties": {"elevation_m": 1050.2, "risk": 0.1}}, {"type": "Feature", "geometry": {"type": "Point", "coordinates": [77.5, 41.5]}, "properties": {"elevation_m": 3825.6, "risk": 0.1}}, {"type": "Feature", "geometry": {"type": "Point", "coordinates": [76.5, 44.5]}, "properties": {"elevation_m": 456.2, "risk": 0.1}}, {"type": "Feature", "geometry": {"type": "Point", "coordinates": [78.5, 41.5]}, "properties": {"elevation_m": 3511.9, "risk": 0.1}}, {"type": "Feature", "geometry": {"type": "Point", "coordinates": [75.5, 40.5]}, "properties": {"elevation_m": 3464.2, "risk": 0.1}}, {"type": "Feature", "geometry": {"type": "Point", "coordinates": [77.5, 42.5]}, "properties": {"elevation_m": 2253.6, "risk": 0.1}}, {"type": "Feature", "geometry": {"type": "Point", "coordinates": [78.5, 40.5]}, "properties": {"elevation_m": 2046.4, "risk": 0.1}}, {"type": "Feature", "geometry": {"type": "Point", "coordinates": [78.5, 44.5]}, "properties": {"elevation_m": 1251.4, "risk": 0.1}}, {"type": "Feature", "geometry": {"type": "Point", "coordinates": [75.5, 41.5]}, "properties": {"elevation_m": 2661.9, "risk": 0.1}}, {"type": "Feature", "geometry": {"type": "Point", "coordinates": [82.5, 40.5]}, "properties": {"elevation_m": 987.9, "risk": 0.1}}, {"type": "Feature", "geometry": {"type": "Point", "coordinates": [82.5, 43.5]}, "properties": {"elevation_m": 1397.8, "risk": 0.1}}, {"type": "Feature", "geometry": {"type": "Point", "coordinates": [84.5, 44.5]}, "properties": {"elevation_m": 816.6, "risk": 0.1}}, {"type": "Feature", "geometry": {"type": "Point", "coordinates": [81.5, 41.5]}, "properties": {"elevation_m": 1380.4, "risk": 0.1}}, {"type": "Feature", "geometry": {"type": "Point", "coordinates": [81.5, 44.5]}, "properties": {"elevation_m": 1659.6, "risk": 0.1}}, {"type": "Feature", "geometry": {"type": "Point", "coordinates": [84.5, 43.5]}, "properties": {"elevation_m": 2982.9, "risk": 0.1}}, {"type": "Feature", "geometry": {"type": "Point", "coordinates": [80.5, 42.5]}, "properties": {"elevation_m": 3181.3, "risk": 0.1}}, {"type": "Feature", "geometry": {"type": "Point", "coordinates": [82.5, 42.5]}, "properties": {"elevation_m": 2793.3, "risk": 0.1}}, {"type": "Feature", "geometry": {"type": "Point", "coordinates": [81.5, 42.5]}, "properties": {"elevation_m": 3055.5, "risk": 0.1}}, {"type": "Feature", "geometry": {"type": "Point", "coordinates": [83.5, 43.5]}, "properties": {"elevation_m": 2230.7, "risk": 0.1}}, {"type": "Feature", "geometry": {"type": "Point", "coordinates": [81.5, 40.5]}, "properties": {"elevation_m": 1017.3, "risk": 0.1}}, {"type": "Feature", "geometry": {"type": "Point", "coordinates": [82.5, 41.5]}, "properties": {"elevation_m": 1129.4, "risk": 0.1}}, {"type": "Feature", "geometry": {"type": "Point", "coordinates": [83.5, 42.5]}, "properties": {"elevation_m": 2796.1, "risk": 0.1}}, {"type": "Feature", "geometry": {"type": "Point", "coordinates": [80.5, 43.5]}, "properties": {"elevation_m": 1524.6, "risk": 0.1}}, {"type": "Feature", "geometry": {"type": "Point", "coordinates": [83.5, 41.5]}, "properties": {"elevation_m": 1038.2, "risk": 0.1}}, {"type": "Feature", "geometry": {"type": "Point", "coordinates": [81.5, 43.5]}, "properties": {"elevation_m": 1409.3, "risk": 0.1}}, {"type": "Feature", "geometry": {"type": "Point", "coordinates": [80.5, 40.5]}, "properties": {"elevation_m": 1045.9, "risk": 0.1}}, {"type": "Feature", "geometry": {"type": "Point", "coordinates": [80.5, 44.5]}, "properties": {"elevation_m": 1975.3, "risk": 0.1}}, {"type": "Feature", "geometry": {"type": "Point", "coordinates": [84.5, 41.5]}, "properties": {"elevation_m": 943.5, "risk": 0.1}}, {"type": "Feature", "geometry": {"type": "Point", "coordinates": [83.5, 40.5]}, "properties": {"elevation_m": 959.1, "risk": 0.1}}, {"type": "Feature", "geometry": {"type": "Point", "coordinates": [82.5, 44.5]}, "properties": {"elevation_m": 1056.3, "risk": 0.1}}, {"type": "Feature", "geometry": {"type": "Point", "coordinates": [83.5, 44.5]}, "properties": {"elevation_m": 1300.2, "risk": 0.1}}, {"type": "Feature", "geometry": {"type": "Point", "coordinates": [80.5, 41.5]}, "properties": {"elevation_m": 2029.8, "risk": 0.1}}, {"type": "Feature", "geometry": {"type": "Point", "coordinates": [84.5, 40.5]}, "properties": {"elevation_m": 937.4, "risk": 0.1}}, {"type": "Feature", "geometry": {"type": "Point", "coordinates": [84.5, 42.5]}, "properties": {"elevation_m": 2669.8, "risk": 0.1}}, {"type": "Feature", "geometry": {"type": "Point", "coordinates": [85.5, 40.5]}, "properties": {"elevation_m": 922.2, "risk": 0.1}}, {"type": "Feature", "geometry": {"type": "Point", "coordinates": [87.5, 44.5]}, "properties": {"elevation_m": 476.4, "risk": 0.1}}, {"type": "Feature", "geometry": {"type": "Point", "coordinates": [88.5, 44.5]}, "properties": {"elevation_m": 613.9, "risk": 0.1}}, {"type": "Feature", "geometry": {"type": "Point", "coordinates": [85.5, 44.5]}, "properties": {"elevation_m": 564.2, "risk": 0.1}}, {"type": "Feature", "geometry": {"type": "Point", "coordinates": [85.5, 42.5]}, "properties": {"elevation_m": 2804.7, "risk": 0.1}}, {"type": "Feature", "geometry": {"type": "Point", "coordinates": [88.5, 42.5]}, "properties": {"elevation_m": 872.3, "risk": 0.1}}, {"type": "Feature", "geometry": {"type": "Point", "coordinates": [87.5, 42.5]}, "properties": {"elevation_m": 1998.9, "risk": 0.1}}, {"type": "Feature", "geometry": {"type": "Point", "coordinates": [88.5, 43.5]}, "properties": {"elevation_m": 1908.2, "risk": 0.1}}, {"type": "Feature", "geometry": {"type": "Point", "coordinates": [87.5, 41.5]}, "properties": {"elevation_m": 1354.8, "risk": 0.1}}, {"type": "Feature", "geometry": {"type": "Point", "coordinates": [87.5, 43.5]}, "properties": {"elevation_m": 1773.2, "risk": 0.1}}, {"type": "Feature", "geometry": {"type": "Point", "coordinates": [89.5, 44.5]}, "properties": {"elevation_m": 645.7, "risk": 0.1}}, {"type": "Feature", "geometry": {"type": "Point", "coordinates": [85.5, 43.5]}, "properties": {"elevation_m": 3134.3, "risk": 0.1}}, {"type": "Feature", "geometry": {"type": "Point", "coordinates": [86.5, 41.5]}, "properties": {"elevation_m": 1056.0, "risk": 0.1}}, {"type": "Feature", "geometry": {"type": "Point", "coordinates": [86.5, 44.5]}, "properties": {"elevation_m": 481.3, "risk": 0.1}}, {"type": "Feature", "geometry": {"type": "Point", "coordinates": [89.5, 41.5]}, "properties": {"elevation_m": 1186.9, "risk": 0.1}}, {"type": "Feature", "geometry": {"type": "Point", "coordinates": [86.5, 43.5]}, "properties": {"elevation_m": 2580.2, "risk": 0.1}}, {"type": "Feature", "geometry": {"type": "Point", "coordinates": [86.5, 42.5]}, "properties": {"elevation_m": 2116.3, "risk": 0.1}}, {"type": "Feature", "geometry": {"type": "Point", "coordinates": [88.5, 40.5]}, "properties": {"elevation_m": 869.1, "risk": 0.1}}, {"type": "Feature", "geometry": {"type": "Point", "coordinates": [85.5, 41.5]}, "properties": {"elevation_m": 959.9, "risk": 0.1}}, {"type": "Feature", "geometry": {"type": "Point", "coordinates": [87.5, 40.5]}, "properties": {"elevation_m": 862.0, "risk": 0.1}}, {"type": "Feature", "geometry": {"type": "Point", "coordinates": [89.5, 43.5]}, "properties": {"elevation_m": 1749.1, "risk": 0.1}}, {"type": "Feature", "geometry": {"type": "Point", "coordinates": [89.5, 42.5]}, "properties": {"elevation_m": 423.9, "risk": 0.1}}, {"type": "Feature", "geometry": {"type": "Point", "coordinates": [88.5, 41.5]}, "properties": {"elevation_m": 1373.7, "risk": 0.1}}, {"type": "Feature", "geometry": {"type": "Point", "coordinates": [89.5, 40.5]}, "properties": {"elevation_m": 871.7, "risk": 0.1}}, {"type": "Feature", "geometry": {"type": "Point", "coordinates": [86.5, 40.5]}, "properties": {"elevation_m": 901.8, "risk": 0.1}}, {"type": "Feature", "geometry": {"type": "Point", "coordinates": [92.5, 40.5]}, "properties": {"elevation_m": 1055.1, "risk": 0.1}}, {"type": "Feature", "geometry": {"type": "Point", "coordinates": [93.5, 43.5]}, "properties": {"elevation_m": 2090.6, "risk": 0.1}}, {"type": "Feature", "geometry": {"type": "Point", "coordinates": [91.5, 43.5]}, "properties": {"elevation_m": 1305.3, "risk": 0.1}}, {"type": "Feature", "geometry": {"type": "Point", "coordinates": [93.5, 42.5]}, "properties": {"elevation_m": 715.5, "risk": 0.1}}, {"type": "Feature", "geometry": {"type": "Point", "coordinates": [94.5, 44.5]}, "properties": {"elevation_m": 1050.6, "risk": 0.1}}, {"type": "Feature", "geometry": {"type": "Point", "coordinates": [90.5, 44.5]}, "properties": {"elevation_m": 825.4, "risk": 0.1}}, {"type": "Feature", "geometry": {"type": "Point", "coordinates": [92.5, 41.5]}, "properties": {"elevation_m": 1156.2, "risk": 0.1}}, {"type": "Feature", "geometry": {"type": "Point", "coordinates": [91.5, 41.5]}, "properties": {"elevation_m": 1034.1, "risk": 0.1}}, {"type": "Feature", "geometry": {"type": "Point", "coordinates": [92.5, 44.5]}, "properties": {"elevation_m": 1136.9, "risk": 0.1}}, {"type": "Feature", "geometry": {"type": "Point", "coordinates": [90.5, 43.5]}, "properties": {"elevation_m": 1589.2, "risk": 0.1}}, {"type": "Feature", "geometry": {"type": "Point", "coordinates": [92.5, 42.5]}, "properties": {"elevation_m": 469.9, "risk": 0.1}}, {"type": "Feature", "geometry": {"type": "Point", "coordinates": [93.5, 44.5]}, "properties": {"elevation_m": 978.7, "risk": 0.1}}, {"type": "Feature", "geometry": {"type": "Point", "coordinates": [91.5, 42.5]}, "properties": {"elevation_m": 668.7, "risk": 0.1}}, {"type": "Feature", "geometry": {"type": "Point", "coordinates": [91.5, 44.5]}, "properties": {"elevation_m": 1113.5, "risk": 0.1}}, {"type": "Feature", "geometry": {"type": "Point", "coordinates": [90.5, 40.5]}, "properties": {"elevation_m": 802.3, "risk": 0.1}}, {"type": "Feature", "geometry": {"type": "Point", "coordinates": [93.5, 40.5]}, "properties": {"elevation_m": 1150.6, "risk": 0.1}}, {"type": "Feature", "geometry": {"type": "Point", "coordinates": [91.5, 40.5]}, "properties": {"elevation_m": 898.0, "risk": 0.1}}, {"type": "Feature", "geometry": {"type": "Point", "coordinates": [94.5, 40.5]}, "properties": {"elevation_m": 1262.6, "risk": 0.1}}, {"type": "Feature", "geometry": {"type": "Point", "coordinates": [93.5, 41.5]}, "properties": {"elevation_m": 1160.8, "risk": 0.1}}, {"type": "Feature", "geometry": {"type": "Point", "coordinates": [90.5, 42.5]}, "properties": {"elevation_m": 663.2, "risk": 0.1}}, {"type": "Feature", "geometry": {"type": "Point", "coordinates": [94.5, 42.5]}, "properties": {"elevation_m": 1292.9, "risk": 0.1}}, {"type": "Feature", "geometry": {"type": "Point", "coordinates": [90.5, 41.5]}, "properties": {"elevation_m": 1186.5, "risk": 0.1}}, {"type": "Feature", "geometry": {"type": "Point", "coordinates": [94.5, 41.5]}, "properties": {"elevation_m": 1461.1, "risk": 0.1}}, {"type": "Feature", "geometry": {"type": "Point", "coordinates": [94.5, 43.5]}, "properties": {"elevation_m": 1632.8, "risk": 0.1}}, {"type": "Feature", "geometry": {"type": "Point", "coordinates": [92.5, 43.5]}, "properties": {"elevation_m": 1682.5, "risk": 0.1}}, {"type": "Feature", "geometry": {"type": "Point", "coordinates": [98.5, 40.5]}, "properties": {"elevation_m": 1416.2, "risk": 0.1}}, {"type": "Feature", "geometry": {"type": "Point", "coordinates": [99.5, 44.5]}, "properties": {"elevation_m": 1836.5, "risk": 0.1}}, {"type": "Feature", "geometry": {"type": "Point", "coordinates": [96.5, 44.5]}, "properties": {"elevation_m": 1401.8, "risk": 0.1}}, {"type": "Feature", "geometry": {"type": "Point", "coordinates": [99.5, 41.5]}, "properties": {"elevation_m": 1170.0, "risk": 0.1}}, {"type": "Feature", "geometry": {"type": "Point", "coordinates": [98.5, 44.5]}, "properties": {"elevation_m": 1764.2, "risk": 0.1}}, {"type": "Feature", "geometry": {"type": "Point", "coordinates": [98.5, 43.5]}, "properties": {"elevation_m": 1205.7, "risk": 0.1}}, {"type": "Feature", "geometry": {"type": "Point", "coordinates": [97.5, 40.5]}, "properties": {"elevation_m": 1496.1, "risk": 0.1}}, {"type": "Feature", "geometry": {"type": "Point", "coordinates": [97.5, 44.5]}, "properties": {"elevation_m": 1564.8, "risk": 0.1}}, {"type": "Feature", "geometry": {"type": "Point", "coordinates": [99.5, 42.5]}, "properties": {"elevation_m": 1108.4, "risk": 0.1}}, {"type": "Feature", "geometry": {"type": "Point", "coordinates": [99.5, 43.5]}, "properties": {"elevation_m": 1032.1, "risk": 0.1}}, {"type": "Feature", "geometry": {"type": "Point", "coordinates": [95.5, 41.5]}, "properties": {"elevation_m": 1899.4, "risk": 0.1}}, {"type": "Feature", "geometry": {"type": "Point", "coordinates": [96.5, 41.5]}, "properties": {"elevation_m": 2026.6, "risk": 0.1}}, {"type": "Feature", "geometry": {"type": "Point", "coordinates": [96.5, 40.5]}, "properties": {"elevation_m": 1546.5, "risk": 0.1}}, {"type": "Feature", "geometry": {"type": "Point", "coordinates": [97.5, 43.5]}, "properties": {"elevation_m": 1174.9, "risk": 0.1}}, {"type": "Feature", "geometry": {"type": "Point", "coordinates": [98.5, 42.5]}, "properties": {"elevation_m": 1342.6, "risk": 0.1}}, {"type": "Feature", "geometry": {"type": "Point", "coordinates": [95.5, 40.5]}, "properties": {"elevation_m": 1335.6, "risk": 0.1}}, {"type": "Feature", "geometry": {"type": "Point", "coordinates": [95.5, 42.5]}, "properties": {"elevation_m": 1458.5, "risk": 0.1}}, {"type": "Feature", "geometry": {"type": "Point", "coordinates": [96.5, 43.5]}, "properties": {"elevation_m": 1235.1, "risk": 0.1}}, {"type": "Feature", "geometry": {"type": "Point", "coordinates": [97.5, 41.5]}, "properties": {"elevation_m": 1678.6, "risk": 0.1}}, {"type": "Feature", "geometry": {"type": "Point", "coordinates": [95.5, 44.5]}, "properties": {"elevation_m": 1686.5, "risk": 0.1}}, {"type": "Feature", "geometry": {"type": "Point", "coordinates": [97.5, 42.5]}, "properties": {"elevation_m": 1395.9, "risk": 0.1}}, {"type": "Feature", "geometry": {"type": "Point", "coordinates": [95.5, 43.5]}, "properties": {"elevation_m": 767.7, "risk": 0.1}}, {"type": "Feature", "geometry": {"type": "Point", "coordinates": [96.5, 42.5]}, "properties": {"elevation_m": 1575.6, "risk": 0.1}}, {"type": "Feature", "geometry": {"type": "Point", "coordinates": [99.5, 40.5]}, "properties": {"elevation_m": 1303.3, "risk": 0.1}}, {"type": "Feature", "geometry": {"type": "Point", "coordinates": [98.5, 41.5]}, "properties": {"elevation_m": 1373.4, "risk": 0.1}}, {"type": "Feature", "geometry": {"type": "Point", "coordinates": [100.5, 41.5]}, "properties": {"elevation_m": 1009.1, "risk": 0.1}}, {"type": "Feature", "geometry": {"type": "Point", "coordinates": [102.5, 42.5]}, "properties": {"elevation_m": 1232.0, "risk": 0.1}}, {"type": "Feature", "geometry": {"type": "Point", "coordinates": [102.5, 41.5]}, "properties": {"elevation_m": 1060.6, "risk": 0.1}}, {"type": "Feature", "geometry": {"type": "Point", "coordinates": [102.5, 43.5]}, "properties": {"elevation_m": 1630.8, "risk": 0.1}}, {"type": "Feature", "geometry": {"type": "Point", "coordinates": [100.5, 40.5]}, "properties": {"elevation_m": 1160.3, "risk": 0.1}}, {"type": "Feature", "geometry": {"type": "Point", "coordinates": [103.5, 41.5]}, "properties": {"elevation_m": 1076.2, "risk": 0.1}}, {"type": "Feature", "geometry": {"type": "Point", "coordinates": [100.5, 44.5]}, "properties": {"elevation_m": 1705.0, "risk": 0.1}}, {"type": "Feature", "geometry": {"type": "Point", "coordinates": [100.5, 43.5]}, "properties": {"elevation_m": 1542.5, "risk": 0.1}}, {"type": "Feature", "geometry": {"type": "Point", "coordinates": [101.5, 41.5]}, "properties": {"elevation_m": 970.1, "risk": 0.1}}, {"type": "Feature", "geometry": {"type": "Point", "coordinates": [101.5, 44.5]}, "properties": {"elevation_m": 1502.9, "risk": 0.1}}, {"type": "Feature", "geometry": {"type": "Point", "coordinates": [104.5, 41.5]}, "properties": {"elevation_m": 970.0, "risk": 0.1}}, {"type": "Feature", "geometry": {"type": "Point", "coordinates": [104.5, 40.5]}, "properties": {"elevation_m": 1398.1, "risk": 0.1}}, {"type": "Feature", "geometry": {"type": "Point", "coordinates": [103.5, 43.5]}, "properties": {"elevation_m": 1732.4, "risk": 0.1}}, {"type": "Feature", "geometry": {"type": "Point", "coordinates": [101.5, 42.5]}, "properties": {"elevation_m": 1131.5, "risk": 0.1}}, {"type": "Feature", "geometry": {"type": "Point", "coordinates": [100.5, 42.5]}, "properties": {"elevation_m": 1040.7, "risk": 0.1}}, {"type": "Feature", "geometry": {"type": "Point", "coordinates": [103.5, 44.5]}, "properties": {"elevation_m": 1173.9, "risk": 0.1}}, {"type": "Feature", "geometry": {"type": "Point", "coordinates": [102.5, 40.5]}, "properties": {"elevation_m": 1330.6, "risk": 0.1}}, {"type": "Feature", "geometry": {"type": "Point", "coordinates": [103.5, 40.5]}, "properties": {"elevation_m": 1439.0, "risk": 0.1}}, {"type": "Feature", "geometry": {"type": "Point", "coordinates": [104.5, 44.5]}, "properties": {"elevation_m": 1234.4, "risk": 0.1}}, {"type": "Feature", "geometry": {"type": "Point", "coordinates": [104.5, 42.5]}, "properties": {"elevation_m": 1443.6, "risk": 0.1}}, {"type": "Feature", "geometry": {"type": "Point", "coordinates": [102.5, 44.5]}, "properties": {"elevation_m": 1496.3, "risk": 0.1}}, {"type": "Feature", "geometry": {"type": "Point", "coordinates": [101.5, 40.5]}, "properties": {"elevation_m": 1154.4, "risk": 0.1}}, {"type": "Feature", "geometry": {"type": "Point", "coordinates": [104.5, 43.5]}, "properties": {"elevation_m": 1602.4, "risk": 0.1}}, {"type": "Feature", "geometry": {"type": "Point", "coordinates": [103.5, 42.5]}, "properties": {"elevation_m": 1275.7, "risk": 0.1}}, {"type": "Feature", "geometry": {"type": "Point", "coordinates": [101.5, 43.5]}, "properties": {"elevation_m": 1503.5, "risk": 0.1}}, {"type": "Feature", "geometry": {"type": "Point", "coordinates": [106.5, 44.5]}, "properties": {"elevation_m": 1229.0, "risk": 0.1}}, {"type": "Feature", "geometry": {"type": "Point", "coordinates": [105.5, 41.5]}, "properties": {"elevation_m": 1029.1, "risk": 0.1}}, {"type": "Feature", "geometry": {"type": "Point", "coordinates": [106.5, 41.5]}, "properties": {"elevation_m": 1431.8, "risk": 0.1}}, {"type": "Feature", "geometry": {"type": "Point", "coordinates": [107.5, 44.5]}, "properties": {"elevation_m": 1133.7, "risk": 0.1}}, {"type": "Feature", "geometry": {"type": "Point", "coordinates": [107.5, 43.5]}, "properties": {"elevation_m": 1034.2, "risk": 0.1}}, {"type": "Feature", "geometry": {"type": "Point", "coordinates": [109.5, 40.5]}, "properties": {"elevation_m": 1223.5, "risk": 0.1}}, {"type": "Feature", "geometry": {"type": "Point", "coordinates": [105.5, 43.5]}, "properties": {"elevation_m": 1524.2, "risk": 0.1}}, {"type": "Feature", "geometry": {"type": "Point", "coordinates": [108.5, 43.5]}, "properties": {"elevation_m": 936.4, "risk": 0.1}}, {"type": "Feature", "geometry": {"type": "Point", "coordinates": [108.5, 41.5]}, "properties": {"elevation_m": 1303.5, "risk": 0.1}}, {"type": "Feature", "geometry": {"type": "Point", "coordinates": [106.5, 40.5]}, "properties": {"elevation_m": 1194.6, "risk": 0.1}}, {"type": "Feature", "geometry": {"type": "Point", "coordinates": [107.5, 40.5]}, "properties": {"elevation_m": 1119.0, "risk": 0.1}}, {"type": "Feature", "geometry": {"type": "Point", "coordinates": [108.5, 44.5]}, "properties": {"elevation_m": 1099.4, "risk": 0.1}}, {"type": "Feature", "geometry": {"type": "Point", "coordinates": [109.5, 41.5]}, "properties": {"elevation_m": 1542.5, "risk": 0.1}}, {"type": "Feature", "geometry": {"type": "Point", "coordinates": [109.5, 44.5]}, "properties": {"elevation_m": 936.5, "risk": 0.1}}, {"type": "Feature", "geometry": {"type": "Point", "coordinates": [107.5, 42.5]}, "properties": {"elevation_m": 1083.0, "risk": 0.1}}, {"type": "Feature", "geometry": {"type": "Point", "coordinates": [109.5, 42.5]}, "properties": {"elevation_m": 1194.4, "risk": 0.1}}, {"type": "Feature", "geometry": {"type": "Point", "coordinates": [106.5, 42.5]}, "properties": {"elevation_m": 1004.2, "risk": 0.1}}, {"type": "Feature", "geometry": {"type": "Point", "coordinates": [105.5, 44.5]}, "properties": {"elevation_m": 1287.2, "risk": 0.1}}, {"type": "Feature", "geometry": {"type": "Point", "coordinates": [106.5, 43.5]}, "properties": {"elevation_m": 1352.8, "risk": 0.1}}, {"type": "Feature", "geometry": {"type": "Point", "coordinates": [105.5, 40.5]}, "properties": {"elevation_m": 1357.2, "risk": 0.1}}, {"type": "Feature", "geometry": {"type": "Point", "coordinates": [108.5, 40.5]}, "properties": {"elevation_m": 1154.2, "risk": 0.1}}, {"type": "Feature", "geometry": {"type": "Point", "coordinates": [108.5, 42.5]}, "properties": {"elevation_m": 1163.2, "risk": 0.1}}, {"type": "Feature", "geometry": {"type": "Point", "coordinates": [109.5, 43.5]}, "properties": {"elevation_m": 1017.7, "risk": 0.1}}, {"type": "Feature", "geometry": {"type": "Point", "coordinates": [107.5, 41.5]}, "properties": {"elevation_m": 1381.6, "risk": 0.1}}, {"type": "Feature", "geometry": {"type": "Point", "coordinates": [105.5, 42.5]}, "properties": {"elevation_m": 1262.4, "risk": 0.1}}, {"type": "Feature", "geometry": {"type": "Point", "coordinates": [110.5, 42.5]}, "properties": {"elevation_m": 1125.8, "risk": 0.1}}, {"type": "Feature", "geometry": {"type": "Point", "coordinates": [114.5, 40.5]}, "properties": {"elevation_m": 1119.7, "risk": 0.1}}, {"type": "Feature", "geometry": {"type": "Point", "coordinates": [112.5, 40.5]}, "properties": {"elevation_m": 1474.1, "risk": 0.1}}, {"type": "Feature", "geometry": {"type": "Point", "coordinates": [111.5, 43.5]}, "properties": {"elevation_m": 1035.7, "risk": 0.1}}, {"type": "Feature", "geometry": {"type": "Point", "coordinates": [114.5, 41.5]}, "properties": {"elevation_m": 1420.2, "risk": 0.1}}, {"type": "Feature", "geometry": {"type": "Point", "coordinates": [113.5, 40.5]}, "properties": {"elevation_m": 1340.5, "risk": 0.1}}, {"type": "Feature", "geometry": {"type": "Point", "coordinates": [114.5, 43.5]}, "properties": {"elevation_m": 1093.0, "risk": 0.1}}, {"type": "Feature", "geometry": {"type": "Point", "coordinates": [114.5, 42.5]}, "properties": {"elevation_m": 1249.3, "risk": 0.1}}, {"type": "Feature", "geometry": {"type": "Point", "coordinates": [111.5, 42.5]}, "properties": {"elevation_m": 1170.2, "risk": 0.1}}, {"type": "Feature", "geometry": {"type": "Point", "coordinates": [113.5, 43.5]}, "properties": {"elevation_m": 1036.5, "risk": 0.1}}, {"type": "Feature", "geometry": {"type": "Point", "coordinates": [112.5, 44.5]}, "properties": {"elevation_m": 1142.0, "risk": 0.1}}, {"type": "Feature", "geometry": {"type": "Point", "coordinates": [110.5, 44.5]}, "properties": {"elevation_m": 932.0, "risk": 0.1}}, {"type": "Feature", "geometry": {"type": "Point", "coordinates": [114.5, 44.5]}, "properties": {"elevation_m": 1203.0, "risk": 0.1}}, {"type": "Feature", "geometry": {"type": "Point", "coordinates": [113.5, 42.5]}, "properties": {"elevation_m": 1195.9, "risk": 0.1}}, {"type": "Feature", "geometry": {"type": "Point", "coordinates": [113.5, 44.5]}, "properties": {"elevation_m": 1174.1, "risk": 0.1}}, {"type": "Feature", "geometry": {"type": "Point", "coordinates": [110.5, 41.5]}, "properties": {"elevation_m": 1560.7, "risk": 0.1}}, {"type": "Feature", "geometry": {"type": "Point", "coordinates": [113.5, 41.5]}, "properties": {"elevation_m": 1467.3, "risk": 0.1}}, {"type": "Feature", "geometry": {"type": "Point", "coordinates": [111.5, 40.5]}, "properties": {"elevation_m": 1189.3, "risk": 0.1}}, {"type": "Feature", "geometry": {"type": "Point", "coordinates": [112.5, 42.5]}, "properties": {"elevation_m": 1207.1, "risk": 0.1}}, {"type": "Feature", "geometry": {"type": "Point", "coordinates": [111.5, 41.5]}, "properties": {"elevation_m": 1583.4, "risk": 0.1}}, {"type": "Feature", "geometry": {"type": "Point", "coordinates": [111.5, 44.5]}, "properties": {"elevation_m": 1049.7, "risk": 0.1}}, {"type": "Feature", "geometry": {"type": "Point", "coordinates": [112.5, 41.5]}, "properties": {"elevation_m": 1640.0, "risk": 0.1}}, {"type": "Feature", "geometry": {"type": "Point", "coordinates": [110.5, 40.5]}, "properties": {"elevation_m": 1267.1, "risk": 0.1}}, {"type": "Feature", "geometry": {"type": "Point", "coordinates": [110.5, 43.5]}, "properties": {"elevation_m": 1067.3, "risk": 0.1}}, {"type": "Feature", "geometry": {"type": "Point", "coordinates": [112.5, 43.5]}, "properties": {"elevation_m": 1015.6, "risk": 0.1}}, {"type": "Feature", "geometry": {"type": "Point", "coordinates": [115.5, 40.5]}, "properties": {"elevation_m": 1026.6, "risk": 0.1}}, {"type": "Feature", "geometry": {"type": "Point", "coordinates": [116.5, 44.5]}, "properties": {"elevation_m": 1032.8, "risk": 0.1}}, {"type": "Feature", "geometry": {"type": "Point", "coordinates": [119.5, 40.5]}, "properties": {"elevation_m": 402.6, "risk": 0.1}}, {"type": "Feature", "geometry": {"type": "Point", "coordinates": [116.5, 41.5]}, "properties": {"elevation_m": 1259.3, "risk": 0.1}}, {"type": "Feature", "geometry": {"type": "Point", "coordinates": [115.5, 44.5]}, "properties": {"elevation_m": 1104.7, "risk": 0.1}}, {"type": "Feature", "geometry": {"type": "Point", "coordinates": [117.5, 44.5]}, "properties": {"elevation_m": 1101.6, "risk": 0.1}}, {"type": "Feature", "geometry": {"type": "Point", "coordinates": [119.5, 43.5]}, "properties": {"elevation_m": 538.9, "risk": 0.1}}, {"type": "Feature", "geometry": {"type": "Point", "coordinates": [115.5, 43.5]}, "properties": {"elevation_m": 1179.4, "risk": 0.1}}, {"type": "Feature", "geometry": {"type": "Point", "coordinates": [118.5, 44.5]}, "properties": {"elevation_m": 1147.5, "risk": 0.1}}, {"type": "Feature", "geometry": {"type": "Point", "coordinates": [115.5, 42.5]}, "properties": {"elevation_m": 1326.6, "risk": 0.1}}, {"type": "Feature", "geometry": {"type": "Point", "coordinates": [115.5, 41.5]}, "properties": {"elevation_m": 1469.5, "risk": 0.1}}, {"type": "Feature", "geometry": {"type": "Point", "coordinates": [116.5, 40.5]}, "properties": {"elevation_m": 475.8, "risk": 0.1}}, {"type": "Feature", "geometry": {"type": "Point", "coordinates": [118.5, 42.5]}, "properties": {"elevation_m": 996.3, "risk": 0.1}}, {"type": "Feature", "geometry": {"type": "Point", "coordinates": [116.5, 42.5]}, "properties": {"elevation_m": 1353.7, "risk": 0.1}}, {"type": "Feature", "geometry": {"type": "Point", "coordinates": [119.5, 44.5]}, "properties": {"elevation_m": 814.3, "risk": 0.1}}, {"type": "Feature", "geometry": {"type": "Point", "coordinates": [118.5, 40.5]}, "properties": {"elevation_m": 422.8, "risk": 0.1}}, {"type": "Feature", "geometry": {"type": "Point", "coordinates": [117.5, 42.5]}, "properties": {"elevation_m": 1456.0, "risk": 0.1}}, {"type": "Feature", "geometry": {"type": "Point", "coordinates": [117.5, 41.5]}, "properties": {"elevation_m": 916.5, "risk": 0.1}}, {"type": "Feature", "geometry": {"type": "Point", "coordinates": [119.5, 42.5]}, "properties": {"elevation_m": 600.9, "risk": 0.1}}, {"type": "Feature", "geometry": {"type": "Point", "coordinates": [118.5, 41.5]}, "properties": {"elevation_m": 953.2, "risk": 0.1}}, {"type": "Feature", "geometry": {"type": "Point", "coordinates": [117.5, 43.5]}, "properties": {"elevation_m": 1306.7, "risk": 0.1}}, {"type": "Feature", "geometry": {"type": "Point", "coordinates": [116.5, 43.5]}, "properties": {"elevation_m": 1263.7, "risk": 0.1}}, {"type": "Feature", "geometry": {"type": "Point", "coordinates": [118.5, 43.5]}, "properties": {"elevation_m": 837.3, "risk": 0.1}}, {"type": "Feature", "geometry": {"type": "Point", "coordinates": [119.5, 41.5]}, "properties": {"elevation_m": 588.5, "risk": 0.1}}, {"type": "Feature", "geometry": {"type": "Point", "coordinates": [117.5, 40.5]}, "properties": {"elevation_m": 479.4, "risk": 0.1}}, {"type": "Feature", "geometry": {"type": "Point", "coordinates": [121.5, 42.5]}, "properties": {"elevation_m": 320.8, "risk": 0.1}}, {"type": "Feature", "geometry": {"type": "Point", "coordinates": [123.5, 44.5]}, "properties": {"elevation_m": 153.8, "risk": 0.1}}, {"type": "Feature", "geometry": {"type": "Point", "coordinates": [122.5, 43.5]}, "properties": {"elevation_m": 188.2, "risk": 0.1}}, {"type": "Feature", "geometry": {"type": "Point", "coordinates": [123.5, 40.5]}, "properties": {"elevation_m": 277.0, "risk": 0.1}}, {"type": "Feature", "geometry": {"type": "Point", "coordinates": [122.5, 42.5]}, "properties": {"elevation_m": 143.1, "risk": 0.1}}, {"type": "Feature", "geometry": {"type": "Point", "coordinates": [124.5, 42.5]}, "properties": {"elevation_m": 284.7, "risk": 0.1}}, {"type": "Feature", "geometry": {"type": "Point", "coordinates": [124.5, 40.5]}, "properties": {"elevation_m": 237.9, "risk": 0.1}}, {"type": "Feature", "geometry": {"type": "Point", "coordinates": [124.5, 43.5]}, "properties": {"elevation_m": 195.2, "risk": 0.1}}, {"type": "Feature", "geometry": {"type": "Point", "coordinates": [121.5, 43.5]}, "properties": {"elevation_m": 239.2, "risk": 0.1}}, {"type": "Feature", "geometry": {"type": "Point", "coordinates": [122.5, 44.5]}, "properties": {"elevation_m": 164.9, "risk": 0.1}}, {"type": "Feature", "geometry": {"type": "Point", "coordinates": [123.5, 43.5]}, "properties": {"elevation_m": 139.9, "risk": 0.1}}, {"type": "Feature", "geometry": {"type": "Point", "coordinates": [120.5, 42.5]}, "properties": {"elevation_m": 470.8, "risk": 0.1}}, {"type": "Feature", "geometry": {"type": "Point", "coordinates": [122.5, 41.5]}, "properties": {"elevation_m": 19.1, "risk": 0.1}}, {"type": "Feature", "geometry": {"type": "Point", "coordinates": [121.5, 41.5]}, "properties": {"elevation_m": 124.6, "risk": 0.1}}, {"type": "Feature", "geometry": {"type": "Point", "coordinates": [124.5, 41.5]}, "properties": {"elevation_m": 471.7, "risk": 0.1}}, {"type": "Feature", "geometry": {"type": "Point", "coordinates": [120.5, 41.5]}, "properties": {"elevation_m": 328.3, "risk": 0.1}}, {"type": "Feature", "geometry": {"type": "Point", "coordinates": [120.5, 44.5]}, "properties": {"elevation_m": 482.3, "risk": 0.1}}, {"type": "Feature", "geometry": {"type": "Point", "coordinates": [120.5, 43.5]}, "properties": {"elevation_m": 334.0, "risk": 0.1}}, {"type": "Feature", "geometry": {"type": "Point", "coordinates": [123.5, 42.5]}, "properties": {"elevation_m": 97.3, "risk": 0.1}}, {"type": "Feature", "geometry": {"type": "Point", "coordinates": [124.5, 44.5]}, "properties": {"elevation_m": 192.8, "risk": 0.1}}, {"type": "Feature", "geometry": {"type": "Point", "coordinates": [120.5, 40.5]}, "properties": {"elevation_m": 89.4, "risk": 0.1}}, {"type": "Feature", "geometry": {"type": "Point", "coordinates": [121.5, 44.5]}, "properties": {"elevation_m": 222.4, "risk": 0.1}}, {"type": "Feature", "geometry": {"type": "Point", "coordinates": [122.5, 40.5]}, "properties": {"elevation_m": 141.3, "risk": 0.1}}, {"type": "Feature", "geometry": {"type": "Point", "coordinates": [123.5, 41.5]}, "properties": {"elevation_m": 148.3, "risk": 0.1}}, {"type": "Feature", "geometry": {"type": "Point", "coordinates": [121.5, 40.5]}, "properties": {"elevation_m": 1.6, "risk": 1.0}}, {"type": "Feature", "geometry": {"type": "Point", "coordinates": [125.5, 43.5]}, "properties": {"elevation_m": 275.0, "risk": 0.1}}, {"type": "Feature", "geometry": {"type": "Point", "coordinates": [127.5, 40.5]}, "properties": {"elevation_m": 1207.0, "risk": 0.1}}, {"type": "Feature", "geometry": {"type": "Point", "coordinates": [125.5, 41.5]}, "properties": {"elevation_m": 533.9, "risk": 0.1}}, {"type": "Feature", "geometry": {"type": "Point", "coordinates": [126.5, 41.5]}, "properties": {"elevation_m": 704.2, "risk": 0.1}}, {"type": "Feature", "geometry": {"type": "Point", "coordinates": [127.5, 44.5]}, "properties": {"elevation_m": 354.3, "risk": 0.1}}, {"type": "Feature", "geometry": {"type": "Point", "coordinates": [128.5, 41.5]}, "properties": {"elevation_m": 1349.4, "risk": 0.1}}, {"type": "Feature", "geometry": {"type": "Point", "coordinates": [128.5, 40.5]}, "properties": {"elevation_m": 632.0, "risk": 0.1}}, {"type": "Feature", "geometry": {"type": "Point", "coordinates": [128.5, 42.5]}, "properties": {"elevation_m": 884.1, "risk": 0.1}}, {"type": "Feature", "geometry": {"type": "Point", "coordinates": [129.5, 42.5]}, "properties": {"elevation_m": 559.9, "risk": 0.1}}, {"type": "Feature", "geometry": {"type": "Point", "coordinates": [128.5, 43.5]}, "properties": {"elevation_m": 578.7, "risk": 0.1}}, {"type": "Feature", "geometry": {"type": "Point", "coordinates": [126.5, 44.5]}, "properties": {"elevation_m": 214.2, "risk": 0.1}}, {"type": "Feature", "geometry": {"type": "Point", "coordinates": [129.5, 41.5]}, "properties": {"elevation_m": 608.5, "risk": 0.1}}, {"type": "Feature", "geometry": {"type": "Point", "coordinates": [129.5, 43.5]}, "properties": {"elevation_m": 563.6, "risk": 0.1}}, {"type": "Feature", "geometry": {"type": "Point", "coordinates": [125.5, 40.5]}, "properties": {"elevation_m": 403.5, "risk": 0.1}}, {"type": "Feature", "geometry": {"type": "Point", "coordinates": [126.5, 42.5]}, "properties": {"elevation_m": 550.4, "risk": 0.1}}, {"type": "Feature", "geometry": {"type": "Point", "coordinates": [127.5, 42.5]}, "properties": {"elevation_m": 709.7, "risk": 0.1}}, {"type": "Feature", "geometry": {"type": "Point", "coordinates": [125.5, 42.5]}, "properties": {"elevation_m": 414.2, "risk": 0.1}}, {"type": "Feature", "geometry": {"type": "Point", "coordinates": [126.5, 43.5]}, "properties": {"elevation_m": 372.1, "risk": 0.1}}, {"type": "Feature", "geometry": {"type": "Point", "coordinates": [126.5, 40.5]}, "properties": {"elevation_m": 828.5, "risk": 0.1}}, {"type": "Feature", "geometry": {"type": "Point", "coordinates": [128.5, 44.5]}, "properties": {"elevation_m": 681.1, "risk": 0.1}}, {"type": "Feature", "geometry": {"type": "Point", "coordinates": [127.5, 43.5]}, "properties": {"elevation_m": 549.3, "risk": 0.1}}, {"type": "Feature", "geometry": {"type": "Point", "coordinates": [125.5, 44.5]}, "properties": {"elevation_m": 189.3, "risk": 0.1}}, {"type": "Feature", "geometry": {"type": "Point", "coordinates": [127.5, 41.5]}, "properties": {"elevation_m": 1080.8, "risk": 0.1}}, {"type": "Feature", "geometry": {"type": "Point", "coordinates": [129.5, 44.5]}, "properties": {"elevation_m": 452.9, "risk": 0.1}}, {"type": "Feature", "geometry": {"type": "Point", "coordinates": [129.5, 40.5]}, "properties": {"elevation_m": 70.6, "risk": 0.1}}, {"type": "Feature", "geometry": {"type": "Point", "coordinates": [134.5, 44.5]}, "properties": {"elevation_m": 527.4, "risk": 0.1}}, {"type": "Feature", "geometry": {"type": "Point", "coordinates": [134.5, 42.5]}, "properties": {"elevation_m": 1.0, "risk": 1.0}}, {"type": "Feature", "geometry": {"type": "Point", "coordinates": [131.5, 44.5]}, "properties": {"elevation_m": 302.9, "risk": 0.1}}, {"type": "Feature", "geometry": {"type": "Point", "coordinates": [132.5, 44.5]}, "properties": {"elevation_m": 118.6, "risk": 0.1}}, {"type": "Feature", "geometry": {"type": "Point", "coordinates": [132.5, 43.5]}, "properties": {"elevation_m": 286.5, "risk": 0.1}}, {"type": "Feature", "geometry": {"type": "Point", "coordinates": [130.5, 41.5]}, "properties": {"elevation_m": 0.0, "risk": 1.0}}, {"type": "Feature", "geometry": {"type": "Point", "coordinates": [131.5, 42.5]}, "properties": {"elevation_m": 19.2, "risk": 0.1}}, {"type": "Feature", "geometry": {"type": "Point", "coordinates": [130.5, 43.5]}, "properties": {"elevation_m": 631.0, "risk": 0.1}}, {"type": "Feature", "geometry": {"type": "Point", "coordinates": [131.5, 43.5]}, "properties": {"elevation_m": 242.7, "risk": 0.1}}, {"type": "Feature", "geometry": {"type": "Point", "coordinates": [133.5, 42.5]}, "properties": {"elevation_m": 44.2, "risk": 0.1}}, {"type": "Feature", "geometry": {"type": "Point", "coordinates": [132.5, 42.5]}, "properties": {"elevation_m": 12.6, "risk": 0.1}}, {"type": "Feature", "geometry": {"type": "Point", "coordinates": [133.5, 44.5]}, "properties": {"elevation_m": 262.1, "risk": 0.1}}, {"type": "Feature", "geometry": {"type": "Point", "coordinates": [134.5, 43.5]}, "properties": {"elevation_m": 416.7, "risk": 0.1}}, {"type": "Feature", "geometry": {"type": "Point", "coordinates": [130.5, 44.5]}, "properties": {"elevation_m": 541.6, "risk": 0.1}}, {"type": "Feature", "geometry": {"type": "Point", "coordinates": [133.5, 43.5]}, "properties": {"elevation_m": 560.2, "risk": 0.1}}, {"type": "Feature", "geometry": {"type": "Point", "coordinates": [130.5, 42.5]}, "properties": {"elevation_m": 128.2, "risk": 0.1}}, {"type": "Feature", "geometry": {"type": "Point", "coordinates": [141.5, 42.5]}, "properties": {"elevation_m": 128.1, "risk": 0.1}}, {"type": "Feature", "geometry": {"type": "Point", "coordinates": [143.5, 43.5]}, "properties": {"elevation_m": 474.5, "risk": 0.1}}, {"type": "Feature", "geometry": {"type": "Point", "coordinates": [141.5, 44.5]}, "properties": {"elevation_m": 38.5, "risk": 0.1}}, {"type": "Feature", "geometry": {"type": "Point", "coordinates": [140.5, 40.5]}, "properties": {"elevation_m": 280.5, "risk": 0.1}}, {"type": "Feature", "geometry": {"type": "Point", "coordinates": [142.5, 44.5]}, "properties": {"elevation_m": 285.5, "risk": 0.1}}, {"type": "Feature", "geometry": {"type": "Point", "coordinates": [142.5, 43.5]}, "properties": {"elevation_m": 535.1, "risk": 0.1}}, {"type": "Feature", "geometry": {"type": "Point", "coordinates": [140.5, 42.5]}, "properties": {"elevation_m": 188.3, "risk": 0.1}}, {"type": "Feature", "geometry": {"type": "Point", "coordinates": [140.5, 41.5]}, "properties": {"elevation_m": 113.3, "risk": 0.1}}, {"type": "Feature", "geometry": {"type": "Point", "coordinates": [141.5, 43.5]}, "properties": {"elevation_m": 132.6, "risk": 0.1}}, {"type": "Feature", "geometry": {"type": "Point", "coordinates": [144.5, 44.5]}, "properties": {"elevation_m": 2.4, "risk": 1.0}}, {"type": "Feature", "geometry": {"type": "Point", "coordinates": [142.5, 42.5]}, "properties": {"elevation_m": 336.0, "risk": 0.1}}, {"type": "Feature", "geometry": {"type": "Point", "coordinates": [144.5, 43.5]}, "properties": {"elevation_m": 192.6, "risk": 0.1}}, {"type": "Feature", "geometry": {"type": "Point", "coordinates": [143.5, 41.5]}, "properties": {"elevation_m": 0.3, "risk": 1.0}}, {"type": "Feature", "geometry": {"type": "Point", "coordinates": [140.5, 43.5]}, "properties": {"elevation_m": 52.6, "risk": 0.1}}, {"type": "Feature", "geometry": {"type": "Point", "coordinates": [143.5, 42.5]}, "properties": {"elevation_m": 105.8, "risk": 0.1}}, {"type": "Feature", "geometry": {"type": "Point", "coordinates": [141.5, 40.5]}, "properties": {"elevation_m": 158.0, "risk": 0.1}}, {"type": "Feature", "geometry": {"type": "Point", "coordinates": [141.5, 41.5]}, "properties": {"elevation_m": 22.1, "risk": 0.1}}, {"type": "Feature", "geometry": {"type": "Point", "coordinates": [143.5, 44.5]}, "properties": {"elevation_m": 56.8, "risk": 0.1}}, {"type": "Feature", "geometry": {"type": "Point", "coordinates": [144.5, 42.5]}, "properties": {"elevation_m": 1.9, "risk": 1.0}}, {"type": "Feature", "geometry": {"type": "Point", "coordinates": [71.5, 46.5]}, "properties": {"elevation_m": 485.2, "risk": 0.1}}, {"type": "Feature", "geometry": {"type": "Point", "coordinates": [72.5, 49.5]}, "properties": {"elevation_m": 539.3, "risk": 0.1}}, {"type": "Feature", "geometry": {"type": "Point", "coordinates": [70.5, 49.5]}, "properties": {"elevation_m": 436.6, "risk": 0.1}}, {"type": "Feature", "geometry": {"type": "Point", "coordinates": [71.5, 45.5]}, "properties": {"elevation_m": 384.2, "risk": 0.1}}, {"type": "Feature", "geometry": {"type": "Point", "coordinates": [70.5, 48.5]}, "properties": {"elevation_m": 440.8, "risk": 0.1}}, {"type": "Feature", "geometry": {"type": "Point", "coordinates": [73.5, 46.5]}, "properties": {"elevation_m": 431.4, "risk": 0.1}}, {"type": "Feature", "geometry": {"type": "Point", "coordinates": [71.5, 47.5]}, "properties": {"elevation_m": 609.7, "risk": 0.1}}, {"type": "Feature", "geometry": {"type": "Point", "coordinates": [70.5, 45.5]}, "properties": {"elevation_m": 313.2, "risk": 0.1}}, {"type": "Feature", "geometry": {"type": "Point", "coordinates": [71.5, 48.5]}, "properties": {"elevation_m": 531.8, "risk": 0.1}}, {"type": "Feature", "geometry": {"type": "Point", "coordinates": [74.5, 48.5]}, "properties": {"elevation_m": 889.8, "risk": 0.1}}, {"type": "Feature", "geometry": {"type": "Point", "coordinates": [71.5, 49.5]}, "properties": {"elevation_m": 471.2, "risk": 0.1}}, {"type": "Feature", "geometry": {"type": "Point", "coordinates": [72.5, 47.5]}, "properties": {"elevation_m": 748.0, "risk": 0.1}}, {"type": "Feature", "geometry": {"type": "Point", "coordinates": [72.5, 48.5]}, "properties": {"elevation_m": 667.8, "risk": 0.1}}, {"type": "Feature", "geometry": {"type": "Point", "coordinates": [70.5, 47.5]}, "properties": {"elevation_m": 466.8, "risk": 0.1}}, {"type": "Feature", "geometry": {"type": "Point", "coordinates": [74.5, 45.5]}, "properties": {"elevation_m": 345.1, "risk": 0.1}}, {"type": "Feature", "geometry": {"type": "Point", "coordinates": [72.5, 45.5]}, "properties": {"elevation_m": 462.6, "risk": 0.1}}, {"type": "Feature", "geometry": {"type": "Point", "coordinates": [74.5, 46.5]}, "properties": {"elevation_m": 357.7, "risk": 0.1}}, {"type": "Feature", "geometry": {"type": "Point", "coordinates": [72.5, 46.5]}, "properties": {"elevation_m": 536.3, "risk": 0.1}}, {"type": "Feature", "geometry": {"type": "Point", "coordinates": [70.5, 46.5]}, "properties": {"elevation_m": 429.4, "risk": 0.1}}, {"type": "Feature", "geometry": {"type": "Point", "coordinates": [73.5, 49.5]}, "properties": {"elevation_m": 653.4, "risk": 0.1}}, {"type": "Feature", "geometry": {"type": "Point", "coordinates": [74.5, 47.5]}, "properties": {"elevation_m": 595.8, "risk": 0.1}}, {"type": "Feature", "geometry": {"type": "Point", "coordinates": [74.5, 49.5]}, "properties": {"elevation_m": 727.6, "risk": 0.1}}, {"type": "Feature", "geometry": {"type": "Point", "coordinates": [73.5, 48.5]}, "properties": {"elevation_m": 771.1, "risk": 0.1}}, {"type": "Feature", "geometry": {"type": "Point", "coordinates": [73.5, 47.5]}, "properties": {"elevation_m": 669.1, "risk": 0.1}}, {"type": "Feature", "geometry": {"type": "Point", "coordinates": [73.5, 45.5]}, "properties": {"elevation_m": 410.3, "risk": 0.1}}, {"type": "Feature", "geometry": {"type": "Point", "coordinates": [76.5, 49.5]}, "properties": {"elevation_m": 826.5, "risk": 0.1}}, {"type": "Feature", "geometry": {"type": "Point", "coordinates": [79.5, 49.5]}, "properties": {"elevation_m": 455.4, "risk": 0.1}}, {"type": "Feature", "geometry": {"type": "Point", "coordinates": [77.5, 49.5]}, "properties": {"elevation_m": 725.6, "risk": 0.1}}, {"type": "Feature", "geometry": {"type": "Point", "coordinates": [77.5, 48.5]}, "properties": {"elevation_m": 810.4, "risk": 0.1}}, {"type": "Feature", "geometry": {"type": "Point", "coordinates": [78.5, 47.5]}, "properties": {"elevation_m": 617.3, "risk": 0.1}}, {"type": "Feature", "geometry": {"type": "Point", "coordinates": [77.5, 46.5]}, "properties": {"elevation_m": 383.3, "risk": 0.1}}, {"type": "Feature", "geometry": {"type": "Point", "coordinates": [75.5, 46.5]}, "properties": {"elevation_m": 348.5, "risk": 0.1}}, {"type": "Feature", "geometry": {"type": "Point", "coordinates": [76.5, 45.5]}, "properties": {"elevation_m": 372.8, "risk": 0.1}}, {"type": "Feature", "geometry": {"type": "Point", "coordinates": [76.5, 48.5]}, "properties": {"elevation_m": 830.1, "risk": 0.1}}, {"type": "Feature", "geometry": {"type": "Point", "coordinates": [76.5, 47.5]}, "properties": {"elevation_m": 572.5, "risk": 0.1}}, {"type": "Feature", "geometry": {"type": "Point", "coordinates": [79.5, 47.5]}, "properties": {"elevation_m": 517.5, "risk": 0.1}}, {"type": "Feature", "geometry": {"type": "Point", "coordinates": [75.5, 47.5]}, "properties": {"elevation_m": 554.2, "risk": 0.1}}, {"type": "Feature", "geometry": {"type": "Point", "coordinates": [75.5, 45.5]}, "properties": {"elevation_m": 361.5, "risk": 0.1}}, {"type": "Feature", "geometry": {"type": "Point", "coordinates": [79.5, 45.5]}, "properties": {"elevation_m": 994.8, "risk": 0.1}}, {"type": "Feature", "geometry": {"type": "Point", "coordinates": [79.5, 48.5]}, "properties": {"elevation_m": 806.7, "risk": 0.1}}, {"type": "Feature", "geometry": {"type": "Point", "coordinates": [78.5, 48.5]}, "properties": {"elevation_m": 804.1, "risk": 0.1}}, {"type": "Feature", "geometry": {"type": "Point", "coordinates": [78.5, 49.5]}, "properties": {"elevation_m": 548.1, "risk": 0.1}}, {"type": "Feature", "geometry": {"type": "Point", "coordinates": [78.5, 46.5]}, "properties": {"elevation_m": 387.4, "risk": 0.1}}, {"type": "Feature", "geometry": {"type": "Point", "coordinates": [75.5, 49.5]}, "properties": {"elevation_m": 779.1, "risk": 0.1}}, {"type": "Feature", "geometry": {"type": "Point", "coordinates": [78.5, 45.5]}, "properties": {"elevation_m": 555.9, "risk": 0.1}}, {"type": "Feature", "geometry": {"type": "Point", "coordinates": [79.5, 46.5]}, "properties": {"elevation_m": 436.6, "risk": 0.1}}, {"type": "Feature", "geometry": {"type": "Point", "coordinates": [77.5, 47.5]}, "properties": {"elevation_m": 659.3, "risk": 0.1}}, {"type": "Feature", "geometry": {"type": "Point", "coordinates": [76.5, 46.5]}, "properties": {"elevation_m": 369.7, "risk": 0.1}}, {"type": "Feature", "geometry": {"type": "Point", "coordinates": [75.5, 48.5]}, "properties": {"elevation_m": 891.5, "risk": 0.1}}, {"type": "Feature", "geometry": {"type": "Point", "coordinates": [77.5, 45.5]}, "properties": {"elevation_m": 407.5, "risk": 0.1}}, {"type": "Feature", "geometry": {"type": "Point", "coordinates": [80.5, 49.5]}, "properties": {"elevation_m": 446.8, "risk": 0.1}}, {"type": "Feature", "geometry": {"type": "Point", "coordinates": [83.5, 47.5]}, "properties": {"elevation_m": 1020.0, "risk": 0.1}}, {"type": "Feature", "geometry": {"type": "Point", "coordinates": [84.5, 48.5]}, "properties": {"elevation_m": 856.7, "risk": 0.1}}, {"type": "Feature", "geometry": {"type": "Point", "coordinates": [81.5, 49.5]}, "properties": {"elevation_m": 478.3, "risk": 0.1}}, {"type": "Feature", "geometry": {"type": "Point", "coordinates": [81.5, 47.5]}, "properties": {"elevation_m": 1079.7, "risk": 0.1}}, {"type": "Feature", "geometry": {"type": "Point", "coordinates": [84.5, 46.5]}, "properties": {"elevation_m": 1352.1, "risk": 0.1}}, {"type": "Feature", "geometry": {"type": "Point", "coordinates": [80.5, 47.5]}, "properties": {"elevation_m": 646.2, "risk": 0.1}}, {"type": "Feature", "geometry": {"type": "Point", "coordinates": [84.5, 49.5]}, "properties": {"elevation_m": 819.1, "risk": 0.1}}, {"type": "Feature", "geometry": {"type": "Point", "coordinates": [81.5, 45.5]}, "properties": {"elevation_m": 1746.9, "risk": 0.1}}, {"type": "Feature", "geometry": {"type": "Point", "coordinates": [83.5, 46.5]}, "properties": {"elevation_m": 803.9, "risk": 0.1}}, {"type": "Feature", "geometry": {"type": "Point", "coordinates": [81.5, 46.5]}, "properties": {"elevation_m": 384.9, "risk": 0.1}}, {"type": "Feature", "geometry": {"type": "Point", "coordinates": [82.5, 46.5]}, "properties": {"elevation_m": 609.5, "risk": 0.1}}, {"type": "Feature", "geometry": {"type": "Point", "coordinates": [82.5, 48.5]}, "properties": {"elevation_m": 555.8, "risk": 0.1}}, {"type": "Feature", "geometry": {"type": "Point", "coordinates": [82.5, 45.5]}, "properties": {"elevation_m": 1100.3, "risk": 0.1}}, {"type": "Feature", "geometry": {"type": "Point", "coordinates": [82.5, 47.5]}, "properties": {"elevation_m": 1142.1, "risk": 0.1}}, {"type": "Feature", "geometry": {"type": "Point", "coordinates": [82.5, 49.5]}, "properties": {"elevation_m": 753.2, "risk": 0.1}}, {"type": "Feature", "geometry": {"type": "Point", "coordinates": [81.5, 48.5]}, "properties": {"elevation_m": 797.6, "risk": 0.1}}, {"type": "Feature", "geometry": {"type": "Point", "coordinates": [80.5, 48.5]}, "properties": {"elevation_m": 737.0, "risk": 0.1}}, {"type": "Feature", "geometry": {"type": "Point", "coordinates": [83.5, 48.5]}, "properties": {"elevation_m": 465.2, "risk": 0.1}}, {"type": "Feature", "geometry": {"type": "Point", "coordinates": [84.5, 45.5]}, "properties": {"elevation_m": 767.5, "risk": 0.1}}, {"type": "Feature", "geometry": {"type": "Point", "coordinates": [80.5, 45.5]}, "properties": {"elevation_m": 1610.0, "risk": 0.1}}, {"type": "Feature", "geometry": {"type": "Point", "coordinates": [83.5, 49.5]}, "properties": {"elevation_m": 767.7, "risk": 0.1}}, {"type": "Feature", "geometry": {"type": "Point", "coordinates": [84.5, 47.5]}, "properties": {"elevation_m": 873.7, "risk": 0.1}}, {"type": "Feature", "geometry": {"type": "Point", "coordinates": [80.5, 46.5]}, "properties": {"elevation_m": 422.6, "risk": 0.1}}, {"type": "Feature", "geometry": {"type": "Point", "coordinates": [83.5, 45.5]}, "properties": {"elevation_m": 1408.2, "risk": 0.1}}, {"type": "Feature", "geometry": {"type": "Point", "coordinates": [86.5, 46.5]}, "properties": {"elevation_m": 816.5, "risk": 0.1}}, {"type": "Feature", "geometry": {"type": "Point", "coordinates": [85.5, 45.5]}, "properties": {"elevation_m": 318.6, "risk": 0.1}}, {"type": "Feature", "geometry": {"type": "Point", "coordinates": [88.5, 49.5]}, "properties": {"elevation_m": 2518.2, "risk": 0.1}}, {"type": "Feature", "geometry": {"type": "Point", "coordinates": [87.5, 47.5]}, "properties": {"elevation_m": 642.6, "risk": 0.1}}, {"type": "Feature", "geometry": {"type": "Point", "coordinates": [89.5, 48.5]}, "properties": {"elevation_m": 2481.5, "risk": 0.1}}, {"type": "Feature", "geometry": {"type": "Point", "coordinates": [85.5, 47.5]}, "properties": {"elevation_m": 1211.0, "risk": 0.1}}, {"type": "Feature", "geometry": {"type": "Point", "coordinates": [87.5, 46.5]}, "properties": {"elevation_m": 588.4, "risk": 0.1}}, {"type": "Feature", "geometry": {"type": "Point", "coordinates": [85.5, 48.5]}, "properties": {"elevation_m": 1183.0, "risk": 0.1}}, {"type": "Feature", "geometry": {"type": "Point", "coordinates": [89.5, 49.5]}, "properties": {"elevation_m": 2446.5, "risk": 0.1}}, {"type": "Feature", "geometry": {"type": "Point", "coordinates": [86.5, 49.5]}, "properties": {"elevation_m": 2207.0, "risk": 0.1}}, {"type": "Feature", "geometry": {"type": "Point", "coordinates": [86.5, 45.5]}, "properties": {"elevation_m": 356.3, "risk": 0.1}}, {"type": "Feature", "geometry": {"type": "Point", "coordinates": [85.5, 46.5]}, "properties": {"elevation_m": 1045.4, "risk": 0.1}}, {"type": "Feature", "geometry": {"type": "Point", "coordinates": [87.5, 48.5]}, "properties": {"elevation_m": 2006.0, "risk": 0.1}}, {"type": "Feature", "geometry": {"type": "Point", "coordinates": [87.5, 45.5]}, "properties": {"elevation_m": 527.5, "risk": 0.1}}, {"type": "Feature", "geometry": {"type": "Point", "coordinates": [85.5, 49.5]}, "properties": {"elevation_m": 1657.3, "risk": 0.1}}, {"type": "Feature", "geometry": {"type": "Point", "coordinates": [86.5, 48.5]}, "properties": {"elevation_m": 1377.9, "risk": 0.1}}, {"type": "Feature", "geometry": {"type": "Point", "coordinates": [88.5, 47.5]}, "properties": {"elevation_m": 1070.3, "risk": 0.1}}, {"type": "Feature", "geometry": {"type": "Point", "coordinates": [86.5, 47.5]}, "properties": {"elevation_m": 865.5, "risk": 0.1}}, {"type": "Feature", "geometry": {"type": "Point", "coordinates": [88.5, 48.5]}, "properties": {"elevation_m": 2508.5, "risk": 0.1}}, {"type": "Feature", "geometry": {"type": "Point", "coordinates": [87.5, 49.5]}, "properties": {"elevation_m": 2543.2, "risk": 0.1}}, {"type": "Feature", "geometry": {"type": "Point", "coordinates": [88.5, 46.5]}, "properties": {"elevation_m": 749.4, "risk": 0.1}}, {"type": "Feature", "geometry": {"type": "Point", "coordinates": [89.5, 45.5]}, "properties": {"elevation_m": 1060.4, "risk": 0.1}}, {"type": "Feature", "geometry": {"type": "Point", "coordinates": [89.5, 46.5]}, "properties": {"elevation_m": 966.8, "risk": 0.1}}, {"type": "Feature", "geometry": {"type": "Point", "coordinates": [88.5, 45.5]}, "properties": {"elevation_m": 766.1, "risk": 0.1}}, {"type": "Feature", "geometry": {"type": "Point", "coordinates": [89.5, 47.5]}, "properties": {"elevation_m": 1950.2, "risk": 0.1}}, {"type": "Feature", "geometry": {"type": "Point", "coordinates": [93.5, 46.5]}, "properties": {"elevation_m": 2308.5, "risk": 0.1}}, {"type": "Feature", "geometry": {"type": "Point", "coordinates": [90.5, 49.5]}, "properties": {"elevation_m": 1790.4, "risk": 0.1}}, {"type": "Feature", "geometry": {"type": "Point", "coordinates": [90.5, 47.5]}, "properties": {"elevation_m": 2698.9, "risk": 0.1}}, {"type": "Feature", "geometry": {"type": "Point", "coordinates": [94.5, 46.5]}, "properties": {"elevation_m": 1591.3, "risk": 0.1}}, {"type": "Feature", "geometry": {"type": "Point", "coordinates": [94.5, 45.5]}, "properties": {"elevation_m": 2007.3, "risk": 0.1}}, {"type": "Feature", "geometry": {"type": "Point", "coordinates": [92.5, 47.5]}, "properties": {"elevation_m": 1680.3, "risk": 0.1}}, {"type": "Feature", "geometry": {"type": "Point", "coordinates": [91.5, 45.5]}, "properties": {"elevation_m": 1347.6, "risk": 0.1}}, {"type": "Feature", "geometry": {"type": "Point", "coordinates": [92.5, 48.5]}, "properties": {"elevation_m": 1338.5, "risk": 0.1}}, {"type": "Feature", "geometry": {"type": "Point", "coordinates": [93.5, 49.5]}, "properties": {"elevation_m": 1337.5, "risk": 0.1}}, {"type": "Feature", "geometry": {"type": "Point", "coordinates": [94.5, 47.5]}, "properties": {"elevation_m": 1454.0, "risk": 0.1}}, {"type": "Feature", "geometry": {"type": "Point", "coordinates": [93.5, 45.5]}, "properties": {"elevation_m": 1902.2, "risk": 0.1}}, {"type": "Feature", "geometry": {"type": "Point", "coordinates": [91.5, 49.5]}, "properties": {"elevation_m": 2161.7, "risk": 0.1}}, {"type": "Feature", "geometry": {"type": "Point", "coordinates": [94.5, 48.5]}, "properties": {"elevation_m": 1509.1, "risk": 0.1}}, {"type": "Feature", "geometry": {"type": "Point", "coordinates": [92.5, 45.5]}, "properties": {"elevation_m": 1517.1, "risk": 0.1}}, {"type": "Feature", "geometry": {"type": "Point", "coordinates": [93.5, 47.5]}, "properties": {"elevation_m": 1403.5, "risk": 0.1}}, {"type": "Feature", "geometry": {"type": "Point", "coordinates": [92.5, 46.5]}, "properties": {"elevation_m": 2503.9, "risk": 0.1}}, {"type": "Feature", "geometry": {"type": "Point", "coordinates": [90.5, 48.5]}, "properties": {"elevation_m": 2569.6, "risk": 0.1}}, {"type": "Feature", "geometry": {"type": "Point", "coordinates": [92.5, 49.5]}, "properties": {"elevation_m": 1345.9, "risk": 0.1}}, {"type": "Feature", "geometry": {"type": "Point", "coordinates": [90.5, 45.5]}, "properties": {"elevation_m": 1387.1, "risk": 0.1}}, {"type": "Feature", "geometry": {"type": "Point", "coordinates": [91.5, 46.5]}, "properties": {"elevation_m": 2265.6, "risk": 0.1}}, {"type": "Feature", "geometry": {"type": "Point", "coordinates": [94.5, 49.5]}, "properties": {"elevation_m": 1543.6, "risk": 0.1}}, {"type": "Feature", "geometry": {"type": "Point", "coordinates": [91.5, 47.5]}, "properties": {"elevation_m": 2459.1, "risk": 0.1}}, {"type": "Feature", "geometry": {"type": "Point", "coordinates": [91.5, 48.5]}, "properties": {"elevation_m": 1742.3, "risk": 0.1}}, {"type": "Feature", "geometry": {"type": "Point", "coordinates": [90.5, 46.5]}, "properties": {"elevation_m": 1618.5, "risk": 0.1}}, {"type": "Feature", "geometry": {"type": "Point", "coordinates": [93.5, 48.5]}, "properties": {"elevation_m": 1169.2, "risk": 0.1}}, {"type": "Feature", "geometry": {"type": "Point", "coordinates": [99.5, 47.5]}, "properties": {"elevation_m": 2555.7, "risk": 0.1}}, {"type": "Feature", "geometry": {"type": "Point", "coordinates": [97.5, 48.5]}, "properties": {"elevation_m": 2099.3, "risk": 0.1}}, {"type": "Feature", "geometry": {"type": "Point", "coordinates": [98.5, 46.5]}, "properties": {"elevation_m": 2206.7, "risk": 0.1}}, {"type": "Feature", "geometry": {"type": "Point", "coordinates": [95.5, 47.5]}, "properties": {"elevation_m": 1659.9, "risk": 0.1}}, {"type": "Feature", "geometry": {"type": "Point", "coordinates": [97.5, 49.5]}, "properties": {"elevation_m": 2095.8, "risk": 0.1}}, {"type": "Feature", "geometry": {"type": "Point", "coordinates": [96.5, 46.5]}, "properties": {"elevation_m": 2057.0, "risk": 0.1}}, {"type": "Feature", "geometry": {"type": "Point", "coordinates": [96.5, 47.5]}, "properties": {"elevation_m": 1975.6, "risk": 0.1}}, {"type": "Feature", "geometry": {"type": "Point", "coordinates": [99.5, 45.5]}, "properties": {"elevation_m": 1602.0, "risk": 0.1}}, {"type": "Feature", "geometry": {"type": "Point", "coordinates": [98.5, 49.5]}, "properties": {"elevation_m": 2039.0, "risk": 0.1}}, {"type": "Feature", "geometry": {"type": "Point", "coordinates": [95.5, 49.5]}, "properties": {"elevation_m": 1652.0, "risk": 0.1}}, {"type": "Feature", "geometry": {"type": "Point", "coordinates": [97.5, 45.5]}, "properties": {"elevation_m": 2225.0, "risk": 0.1}}, {"type": "Feature", "geometry": {"type": "Point", "coordinates": [96.5, 45.5]}, "properties": {"elevation_m": 2097.1, "risk": 0.1}}, {"type": "Feature", "geometry": {"type": "Point", "coordinates": [95.5, 48.5]}, "properties": {"elevation_m": 1782.0, "risk": 0.1}}, {"type": "Feature", "geometry": {"type": "Point", "coordinates": [97.5, 47.5]}, "properties": {"elevation_m": 2590.2, "risk": 0.1}}, {"type": "Feature", "geometry": {"type": "Point", "coordinates": [98.5, 48.5]}, "properties": {"elevation_m": 2213.7, "risk": 0.1}}, {"type": "Feature", "geometry": {"type": "Point", "coordinates": [98.5, 47.5]}, "properties": {"elevation_m": 2708.0, "risk": 0.1}}, {"type": "Feature", "geometry": {"type": "Point", "coordinates": [95.5, 45.5]}, "properties": {"elevation_m": 1957.8, "risk": 0.1}}, {"type": "Feature", "geometry": {"type": "Point", "coordinates": [99.5, 49.5]}, "properties": {"elevation_m": 1870.7, "risk": 0.1}}, {"type": "Feature", "geometry": {"type": "Point", "coordinates": [99.5, 46.5]}, "properties": {"elevation_m": 2107.5, "risk": 0.1}}, {"type": "Feature", "geometry": {"type": "Point", "coordinates": [98.5, 45.5]}, "properties": {"elevation_m": 1958.4, "risk": 0.1}}, {"type": "Feature", "geometry": {"type": "Point", "coordinates": [99.5, 48.5]}, "properties": {"elevation_m": 2078.7, "risk": 0.1}}, {"type": "Feature", "geometry": {"type": "Point", "coordinates": [96.5, 49.5]}, "properties": {"elevation_m": 1775.0, "risk": 0.1}}, {"type": "Feature", "geometry": {"type": "Point", "coordinates": [97.5, 46.5]}, "properties": {"elevation_m": 2131.6, "risk": 0.1}}, {"type": "Feature", "geometry": {"type": "Point", "coordinates": [95.5, 46.5]}, "properties": {"elevation_m": 1650.8, "risk": 0.1}}, {"type": "Feature", "geometry": {"type": "Point", "coordinates": [96.5, 48.5]}, "properties": {"elevation_m": 2213.6, "risk": 0.1}}, {"type": "Feature", "geometry": {"type": "Point", "coordinates": [100.5, 47.5]}, "properties": {"elevation_m": 2342.2, "risk": 0.1}}, {"type": "Feature", "geometry": {"type": "Point", "coordinates": [103.5, 48.5]}, "properties": {"elevation_m": 1426.9, "risk": 0.1}}, {"type": "Feature", "geometry": {"type": "Point", "coordinates": [101.5, 49.5]}, "properties": {"elevation_m": 1497.7, "risk": 0.1}}, {"type": "Feature", "geometry": {"type": "Point", "coordinates": [102.5, 46.5]}, "properties": {"elevation_m": 1999.4, "risk": 0.1}}, {"type": "Feature", "geometry": {"type": "Point", "coordinates": [101.5, 47.5]}, "properties": {"elevation_m": 1877.6, "risk": 0.1}}, {"type": "Feature", "geometry": {"type": "Point", "coordinates": [104.5, 48.5]}, "properties": {"elevation_m": 1132.0, "risk": 0.1}}, {"type": "Feature", "geometry": {"type": "Point", "coordinates": [104.5, 47.5]}, "properties": {"elevation_m": 1292.0, "risk": 0.1}}, {"type": "Feature", "geometry": {"type": "Point", "coordinates": [102.5, 45.5]}, "properties": {"elevation_m": 1563.6, "risk": 0.1}}, {"type": "Feature", "geometry": {"type": "Point", "coordinates": [100.5, 48.5]}, "properties": {"elevation_m": 1951.0, "risk": 0.1}}, {"type": "Feature", "geometry": {"type": "Point", "coordinates": [101.5, 48.5]}, "properties": {"elevation_m": 1662.7, "risk": 0.1}}, {"type": "Feature", "geometry": {"type": "Point", "coordinates": [104.5, 45.5]}, "properties": {"elevation_m": 1361.0, "risk": 0.1}}, {"type": "Feature", "geometry": {"type": "Point", "coordinates": [103.5, 47.5]}, "properties": {"elevation_m": 1352.6, "risk": 0.1}}, {"type": "Feature", "geometry": {"type": "Point", "coordinates": [102.5, 49.5]}, "properties": {"elevation_m": 1301.8, "risk": 0.1}}, {"type": "Feature", "geometry": {"type": "Point", "coordinates": [102.5, 47.5]}, "properties": {"elevation_m": 1547.6, "risk": 0.1}}, {"type": "Feature", "geometry": {"type": "Point", "coordinates": [101.5, 45.5]}, "properties": {"elevation_m": 1672.5, "risk": 0.1}}, {"type": "Feature", "geometry": {"type": "Point", "coordinates": [100.5, 45.5]}, "properties": {"elevation_m": 1537.4, "risk": 0.1}}, {"type": "Feature", "geometry": {"type": "Point", "coordinates": [103.5, 49.5]}, "properties": {"elevation_m": 1329.4, "risk": 0.1}}, {"type": "Feature", "geometry": {"type": "Point", "coordinates": [103.5, 46.5]}, "properties": {"elevation_m": 1723.1, "risk": 0.1}}, {"type": "Feature", "geometry": {"type": "Point", "coordinates": [104.5, 49.5]}, "properties": {"elevation_m": 1166.2, "risk": 0.1}}, {"type": "Feature", "geometry": {"type": "Point", "coordinates": [102.5, 48.5]}, "properties": {"elevation_m": 1532.7, "risk": 0.1}}, {"type": "Feature", "geometry": {"type": "Point", "coordinates": [104.5, 46.5]}, "properties": {"elevation_m": 1579.2, "risk": 0.1}}, {"type": "Feature", "geometry": {"type": "Point", "coordinates": [100.5, 49.5]}, "properties": {"elevation_m": 1639.3, "risk": 0.1}}, {"type": "Feature", "geometry": {"type": "Point", "coordinates": [100.5, 46.5]}, "properties": {"elevation_m": 2355.1, "risk": 0.1}}, {"type": "Feature", "geometry": {"type": "Point", "coordinates": [103.5, 45.5]}, "properties": {"elevation_m": 1398.2, "risk": 0.1}}, {"type": "Feature", "geometry": {"type": "Point", "coordinates": [101.5, 46.5]}, "properties": {"elevation_m": 2472.7, "risk": 0.1}}, {"type": "Feature", "geometry": {"type": "Point", "coordinates": [109.5, 46.5]}, "properties": {"elevation_m": 1249.1, "risk": 0.1}}, {"type": "Feature", "geometry": {"type": "Point", "coordinates": [105.5, 49.5]}, "properties": {"elevation_m": 890.0, "risk": 0.1}}, {"type": "Feature", "geometry": {"type": "Point", "coordinates": [108.5, 49.5]}, "properties": {"elevation_m": 1348.5, "risk": 0.1}}, {"type": "Feature", "geometry": {"type": "Point", "coordinates": [109.5, 47.5]}, "properties": {"elevation_m": 1366.1, "risk": 0.1}}, {"type": "Feature", "geometry": {"type": "Point", "coordinates": [105.5, 47.5]}, "properties": {"elevation_m": 1231.7, "risk": 0.1}}, {"type": "Feature", "geometry": {"type": "Point", "coordinates": [106.5, 47.5]}, "properties": {"elevation_m": 1452.7, "risk": 0.1}}, {"type": "Feature", "geometry": {"type": "Point", "coordinates": [106.5, 49.5]}, "properties": {"elevation_m": 966.3, "risk": 0.1}}, {"type": "Feature", "geometry": {"type": "Point", "coordinates": [107.5, 49.5]}, "properties": {"elevation_m": 1127.5, "risk": 0.1}}, {"type": "Feature", "geometry": {"type": "Point", "coordinates": [105.5, 45.5]}, "properties": {"elevation_m": 1376.2, "risk": 0.1}}, {"type": "Feature", "geometry": {"type": "Point", "coordinates": [107.5, 47.5]}, "properties": {"elevation_m": 1556.9, "risk": 0.1}}, {"type": "Feature", "geometry": {"type": "Point", "coordinates": [109.5, 48.5]}, "properties": {"elevation_m": 1545.8, "risk": 0.1}}, {"type": "Feature", "geometry": {"type": "Point", "coordinates": [107.5, 48.5]}, "properties": {"elevation_m": 1728.8, "risk": 0.1}}, {"type": "Feature", "geometry": {"type": "Point", "coordinates": [108.5, 47.5]}, "properties": {"elevation_m": 1465.0, "risk": 0.1}}, {"type": "Feature", "geometry": {"type": "Point", "coordinates": [109.5, 49.5]}, "properties": {"elevation_m": 1482.0, "risk": 0.1}}, {"type": "Feature", "geometry": {"type": "Point", "coordinates": [105.5, 46.5]}, "properties": {"elevation_m": 1445.3, "risk": 0.1}}, {"type": "Feature", "geometry": {"type": "Point", "coordinates": [106.5, 46.5]}, "properties": {"elevation_m": 1403.9, "risk": 0.1}}, {"type": "Feature", "geometry": {"type": "Point", "coordinates": [108.5, 48.5]}, "properties": {"elevation_m": 1708.4, "risk": 0.1}}, {"type": "Feature", "geometry": {"type": "Point", "coordinates": [106.5, 48.5]}, "properties": {"elevation_m": 1267.8, "risk": 0.1}}, {"type": "Feature", "geometry": {"type": "Point", "coordinates": [109.5, 45.5]}, "properties": {"elevation_m": 1007.8, "risk": 0.1}}, {"type": "Feature", "geometry": {"type": "Point", "coordinates": [108.5, 45.5]}, "properties": {"elevation_m": 1145.1, "risk": 0.1}}, {"type": "Feature", "geometry": {"type": "Point", "coordinates": [107.5, 45.5]}, "properties": {"elevation_m": 1198.0, "risk": 0.1}}, {"type": "Feature", "geometry": {"type": "Point", "coordinates": [108.5, 46.5]}, "properties": {"elevation_m": 1314.4, "risk": 0.1}}, {"type": "Feature", "geometry": {"type": "Point", "coordinates": [106.5, 45.5]}, "properties": {"elevation_m": 1330.8, "risk": 0.1}}, {"type": "Feature", "geometry": {"type": "Point", "coordinates": [107.5, 46.5]}, "properties": {"elevation_m": 1354.4, "risk": 0.1}}, {"type": "Feature", "geometry": {"type": "Point", "coordinates": [105.5, 48.5]}, "properties": {"elevation_m": 1130.6, "risk": 0.1}}, {"type": "Feature", "geometry": {"type": "Point", "coordinates": [110.5, 49.5]}, "properties": {"elevation_m": 1536.8, "risk": 0.1}}, {"type": "Feature", "geometry": {"type": "Point", "coordinates": [113.5, 48.5]}, "properties": {"elevation_m": 875.4, "risk": 0.1}}, {"type": "Feature", "geometry": {"type": "Point", "coordinates": [112.5, 47.5]}, "properties": {"elevation_m": 1067.2, "risk": 0.1}}, {"type": "Feature", "geometry": {"type": "Point", "coordinates": [110.5, 48.5]}, "properties": {"elevation_m": 1218.5, "risk": 0.1}}, {"type": "Feature", "geometry": {"type": "Point", "coordinates": [114.5, 49.5]}, "properties": {"elevation_m": 777.6, "risk": 0.1}}, {"type": "Feature", "geometry": {"type": "Point", "coordinates": [112.5, 48.5]}, "properties": {"elevation_m": 1061.8, "risk": 0.1}}, {"type": "Feature", "geometry": {"type": "Point", "coordinates": [111.5, 45.5]}, "properties": {"elevation_m": 1001.2, "risk": 0.1}}, {"type": "Feature", "geometry": {"type": "Point", "coordinates": [114.5, 47.5]}, "properties": {"elevation_m": 863.8, "risk": 0.1}}, {"type": "Feature", "geometry": {"type": "Point", "coordinates": [113.5, 49.5]}, "properties": {"elevation_m": 937.5, "risk": 0.1}}, {"type": "Feature", "geometry": {"type": "Point", "coordinates": [111.5, 49.5]}, "properties": {"elevation_m": 1253.7, "risk": 0.1}}, {"type": "Feature", "geometry": {"type": "Point", "coordinates": [113.5, 47.5]}, "properties": {"elevation_m": 1001.1, "risk": 0.1}}, {"type": "Feature", "geometry": {"type": "Point", "coordinates": [111.5, 46.5]}, "properties": {"elevation_m": 1153.8, "risk": 0.1}}, {"type": "Feature", "geometry": {"type": "Point", "coordinates": [114.5, 46.5]}, "properties": {"elevation_m": 980.9, "risk": 0.1}}, {"type": "Feature", "geometry": {"type": "Point", "coordinates": [110.5, 47.5]}, "properties": {"elevation_m": 1215.6, "risk": 0.1}}, {"type": "Feature", "geometry": {"type": "Point", "coordinates": [113.5, 46.5]}, "properties": {"elevation_m": 1067.2, "risk": 0.1}}, {"type": "Feature", "geometry": {"type": "Point", "coordinates": [112.5, 46.5]}, "properties": {"elevation_m": 1019.0, "risk": 0.1}}, {"type": "Feature", "geometry": {"type": "Point", "coordinates": [110.5, 46.5]}, "properties": {"elevation_m": 1207.3, "risk": 0.1}}, {"type": "Feature", "geometry": {"type": "Point", "coordinates": [111.5, 48.5]}, "properties": {"elevation_m": 1155.3, "risk": 0.1}}, {"type": "Feature", "geometry": {"type": "Point", "coordinates": [111.5, 47.5]}, "properties": {"elevation_m": 1119.4, "risk": 0.1}}, {"type": "Feature", "geometry": {"type": "Point", "coordinates": [110.5, 45.5]}, "properties": {"elevation_m": 983.1, "risk": 0.1}}, {"type": "Feature", "geometry": {"type": "Point", "coordinates": [113.5, 45.5]}, "properties": {"elevation_m": 1168.4, "risk": 0.1}}, {"type": "Feature", "geometry": {"type": "Point", "coordinates": [112.5, 49.5]}, "properties": {"elevation_m": 1045.8, "risk": 0.1}}, {"type": "Feature", "geometry": {"type": "Point", "coordinates": [114.5, 48.5]}, "properties": {"elevation_m": 775.3, "risk": 0.1}}, {"type": "Feature", "geometry": {"type": "Point", "coordinates": [114.5, 45.5]}, "properties": {"elevation_m": 1312.6, "risk": 0.1}}, {"type": "Feature", "geometry": {"type": "Point", "coordinates": [112.5, 45.5]}, "properties": {"elevation_m": 1028.0, "risk": 0.1}}, {"type": "Feature", "geometry": {"type": "Point", "coordinates": [117.5, 49.5]}, "properties": {"elevation_m": 678.5, "risk": 0.1}}, {"type": "Feature", "geometry": {"type": "Point", "coordinates": [119.5, 49.5]}, "properties": {"elevation_m": 659.1, "risk": 0.1}}, {"type": "Feature", "geometry": {"type": "Point", "coordinates": [118.5, 47.5]}, "properties": {"elevation_m": 751.1, "risk": 0.1}}, {"type": "Feature", "geometry": {"type": "Point", "coordinates": [117.5, 48.5]}, "properties": {"elevation_m": 579.0, "risk": 0.1}}, {"type": "Feature", "geometry": {"type": "Point", "coordinates": [119.5, 46.5]}, "properties": {"elevation_m": 1063.3, "risk": 0.1}}, {"type": "Feature", "geometry": {"type": "Point", "coordinates": [116.5, 47.5]}, "properties": {"elevation_m": 640.7, "risk": 0.1}}, {"type": "Feature", "geometry": {"type": "Point", "coordinates": [118.5, 46.5]}, "properties": {"elevation_m": 916.3, "risk": 0.1}}, {"type": "Feature", "geometry": {"type": "Point", "coordinates": [115.5, 48.5]}, "properties": {"elevation_m": 738.6, "risk": 0.1}}, {"type": "Feature", "geometry": {"type": "Point", "coordinates": [116.5, 48.5]}, "properties": {"elevation_m": 650.2, "risk": 0.1}}, {"type": "Feature", "geometry": {"type": "Point", "coordinates": [118.5, 49.5]}, "properties": {"elevation_m": 622.5, "risk": 0.1}}, {"type": "Feature", "geometry": {"type": "Point", "coordinates": [115.5, 46.5]}, "properties": {"elevation_m": 863.3, "risk": 0.1}}, {"type": "Feature", "geometry": {"type": "Point", "coordinates": [117.5, 47.5]}, "properties": {"elevation_m": 637.8, "risk": 0.1}}, {"type": "Feature", "geometry": {"type": "Point", "coordinates": [119.5, 48.5]}, "properties": {"elevation_m": 739.1, "risk": 0.1}}, {"type": "Feature", "geometry": {"type": "Point", "coordinates": [117.5, 45.5]}, "properties": {"elevation_m": 931.2, "risk": 0.1}}, {"type": "Feature", "geometry": {"type": "Point", "coordinates": [115.5, 45.5]}, "properties": {"elevation_m": 1171.5, "risk": 0.1}}, {"type": "Feature", "geometry": {"type": "Point", "coordinates": [118.5, 45.5]}, "properties": {"elevation_m": 913.3, "risk": 0.1}}, {"type": "Feature", "geometry": {"type": "Point", "coordinates": [119.5, 47.5]}, "properties": {"elevation_m": 942.3, "risk": 0.1}}, {"type": "Feature", "geometry": {"type": "Point", "coordinates": [117.5, 46.5]}, "properties": {"elevation_m": 864.2, "risk": 0.1}}, {"type": "Feature", "geometry": {"type": "Point", "coordinates": [118.5, 48.5]}, "properties": {"elevation_m": 666.6, "risk": 0.1}}, {"type": "Feature", "geometry": {"type": "Point", "coordinates": [116.5, 45.5]}, "properties": {"elevation_m": 936.6, "risk": 0.1}}, {"type": "Feature", "geometry": {"type": "Point", "coordinates": [119.5, 45.5]}, "properties": {"elevation_m": 981.2, "risk": 0.1}}, {"type": "Feature", "geometry": {"type": "Point", "coordinates": [116.5, 46.5]}, "properties": {"elevation_m": 803.6, "risk": 0.1}}, {"type": "Feature", "geometry": {"type": "Point", "coordinates": [115.5, 47.5]}, "properties": {"elevation_m": 742.5, "risk": 0.1}}, {"type": "Feature", "geometry": {"type": "Point", "coordinates": [116.5, 49.5]}, "properties": {"elevation_m": 710.9, "risk": 0.1}}, {"type": "Feature", "geometry": {"type": "Point", "coordinates": [115.5, 49.5]}, "properties": {"elevation_m": 674.2, "risk": 0.1}}, {"type": "Feature", "geometry": {"type": "Point", "coordinates": [123.5, 45.5]}, "properties": {"elevation_m": 138.4, "risk": 0.1}}, {"type": "Feature", "geometry": {"type": "Point", "coordinates": [124.5, 45.5]}, "properties": {"elevation_m": 133.8, "risk": 0.1}}, {"type": "Feature", "geometry": {"type": "Point", "coordinates": [123.5, 48.5]}, "properties": {"elevation_m": 350.8, "risk": 0.1}}, {"type": "Feature", "geometry": {"type": "Point", "coordinates": [122.5, 45.5]}, "properties": {"elevation_m": 187.8, "risk": 0.1}}, {"type": "Feature", "geometry": {"type": "Point", "coordinates": [121.5, 45.5]}, "properties": {"elevation_m": 389.9, "risk": 0.1}}, {"type": "Feature", "geometry": {"type": "Point", "coordinates": [121.5, 47.5]}, "properties": {"elevation_m": 769.9, "risk": 0.1}}, {"type": "Feature", "geometry": {"type": "Point", "coordinates": [120.5, 45.5]}, "properties": {"elevation_m": 726.4, "risk": 0.1}}, {"type": "Feature", "geometry": {"type": "Point", "coordinates": [121.5, 49.5]}, "properties": {"elevation_m": 880.5, "risk": 0.1}}, {"type": "Feature", "geometry": {"type": "Point", "coordinates": [121.5, 48.5]}, "properties": {"elevation_m": 933.2, "risk": 0.1}}, {"type": "Feature", "geometry": {"type": "Point", "coordinates": [123.5, 49.5]}, "properties": {"elevation_m": 501.7, "risk": 0.1}}, {"type": "Feature", "geometry": {"type": "Point", "coordinates": [120.5, 48.5]}, "properties": {"elevation_m": 928.7, "risk": 0.1}}, {"type": "Feature", "geometry": {"type": "Point", "coordinates": [123.5, 46.5]}, "properties": {"elevation_m": 143.9, "risk": 0.1}}, {"type": "Feature", "geometry": {"type": "Point", "coordinates": [124.5, 47.5]}, "properties": {"elevation_m": 159.3, "risk": 0.1}}, {"type": "Feature", "geometry": {"type": "Point", "coordinates": [121.5, 46.5]}, "properties": {"elevation_m": 572.6, "risk": 0.1}}, {"type": "Feature", "geometry": {"type": "Point", "coordinates": [122.5, 46.5]}, "properties": {"elevation_m": 291.4, "risk": 0.1}}, {"type": "Feature", "geometry": {"type": "Point", "coordinates": [124.5, 46.5]}, "properties": {"elevation_m": 142.0, "risk": 0.1}}, {"type": "Feature", "geometry": {"type": "Point", "coordinates": [120.5, 47.5]}, "properties": {"elevation_m": 1176.2, "risk": 0.1}}, {"type": "Feature", "geometry": {"type": "Point", "coordinates": [122.5, 47.5]}, "properties": {"elevation_m": 390.7, "risk": 0.1}}, {"type": "Feature", "geometry": {"type": "Point", "coordinates": [124.5, 49.5]}, "properties": {"elevation_m": 352.0, "risk": 0.1}}, {"type": "Feature", "geometry": {"type": "Point", "coordinates": [124.5, 48.5]}, "properties": {"elevation_m": 241.2, "risk": 0.1}}, {"type": "Feature", "geometry": {"type": "Point", "coordinates": [120.5, 46.5]}, "properties": {"elevation_m": 882.5, "risk": 0.1}}, {"type": "Feature", "geometry": {"type": "Point", "coordinates": [122.5, 49.5]}, "properties": {"elevation_m": 781.9, "risk": 0.1}}, {"type": "Feature", "geometry": {"type": "Point", "coordinates": [120.5, 49.5]}, "properties": {"elevation_m": 762.0, "risk": 0.1}}, {"type": "Feature", "geometry": {"type": "Point", "coordinates": [123.5, 47.5]}, "properties": {"elevation_m": 183.2, "risk": 0.1}}, {"type": "Feature", "geometry": {"type": "Point", "coordinates": [122.5, 48.5]}, "properties": {"elevation_m": 629.7, "risk": 0.1}}, {"type": "Feature", "geometry": {"type": "Point", "coordinates": [126.5, 48.5]}, "properties": {"elevation_m": 306.9, "risk": 0.1}}, {"type": "Feature", "geometry": {"type": "Point", "coordinates": [129.5, 45.5]}, "properties": {"elevation_m": 486.2, "risk": 0.1}}, {"type": "Feature", "geometry": {"type": "Point", "coordinates": [125.5, 49.5]}, "properties": {"elevation_m": 326.0, "risk": 0.1}}, {"type": "Feature", "geometry": {"type": "Point", "coordinates": [127.5, 48.5]}, "properties": {"elevation_m": 403.7, "risk": 0.1}}, {"type": "Feature", "geometry": {"type": "Point", "coordinates": [127.5, 49.5]}, "properties": {"elevation_m": 263.2, "risk": 0.1}}, {"type": "Feature", "geometry": {"type": "Point", "coordinates": [129.5, 47.5]}, "properties": {"elevation_m": 441.9, "risk": 0.1}}, {"type": "Feature", "geometry": {"type": "Point", "coordinates": [125.5, 45.5]}, "properties": {"elevation_m": 155.2, "risk": 0.1}}, {"type": "Feature", "geometry": {"type": "Point", "coordinates": [129.5, 49.5]}, "properties": {"elevation_m": 175.2, "risk": 0.1}}, {"type": "Feature", "geometry": {"type": "Point", "coordinates": [128.5, 47.5]}, "properties": {"elevation_m": 438.6, "risk": 0.1}}, {"type": "Feature", "geometry": {"type": "Point", "coordinates": [128.5, 49.5]}, "properties": {"elevation_m": 196.7, "risk": 0.1}}, {"type": "Feature", "geometry": {"type": "Point", "coordinates": [125.5, 47.5]}, "properties": {"elevation_m": 208.2, "risk": 0.1}}, {"type": "Feature", "geometry": {"type": "Point", "coordinates": [125.5, 48.5]}, "properties": {"elevation_m": 290.6, "risk": 0.1}}, {"type": "Feature", "geometry": {"type": "Point", "coordinates": [127.5, 46.5]}, "properties": {"elevation_m": 187.2, "risk": 0.1}}, {"type": "Feature", "geometry": {"type": "Point", "coordinates": [129.5, 46.5]}, "properties": {"elevation_m": 257.1, "risk": 0.1}}, {"type": "Feature", "geometry": {"type": "Point", "coordinates": [126.5, 46.5]}, "properties": {"elevation_m": 159.8, "risk": 0.1}}, {"type": "Feature", "geometry": {"type": "Point", "coordinates": [127.5, 45.5]}, "properties": {"elevation_m": 253.4, "risk": 0.1}}, {"type": "Feature", "geometry": {"type": "Point", "coordinates": [128.5, 48.5]}, "properties": {"elevation_m": 444.2, "risk": 0.1}}, {"type": "Feature", "geometry": {"type": "Point", "coordinates": [128.5, 46.5]}, "properties": {"elevation_m": 375.1, "risk": 0.1}}, {"type": "Feature", "geometry": {"type": "Point", "coordinates": [126.5, 49.5]}, "properties": {"elevation_m": 458.3, "risk": 0.1}}, {"type": "Feature", "geometry": {"type": "Point", "coordinates": [129.5, 48.5]}, "properties": {"elevation_m": 418.2, "risk": 0.1}}, {"type": "Feature", "geometry": {"type": "Point", "coordinates": [127.5, 47.5]}, "properties": {"elevation_m": 274.0, "risk": 0.1}}, {"type": "Feature", "geometry": {"type": "Point", "coordinates": [126.5, 47.5]}, "properties": {"elevation_m": 226.6, "risk": 0.1}}, {"type": "Feature", "geometry": {"type": "Point", "coordinates": [126.5, 45.5]}, "properties": {"elevation_m": 157.2, "risk": 0.1}}, {"type": "Feature", "geometry": {"type": "Point", "coordinates": [125.5, 46.5]}, "properties": {"elevation_m": 162.5, "risk": 0.1}}, {"type": "Feature", "geometry": {"type": "Point", "coordinates": [128.5, 45.5]}, "properties": {"elevation_m": 236.1, "risk": 0.1}}, {"type": "Feature", "geometry": {"type": "Point", "coordinates": [130.5, 47.5]}, "properties": {"elevation_m": 169.7, "risk": 0.1}}, {"type": "Feature", "geometry": {"type": "Point", "coordinates": [131.5, 46.5]}, "properties": {"elevation_m": 213.0, "risk": 0.1}}, {"type": "Feature", "geometry": {"type": "Point", "coordinates": [132.5, 48.5]}, "properties": {"elevation_m": 157.7, "risk": 0.1}}, {"type": "Feature", "geometry": {"type": "Point", "coordinates": [134.5, 47.5]}, "properties": {"elevation_m": 120.7, "risk": 0.1}}, {"type": "Feature", "geometry": {"type": "Point", "coordinates": [132.5, 49.5]}, "properties": {"elevation_m": 552.0, "risk": 0.1}}, {"type": "Feature", "geometry": {"type": "Point", "coordinates": [133.5, 46.5]}, "properties": {"elevation_m": 154.8, "risk": 0.1}}, {"type": "Feature", "geometry": {"type": "Point", "coordinates": [132.5, 46.5]}, "properties": {"elevation_m": 96.2, "risk": 0.1}}, {"type": "Feature", "geometry": {"type": "Point", "coordinates": [131.5, 49.5]}, "properties": {"elevation_m": 485.4, "risk": 0.1}}, {"type": "Feature", "geometry": {"type": "Point", "coordinates": [134.5, 48.5]}, "properties": {"elevation_m": 61.4, "risk": 0.1}}, {"type": "Feature", "geometry": {"type": "Point", "coordinates": [130.5, 46.5]}, "properties": {"elevation_m": 181.6, "risk": 0.1}}, {"type": "Feature", "geometry": {"type": "Point", "coordinates": [130.5, 48.5]}, "properties": {"elevation_m": 262.1, "risk": 0.1}}, {"type": "Feature", "geometry": {"type": "Point", "coordinates": [133.5, 45.5]}, "properties": {"elevation_m": 118.2, "risk": 0.1}}, {"type": "Feature", "geometry": {"type": "Point", "coordinates": [134.5, 45.5]}, "properties": {"elevation_m": 318.5, "risk": 0.1}}, {"type": "Feature", "geometry": {"type": "Point", "coordinates": [131.5, 45.5]}, "properties": {"elevation_m": 234.2, "risk": 0.1}}, {"type": "Feature", "geometry": {"type": "Point", "coordinates": [134.5, 46.5]}, "properties": {"elevation_m": 150.3, "risk": 0.1}}, {"type": "Feature", "geometry": {"type": "Point", "coordinates": [133.5, 48.5]}, "properties": {"elevation_m": 60.6, "risk": 0.1}}, {"type": "Feature", "geometry": {"type": "Point", "coordinates": [132.5, 45.5]}, "properties": {"elevation_m": 107.6, "risk": 0.1}}, {"type": "Feature", "geometry": {"type": "Point", "coordinates": [132.5, 47.5]}, "properties": {"elevation_m": 60.6, "risk": 0.1}}, {"type": "Feature", "geometry": {"type": "Point", "coordinates": [130.5, 45.5]}, "properties": {"elevation_m": 363.2, "risk": 0.1}}, {"type": "Feature", "geometry": {"type": "Point", "coordinates": [130.5, 49.5]}, "properties": {"elevation_m": 249.8, "risk": 0.1}}, {"type": "Feature", "geometry": {"type": "Point", "coordinates": [134.5, 49.5]}, "properties": {"elevation_m": 310.3, "risk": 0.1}}, {"type": "Feature", "geometry": {"type": "Point", "coordinates": [133.5, 47.5]}, "properties": {"elevation_m": 69.6, "risk": 0.1}}, {"type": "Feature", "geometry": {"type": "Point", "coordinates": [133.5, 49.5]}, "properties": {"elevation_m": 398.1, "risk": 0.1}}, {"type": "Feature", "geometry": {"type": "Point", "coordinates": [131.5, 48.5]}, "properties": {"elevation_m": 291.9, "risk": 0.1}}, {"type": "Feature", "geometry": {"type": "Point", "coordinates": [131.5, 47.5]}, "properties": {"elevation_m": 68.8, "risk": 0.1}}, {"type": "Feature", "geometry": {"type": "Point", "coordinates": [121.5, 51.5]}, "properties": {"elevation_m": 887.4, "risk": 0.1}}, {"type": "Feature", "geometry": {"type": "Point", "coordinates": [124.5, 52.5]}, "properties": {"elevation_m": 541.6, "risk": 0.1}}, {"type": "Feature", "geometry": {"type": "Point", "coordinates": [123.5, 51.5]}, "properties": {"elevation_m": 846.9, "risk": 0.1}}, {"type": "Feature", "geometry": {"type": "Point", "coordinates": [120.5, 51.5]}, "properties": {"elevation_m": 778.7, "risk": 0.1}}, {"type": "Feature", "geometry": {"type": "Point", "coordinates": [122.5, 54.5]}, "properties": {"elevation_m": 801.3, "risk": 0.1}}, {"type": "Feature", "geometry": {"type": "Point", "coordinates": [120.5, 53.5]}, "properties": {"elevation_m": 644.5, "risk": 0.1}}, {"type": "Feature", "geometry": {"type": "Point", "coordinates": [124.5, 53.5]}, "properties": {"elevation_m": 424.2, "risk": 0.1}}, {"type": "Feature", "geometry": {"type": "Point", "coordinates": [123.5, 50.5]}, "properties": {"elevation_m": 632.7, "risk": 0.1}}, {"type": "Feature", "geometry": {"type": "Point", "coordinates": [124.5, 51.5]}, "properties": {"elevation_m": 683.5, "risk": 0.1}}, {"type": "Feature", "geometry": {"type": "Point", "coordinates": [121.5, 50.5]}, "properties": {"elevation_m": 893.1, "risk": 0.1}}, {"type": "Feature", "geometry": {"type": "Point", "coordinates": [120.5, 54.5]}, "properties": {"elevation_m": 814.3, "risk": 0.1}}, {"type": "Feature", "geometry": {"type": "Point", "coordinates": [124.5, 54.5]}, "properties": {"elevation_m": 703.5, "risk": 0.1}}, {"type": "Feature", "geometry": {"type": "Point", "coordinates": [123.5, 54.5]}, "properties": {"elevation_m": 695.4, "risk": 0.1}}, {"type": "Feature", "geometry": {"type": "Point", "coordinates": [121.5, 52.5]}, "properties": {"elevation_m": 782.1, "risk": 0.1}}, {"type": "Feature", "geometry": {"type": "Point", "coordinates": [121.5, 54.5]}, "properties": {"elevation_m": 819.6, "risk": 0.1}}, {"type": "Feature", "geometry": {"type": "Point", "coordinates": [121.5, 53.5]}, "properties": {"elevation_m": 569.9, "risk": 0.1}}, {"type": "Feature", "geometry": {"type": "Point", "coordinates": [122.5, 53.5]}, "properties": {"elevation_m": 508.5, "risk": 0.1}}, {"type": "Feature", "geometry": {"type": "Point", "coordinates": [122.5, 52.5]}, "properties": {"elevation_m": 753.2, "risk": 0.1}}, {"type": "Feature", "geometry": {"type": "Point", "coordinates": [122.5, 50.5]}, "properties": {"elevation_m": 819.7, "risk": 0.1}}, {"type": "Feature", "geometry": {"type": "Point", "coordinates": [124.5, 50.5]}, "properties": {"elevation_m": 470.5, "risk": 0.1}}, {"type": "Feature", "geometry": {"type": "Point", "coordinates": [120.5, 50.5]}, "properties": {"elevation_m": 773.0, "risk": 0.1}}, {"type": "Feature", "geometry": {"type": "Point", "coordinates": [123.5, 53.5]}, "properties": {"elevation_m": 436.1, "risk": 0.1}}, {"type": "Feature", "geometry": {"type": "Point", "coordinates": [123.5, 52.5]}, "properties": {"elevation_m": 698.2, "risk": 0.1}}, {"type": "Feature", "geometry": {"type": "Point", "coordinates": [120.5, 52.5]}, "properties": {"elevation_m": 656.7, "risk": 0.1}}, {"type": "Feature", "geometry": {"type": "Point", "coordinates": [122.5, 51.5]}, "properties": {"elevation_m": 954.7, "risk": 0.1}}, {"type": "Feature", "geometry": {"type": "Point", "coordinates": [128.5, 52.5]}, "properties": {"elevation_m": 284.0, "risk": 0.1}}, {"type": "Feature", "geometry": {"type": "Point", "coordinates": [127.5, 50.5]}, "properties": {"elevation_m": 208.6, "risk": 0.1}}, {"type": "Feature", "geometry": {"type": "Point", "coordinates": [126.5, 52.5]}, "properties": {"elevation_m": 291.7, "risk": 0.1}}, {"type": "Feature", "geometry": {"type": "Point", "coordinates": [129.5, 52.5]}, "properties": {"elevation_m": 268.9, "risk": 0.1}}, {"type": "Feature", "geometry": {"type": "Point", "coordinates": [128.5, 50.5]}, "properties": {"elevation_m": 190.8, "risk": 0.1}}, {"type": "Feature", "geometry": {"type": "Point", "coordinates": [127.5, 51.5]}, "properties": {"elevation_m": 268.3, "risk": 0.1}}, {"type": "Feature", "geometry": {"type": "Point", "coordinates": [126.5, 54.5]}, "properties": {"elevation_m": 592.7, "risk": 0.1}}, {"type": "Feature", "geometry": {"type": "Point", "coordinates": [126.5, 51.5]}, "properties": {"elevation_m": 302.3, "risk": 0.1}}, {"type": "Feature", "geometry": {"type": "Point", "coordinates": [125.5, 54.5]}, "properties": {"elevation_m": 705.7, "risk": 0.1}}, {"type": "Feature", "geometry": {"type": "Point", "coordinates": [128.5, 53.5]}, "properties": {"elevation_m": 430.2, "risk": 0.1}}, {"type": "Feature", "geometry": {"type": "Point", "coordinates": [125.5, 52.5]}, "properties": {"elevation_m": 362.5, "risk": 0.1}}, {"type": "Feature", "geometry": {"type": "Point", "coordinates": [125.5, 50.5]}, "properties": {"elevation_m": 419.4, "risk": 0.1}}, {"type": "Feature", "geometry": {"type": "Point", "coordinates": [129.5, 53.5]}, "properties": {"elevation_m": 482.3, "risk": 0.1}}, {"type": "Feature", "geometry": {"type": "Point", "coordinates": [129.5, 54.5]}, "properties": {"elevation_m": 435.8, "risk": 0.1}}, {"type": "Feature", "geometry": {"type": "Point", "coordinates": [127.5, 52.5]}, "properties": {"elevation_m": 289.9, "risk": 0.1}}, {"type": "Feature", "geometry": {"type": "Point", "coordinates": [126.5, 53.5]}, "properties": {"elevation_m": 336.8, "risk": 0.1}}, {"type": "Feature", "geometry": {"type": "Point", "coordinates": [128.5, 51.5]}, "properties": {"elevation_m": 202.2, "risk": 0.1}}, {"type": "Feature", "geometry": {"type": "Point", "coordinates": [129.5, 50.5]}, "properties": {"elevation_m": 237.5, "risk": 0.1}}, {"type": "Feature", "geometry": {"type": "Point", "coordinates": [129.5, 51.5]}, "properties": {"elevation_m": 226.5, "risk": 0.1}}, {"type": "Feature", "geometry": {"type": "Point", "coordinates": [127.5, 53.5]}, "properties": {"elevation_m": 372.6, "risk": 0.1}}, {"type": "Feature", "geometry": {"type": "Point", "coordinates": [125.5, 51.5]}, "properties": {"elevation_m": 472.6, "risk": 0.1}}, {"type": "Feature", "geometry": {"type": "Point", "coordinates": [126.5, 50.5]}, "properties": {"elevation_m": 453.1, "risk": 0.1}}, {"type": "Feature", "geometry": {"type": "Point", "coordinates": [127.5, 54.5]}, "properties": {"elevation_m": 452.9, "risk": 0.1}}, {"type": "Feature", "geometry": {"type": "Point", "coordinates": [125.5, 53.5]}, "properties": {"elevation_m": 364.6, "risk": 0.1}}, {"type": "Feature", "geometry": {"type": "Point", "coordinates": [128.5, 54.5]}, "properties": {"elevation_m": 389.2, "risk": 0.1}}, {"type": "Feature", "geometry": {"type": "Point", "coordinates": [94.5, 22.5]}, "properties": {"elevation_m": 325.8, "risk": 0.1}}, {"type": "Feature", "geometry": {"type": "Point", "coordinates": [92.5, 22.5]}, "properties": {"elevation_m": 256.7, "risk": 0.1}}, {"type": "Feature", "geometry": {"type": "Point", "coordinates": [94.5, 24.5]}, "properties": {"elevation_m": 544.8, "risk": 0.1}}, {"type": "Feature", "geometry": {"type": "Point", "coordinates": [93.5, 22.5]}, "properties": {"elevation_m": 1156.7, "risk": 0.1}}, {"type": "Feature", "geometry": {"type": "Point", "coordinates": [90.5, 24.5]}, "properties": {"elevation_m": 12.8, "risk": 0.1}}, {"type": "Feature", "geometry": {"type": "Point", "coordinates": [90.5, 23.5]}, "properties": {"elevation_m": 7.6, "risk": 0.4}}, {"type": "Feature", "geometry": {"type": "Point", "coordinates": [94.5, 21.5]}, "properties": {"elevation_m": 343.7, "risk": 0.1}}, {"type": "Feature", "geometry": {"type": "Point", "coordinates": [92.5, 24.5]}, "properties": {"elevation_m": 104.7, "risk": 0.1}}, {"type": "Feature", "geometry": {"type": "Point", "coordinates": [93.5, 23.5]}, "properties": {"elevation_m": 1163.6, "risk": 0.1}}, {"type": "Feature", "geometry": {"type": "Point", "coordinates": [91.5, 23.5]}, "properties": {"elevation_m": 60.0, "risk": 0.1}}, {"type": "Feature", "geometry": {"type": "Point", "coordinates": [92.5, 21.5]}, "properties": {"elevation_m": 188.6, "risk": 0.1}}, {"type": "Feature", "geometry": {"type": "Point", "coordinates": [90.5, 22.5]}, "properties": {"elevation_m": 5.4, "risk": 0.4}}, {"type": "Feature", "geometry": {"type": "Point", "coordinates": [93.5, 21.5]}, "properties": {"elevation_m": 1046.9, "risk": 0.1}}, {"type": "Feature", "geometry": {"type": "Point", "coordinates": [92.5, 23.5]}, "properties": {"elevation_m": 415.1, "risk": 0.1}}, {"type": "Feature", "geometry": {"type": "Point", "coordinates": [91.5, 24.5]}, "properties": {"elevation_m": 19.6, "risk": 0.1}}, {"type": "Feature", "geometry": {"type": "Point", "coordinates": [93.5, 20.5]}, "properties": {"elevation_m": 351.7, "risk": 0.1}}, {"type": "Feature", "geometry": {"type": "Point", "coordinates": [92.5, 20.5]}, "properties": {"elevation_m": 25.5, "risk": 0.1}}, {"type": "Feature", "geometry": {"type": "Point", "coordinates": [93.5, 24.5]}, "properties": {"elevation_m": 734.0, "risk": 0.1}}, {"type": "Feature", "geometry": {"type": "Point", "coordinates": [91.5, 22.5]}, "properties": {"elevation_m": 13.7, "risk": 0.1}}, {"type": "Feature", "geometry": {"type": "Point", "coordinates": [91.5, 21.5]}, "properties": {"elevation_m": 0.5, "risk": 1.0}}, {"type": "Feature", "geometry": {"type": "Point", "coordinates": [94.5, 20.5]}, "properties": {"elevation_m": 289.2, "risk": 0.1}}, {"type": "Feature", "geometry": {"type": "Point", "coordinates": [94.5, 23.5]}, "properties": {"elevation_m": 319.6, "risk": 0.1}}, {"type": "Feature", "geometry": {"type": "Point", "coordinates": [90.5, 21.5]}, "properties": {"elevation_m": 0.5, "risk": 1.0}}, {"type": "Feature", "geometry": {"type": "Point", "coordinates": [110.5, 24.5]}, "properties": {"elevation_m": 406.6, "risk": 0.1}}, {"type": "Feature", "geometry": {"type": "Point", "coordinates": [110.5, 23.5]}, "properties": {"elevation_m": 185.0, "risk": 0.1}}, {"type": "Feature", "geometry": {"type": "Point", "coordinates": [114.5, 23.5]}, "properties": {"elevation_m": 187.1, "risk": 0.1}}, {"type": "Feature", "geometry": {"type": "Point", "coordinates": [114.5, 22.5]}, "properties": {"elevation_m": 53.7, "risk": 0.1}}, {"type": "Feature", "geometry": {"type": "Point", "coordinates": [111.5, 21.5]}, "properties": {"elevation_m": 49.0, "risk": 0.1}}, {"type": "Feature", "geometry": {"type": "Point", "coordinates": [114.5, 21.5]}, "properties": {"elevation_m": 0.1, "risk": 1.0}}, {"type": "Feature", "geometry": {"type": "Point", "coordinates": [112.5, 22.5]}, "properties": {"elevation_m": 113.5, "risk": 0.1}}, {"type": "Feature", "geometry": {"type": "Point", "coordinates": [110.5, 20.5]}, "properties": {"elevation_m": 16.4, "risk": 0.1}}, {"type": "Feature", "geometry": {"type": "Point", "coordinates": [110.5, 21.5]}, "properties": {"elevation_m": 29.7, "risk": 0.1}}, {"type": "Feature", "geometry": {"type": "Point", "coordinates": [111.5, 23.5]}, "properties": {"elevation_m": 201.4, "risk": 0.1}}, {"type": "Feature", "geometry": {"type": "Point", "coordinates": [113.5, 24.5]}, "properties": {"elevation_m": 327.8, "risk": 0.1}}, {"type": "Feature", "geometry": {"type": "Point", "coordinates": [112.5, 23.5]}, "properties": {"elevation_m": 180.5, "risk": 0.1}}, {"type": "Feature", "geometry": {"type": "Point", "coordinates": [111.5, 22.5]}, "properties": {"elevation_m": 288.6, "risk": 0.1}}, {"type": "Feature", "geometry": {"type": "Point", "coordinates": [110.5, 22.5]}, "properties": {"elevation_m": 210.0, "risk": 0.1}}, {"type": "Feature", "geometry": {"type": "Point", "coordinates": [113.5, 21.5]}, "properties": {"elevation_m": 1.0, "risk": 1.0}}, {"type": "Feature", "geometry": {"type": "Point", "coordinates": [113.5, 23.5]}, "properties": {"elevation_m": 134.6, "risk": 0.1}}, {"type": "Feature", "geometry": {"type": "Point", "coordinates": [112.5, 21.5]}, "properties": {"elevation_m": 16.9, "risk": 0.1}}, {"type": "Feature", "geometry": {"type": "Point", "coordinates": [111.5, 24.5]}, "properties": {"elevation_m": 448.9, "risk": 0.1}}, {"type": "Feature", "geometry": {"type": "Point", "coordinates": [114.5, 24.5]}, "properties": {"elevation_m": 416.3, "risk": 0.1}}, {"type": "Feature", "geometry": {"type": "Point", "coordinates": [112.5, 24.5]}, "properties": {"elevation_m": 489.7, "risk": 0.1}}, {"type": "Feature", "geometry": {"type": "Point", "coordinates": [113.5, 22.5]}, "properties": {"elevation_m": 19.2, "risk": 0.1}}, {"type": "Feature", "geometry": {"type": "Point", "coordinates": [93.5, 32.5]}, "properties": {"elevation_m": 4850.0, "risk": 0.1}}, {"type": "Feature", "geometry": {"type": "Point", "coordinates": [90.5, 31.5]}, "properties": {"elevation_m": 4815.6, "risk": 0.1}}, {"type": "Feature", "geometry": {"type": "Point", "coordinates": [90.5, 30.5]}, "properties": {"elevation_m": 5007.9, "risk": 0.1}}, {"type": "Feature", "geometry": {"type": "Point", "coordinates": [92.5, 34.5]}, "properties": {"elevation_m": 4737.5, "risk": 0.1}}, {"type": "Feature", "geometry": {"type": "Point", "coordinates": [92.5, 33.5]}, "properties": {"elevation_m": 4845.3, "risk": 0.1}}, {"type": "Feature", "geometry": {"type": "Point", "coordinates": [90.5, 34.5]}, "properties": {"elevation_m": 5076.4, "risk": 0.1}}, {"type": "Feature", "geometry": {"type": "Point", "coordinates": [94.5, 34.5]}, "properties": {"elevation_m": 4627.9, "risk": 0.1}}, {"type": "Feature", "geometry": {"type": "Point", "coordinates": [93.5, 31.5]}, "properties": {"elevation_m": 4838.2, "risk": 0.1}}, {"type": "Feature", "geometry": {"type": "Point", "coordinates": [90.5, 33.5]}, "properties": {"elevation_m": 5145.8, "risk": 0.1}}, {"type": "Feature", "geometry": {"type": "Point", "coordinates": [91.5, 30.5]}, "properties": {"elevation_m": 4919.4, "risk": 0.1}}, {"type": "Feature", "geometry": {"type": "Point", "coordinates": [94.5, 31.5]}, "properties": {"elevation_m": 4699.3, "risk": 0.1}}, {"type": "Feature", "geometry": {"type": "Point", "coordinates": [91.5, 32.5]}, "properties": {"elevation_m": 4917.4, "risk": 0.1}}, {"type": "Feature", "geometry": {"type": "Point", "coordinates": [94.5, 30.5]}, "properties": {"elevation_m": 4558.8, "risk": 0.1}}, {"type": "Feature", "geometry": {"type": "Point", "coordinates": [90.5, 32.5]}, "properties": {"elevation_m": 4881.1, "risk": 0.1}}, {"type": "Feature", "geometry": {"type": "Point", "coordinates": [93.5, 34.5]}, "properties": {"elevation_m": 4603.2, "risk": 0.1}}, {"type": "Feature", "geometry": {"type": "Point", "coordinates": [93.5, 30.5]}, "properties": {"elevation_m": 4942.5, "risk": 0.1}}, {"type": "Feature", "geometry": {"type": "Point", "coordinates": [94.5, 32.5]}, "properties": {"elevation_m": 4919.6, "risk": 0.1}}, {"type": "Feature", "geometry": {"type": "Point", "coordinates": [91.5, 33.5]}, "properties": {"elevation_m": 5166.1, "risk": 0.1}}, {"type": "Feature", "geometry": {"type": "Point", "coordinates": [92.5, 32.5]}, "properties": {"elevation_m": 5022.9, "risk": 0.1}}, {"type": "Feature", "geometry": {"type": "Point", "coordinates": [93.5, 33.5]}, "properties": {"elevation_m": 4736.5, "risk": 0.1}}, {"type": "Feature", "geometry": {"type": "Point", "coordinates": [92.5, 31.5]}, "properties": {"elevation_m": 4778.1, "risk": 0.1}}, {"type": "Feature", "geometry": {"type": "Point", "coordinates": [91.5, 31.5]}, "properties": {"elevation_m": 4750.9, "risk": 0.1}}, {"type": "Feature", "geometry": {"type": "Point", "coordinates": [92.5, 30.5]}, "properties": {"elevation_m": 5065.0, "risk": 0.1}}, {"type": "Feature", "geometry": {"type": "Point", "coordinates": [91.5, 34.5]}, "properties": {"elevation_m": 4901.4, "risk": 0.1}}, {"type": "Feature", "geometry": {"type": "Point", "coordinates": [94.5, 33.5]}, "properties": {"elevation_m": 4820.4, "risk": 0.1}}, {"type": "Feature", "geometry": {"type": "Point", "coordinates": [112.5, 34.5]}, "properties": {"elevation_m": 335.4, "risk": 0.1}}, {"type": "Feature", "geometry": {"type": "Point", "coordinates": [113.5, 31.5]}, "properties": {"elevation_m": 139.1, "risk": 0.1}}, {"type": "Feature", "geometry": {"type": "Point", "coordinates": [114.5, 31.5]}, "properties": {"elevation_m": 143.4, "risk": 0.1}}, {"type": "Feature", "geometry": {"type": "Point", "coordinates": [110.5, 32.5]}, "properties": {"elevation_m": 627.5, "risk": 0.1}}, {"type": "Feature", "geometry": {"type": "Point", "coordinates": [112.5, 33.5]}, "properties": {"elevation_m": 431.9, "risk": 0.1}}, {"type": "Feature", "geometry": {"type": "Point", "coordinates": [110.5, 31.5]}, "properties": {"elevation_m": 1240.0, "risk": 0.1}}, {"type": "Feature", "geometry": {"type": "Point", "coordinates": [112.5, 30.5]}, "properties": {"elevation_m": 44.7, "risk": 0.1}}, {"type": "Feature", "geometry": {"type": "Point", "coordinates": [110.5, 34.5]}, "properties": {"elevation_m": 817.9, "risk": 0.1}}, {"type": "Feature", "geometry": {"type": "Point", "coordinates": [111.5, 34.5]}, "properties": {"elevation_m": 742.3, "risk": 0.1}}, {"type": "Feature", "geometry": {"type": "Point", "coordinates": [111.5, 30.5]}, "properties": {"elevation_m": 249.5, "risk": 0.1}}, {"type": "Feature", "geometry": {"type": "Point", "coordinates": [112.5, 31.5]}, "properties": {"elevation_m": 138.7, "risk": 0.1}}, {"type": "Feature", "geometry": {"type": "Point", "coordinates": [113.5, 34.5]}, "properties": {"elevation_m": 198.7, "risk": 0.1}}, {"type": "Feature", "geometry": {"type": "Point", "coordinates": [112.5, 32.5]}, "properties": {"elevation_m": 115.1, "risk": 0.1}}, {"type": "Feature", "geometry": {"type": "Point", "coordinates": [113.5, 33.5]}, "properties": {"elevation_m": 121.9, "risk": 0.1}}, {"type": "Feature", "geometry": {"type": "Point", "coordinates": [114.5, 30.5]}, "properties": {"elevation_m": 34.3, "risk": 0.1}}, {"type": "Feature", "geometry": {"type": "Point", "coordinates": [114.5, 34.5]}, "properties": {"elevation_m": 66.8, "risk": 0.1}}, {"type": "Feature", "geometry": {"type": "Point", "coordinates": [113.5, 30.5]}, "properties": {"elevation_m": 31.6, "risk": 0.1}}, {"type": "Feature", "geometry": {"type": "Point", "coordinates": [110.5, 30.5]}, "properties": {"elevation_m": 1098.9, "risk": 0.1}}, {"type": "Feature", "geometry": {"type": "Point", "coordinates": [114.5, 33.5]}, "properties": {"elevation_m": 51.1, "risk": 0.1}}, {"type": "Feature", "geometry": {"type": "Point", "coordinates": [110.5, 33.5]}, "properties": {"elevation_m": 909.5, "risk": 0.1}}, {"type": "Feature", "geometry": {"type": "Point", "coordinates": [111.5, 32.5]}, "properties": {"elevation_m": 297.5, "risk": 0.1}}, {"type": "Feature", "geometry": {"type": "Point", "coordinates": [111.5, 31.5]}, "properties": {"elevation_m": 664.1, "risk": 0.1}}, {"type": "Feature", "geometry": {"type": "Point", "coordinates": [113.5, 32.5]}, "properties": {"elevation_m": 209.9, "risk": 0.1}}, {"type": "Feature", "geometry": {"type": "Point", "coordinates": [114.5, 32.5]}, "properties": {"elevation_m": 64.5, "risk": 0.1}}, {"type": "Feature", "geometry": {"type": "Point", "coordinates": [111.5, 33.5]}, "properties": {"elevation_m": 738.4, "risk": 0.1}}, {"type": "Feature", "geometry": {"type": "Point", "coordinates": [104.5, 39.5]}, "properties": {"elevation_m": 1335.3, "risk": 0.1}}, {"type": "Feature", "geometry": {"type": "Point", "coordinates": [104.5, 37.5]}, "properties": {"elevation_m": 1597.1, "risk": 0.1}}, {"type": "Feature", "geometry": {"type": "Point", "coordinates": [101.5, 37.5]}, "properties": {"elevation_m": 3434.6, "risk": 0.1}}, {"type": "Feature", "geometry": {"type": "Point", "coordinates": [100.5, 37.5]}, "properties": {"elevation_m": 3613.6, "risk": 0.1}}, {"type": "Feature", "geometry": {"type": "Point", "coordinates": [100.5, 39.5]}, "properties": {"elevation_m": 1547.2, "risk": 0.1}}, {"type": "Feature", "geometry": {"type": "Point", "coordinates": [102.5, 35.5]}, "properties": {"elevation_m": 3060.3, "risk": 0.1}}, {"type": "Feature", "geometry": {"type": "Point", "coordinates": [103.5, 39.5]}, "properties": {"elevation_m": 1394.7, "risk": 0.1}}, {"type": "Feature", "geometry": {"type": "Point", "coordinates": [104.5, 36.5]}, "properties": {"elevation_m": 1800.1, "risk": 0.1}}, {"type": "Feature", "geometry": {"type": "Point", "coordinates": [103.5, 38.5]}, "properties": {"elevation_m": 1396.9, "risk": 0.1}}, {"type": "Feature", "geometry": {"type": "Point", "coordinates": [104.5, 35.5]}, "properties": {"elevation_m": 2122.8, "risk": 0.1}}, {"type": "Feature", "geometry": {"type": "Point", "coordinates": [100.5, 36.5]}, "properties": {"elevation_m": 3203.0, "risk": 0.1}}, {"type": "Feature", "geometry": {"type": "Point", "coordinates": [102.5, 37.5]}, "properties": {"elevation_m": 2823.8, "risk": 0.1}}, {"type": "Feature", "geometry": {"type": "Point", "coordinates": [101.5, 36.5]}, "properties": {"elevation_m": 2972.4, "risk": 0.1}}, {"type": "Feature", "geometry": {"type": "Point", "coordinates": [103.5, 35.5]}, "properties": {"elevation_m": 2380.9, "risk": 0.1}}, {"type": "Feature", "geometry": {"type": "Point", "coordinates": [101.5, 35.5]}, "properties": {"elevation_m": 3579.7, "risk": 0.1}}, {"type": "Feature", "geometry": {"type": "Point", "coordinates": [103.5, 37.5]}, "properties": {"elevation_m": 2066.1, "risk": 0.1}}, {"type": "Feature", "geometry": {"type": "Point", "coordinates": [101.5, 38.5]}, "properties": {"elevation_m": 2336.2, "risk": 0.1}}, {"type": "Feature", "geometry": {"type": "Point", "coordinates": [102.5, 36.5]}, "properties": {"elevation_m": 2731.9, "risk": 0.1}}, {"type": "Feature", "geometry": {"type": "Point", "coordinates": [102.5, 39.5]}, "properties": {"elevation_m": 1446.1, "risk": 0.1}}, {"type": "Feature", "geometry": {"type": "Point", "coordinates": [103.5, 36.5]}, "properties": {"elevation_m": 2080.5, "risk": 0.1}}, {"type": "Feature", "geometry": {"type": "Point", "coordinates": [100.5, 38.5]}, "properties": {"elevation_m": 2675.3, "risk": 0.1}}, {"type": "Feature", "geometry": {"type": "Point", "coordinates": [104.5, 38.5]}, "properties": {"elevation_m": 1361.4, "risk": 0.1}}, {"type": "Feature", "geometry": {"type": "Point", "coordinates": [101.5, 39.5]}, "properties": {"elevation_m": 1442.1, "risk": 0.1}}, {"type": "Feature", "geometry": {"type": "Point", "coordinates": [102.5, 38.5]}, "properties": {"elevation_m": 1531.0, "risk": 0.1}}, {"type": "Feature", "geometry": {"type": "Point", "coordinates": [100.5, 35.5]}, "properties": {"elevation_m": 3355.0, "risk": 0.1}}]}