{"type": "FeatureCollection", "features": [{"type": "Feature", "geometry": {"type": "Point", "coordinates": [72.5, 53.99324324324324]}, "properties": {"depth_m": 0.006}}, {"type": "Feature", "geometry": {"type": "Point", "coordinates": [73.5, 53.99324324324324]}, "properties": {"depth_m": 0.007}}, {"type": "Feature", "geometry": {"type": "Point", "coordinates": [74.5, 53.99324324324324]}, "properties": {"depth_m": 0.016}}, {"type": "Feature", "geometry": {"type": "Point", "coordinates": [75.5, 53.99324324324324]}, "properties": {"depth_m": 0.02}}, {"type": "Feature", "geometry": {"type": "Point", "coordinates": [76.5, 53.99324324324324]}, "properties": {"depth_m": 0.008}}, {"type": "Feature", "geometry": {"type": "Point", "coordinates": [77.5, 53.99324324324324]}, "properties": {"depth_m": 0.01}}, {"type": "Feature", "geometry": {"type": "Point", "coordinates": [78.5, 53.99324324324324]}, "properties": {"depth_m": 0.015}}, {"type": "Feature", "geometry": {"type": "Point", "coordinates": [79.5, 53.99324324324324]}, "properties": {"depth_m": 0.013}}, {"type": "Feature", "geometry": {"type": "Point", "coordinates": [80.5, 53.99324324324324]}, "properties": {"depth_m": 0.005}}, {"type": "Feature", "geometry": {"type": "Point", "coordinates": [81.5, 53.99324324324324]}, "properties": {"depth_m": 0.06}}, {"type": "Feature", "geometry": {"type": "Point", "coordinates": [82.5, 53.99324324324324]}, "properties": {"depth_m": 0.042}}, {"type": "Feature", "geometry": {"type": "Point", "coordinates": [83.5, 53.99324324324324]}, "properties": {"depth_m": 0.019}}, {"type": "Feature", "geometry": {"type": "Point", "coordinates": [84.5, 53.99324324324324]}, "properties": {"depth_m": 0.009}}, {"type": "Feature", "geometry": {"type": "Point", "coordinates": [85.5, 53.99324324324324]}, "properties": {"depth_m": 0.005}}, {"type": "Feature", "geometry": {"type": "Point", "coordinates": [86.5, 53.99324324324324]}, "properties": {"depth_m": 0.004}}, {"type": "Feature", "geometry": {"type": "Point", "coordinates": [87.5, 53.99324324324324]}, "properties": {"depth_m": 0.067}}, {"type": "Feature", "geometry": {"type": "Point", "coordinates": [88.5, 53.99324324324324]}, "properties": {"depth_m": 0.008}}, {"type": "Feature", "geometry": {"type": "Point", "coordinates": [89.5, 53.99324324324324]}, "properties": {"depth_m": 0.003}}, {"type": "Feature", "geometry": {"type": "Point", "coordinates": [90.5, 53.99324324324324]}, "properties": {"depth_m": 0.105}}, {"type": "Feature", "geometry": {"type": "Point", "coordinates": [91.5, 53.99324324324324]}, "properties": {"depth_m": 0.667}}, {"type": "Feature", "geometry": {"type": "Point", "coordinates": [92.5, 53.99324324324324]}, "properties": {"depth_m": 0.089}}, {"type": "Feature", "geometry": {"type": "Point", "coordinates": [93.5, 53.99324324324324]}, "properties": {"depth_m": 0.018}}, {"type": "Feature", "geometry": {"type": "Point", "coordinates": [94.5, 53.99324324324324]}, "properties": {"depth_m": 0.014}}, {"type": "Feature", "geometry": {"type": "Point", "coordinates": [95.5, 53.99324324324324]}, "properties": {"depth_m": 0.008}}, {"type": "Feature", "geometry": {"type": "Point", "coordinates": [96.5, 53.99324324324324]}, "properties": {"depth_m": 0.004}}, {"type": "Feature", "geometry": {"type": "Point", "coordinates": [97.5, 53.99324324324324]}, "properties": {"depth_m": 0.006}}, {"type": "Feature", "geometry": {"type": "Point", "coordinates": [98.5, 53.99324324324324]}, "properties": {"depth_m": 0.014}}, {"type": "Feature", "geometry": {"type": "Point", "coordinates": [99.5, 53.99324324324324]}, "properties": {"depth_m": 0.008}}, {"type": "Feature", "geometry": {"type": "Point", "coordinates": [100.5, 53.99324324324324]}, "properties": {"depth_m": 0.021}}, {"type": "Feature", "geometry": {"type": "Point", "coordinates": [101.5, 53.99324324324324]}, "properties": {"depth_m": 0.214}}, {"type": "Feature", "geometry": {"type": "Point", "coordinates": [102.5, 53.99324324324324]}, "properties": {"depth_m": 0.832}}, {"type": "Feature", "geometry": {"type": "Point", "coordinates": [103.5, 53.99324324324324]}, "properties": {"depth_m": 2.02}}, {"type": "Feature", "geometry": {"type": "Point", "coordinates": [104.5, 53.99324324324324]}, "properties": {"depth_m": 0.036}}, {"type": "Feature", "geometry": {"type": "Point", "coordinates": [105.5, 53.99324324324324]}, "properties": {"depth_m": 0.017}}, {"type": "Feature", "geometry": {"type": "Point", "coordinates": [106.5, 53.99324324324324]}, "properties": {"depth_m": 0.011}}, {"type": "Feature", "geometry": {"type": "Point", "coordinates": [107.5, 53.99324324324324]}, "properties": {"depth_m": 0.031}}, {"type": "Feature", "geometry": {"type": "Point", "coordinates": [108.5, 53.99324324324324]}, "properties": {"depth_m": 0.016}}, {"type": "Feature", "geometry": {"type": "Point", "coordinates": [109.5, 53.99324324324324]}, "properties": {"depth_m": 0.033}}, {"type": "Feature", "geometry": {"type": "Point", "coordinates": [110.5, 53.99324324324324]}, "properties": {"depth_m": 0.019}}, {"type": "Feature", "geometry": {"type": "Point", "coordinates": [111.5, 53.99324324324324]}, "properties": {"depth_m": 0.007}}, {"type": "Feature", "geometry": {"type": "Point", "coordinates": [112.5, 53.99324324324324]}, "properties": {"depth_m": 0.008}}, {"type": "Feature", "geometry": {"type": "Point", "coordinates": [113.5, 53.99324324324324]}, "properties": {"depth_m": 0.017}}, {"type": "Feature", "geometry": {"type": "Point", "coordinates": [114.5, 53.99324324324324]}, "properties": {"depth_m": 0.031}}, {"type": "Feature", "geometry": {"type": "Point", "coordinates": [115.5, 53.99324324324324]}, "properties": {"depth_m": 0.025}}, {"type": "Feature", "geometry": {"type": "Point", "coordinates": [116.5, 53.99324324324324]}, "properties": {"depth_m": 0.015}}, {"type": "Feature", "geometry": {"type": "Point", "coordinates": [117.5, 53.99324324324324]}, "properties": {"depth_m": 0.005}}, {"type": "Feature", "geometry": {"type": "Point", "coordinates": [118.5, 53.99324324324324]}, "properties": {"depth_m": 0.007}}, {"type": "Feature", "geometry": {"type": "Point", "coordinates": [119.5, 53.99324324324324]}, "properties": {"depth_m": 0.007}}, {"type": "Feature", "geometry": {"type": "Point", "coordinates": [120.5, 53.99324324324324]}, "properties": {"depth_m": 0.018}}, {"type": "Feature", "geometry": {"type": "Point", "coordinates": [121.5, 53.99324324324324]}, "properties": {"depth_m": 0.018}}, {"type": "Feature", "geometry": {"type": "Point", "coordinates": [122.5, 53.99324324324324]}, "properties": {"depth_m": 0.019}}, {"type": "Feature", "geometry": {"type": "Point", "coordinates": [123.5, 53.99324324324324]}, "properties": {"depth_m": 0.04}}, {"type": "Feature", "geometry": {"type": "Point", "coordinates": [124.5, 53.99324324324324]}, "properties": {"depth_m": 0.005}}, {"type": "Feature", "geometry": {"type": "Point", "coordinates": [125.5, 53.99324324324324]}, "properties": {"depth_m": 0.01}}, {"type": "Feature", "geometry": {"type": "Point", "coordinates": [126.5, 53.99324324324324]}, "properties": {"depth_m": 0.42}}, {"type": "Feature", "geometry": {"type": "Point", "coordinates": [127.5, 53.99324324324324]}, "properties": {"depth_m": 1.596}}, {"type": "Feature", "geometry": {"type": "Point", "coordinates": [128.5, 53.99324324324324]}, "properties": {"depth_m": 0.433}}, {"type": "Feature", "geometry": {"type": "Point", "coordinates": [129.5, 53.99324324324324]}, "properties": {"depth_m": 0.02}}, {"type": "Feature", "geometry": {"type": "Point", "coordinates": [130.5, 53.99324324324324]}, "properties": {"depth_m": 0.006}}, {"type": "Feature", "geometry": {"type": "Point", "coordinates": [131.5, 53.99324324324324]}, "properties": {"depth_m": 0.008}}, {"type": "Feature", "geometry": {"type": "Point", "coordinates": [132.5, 53.99324324324324]}, "properties": {"depth_m": 0.021}}, {"type": "Feature", "geometry": {"type": "Point", "coordinates": [133.5, 53.99324324324324]}, "properties": {"depth_m": 0.033}}, {"type": "Feature", "geometry": {"type": "Point", "coordinates": [134.5, 53.99324324324324]}, "properties": {"depth_m": 0.014}}, {"type": "Feature", "geometry": {"type": "Point", "coordinates": [135.5, 53.99324324324324]}, "properties": {"depth_m": 0.005}}, {"type": "Feature", "geometry": {"type": "Point", "coordinates": [136.5, 53.99324324324324]}, "properties": {"depth_m": 0.008}}, {"type": "Feature", "geometry": {"type": "Point", "coordinates": [72.5, 52.979729729729726]}, "properties": {"depth_m": 0.009}}, {"type": "Feature", "geometry": {"type": "Point", "coordinates": [73.5, 52.979729729729726]}, "properties": {"depth_m": 0.037}}, {"type": "Feature", "geometry": {"type": "Point", "coordinates": [74.5, 52.979729729729726]}, "properties": {"depth_m": 0.005}}, {"type": "Feature", "geometry": {"type": "Point", "coordinates": [75.5, 52.979729729729726]}, "properties": {"depth_m": 0.034}}, {"type": "Feature", "geometry": {"type": "Point", "coordinates": [76.5, 52.979729729729726]}, "properties": {"depth_m": 0.047}}, {"type": "Feature", "geometry": {"type": "Point", "coordinates": [77.5, 52.979729729729726]}, "properties": {"depth_m": 0.045}}, {"type": "Feature", "geometry": {"type": "Point", "coordinates": [78.5, 52.979729729729726]}, "properties": {"depth_m": 0.021}}, {"type": "Feature", "geometry": {"type": "Point", "coordinates": [79.5, 52.979729729729726]}, "properties": {"depth_m": 0.013}}, {"type": "Feature", "geometry": {"type": "Point", "coordinates": [80.5, 52.979729729729726]}, "properties": {"depth_m": 0.005}}, {"type": "Feature", "geometry": {"type": "Point", "coordinates": [81.5, 52.979729729729726]}, "properties": {"depth_m": 0.007}}, {"type": "Feature", "geometry": {"type": "Point", "coordinates": [82.5, 52.979729729729726]}, "properties": {"depth_m": 0.021}}, {"type": "Feature", "geometry": {"type": "Point", "coordinates": [83.5, 52.979729729729726]}, "properties": {"depth_m": 0.05}}, {"type": "Feature", "geometry": {"type": "Point", "coordinates": [84.5, 52.979729729729726]}, "properties": {"depth_m": 0.009}}, {"type": "Feature", "geometry": {"type": "Point", "coordinates": [85.5, 52.979729729729726]}, "properties": {"depth_m": 0.011}}, {"type": "Feature", "geometry": {"type": "Point", "coordinates": [86.5, 52.979729729729726]}, "properties": {"depth_m": 0.03}}, {"type": "Feature", "geometry": {"type": "Point", "coordinates": [87.5, 52.979729729729726]}, "properties": {"depth_m": 0.018}}, {"type": "Feature", "geometry": {"type": "Point", "coordinates": [88.5, 52.979729729729726]}, "properties": {"depth_m": 0.008}}, {"type": "Feature", "geometry": {"type": "Point", "coordinates": [89.5, 52.979729729729726]}, "properties": {"depth_m": 0.007}}, {"type": "Feature", "geometry": {"type": "Point", "coordinates": [90.5, 52.979729729729726]}, "properties": {"depth_m": 0.029}}, {"type": "Feature", "geometry": {"type": "Point", "coordinates": [91.5, 52.979729729729726]}, "properties": {"depth_m": 0.533}}, {"type": "Feature", "geometry": {"type": "Point", "coordinates": [92.5, 52.979729729729726]}, "properties": {"depth_m": 0.055}}, {"type": "Feature", "geometry": {"type": "Point", "coordinates": [93.5, 52.979729729729726]}, "properties": {"depth_m": 0.009}}, {"type": "Feature", "geometry": {"type": "Point", "coordinates": [94.5, 52.979729729729726]}, "properties": {"depth_m": 0.006}}, {"type": "Feature", "geometry": {"type": "Point", "coordinates": [95.5, 52.979729729729726]}, "properties": {"depth_m": 0.021}}, {"type": "Feature", "geometry": {"type": "Point", "coordinates": [96.5, 52.979729729729726]}, "properties": {"depth_m": 0.024}}, {"type": "Feature", "geometry": {"type": "Point", "coordinates": [97.5, 52.979729729729726]}, "properties": {"depth_m": 0.013}}, {"type": "Feature", "geometry": {"type": "Point", "coordinates": [98.5, 52.979729729729726]}, "properties": {"depth_m": 0.006}}, {"type": "Feature", "geometry": {"type": "Point", "coordinates": [99.5, 52.979729729729726]}, "properties": {"depth_m": 0.009}}, {"type": "Feature", "geometry": {"type": "Point", "coordinates": [100.5, 52.979729729729726]}, "properties": {"depth_m": 0.012}}, {"type": "Feature", "geometry": {"type": "Point", "coordinates": [101.5, 52.979729729729726]}, "properties": {"depth_m": 0.013}}, {"type": "Feature", "geometry": {"type": "Point", "coordinates": [102.5, 52.979729729729726]}, "properties": {"depth_m": 0.074}}, {"type": "Feature", "geometry": {"type": "Point", "coordinates": [103.5, 52.979729729729726]}, "properties": {"depth_m": 0.531}}, {"type": "Feature", "geometry": {"type": "Point", "coordinates": [104.5, 52.979729729729726]}, "properties": {"depth_m": 0.213}}, {"type": "Feature", "geometry": {"type": "Point", "coordinates": [105.5, 52.979729729729726]}, "properties": {"depth_m": 0.009}}, {"type": "Feature", "geometry": {"type": "Point", "coordinates": [106.5, 52.979729729729726]}, "properties": {"depth_m": 0.011}}, {"type": "Feature", "geometry": {"type": "Point", "coordinates": [107.5, 52.979729729729726]}, "properties": {"depth_m": 0.03}}, {"type": "Feature", "geometry": {"type": "Point", "coordinates": [108.5, 52.979729729729726]}, "properties": {"depth_m": 0.016}}, {"type": "Feature", "geometry": {"type": "Point", "coordinates": [109.5, 52.979729729729726]}, "properties": {"depth_m": 0.007}}, {"type": "Feature", "geometry": {"type": "Point", "coordinates": [110.5, 52.979729729729726]}, "properties": {"depth_m": 0.003}}, {"type": "Feature", "geometry": {"type": "Point", "coordinates": [111.5, 52.979729729729726]}, "properties": {"depth_m": 0.015}}, {"type": "Feature", "geometry": {"type": "Point", "coordinates": [112.5, 52.979729729729726]}, "properties": {"depth_m": 0.016}}, {"type": "Feature", "geometry": {"type": "Point", "coordinates": [113.5, 52.979729729729726]}, "properties": {"depth_m": 0.018}}, {"type": "Feature", "geometry": {"type": "Point", "coordinates": [114.5, 52.979729729729726]}, "properties": {"depth_m": 0.004}}, {"type": "Feature", "geometry": {"type": "Point", "coordinates": [115.5, 52.979729729729726]}, "properties": {"depth_m": 0.013}}, {"type": "Feature", "geometry": {"type": "Point", "coordinates": [116.5, 52.979729729729726]}, "properties": {"depth_m": 0.011}}, {"type": "Feature", "geometry": {"type": "Point", "coordinates": [117.5, 52.979729729729726]}, "properties": {"depth_m": 0.003}}, {"type": "Feature", "geometry": {"type": "Point", "coordinates": [118.5, 52.979729729729726]}, "properties": {"depth_m": 0.025}}, {"type": "Feature", "geometry": {"type": "Point", "coordinates": [119.5, 52.979729729729726]}, "properties": {"depth_m": 0.034}}, {"type": "Feature", "geometry": {"type": "Point", "coordinates": [120.5, 52.979729729729726]}, "properties": {"depth_m": 0.052}}, {"type": "Feature", "geometry": {"type": "Point", "coordinates": [121.5, 52.979729729729726]}, "properties": {"depth_m": 0.04}}, {"type": "Feature", "geometry": {"type": "Point", "coordinates": [122.5, 52.979729729729726]}, "properties": {"depth_m": 0.024}}, {"type": "Feature", "geometry": {"type": "Point", "coordinates": [123.5, 52.979729729729726]}, "properties": {"depth_m": 0.025}}, {"type": "Feature", "geometry": {"type": "Point", "coordinates": [124.5, 52.979729729729726]}, "properties": {"depth_m": 0.047}}, {"type": "Feature", "geometry": {"type": "Point", "coordinates": [125.5, 52.979729729729726]}, "properties": {"depth_m": 0.047}}, {"type": "Feature", "geometry": {"type": "Point", "coordinates": [126.5, 52.979729729729726]}, "properties": {"depth_m": 0.222}}, {"type": "Feature", "geometry": {"type": "Point", "coordinates": [127.5, 52.979729729729726]}, "properties": {"depth_m": 0.153}}, {"type": "Feature", "geometry": {"type": "Point", "coordinates": [128.5, 52.979729729729726]}, "properties": {"depth_m": 0.016}}, {"type": "Feature", "geometry": {"type": "Point", "coordinates": [129.5, 52.979729729729726]}, "properties": {"depth_m": 0.006}}, {"type": "Feature", "geometry": {"type": "Point", "coordinates": [130.5, 52.979729729729726]}, "properties": {"depth_m": 0.024}}, {"type": "Feature", "geometry": {"type": "Point", "coordinates": [131.5, 52.979729729729726]}, "properties": {"depth_m": 0.019}}, {"type": "Feature", "geometry": {"type": "Point", "coordinates": [132.5, 52.979729729729726]}, "properties": {"depth_m": 0.016}}, {"type": "Feature", "geometry": {"type": "Point", "coordinates": [133.5, 52.979729729729726]}, "properties": {"depth_m": 0.014}}, {"type": "Feature", "geometry": {"type": "Point", "coordinates": [134.5, 52.979729729729726]}, "properties": {"depth_m": 0.006}}, {"type": "Feature", "geometry": {"type": "Point", "coordinates": [135.5, 52.979729729729726]}, "properties": {"depth_m": 0.007}}, {"type": "Feature", "geometry": {"type": "Point", "coordinates": [136.5, 52.979729729729726]}, "properties": {"depth_m": 0.022}}, {"type": "Feature", "geometry": {"type": "Point", "coordinates": [72.5, 51.96621621621622]}, "properties": {"depth_m": 0.013}}, {"type": "Feature", "geometry": {"type": "Point", "coordinates": [73.5, 51.96621621621622]}, "properties": {"depth_m": 0.011}}, {"type": "Feature", "geometry": {"type": "Point", "coordinates": [74.5, 51.96621621621622]}, "properties": {"depth_m": 0.003}}, {"type": "Feature", "geometry": {"type": "Point", "coordinates": [75.5, 51.96621621621622]}, "properties": {"depth_m": 0.011}}, {"type": "Feature", "geometry": {"type": "Point", "coordinates": [76.5, 51.96621621621622]}, "properties": {"depth_m": 0.023}}, {"type": "Feature", "geometry": {"type": "Point", "coordinates": [77.5, 51.96621621621622]}, "properties": {"depth_m": 0.053}}, {"type": "Feature", "geometry": {"type": "Point", "coordinates": [78.5, 51.96621621621622]}, "properties": {"depth_m": 0.003}}, {"type": "Feature", "geometry": {"type": "Point", "coordinates": [79.5, 51.96621621621622]}, "properties": {"depth_m": 0.003}}, {"type": "Feature", "geometry": {"type": "Point", "coordinates": [80.5, 51.96621621621622]}, "properties": {"depth_m": 0.001}}, {"type": "Feature", "geometry": {"type": "Point", "coordinates": [81.5, 51.96621621621622]}, "properties": {"depth_m": 0.012}}, {"type": "Feature", "geometry": {"type": "Point", "coordinates": [82.5, 51.96621621621622]}, "properties": {"depth_m": 0.028}}, {"type": "Feature", "geometry": {"type": "Point", "coordinates": [83.5, 51.96621621621622]}, "properties": {"depth_m": 0.029}}, {"type": "Feature", "geometry": {"type": "Point", "coordinates": [84.5, 51.96621621621622]}, "properties": {"depth_m": 0.037}}, {"type": "Feature", "geometry": {"type": "Point", "coordinates": [85.5, 51.96621621621622]}, "properties": {"depth_m": 0.038}}, {"type": "Feature", "geometry": {"type": "Point", "coordinates": [86.5, 51.96621621621622]}, "properties": {"depth_m": 0.014}}, {"type": "Feature", "geometry": {"type": "Point", "coordinates": [87.5, 51.96621621621622]}, "properties": {"depth_m": 0.041}}, {"type": "Feature", "geometry": {"type": "Point", "coordinates": [88.5, 51.96621621621622]}, "properties": {"depth_m": 0.008}}, {"type": "Feature", "geometry": {"type": "Point", "coordinates": [89.5, 51.96621621621622]}, "properties": {"depth_m": 0.006}}, {"type": "Feature", "geometry": {"type": "Point", "coordinates": [90.5, 51.96621621621622]}, "properties": {"depth_m": 0.006}}, {"type": "Feature", "geometry": {"type": "Point", "coordinates": [91.5, 51.96621621621622]}, "properties": {"depth_m": 0.09}}, {"type": "Feature", "geometry": {"type": "Point", "coordinates": [92.5, 51.96621621621622]}, "properties": {"depth_m": 0.106}}, {"type": "Feature", "geometry": {"type": "Point", "coordinates": [93.5, 51.96621621621622]}, "properties": {"depth_m": 0.028}}, {"type": "Feature", "geometry": {"type": "Point", "coordinates": [94.5, 51.96621621621622]}, "properties": {"depth_m": 0.033}}, {"type": "Feature", "geometry": {"type": "Point", "coordinates": [95.5, 51.96621621621622]}, "properties": {"depth_m": 0.015}}, {"type": "Feature", "geometry": {"type": "Point", "coordinates": [96.5, 51.96621621621622]}, "properties": {"depth_m": 0.014}}, {"type": "Feature", "geometry": {"type": "Point", "coordinates": [97.5, 51.96621621621622]}, "properties": {"depth_m": 0.007}}, {"type": "Feature", "geometry": {"type": "Point", "coordinates": [98.5, 51.96621621621622]}, "properties": {"depth_m": 0.01}}, {"type": "Feature", "geometry": {"type": "Point", "coordinates": [99.5, 51.96621621621622]}, "properties": {"depth_m": 0.007}}, {"type": "Feature", "geometry": {"type": "Point", "coordinates": [100.5, 51.96621621621622]}, "properties": {"depth_m": 0.005}}, {"type": "Feature", "geometry": {"type": "Point", "coordinates": [101.5, 51.96621621621622]}, "properties": {"depth_m": 0.006}}, {"type": "Feature", "geometry": {"type": "Point", "coordinates": [102.5, 51.96621621621622]}, "properties": {"depth_m": 0.012}}, {"type": "Feature", "geometry": {"type": "Point", "coordinates": [103.5, 51.96621621621622]}, "properties": {"depth_m": 0.293}}, {"type": "Feature", "geometry": {"type": "Point", "coordinates": [104.5, 51.96621621621622]}, "properties": {"depth_m": 0.419}}, {"type": "Feature", "geometry": {"type": "Point", "coordinates": [105.5, 51.96621621621622]}, "properties": {"depth_m": 0.026}}, {"type": "Feature", "geometry": {"type": "Point", "coordinates": [106.5, 51.96621621621622]}, "properties": {"depth_m": 0.033}}, {"type": "Feature", "geometry": {"type": "Point", "coordinates": [107.5, 51.96621621621622]}, "properties": {"depth_m": 0.038}}, {"type": "Feature", "geometry": {"type": "Point", "coordinates": [108.5, 51.96621621621622]}, "properties": {"depth_m": 0.019}}, {"type": "Feature", "geometry": {"type": "Point", "coordinates": [109.5, 51.96621621621622]}, "properties": {"depth_m": 0.013}}, {"type": "Feature", "geometry": {"type": "Point", "coordinates": [110.5, 51.96621621621622]}, "properties": {"depth_m": 0.01}}, {"type": "Feature", "geometry": {"type": "Point", "coordinates": [111.5, 51.96621621621622]}, "properties": {"depth_m": 0.009}}, {"type": "Feature", "geometry": {"type": "Point", "coordinates": [112.5, 51.96621621621622]}, "properties": {"depth_m": 0.006}}, {"type": "Feature", "geometry": {"type": "Point", "coordinates": [113.5, 51.96621621621622]}, "properties": {"depth_m": 0.016}}, {"type": "Feature", "geometry": {"type": "Point", "coordinates": [114.5, 51.96621621621622]}, "properties": {"depth_m": 0.021}}, {"type": "Feature", "geometry": {"type": "Point", "coordinates": [115.5, 51.96621621621622]}, "properties": {"depth_m": 0.019}}, {"type": "Feature", "geometry": {"type": "Point", "coordinates": [116.5, 51.96621621621622]}, "properties": {"depth_m": 0.035}}, {"type": "Feature", "geometry": {"type": "Point", "coordinates": [117.5, 51.96621621621622]}, "properties": {"depth_m": 0.034}}, {"type": "Feature", "geometry": {"type": "Point", "coordinates": [118.5, 51.96621621621622]}, "properties": {"depth_m": 0.021}}, {"type": "Feature", "geometry": {"type": "Point", "coordinates": [119.5, 51.96621621621622]}, "properties": {"depth_m": 0.006}}, {"type": "Feature", "geometry": {"type": "Point", "coordinates": [120.5, 51.96621621621622]}, "properties": {"depth_m": 0.026}}, {"type": "Feature", "geometry": {"type": "Point", "coordinates": [121.5, 51.96621621621622]}, "properties": {"depth_m": 0.015}}, {"type": "Feature", "geometry": {"type": "Point", "coordinates": [122.5, 51.96621621621622]}, "properties": {"depth_m": 0.004}}, {"type": "Feature", "geometry": {"type": "Point", "coordinates": [123.5, 51.96621621621622]}, "properties": {"depth_m": 0.007}}, {"type": "Feature", "geometry": {"type": "Point", "coordinates": [124.5, 51.96621621621622]}, "properties": {"depth_m": 0.011}}, {"type": "Feature", "geometry": {"type": "Point", "coordinates": [125.5, 51.96621621621622]}, "properties": {"depth_m": 0.015}}, {"type": "Feature", "geometry": {"type": "Point", "coordinates": [126.5, 51.96621621621622]}, "properties": {"depth_m": 0.057}}, {"type": "Feature", "geometry": {"type": "Point", "coordinates": [127.5, 51.96621621621622]}, "properties": {"depth_m": 0.002}}, {"type": "Feature", "geometry": {"type": "Point", "coordinates": [128.5, 51.96621621621622]}, "properties": {"depth_m": 0.084}}, {"type": "Feature", "geometry": {"type": "Point", "coordinates": [129.5, 51.96621621621622]}, "properties": {"depth_m": 0.037}}, {"type": "Feature", "geometry": {"type": "Point", "coordinates": [130.5, 51.96621621621622]}, "properties": {"depth_m": 0.025}}, {"type": "Feature", "geometry": {"type": "Point", "coordinates": [131.5, 51.96621621621622]}, "properties": {"depth_m": 0.006}}, {"type": "Feature", "geometry": {"type": "Point", "coordinates": [132.5, 51.96621621621622]}, "properties": {"depth_m": 0.014}}, {"type": "Feature", "geometry": {"type": "Point", "coordinates": [133.5, 51.96621621621622]}, "properties": {"depth_m": 0.014}}, {"type": "Feature", "geometry": {"type": "Point", "coordinates": [134.5, 51.96621621621622]}, "properties": {"depth_m": 0.006}}, {"type": "Feature", "geometry": {"type": "Point", "coordinates": [135.5, 51.96621621621622]}, "properties": {"depth_m": 0.014}}, {"type": "Feature", "geometry": {"type": "Point", "coordinates": [136.5, 51.96621621621622]}, "properties": {"depth_m": 0.028}}, {"type": "Feature", "geometry": {"type": "Point", "coordinates": [72.5, 50.9527027027027]}, "properties": {"depth_m": 0.004}}, {"type": "Feature", "geometry": {"type": "Point", "coordinates": [73.5, 50.9527027027027]}, "properties": {"depth_m": 0.004}}, {"type": "Feature", "geometry": {"type": "Point", "coordinates": [74.5, 50.9527027027027]}, "properties": {"depth_m": 0.003}}, {"type": "Feature", "geometry": {"type": "Point", "coordinates": [75.5, 50.9527027027027]}, "properties": {"depth_m": 0.003}}, {"type": "Feature", "geometry": {"type": "Point", "coordinates": [76.5, 50.9527027027027]}, "properties": {"depth_m": 0.006}}, {"type": "Feature", "geometry": {"type": "Point", "coordinates": [77.5, 50.9527027027027]}, "properties": {"depth_m": 0.015}}, {"type": "Feature", "geometry": {"type": "Point", "coordinates": [78.5, 50.9527027027027]}, "properties": {"depth_m": 0.014}}, {"type": "Feature", "geometry": {"type": "Point", "coordinates": [79.5, 50.9527027027027]}, "properties": {"depth_m": 0.016}}, {"type": "Feature", "geometry": {"type": "Point", "coordinates": [80.5, 50.9527027027027]}, "properties": {"depth_m": 0.008}}, {"type": "Feature", "geometry": {"type": "Point", "coordinates": [81.5, 50.9527027027027]}, "properties": {"depth_m": 0.008}}, {"type": "Feature", "geometry": {"type": "Point", "coordinates": [82.5, 50.9527027027027]}, "properties": {"depth_m": 0.008}}, {"type": "Feature", "geometry": {"type": "Point", "coordinates": [83.5, 50.9527027027027]}, "properties": {"depth_m": 0.006}}, {"type": "Feature", "geometry": {"type": "Point", "coordinates": [84.5, 50.9527027027027]}, "properties": {"depth_m": 0.004}}, {"type": "Feature", "geometry": {"type": "Point", "coordinates": [85.5, 50.9527027027027]}, "properties": {"depth_m": 0.003}}, {"type": "Feature", "geometry": {"type": "Point", "coordinates": [86.5, 50.9527027027027]}, "properties": {"depth_m": 0.014}}, {"type": "Feature", "geometry": {"type": "Point", "coordinates": [87.5, 50.9527027027027]}, "properties": {"depth_m": 0.009}}, {"type": "Feature", "geometry": {"type": "Point", "coordinates": [88.5, 50.9527027027027]}, "properties": {"depth_m": 0.004}}, {"type": "Feature", "geometry": {"type": "Point", "coordinates": [89.5, 50.9527027027027]}, "properties": {"depth_m": 0.003}}, {"type": "Feature", "geometry": {"type": "Point", "coordinates": [90.5, 50.9527027027027]}, "properties": {"depth_m": 0.009}}, {"type": "Feature", "geometry": {"type": "Point", "coordinates": [91.5, 50.9527027027027]}, "properties": {"depth_m": 0.006}}, {"type": "Feature", "geometry": {"type": "Point", "coordinates": [92.5, 50.9527027027027]}, "properties": {"depth_m": 0.007}}, {"type": "Feature", "geometry": {"type": "Point", "coordinates": [93.5, 50.9527027027027]}, "properties": {"depth_m": 0.01}}, {"type": "Feature", "geometry": {"type": "Point", "coordinates": [94.5, 50.9527027027027]}, "properties": {"depth_m": 0.005}}, {"type": "Feature", "geometry": {"type": "Point", "coordinates": [95.5, 50.9527027027027]}, "properties": {"depth_m": 0.009}}, {"type": "Feature", "geometry": {"type": "Point", "coordinates": [96.5, 50.9527027027027]}, "properties": {"depth_m": 0.014}}, {"type": "Feature", "geometry": {"type": "Point", "coordinates": [97.5, 50.9527027027027]}, "properties": {"depth_m": 0.017}}, {"type": "Feature", "geometry": {"type": "Point", "coordinates": [98.5, 50.9527027027027]}, "properties": {"depth_m": 0.008}}, {"type": "Feature", "geometry": {"type": "Point", "coordinates": [99.5, 50.9527027027027]}, "properties": {"depth_m": 0.014}}, {"type": "Feature", "geometry": {"type": "Point", "coordinates": [100.5, 50.9527027027027]}, "properties": {"depth_m": 0.007}}, {"type": "Feature", "geometry": {"type": "Point", "coordinates": [101.5, 50.9527027027027]}, "properties": {"depth_m": 0.01}}, {"type": "Feature", "geometry": {"type": "Point", "coordinates": [102.5, 50.9527027027027]}, "properties": {"depth_m": 0.007}}, {"type": "Feature", "geometry": {"type": "Point", "coordinates": [103.5, 50.9527027027027]}, "properties": {"depth_m": 0.007}}, {"type": "Feature", "geometry": {"type": "Point", "coordinates": [104.5, 50.9527027027027]}, "properties": {"depth_m": 0.017}}, {"type": "Feature", "geometry": {"type": "Point", "coordinates": [105.5, 50.9527027027027]}, "properties": {"depth_m": 0.029}}, {"type": "Feature", "geometry": {"type": "Point", "coordinates": [106.5, 50.9527027027027]}, "properties": {"depth_m": 0.064}}, {"type": "Feature", "geometry": {"type": "Point", "coordinates": [107.5, 50.9527027027027]}, "properties": {"depth_m": 0.023}}, {"type": "Feature", "geometry": {"type": "Point", "coordinates": [108.5, 50.9527027027027]}, "properties": {"depth_m": 0.013}}, {"type": "Feature", "geometry": {"type": "Point", "coordinates": [109.5, 50.9527027027027]}, "properties": {"depth_m": 0.012}}, {"type": "Feature", "geometry": {"type": "Point", "coordinates": [110.5, 50.9527027027027]}, "properties": {"depth_m": 0.01}}, {"type": "Feature", "geometry": {"type": "Point", "coordinates": [111.5, 50.9527027027027]}, "properties": {"depth_m": 0.007}}, {"type": "Feature", "geometry": {"type": "Point", "coordinates": [112.5, 50.9527027027027]}, "properties": {"depth_m": 0.006}}, {"type": "Feature", "geometry": {"type": "Point", "coordinates": [113.5, 50.9527027027027]}, "properties": {"depth_m": 0.009}}, {"type": "Feature", "geometry": {"type": "Point", "coordinates": [114.5, 50.9527027027027]}, "properties": {"depth_m": 0.018}}, {"type": "Feature", "geometry": {"type": "Point", "coordinates": [115.5, 50.9527027027027]}, "properties": {"depth_m": 0.032}}, {"type": "Feature", "geometry": {"type": "Point", "coordinates": [116.5, 50.9527027027027]}, "properties": {"depth_m": 0.005}}, {"type": "Feature", "geometry": {"type": "Point", "coordinates": [117.5, 50.9527027027027]}, "properties": {"depth_m": 0.003}}, {"type": "Feature", "geometry": {"type": "Point", "coordinates": [118.5, 50.9527027027027]}, "properties": {"depth_m": 0.004}}, {"type": "Feature", "geometry": {"type": "Point", "coordinates": [119.5, 50.9527027027027]}, "properties": {"depth_m": 0.025}}, {"type": "Feature", "geometry": {"type": "Point", "coordinates": [120.5, 50.9527027027027]}, "properties": {"depth_m": 0.008}}, {"type": "Feature", "geometry": {"type": "Point", "coordinates": [121.5, 50.9527027027027]}, "properties": {"depth_m": 0.011}}, {"type": "Feature", "geometry": {"type": "Point", "coordinates": [122.5, 50.9527027027027]}, "properties": {"depth_m": 0.004}}, {"type": "Feature", "geometry": {"type": "Point", "coordinates": [123.5, 50.9527027027027]}, "properties": {"depth_m": 0.01}}, {"type": "Feature", "geometry": {"type": "Point", "coordinates": [124.5, 50.9527027027027]}, "properties": {"depth_m": 0.005}}, {"type": "Feature", "geometry": {"type": "Point", "coordinates": [125.5, 50.9527027027027]}, "properties": {"depth_m": 0.006}}, {"type": "Feature", "geometry": {"type": "Point", "coordinates": [126.5, 50.9527027027027]}, "properties": {"depth_m": 0.016}}, {"type": "Feature", "geometry": {"type": "Point", "coordinates": [127.5, 50.9527027027027]}, "properties": {"depth_m": 0.062}}, {"type": "Feature", "geometry": {"type": "Point", "coordinates": [128.5, 50.9527027027027]}, "properties": {"depth_m": 0.05}}, {"type": "Feature", "geometry": {"type": "Point", "coordinates": [129.5, 50.9527027027027]}, "properties": {"depth_m": 0.014}}, {"type": "Feature", "geometry": {"type": "Point", "coordinates": [130.5, 50.9527027027027]}, "properties": {"depth_m": 0.004}}, {"type": "Feature", "geometry": {"type": "Point", "coordinates": [131.5, 50.9527027027027]}, "properties": {"depth_m": 0.019}}, {"type": "Feature", "geometry": {"type": "Point", "coordinates": [132.5, 50.9527027027027]}, "properties": {"depth_m": 0.024}}, {"type": "Feature", "geometry": {"type": "Point", "coordinates": [133.5, 50.9527027027027]}, "properties": {"depth_m": 0.005}}, {"type": "Feature", "geometry": {"type": "Point", "coordinates": [134.5, 50.9527027027027]}, "properties": {"depth_m": 0.009}}, {"type": "Feature", "geometry": {"type": "Point", "coordinates": [135.5, 50.9527027027027]}, "properties": {"depth_m": 0.007}}, {"type": "Feature", "geometry": {"type": "Point", "coordinates": [136.5, 50.9527027027027]}, "properties": {"depth_m": 0.012}}, {"type": "Feature", "geometry": {"type": "Point", "coordinates": [72.5, 49.939189189189186]}, "properties": {"depth_m": 0.007}}, {"type": "Feature", "geometry": {"type": "Point", "coordinates": [73.5, 49.939189189189186]}, "properties": {"depth_m": 0.002}}, {"type": "Feature", "geometry": {"type": "Point", "coordinates": [74.5, 49.939189189189186]}, "properties": {"depth_m": 0.001}}, {"type": "Feature", "geometry": {"type": "Point", "coordinates": [75.5, 49.939189189189186]}, "properties": {"depth_m": 0.002}}, {"type": "Feature", "geometry": {"type": "Point", "coordinates": [76.5, 49.939189189189186]}, "properties": {"depth_m": 0.001}}, {"type": "Feature", "geometry": {"type": "Point", "coordinates": [77.5, 49.939189189189186]}, "properties": {"depth_m": 0.002}}, {"type": "Feature", "geometry": {"type": "Point", "coordinates": [78.5, 49.939189189189186]}, "properties": {"depth_m": 0.003}}, {"type": "Feature", "geometry": {"type": "Point", "coordinates": [79.5, 49.939189189189186]}, "properties": {"depth_m": 0.008}}, {"type": "Feature", "geometry": {"type": "Point", "coordinates": [80.5, 49.939189189189186]}, "properties": {"depth_m": 0.02}}, {"type": "Feature", "geometry": {"type": "Point", "coordinates": [81.5, 49.939189189189186]}, "properties": {"depth_m": 0.01}}, {"type": "Feature", "geometry": {"type": "Point", "coordinates": [82.5, 49.939189189189186]}, "properties": {"depth_m": 0.121}}, {"type": "Feature", "geometry": {"type": "Point", "coordinates": [83.5, 49.939189189189186]}, "properties": {"depth_m": 0.4}}, {"type": "Feature", "geometry": {"type": "Point", "coordinates": [84.5, 49.939189189189186]}, "properties": {"depth_m": 0.067}}, {"type": "Feature", "geometry": {"type": "Point", "coordinates": [85.5, 49.939189189189186]}, "properties": {"depth_m": 0.007}}, {"type": "Feature", "geometry": {"type": "Point", "coordinates": [86.5, 49.939189189189186]}, "properties": {"depth_m": 0.009}}, {"type": "Feature", "geometry": {"type": "Point", "coordinates": [87.5, 49.939189189189186]}, "properties": {"depth_m": 0.006}}, {"type": "Feature", "geometry": {"type": "Point", "coordinates": [88.5, 49.939189189189186]}, "properties": {"depth_m": 0.003}}, {"type": "Feature", "geometry": {"type": "Point", "coordinates": [89.5, 49.939189189189186]}, "properties": {"depth_m": 0.001}}, {"type": "Feature", "geometry": {"type": "Point", "coordinates": [90.5, 49.939189189189186]}, "properties": {"depth_m": 0.003}}, {"type": "Feature", "geometry": {"type": "Point", "coordinates": [91.5, 49.939189189189186]}, "properties": {"depth_m": 0.001}}, {"type": "Feature", "geometry": {"type": "Point", "coordinates": [92.5, 49.939189189189186]}, "properties": {"depth_m": 0.007}}, {"type": "Feature", "geometry": {"type": "Point", "coordinates": [93.5, 49.939189189189186]}, "properties": {"depth_m": 0.007}}, {"type": "Feature", "geometry": {"type": "Point", "coordinates": [94.5, 49.939189189189186]}, "properties": {"depth_m": 0.003}}, {"type": "Feature", "geometry": {"type": "Point", "coordinates": [95.5, 49.939189189189186]}, "properties": {"depth_m": 0.011}}, {"type": "Feature", "geometry": {"type": "Point", "coordinates": [96.5, 49.939189189189186]}, "properties": {"depth_m": 0.008}}, {"type": "Feature", "geometry": {"type": "Point", "coordinates": [97.5, 49.939189189189186]}, "properties": {"depth_m": 0.006}}, {"type": "Feature", "geometry": {"type": "Point", "coordinates": [98.5, 49.939189189189186]}, "properties": {"depth_m": 0.011}}, {"type": "Feature", "geometry": {"type": "Point", "coordinates": [99.5, 49.939189189189186]}, "properties": {"depth_m": 0.018}}, {"type": "Feature", "geometry": {"type": "Point", "coordinates": [100.5, 49.939189189189186]}, "properties": {"depth_m": 0.015}}, {"type": "Feature", "geometry": {"type": "Point", "coordinates": [101.5, 49.939189189189186]}, "properties": {"depth_m": 0.011}}, {"type": "Feature", "geometry": {"type": "Point", "coordinates": [102.5, 49.939189189189186]}, "properties": {"depth_m": 0.029}}, {"type": "Feature", "geometry": {"type": "Point", "coordinates": [103.5, 49.939189189189186]}, "properties": {"depth_m": 0.02}}, {"type": "Feature", "geometry": {"type": "Point", "coordinates": [104.5, 49.939189189189186]}, "properties": {"depth_m": 0.048}}, {"type": "Feature", "geometry": {"type": "Point", "coordinates": [105.5, 49.939189189189186]}, "properties": {"depth_m": 0.055}}, {"type": "Feature", "geometry": {"type": "Point", "coordinates": [106.5, 49.939189189189186]}, "properties": {"depth_m": 0.047}}, {"type": "Feature", "geometry": {"type": "Point", "coordinates": [107.5, 49.939189189189186]}, "properties": {"depth_m": 0.018}}, {"type": "Feature", "geometry": {"type": "Point", "coordinates": [108.5, 49.939189189189186]}, "properties": {"depth_m": 0.025}}, {"type": "Feature", "geometry": {"type": "Point", "coordinates": [109.5, 49.939189189189186]}, "properties": {"depth_m": 0.009}}, {"type": "Feature", "geometry": {"type": "Point", "coordinates": [110.5, 49.939189189189186]}, "properties": {"depth_m": 0.009}}, {"type": "Feature", "geometry": {"type": "Point", "coordinates": [111.5, 49.939189189189186]}, "properties": {"depth_m": 0.004}}, {"type": "Feature", "geometry": {"type": "Point", "coordinates": [112.5, 49.939189189189186]}, "properties": {"depth_m": 0.017}}, {"type": "Feature", "geometry": {"type": "Point", "coordinates": [113.5, 49.939189189189186]}, "properties": {"depth_m": 0.015}}, {"type": "Feature", "geometry": {"type": "Point", "coordinates": [114.5, 49.939189189189186]}, "properties": {"depth_m": 0.018}}, {"type": "Feature", "geometry": {"type": "Point", "coordinates": [115.5, 49.939189189189186]}, "properties": {"depth_m": 0.016}}, {"type": "Feature", "geometry": {"type": "Point", "coordinates": [116.5, 49.939189189189186]}, "properties": {"depth_m": 0.004}}, {"type": "Feature", "geometry": {"type": "Point", "coordinates": [117.5, 49.939189189189186]}, "properties": {"depth_m": 0.008}}, {"type": "Feature", "geometry": {"type": "Point", "coordinates": [118.5, 49.939189189189186]}, "properties": {"depth_m": 0.026}}, {"type": "Feature", "geometry": {"type": "Point", "coordinates": [119.5, 49.939189189189186]}, "properties": {"depth_m": 0.026}}, {"type": "Feature", "geometry": {"type": "Point", "coordinates": [120.5, 49.939189189189186]}, "properties": {"depth_m": 0.011}}, {"type": "Feature", "geometry": {"type": "Point", "coordinates": [121.5, 49.939189189189186]}, "properties": {"depth_m": 0.009}}, {"type": "Feature", "geometry": {"type": "Point", "coordinates": [122.5, 49.939189189189186]}, "properties": {"depth_m": 0.007}}, {"type": "Feature", "geometry": {"type": "Point", "coordinates": [123.5, 49.939189189189186]}, "properties": {"depth_m": 0.011}}, {"type": "Feature", "geometry": {"type": "Point", "coordinates": [124.5, 49.939189189189186]}, "properties": {"depth_m": 0.02}}, {"type": "Feature", "geometry": {"type": "Point", "coordinates": [125.5, 49.939189189189186]}, "properties": {"depth_m": 0.017}}, {"type": "Feature", "geometry": {"type": "Point", "coordinates": [126.5, 49.939189189189186]}, "properties": {"depth_m": 0.002}}, {"type": "Feature", "geometry": {"type": "Point", "coordinates": [127.5, 49.939189189189186]}, "properties": {"depth_m": 0.085}}, {"type": "Feature", "geometry": {"type": "Point", "coordinates": [128.5, 49.939189189189186]}, "properties": {"depth_m": 0.091}}, {"type": "Feature", "geometry": {"type": "Point", "coordinates": [129.5, 49.939189189189186]}, "properties": {"depth_m": 0.033}}, {"type": "Feature", "geometry": {"type": "Point", "coordinates": [130.5, 49.939189189189186]}, "properties": {"depth_m": 0.033}}, {"type": "Feature", "geometry": {"type": "Point", "coordinates": [131.5, 49.939189189189186]}, "properties": {"depth_m": 0.014}}, {"type": "Feature", "geometry": {"type": "Point", "coordinates": [132.5, 49.939189189189186]}, "properties": {"depth_m": 0.012}}, {"type": "Feature", "geometry": {"type": "Point", "coordinates": [133.5, 49.939189189189186]}, "properties": {"depth_m": 0.01}}, {"type": "Feature", "geometry": {"type": "Point", "coordinates": [134.5, 49.939189189189186]}, "properties": {"depth_m": 0.007}}, {"type": "Feature", "geometry": {"type": "Point", "coordinates": [135.5, 49.939189189189186]}, "properties": {"depth_m": 0.013}}, {"type": "Feature", "geometry": {"type": "Point", "coordinates": [136.5, 49.939189189189186]}, "properties": {"depth_m": 0.161}}, {"type": "Feature", "geometry": {"type": "Point", "coordinates": [72.5, 48.92567567567568]}, "properties": {"depth_m": 0.001}}, {"type": "Feature", "geometry": {"type": "Point", "coordinates": [73.5, 48.92567567567568]}, "properties": {"depth_m": 0.001}}, {"type": "Feature", "geometry": {"type": "Point", "coordinates": [74.5, 48.92567567567568]}, "properties": {"depth_m": 0.0}}, {"type": "Feature", "geometry": {"type": "Point", "coordinates": [75.5, 48.92567567567568]}, "properties": {"depth_m": 0.001}}, {"type": "Feature", "geometry": {"type": "Point", "coordinates": [76.5, 48.92567567567568]}, "properties": {"depth_m": 0.0}}, {"type": "Feature", "geometry": {"type": "Point", "coordinates": [77.5, 48.92567567567568]}, "properties": {"depth_m": 0.0}}, {"type": "Feature", "geometry": {"type": "Point", "coordinates": [78.5, 48.92567567567568]}, "properties": {"depth_m": 0.001}}, {"type": "Feature", "geometry": {"type": "Point", "coordinates": [79.5, 48.92567567567568]}, "properties": {"depth_m": 0.003}}, {"type": "Feature", "geometry": {"type": "Point", "coordinates": [80.5, 48.92567567567568]}, "properties": {"depth_m": 0.001}}, {"type": "Feature", "geometry": {"type": "Point", "coordinates": [81.5, 48.92567567567568]}, "properties": {"depth_m": 0.004}}, {"type": "Feature", "geometry": {"type": "Point", "coordinates": [82.5, 48.92567567567568]}, "properties": {"depth_m": 0.006}}, {"type": "Feature", "geometry": {"type": "Point", "coordinates": [83.5, 48.92567567567568]}, "properties": {"depth_m": 0.423}}, {"type": "Feature", "geometry": {"type": "Point", "coordinates": [84.5, 48.92567567567568]}, "properties": {"depth_m": 0.26}}, {"type": "Feature", "geometry": {"type": "Point", "coordinates": [85.5, 48.92567567567568]}, "properties": {"depth_m": 0.011}}, {"type": "Feature", "geometry": {"type": "Point", "coordinates": [86.5, 48.92567567567568]}, "properties": {"depth_m": 0.009}}, {"type": "Feature", "geometry": {"type": "Point", "coordinates": [87.5, 48.92567567567568]}, "properties": {"depth_m": 0.003}}, {"type": "Feature", "geometry": {"type": "Point", "coordinates": [88.5, 48.92567567567568]}, "properties": {"depth_m": 0.004}}, {"type": "Feature", "geometry": {"type": "Point", "coordinates": [89.5, 48.92567567567568]}, "properties": {"depth_m": 0.01}}, {"type": "Feature", "geometry": {"type": "Point", "coordinates": [90.5, 48.92567567567568]}, "properties": {"depth_m": 0.006}}, {"type": "Feature", "geometry": {"type": "Point", "coordinates": [91.5, 48.92567567567568]}, "properties": {"depth_m": 0.009}}, {"type": "Feature", "geometry": {"type": "Point", "coordinates": [92.5, 48.92567567567568]}, "properties": {"depth_m": 0.002}}, {"type": "Feature", "geometry": {"type": "Point", "coordinates": [93.5, 48.92567567567568]}, "properties": {"depth_m": 0.012}}, {"type": "Feature", "geometry": {"type": "Point", "coordinates": [94.5, 48.92567567567568]}, "properties": {"depth_m": 0.001}}, {"type": "Feature", "geometry": {"type": "Point", "coordinates": [95.5, 48.92567567567568]}, "properties": {"depth_m": 0.001}}, {"type": "Feature", "geometry": {"type": "Point", "coordinates": [96.5, 48.92567567567568]}, "properties": {"depth_m": 0.004}}, {"type": "Feature", "geometry": {"type": "Point", "coordinates": [97.5, 48.92567567567568]}, "properties": {"depth_m": 0.004}}, {"type": "Feature", "geometry": {"type": "Point", "coordinates": [98.5, 48.92567567567568]}, "properties": {"depth_m": 0.009}}, {"type": "Feature", "geometry": {"type": "Point", "coordinates": [99.5, 48.92567567567568]}, "properties": {"depth_m": 0.011}}, {"type": "Feature", "geometry": {"type": "Point", "coordinates": [100.5, 48.92567567567568]}, "properties": {"depth_m": 0.022}}, {"type": "Feature", "geometry": {"type": "Point", "coordinates": [101.5, 48.92567567567568]}, "properties": {"depth_m": 0.022}}, {"type": "Feature", "geometry": {"type": "Point", "coordinates": [102.5, 48.92567567567568]}, "properties": {"depth_m": 0.036}}, {"type": "Feature", "geometry": {"type": "Point", "coordinates": [103.5, 48.92567567567568]}, "properties": {"depth_m": 0.03}}, {"type": "Feature", "geometry": {"type": "Point", "coordinates": [104.5, 48.92567567567568]}, "properties": {"depth_m": 0.016}}, {"type": "Feature", "geometry": {"type": "Point", "coordinates": [105.5, 48.92567567567568]}, "properties": {"depth_m": 0.021}}, {"type": "Feature", "geometry": {"type": "Point", "coordinates": [106.5, 48.92567567567568]}, "properties": {"depth_m": 0.007}}, {"type": "Feature", "geometry": {"type": "Point", "coordinates": [107.5, 48.92567567567568]}, "properties": {"depth_m": 0.01}}, {"type": "Feature", "geometry": {"type": "Point", "coordinates": [108.5, 48.92567567567568]}, "properties": {"depth_m": 0.006}}, {"type": "Feature", "geometry": {"type": "Point", "coordinates": [109.5, 48.92567567567568]}, "properties": {"depth_m": 0.003}}, {"type": "Feature", "geometry": {"type": "Point", "coordinates": [110.5, 48.92567567567568]}, "properties": {"depth_m": 0.012}}, {"type": "Feature", "geometry": {"type": "Point", "coordinates": [111.5, 48.92567567567568]}, "properties": {"depth_m": 0.021}}, {"type": "Feature", "geometry": {"type": "Point", "coordinates": [112.5, 48.92567567567568]}, "properties": {"depth_m": 0.01}}, {"type": "Feature", "geometry": {"type": "Point", "coordinates": [113.5, 48.92567567567568]}, "properties": {"depth_m": 0.007}}, {"type": "Feature", "geometry": {"type": "Point", "coordinates": [114.5, 48.92567567567568]}, "properties": {"depth_m": 0.007}}, {"type": "Feature", "geometry": {"type": "Point", "coordinates": [115.5, 48.92567567567568]}, "properties": {"depth_m": 0.004}}, {"type": "Feature", "geometry": {"type": "Point", "coordinates": [116.5, 48.92567567567568]}, "properties": {"depth_m": 0.003}}, {"type": "Feature", "geometry": {"type": "Point", "coordinates": [117.5, 48.92567567567568]}, "properties": {"depth_m": 0.032}}, {"type": "Feature", "geometry": {"type": "Point", "coordinates": [118.5, 48.92567567567568]}, "properties": {"depth_m": 0.013}}, {"type": "Feature", "geometry": {"type": "Point", "coordinates": [119.5, 48.92567567567568]}, "properties": {"depth_m": 0.027}}, {"type": "Feature", "geometry": {"type": "Point", "coordinates": [120.5, 48.92567567567568]}, "properties": {"depth_m": 0.017}}, {"type": "Feature", "geometry": {"type": "Point", "coordinates": [121.5, 48.92567567567568]}, "properties": {"depth_m": 0.006}}, {"type": "Feature", "geometry": {"type": "Point", "coordinates": [122.5, 48.92567567567568]}, "properties": {"depth_m": 0.005}}, {"type": "Feature", "geometry": {"type": "Point", "coordinates": [123.5, 48.92567567567568]}, "properties": {"depth_m": 0.012}}, {"type": "Feature", "geometry": {"type": "Point", "coordinates": [124.5, 48.92567567567568]}, "properties": {"depth_m": 0.029}}, {"type": "Feature", "geometry": {"type": "Point", "coordinates": [125.5, 48.92567567567568]}, "properties": {"depth_m": 0.023}}, {"type": "Feature", "geometry": {"type": "Point", "coordinates": [126.5, 48.92567567567568]}, "properties": {"depth_m": 0.009}}, {"type": "Feature", "geometry": {"type": "Point", "coordinates": [127.5, 48.92567567567568]}, "properties": {"depth_m": 0.004}}, {"type": "Feature", "geometry": {"type": "Point", "coordinates": [128.5, 48.92567567567568]}, "properties": {"depth_m": 0.011}}, {"type": "Feature", "geometry": {"type": "Point", "coordinates": [129.5, 48.92567567567568]}, "properties": {"depth_m": 0.06}}, {"type": "Feature", "geometry": {"type": "Point", "coordinates": [130.5, 48.92567567567568]}, "properties": {"depth_m": 0.122}}, {"type": "Feature", "geometry": {"type": "Point", "coordinates": [131.5, 48.92567567567568]}, "properties": {"depth_m": 0.004}}, {"type": "Feature", "geometry": {"type": "Point", "coordinates": [132.5, 48.92567567567568]}, "properties": {"depth_m": 0.016}}, {"type": "Feature", "geometry": {"type": "Point", "coordinates": [133.5, 48.92567567567568]}, "properties": {"depth_m": 0.025}}, {"type": "Feature", "geometry": {"type": "Point", "coordinates": [134.5, 48.92567567567568]}, "properties": {"depth_m": 0.086}}, {"type": "Feature", "geometry": {"type": "Point", "coordinates": [135.5, 48.92567567567568]}, "properties": {"depth_m": 0.138}}, {"type": "Feature", "geometry": {"type": "Point", "coordinates": [136.5, 48.92567567567568]}, "properties": {"depth_m": 0.107}}, {"type": "Feature", "geometry": {"type": "Point", "coordinates": [72.5, 47.91216216216216]}, "properties": {"depth_m": 0.0}}, {"type": "Feature", "geometry": {"type": "Point", "coordinates": [73.5, 47.91216216216216]}, "properties": {"depth_m": 0.0}}, {"type": "Feature", "geometry": {"type": "Point", "coordinates": [74.5, 47.91216216216216]}, "properties": {"depth_m": 0.0}}, {"type": "Feature", "geometry": {"type": "Point", "coordinates": [75.5, 47.91216216216216]}, "properties": {"depth_m": 0.001}}, {"type": "Feature", "geometry": {"type": "Point", "coordinates": [76.5, 47.91216216216216]}, "properties": {"depth_m": 0.0}}, {"type": "Feature", "geometry": {"type": "Point", "coordinates": [77.5, 47.91216216216216]}, "properties": {"depth_m": 0.0}}, {"type": "Feature", "geometry": {"type": "Point", "coordinates": [78.5, 47.91216216216216]}, "properties": {"depth_m": 0.002}}, {"type": "Feature", "geometry": {"type": "Point", "coordinates": [79.5, 47.91216216216216]}, "properties": {"depth_m": 0.002}}, {"type": "Feature", "geometry": {"type": "Point", "coordinates": [80.5, 47.91216216216216]}, "properties": {"depth_m": 0.004}}, {"type": "Feature", "geometry": {"type": "Point", "coordinates": [81.5, 47.91216216216216]}, "properties": {"depth_m": 0.001}}, {"type": "Feature", "geometry": {"type": "Point", "coordinates": [82.5, 47.91216216216216]}, "properties": {"depth_m": 0.071}}, {"type": "Feature", "geometry": {"type": "Point", "coordinates": [83.5, 47.91216216216216]}, "properties": {"depth_m": 0.404}}, {"type": "Feature", "geometry": {"type": "Point", "coordinates": [84.5, 47.91216216216216]}, "properties": {"depth_m": 0.124}}, {"type": "Feature", "geometry": {"type": "Point", "coordinates": [85.5, 47.91216216216216]}, "properties": {"depth_m": 0.013}}, {"type": "Feature", "geometry": {"type": "Point", "coordinates": [86.5, 47.91216216216216]}, "properties": {"depth_m": 0.005}}, {"type": "Feature", "geometry": {"type": "Point", "coordinates": [87.5, 47.91216216216216]}, "properties": {"depth_m": 0.011}}, {"type": "Feature", "geometry": {"type": "Point", "coordinates": [88.5, 47.91216216216216]}, "properties": {"depth_m": 0.003}}, {"type": "Feature", "geometry": {"type": "Point", "coordinates": [89.5, 47.91216216216216]}, "properties": {"depth_m": 0.001}}, {"type": "Feature", "geometry": {"type": "Point", "coordinates": [90.5, 47.91216216216216]}, "properties": {"depth_m": 0.001}}, {"type": "Feature", "geometry": {"type": "Point", "coordinates": [91.5, 47.91216216216216]}, "properties": {"depth_m": 0.005}}, {"type": "Feature", "geometry": {"type": "Point", "coordinates": [92.5, 47.91216216216216]}, "properties": {"depth_m": 0.009}}, {"type": "Feature", "geometry": {"type": "Point", "coordinates": [93.5, 47.91216216216216]}, "properties": {"depth_m": 0.007}}, {"type": "Feature", "geometry": {"type": "Point", "coordinates": [94.5, 47.91216216216216]}, "properties": {"depth_m": 0.004}}, {"type": "Feature", "geometry": {"type": "Point", "coordinates": [95.5, 47.91216216216216]}, "properties": {"depth_m": 0.006}}, {"type": "Feature", "geometry": {"type": "Point", "coordinates": [96.5, 47.91216216216216]}, "properties": {"depth_m": 0.003}}, {"type": "Feature", "geometry": {"type": "Point", "coordinates": [97.5, 47.91216216216216]}, "properties": {"depth_m": 0.003}}, {"type": "Feature", "geometry": {"type": "Point", "coordinates": [98.5, 47.91216216216216]}, "properties": {"depth_m": 0.001}}, {"type": "Feature", "geometry": {"type": "Point", "coordinates": [99.5, 47.91216216216216]}, "properties": {"depth_m": 0.017}}, {"type": "Feature", "geometry": {"type": "Point", "coordinates": [100.5, 47.91216216216216]}, "properties": {"depth_m": 0.01}}, {"type": "Feature", "geometry": {"type": "Point", "coordinates": [101.5, 47.91216216216216]}, "properties": {"depth_m": 0.009}}, {"type": "Feature", "geometry": {"type": "Point", "coordinates": [102.5, 47.91216216216216]}, "properties": {"depth_m": 0.028}}, {"type": "Feature", "geometry": {"type": "Point", "coordinates": [103.5, 47.91216216216216]}, "properties": {"depth_m": 0.003}}, {"type": "Feature", "geometry": {"type": "Point", "coordinates": [104.5, 47.91216216216216]}, "properties": {"depth_m": 0.01}}, {"type": "Feature", "geometry": {"type": "Point", "coordinates": [105.5, 47.91216216216216]}, "properties": {"depth_m": 0.009}}, {"type": "Feature", "geometry": {"type": "Point", "coordinates": [106.5, 47.91216216216216]}, "properties": {"depth_m": 0.007}}, {"type": "Feature", "geometry": {"type": "Point", "coordinates": [107.5, 47.91216216216216]}, "properties": {"depth_m": 0.005}}, {"type": "Feature", "geometry": {"type": "Point", "coordinates": [108.5, 47.91216216216216]}, "properties": {"depth_m": 0.01}}, {"type": "Feature", "geometry": {"type": "Point", "coordinates": [109.5, 47.91216216216216]}, "properties": {"depth_m": 0.002}}, {"type": "Feature", "geometry": {"type": "Point", "coordinates": [110.5, 47.91216216216216]}, "properties": {"depth_m": 0.004}}, {"type": "Feature", "geometry": {"type": "Point", "coordinates": [111.5, 47.91216216216216]}, "properties": {"depth_m": 0.004}}, {"type": "Feature", "geometry": {"type": "Point", "coordinates": [112.5, 47.91216216216216]}, "properties": {"depth_m": 0.004}}, {"type": "Feature", "geometry": {"type": "Point", "coordinates": [113.5, 47.91216216216216]}, "properties": {"depth_m": 0.004}}, {"type": "Feature", "geometry": {"type": "Point", "coordinates": [114.5, 47.91216216216216]}, "properties": {"depth_m": 0.004}}, {"type": "Feature", "geometry": {"type": "Point", "coordinates": [115.5, 47.91216216216216]}, "properties": {"depth_m": 0.003}}, {"type": "Feature", "geometry": {"type": "Point", "coordinates": [116.5, 47.91216216216216]}, "properties": {"depth_m": 0.005}}, {"type": "Feature", "geometry": {"type": "Point", "coordinates": [117.5, 47.91216216216216]}, "properties": {"depth_m": 0.004}}, {"type": "Feature", "geometry": {"type": "Point", "coordinates": [118.5, 47.91216216216216]}, "properties": {"depth_m": 0.006}}, {"type": "Feature", "geometry": {"type": "Point", "coordinates": [119.5, 47.91216216216216]}, "properties": {"depth_m": 0.005}}, {"type": "Feature", "geometry": {"type": "Point", "coordinates": [120.5, 47.91216216216216]}, "properties": {"depth_m": 0.004}}, {"type": "Feature", "geometry": {"type": "Point", "coordinates": [121.5, 47.91216216216216]}, "properties": {"depth_m": 0.006}}, {"type": "Feature", "geometry": {"type": "Point", "coordinates": [122.5, 47.91216216216216]}, "properties": {"depth_m": 0.016}}, {"type": "Feature", "geometry": {"type": "Point", "coordinates": [123.5, 47.91216216216216]}, "properties": {"depth_m": 0.017}}, {"type": "Feature", "geometry": {"type": "Point", "coordinates": [124.5, 47.91216216216216]}, "properties": {"depth_m": 0.052}}, {"type": "Feature", "geometry": {"type": "Point", "coordinates": [125.5, 47.91216216216216]}, "properties": {"depth_m": 0.008}}, {"type": "Feature", "geometry": {"type": "Point", "coordinates": [126.5, 47.91216216216216]}, "properties": {"depth_m": 0.01}}, {"type": "Feature", "geometry": {"type": "Point", "coordinates": [127.5, 47.91216216216216]}, "properties": {"depth_m": 0.004}}, {"type": "Feature", "geometry": {"type": "Point", "coordinates": [128.5, 47.91216216216216]}, "properties": {"depth_m": 0.006}}, {"type": "Feature", "geometry": {"type": "Point", "coordinates": [129.5, 47.91216216216216]}, "properties": {"depth_m": 0.007}}, {"type": "Feature", "geometry": {"type": "Point", "coordinates": [130.5, 47.91216216216216]}, "properties": {"depth_m": 0.06}}, {"type": "Feature", "geometry": {"type": "Point", "coordinates": [131.5, 47.91216216216216]}, "properties": {"depth_m": 0.141}}, {"type": "Feature", "geometry": {"type": "Point", "coordinates": [132.5, 47.91216216216216]}, "properties": {"depth_m": 0.136}}, {"type": "Feature", "geometry": {"type": "Point", "coordinates": [133.5, 47.91216216216216]}, "properties": {"depth_m": 0.139}}, {"type": "Feature", "geometry": {"type": "Point", "coordinates": [134.5, 47.91216216216216]}, "properties": {"depth_m": 0.164}}, {"type": "Feature", "geometry": {"type": "Point", "coordinates": [135.5, 47.91216216216216]}, "properties": {"depth_m": 0.051}}, {"type": "Feature", "geometry": {"type": "Point", "coordinates": [136.5, 47.91216216216216]}, "properties": {"depth_m": 0.02}}, {"type": "Feature", "geometry": {"type": "Point", "coordinates": [72.5, 46.898648648648646]}, "properties": {"depth_m": 0.001}}, {"type": "Feature", "geometry": {"type": "Point", "coordinates": [73.5, 46.898648648648646]}, "properties": {"depth_m": 0.002}}, {"type": "Feature", "geometry": {"type": "Point", "coordinates": [74.5, 46.898648648648646]}, "properties": {"depth_m": 0.005}}, {"type": "Feature", "geometry": {"type": "Point", "coordinates": [75.5, 46.898648648648646]}, "properties": {"depth_m": 0.007}}, {"type": "Feature", "geometry": {"type": "Point", "coordinates": [76.5, 46.898648648648646]}, "properties": {"depth_m": 0.006}}, {"type": "Feature", "geometry": {"type": "Point", "coordinates": [77.5, 46.898648648648646]}, "properties": {"depth_m": 0.009}}, {"type": "Feature", "geometry": {"type": "Point", "coordinates": [78.5, 46.898648648648646]}, "properties": {"depth_m": 0.008}}, {"type": "Feature", "geometry": {"type": "Point", "coordinates": [79.5, 46.898648648648646]}, "properties": {"depth_m": 0.01}}, {"type": "Feature", "geometry": {"type": "Point", "coordinates": [80.5, 46.898648648648646]}, "properties": {"depth_m": 0.003}}, {"type": "Feature", "geometry": {"type": "Point", "coordinates": [81.5, 46.898648648648646]}, "properties": {"depth_m": 0.015}}, {"type": "Feature", "geometry": {"type": "Point", "coordinates": [82.5, 46.898648648648646]}, "properties": {"depth_m": 0.002}}, {"type": "Feature", "geometry": {"type": "Point", "coordinates": [83.5, 46.898648648648646]}, "properties": {"depth_m": 0.004}}, {"type": "Feature", "geometry": {"type": "Point", "coordinates": [84.5, 46.898648648648646]}, "properties": {"depth_m": 0.007}}, {"type": "Feature", "geometry": {"type": "Point", "coordinates": [85.5, 46.898648648648646]}, "properties": {"depth_m": 0.0}}, {"type": "Feature", "geometry": {"type": "Point", "coordinates": [86.5, 46.898648648648646]}, "properties": {"depth_m": 0.0}}, {"type": "Feature", "geometry": {"type": "Point", "coordinates": [87.5, 46.898648648648646]}, "properties": {"depth_m": 0.008}}, {"type": "Feature", "geometry": {"type": "Point", "coordinates": [88.5, 46.898648648648646]}, "properties": {"depth_m": 0.005}}, {"type": "Feature", "geometry": {"type": "Point", "coordinates": [89.5, 46.898648648648646]}, "properties": {"depth_m": 0.005}}, {"type": "Feature", "geometry": {"type": "Point", "coordinates": [90.5, 46.898648648648646]}, "properties": {"depth_m": 0.002}}, {"type": "Feature", "geometry": {"type": "Point", "coordinates": [91.5, 46.898648648648646]}, "properties": {"depth_m": 0.002}}, {"type": "Feature", "geometry": {"type": "Point", "coordinates": [92.5, 46.898648648648646]}, "properties": {"depth_m": 0.001}}, {"type": "Feature", "geometry": {"type": "Point", "coordinates": [93.5, 46.898648648648646]}, "properties": {"depth_m": 0.0}}, {"type": "Feature", "geometry": {"type": "Point", "coordinates": [94.5, 46.898648648648646]}, "properties": {"depth_m": 0.001}}, {"type": "Feature", "geometry": {"type": "Point", "coordinates": [95.5, 46.898648648648646]}, "properties": {"depth_m": 0.002}}, {"type": "Feature", "geometry": {"type": "Point", "coordinates": [96.5, 46.898648648648646]}, "properties": {"depth_m": 0.005}}, {"type": "Feature", "geometry": {"type": "Point", "coordinates": [97.5, 46.898648648648646]}, "properties": {"depth_m": 0.002}}, {"type": "Feature", "geometry": {"type": "Point", "coordinates": [98.5, 46.898648648648646]}, "properties": {"depth_m": 0.002}}, {"type": "Feature", "geometry": {"type": "Point", "coordinates": [99.5, 46.898648648648646]}, "properties": {"depth_m": 0.005}}, {"type": "Feature", "geometry": {"type": "Point", "coordinates": [100.5, 46.898648648648646]}, "properties": {"depth_m": 0.003}}, {"type": "Feature", "geometry": {"type": "Point", "coordinates": [101.5, 46.898648648648646]}, "properties": {"depth_m": 0.004}}, {"type": "Feature", "geometry": {"type": "Point", "coordinates": [102.5, 46.898648648648646]}, "properties": {"depth_m": 0.008}}, {"type": "Feature", "geometry": {"type": "Point", "coordinates": [103.5, 46.898648648648646]}, "properties": {"depth_m": 0.003}}, {"type": "Feature", "geometry": {"type": "Point", "coordinates": [104.5, 46.898648648648646]}, "properties": {"depth_m": 0.0}}, {"type": "Feature", "geometry": {"type": "Point", "coordinates": [105.5, 46.898648648648646]}, "properties": {"depth_m": 0.005}}, {"type": "Feature", "geometry": {"type": "Point", "coordinates": [106.5, 46.898648648648646]}, "properties": {"depth_m": 0.0}}, {"type": "Feature", "geometry": {"type": "Point", "coordinates": [107.5, 46.898648648648646]}, "properties": {"depth_m": 0.0}}, {"type": "Feature", "geometry": {"type": "Point", "coordinates": [108.5, 46.898648648648646]}, "properties": {"depth_m": 0.01}}, {"type": "Feature", "geometry": {"type": "Point", "coordinates": [109.5, 46.898648648648646]}, "properties": {"depth_m": 0.014}}, {"type": "Feature", "geometry": {"type": "Point", "coordinates": [110.5, 46.898648648648646]}, "properties": {"depth_m": 0.009}}, {"type": "Feature", "geometry": {"type": "Point", "coordinates": [111.5, 46.898648648648646]}, "properties": {"depth_m": 0.0}}, {"type": "Feature", "geometry": {"type": "Point", "coordinates": [113.5, 46.898648648648646]}, "properties": {"depth_m": 0.0}}, {"type": "Feature", "geometry": {"type": "Point", "coordinates": [114.5, 46.898648648648646]}, "properties": {"depth_m": 0.0}}, {"type": "Feature", "geometry": {"type": "Point", "coordinates": [115.5, 46.898648648648646]}, "properties": {"depth_m": 0.001}}, {"type": "Feature", "geometry": {"type": "Point", "coordinates": [116.5, 46.898648648648646]}, "properties": {"depth_m": 0.004}}, {"type": "Feature", "geometry": {"type": "Point", "coordinates": [117.5, 46.898648648648646]}, "properties": {"depth_m": 0.001}}, {"type": "Feature", "geometry": {"type": "Point", "coordinates": [118.5, 46.898648648648646]}, "properties": {"depth_m": 0.001}}, {"type": "Feature", "geometry": {"type": "Point", "coordinates": [119.5, 46.898648648648646]}, "properties": {"depth_m": 0.004}}, {"type": "Feature", "geometry": {"type": "Point", "coordinates": [120.5, 46.898648648648646]}, "properties": {"depth_m": 0.004}}, {"type": "Feature", "geometry": {"type": "Point", "coordinates": [121.5, 46.898648648648646]}, "properties": {"depth_m": 0.011}}, {"type": "Feature", "geometry": {"type": "Point", "coordinates": [122.5, 46.898648648648646]}, "properties": {"depth_m": 0.014}}, {"type": "Feature", "geometry": {"type": "Point", "coordinates": [123.5, 46.898648648648646]}, "properties": {"depth_m": 0.09}}, {"type": "Feature", "geometry": {"type": "Point", "coordinates": [124.5, 46.898648648648646]}, "properties": {"depth_m": 0.027}}, {"type": "Feature", "geometry": {"type": "Point", "coordinates": [125.5, 46.898648648648646]}, "properties": {"depth_m": 0.005}}, {"type": "Feature", "geometry": {"type": "Point", "coordinates": [126.5, 46.898648648648646]}, "properties": {"depth_m": 0.019}}, {"type": "Feature", "geometry": {"type": "Point", "coordinates": [127.5, 46.898648648648646]}, "properties": {"depth_m": 0.014}}, {"type": "Feature", "geometry": {"type": "Point", "coordinates": [128.5, 46.898648648648646]}, "properties": {"depth_m": 0.004}}, {"type": "Feature", "geometry": {"type": "Point", "coordinates": [129.5, 46.898648648648646]}, "properties": {"depth_m": 0.04}}, {"type": "Feature", "geometry": {"type": "Point", "coordinates": [130.5, 46.898648648648646]}, "properties": {"depth_m": 0.106}}, {"type": "Feature", "geometry": {"type": "Point", "coordinates": [131.5, 46.898648648648646]}, "properties": {"depth_m": 0.106}}, {"type": "Feature", "geometry": {"type": "Point", "coordinates": [132.5, 46.898648648648646]}, "properties": {"depth_m": 0.041}}, {"type": "Feature", "geometry": {"type": "Point", "coordinates": [133.5, 46.898648648648646]}, "properties": {"depth_m": 0.023}}, {"type": "Feature", "geometry": {"type": "Point", "coordinates": [134.5, 46.898648648648646]}, "properties": {"depth_m": 0.056}}, {"type": "Feature", "geometry": {"type": "Point", "coordinates": [135.5, 46.898648648648646]}, "properties": {"depth_m": 0.017}}, {"type": "Feature", "geometry": {"type": "Point", "coordinates": [136.5, 46.898648648648646]}, "properties": {"depth_m": 0.015}}, {"type": "Feature", "geometry": {"type": "Point", "coordinates": [72.5, 45.88513513513514]}, "properties": {"depth_m": 0.0}}, {"type": "Feature", "geometry": {"type": "Point", "coordinates": [73.5, 45.88513513513514]}, "properties": {"depth_m": 0.004}}, {"type": "Feature", "geometry": {"type": "Point", "coordinates": [74.5, 45.88513513513514]}, "properties": {"depth_m": 0.022}}, {"type": "Feature", "geometry": {"type": "Point", "coordinates": [75.5, 45.88513513513514]}, "properties": {"depth_m": 0.01}}, {"type": "Feature", "geometry": {"type": "Point", "coordinates": [76.5, 45.88513513513514]}, "properties": {"depth_m": 0.003}}, {"type": "Feature", "geometry": {"type": "Point", "coordinates": [77.5, 45.88513513513514]}, "properties": {"depth_m": 0.01}}, {"type": "Feature", "geometry": {"type": "Point", "coordinates": [78.5, 45.88513513513514]}, "properties": {"depth_m": 0.009}}, {"type": "Feature", "geometry": {"type": "Point", "coordinates": [79.5, 45.88513513513514]}, "properties": {"depth_m": 0.005}}, {"type": "Feature", "geometry": {"type": "Point", "coordinates": [80.5, 45.88513513513514]}, "properties": {"depth_m": 0.004}}, {"type": "Feature", "geometry": {"type": "Point", "coordinates": [81.5, 45.88513513513514]}, "properties": {"depth_m": 0.023}}, {"type": "Feature", "geometry": {"type": "Point", "coordinates": [82.5, 45.88513513513514]}, "properties": {"depth_m": 0.007}}, {"type": "Feature", "geometry": {"type": "Point", "coordinates": [83.5, 45.88513513513514]}, "properties": {"depth_m": 0.001}}, {"type": "Feature", "geometry": {"type": "Point", "coordinates": [84.5, 45.88513513513514]}, "properties": {"depth_m": 0.001}}, {"type": "Feature", "geometry": {"type": "Point", "coordinates": [85.5, 45.88513513513514]}, "properties": {"depth_m": 0.009}}, {"type": "Feature", "geometry": {"type": "Point", "coordinates": [86.5, 45.88513513513514]}, "properties": {"depth_m": 0.002}}, {"type": "Feature", "geometry": {"type": "Point", "coordinates": [87.5, 45.88513513513514]}, "properties": {"depth_m": 0.003}}, {"type": "Feature", "geometry": {"type": "Point", "coordinates": [88.5, 45.88513513513514]}, "properties": {"depth_m": 0.002}}, {"type": "Feature", "geometry": {"type": "Point", "coordinates": [89.5, 45.88513513513514]}, "properties": {"depth_m": 0.004}}, {"type": "Feature", "geometry": {"type": "Point", "coordinates": [90.5, 45.88513513513514]}, "properties": {"depth_m": 0.005}}, {"type": "Feature", "geometry": {"type": "Point", "coordinates": [91.5, 45.88513513513514]}, "properties": {"depth_m": 0.004}}, {"type": "Feature", "geometry": {"type": "Point", "coordinates": [92.5, 45.88513513513514]}, "properties": {"depth_m": 0.001}}, {"type": "Feature", "geometry": {"type": "Point", "coordinates": [93.5, 45.88513513513514]}, "properties": {"depth_m": 0.0}}, {"type": "Feature", "geometry": {"type": "Point", "coordinates": [94.5, 45.88513513513514]}, "properties": {"depth_m": 0.001}}, {"type": "Feature", "geometry": {"type": "Point", "coordinates": [95.5, 45.88513513513514]}, "properties": {"depth_m": 0.002}}, {"type": "Feature", "geometry": {"type": "Point", "coordinates": [96.5, 45.88513513513514]}, "properties": {"depth_m": 0.0}}, {"type": "Feature", "geometry": {"type": "Point", "coordinates": [97.5, 45.88513513513514]}, "properties": {"depth_m": 0.002}}, {"type": "Feature", "geometry": {"type": "Point", "coordinates": [98.5, 45.88513513513514]}, "properties": {"depth_m": 0.004}}, {"type": "Feature", "geometry": {"type": "Point", "coordinates": [99.5, 45.88513513513514]}, "properties": {"depth_m": 0.009}}, {"type": "Feature", "geometry": {"type": "Point", "coordinates": [100.5, 45.88513513513514]}, "properties": {"depth_m": 0.003}}, {"type": "Feature", "geometry": {"type": "Point", "coordinates": [101.5, 45.88513513513514]}, "properties": {"depth_m": 0.0}}, {"type": "Feature", "geometry": {"type": "Point", "coordinates": [102.5, 45.88513513513514]}, "properties": {"depth_m": 0.001}}, {"type": "Feature", "geometry": {"type": "Point", "coordinates": [103.5, 45.88513513513514]}, "properties": {"depth_m": 0.005}}, {"type": "Feature", "geometry": {"type": "Point", "coordinates": [104.5, 45.88513513513514]}, "properties": {"depth_m": 0.001}}, {"type": "Feature", "geometry": {"type": "Point", "coordinates": [105.5, 45.88513513513514]}, "properties": {"depth_m": 0.0}}, {"type": "Feature", "geometry": {"type": "Point", "coordinates": [106.5, 45.88513513513514]}, "properties": {"depth_m": 0.0}}, {"type": "Feature", "geometry": {"type": "Point", "coordinates": [107.5, 45.88513513513514]}, "properties": {"depth_m": 0.0}}, {"type": "Feature", "geometry": {"type": "Point", "coordinates": [108.5, 45.88513513513514]}, "properties": {"depth_m": 0.0}}, {"type": "Feature", "geometry": {"type": "Point", "coordinates": [109.5, 45.88513513513514]}, "properties": {"depth_m": 0.0}}, {"type": "Feature", "geometry": {"type": "Point", "coordinates": [110.5, 45.88513513513514]}, "properties": {"depth_m": 0.0}}, {"type": "Feature", "geometry": {"type": "Point", "coordinates": [111.5, 45.88513513513514]}, "properties": {"depth_m": 0.0}}, {"type": "Feature", "geometry": {"type": "Point", "coordinates": [112.5, 45.88513513513514]}, "properties": {"depth_m": 0.0}}, {"type": "Feature", "geometry": {"type": "Point", "coordinates": [113.5, 45.88513513513514]}, "properties": {"depth_m": 0.0}}, {"type": "Feature", "geometry": {"type": "Point", "coordinates": [114.5, 45.88513513513514]}, "properties": {"depth_m": 0.0}}, {"type": "Feature", "geometry": {"type": "Point", "coordinates": [115.5, 45.88513513513514]}, "properties": {"depth_m": 0.0}}, {"type": "Feature", "geometry": {"type": "Point", "coordinates": [116.5, 45.88513513513514]}, "properties": {"depth_m": 0.008}}, {"type": "Feature", "geometry": {"type": "Point", "coordinates": [117.5, 45.88513513513514]}, "properties": {"depth_m": 0.02}}, {"type": "Feature", "geometry": {"type": "Point", "coordinates": [118.5, 45.88513513513514]}, "properties": {"depth_m": 0.006}}, {"type": "Feature", "geometry": {"type": "Point", "coordinates": [119.5, 45.88513513513514]}, "properties": {"depth_m": 0.004}}, {"type": "Feature", "geometry": {"type": "Point", "coordinates": [120.5, 45.88513513513514]}, "properties": {"depth_m": 0.008}}, {"type": "Feature", "geometry": {"type": "Point", "coordinates": [121.5, 45.88513513513514]}, "properties": {"depth_m": 0.009}}, {"type": "Feature", "geometry": {"type": "Point", "coordinates": [122.5, 45.88513513513514]}, "properties": {"depth_m": 0.017}}, {"type": "Feature", "geometry": {"type": "Point", "coordinates": [123.5, 45.88513513513514]}, "properties": {"depth_m": 0.068}}, {"type": "Feature", "geometry": {"type": "Point", "coordinates": [124.5, 45.88513513513514]}, "properties": {"depth_m": 0.119}}, {"type": "Feature", "geometry": {"type": "Point", "coordinates": [125.5, 45.88513513513514]}, "properties": {"depth_m": 0.056}}, {"type": "Feature", "geometry": {"type": "Point", "coordinates": [126.5, 45.88513513513514]}, "properties": {"depth_m": 0.075}}, {"type": "Feature", "geometry": {"type": "Point", "coordinates": [127.5, 45.88513513513514]}, "properties": {"depth_m": 0.06}}, {"type": "Feature", "geometry": {"type": "Point", "coordinates": [128.5, 45.88513513513514]}, "properties": {"depth_m": 0.065}}, {"type": "Feature", "geometry": {"type": "Point", "coordinates": [129.5, 45.88513513513514]}, "properties": {"depth_m": 0.067}}, {"type": "Feature", "geometry": {"type": "Point", "coordinates": [130.5, 45.88513513513514]}, "properties": {"depth_m": 0.008}}, {"type": "Feature", "geometry": {"type": "Point", "coordinates": [131.5, 45.88513513513514]}, "properties": {"depth_m": 0.004}}, {"type": "Feature", "geometry": {"type": "Point", "coordinates": [132.5, 45.88513513513514]}, "properties": {"depth_m": 0.013}}, {"type": "Feature", "geometry": {"type": "Point", "coordinates": [133.5, 45.88513513513514]}, "properties": {"depth_m": 0.082}}, {"type": "Feature", "geometry": {"type": "Point", "coordinates": [134.5, 45.88513513513514]}, "properties": {"depth_m": 0.055}}, {"type": "Feature", "geometry": {"type": "Point", "coordinates": [135.5, 45.88513513513514]}, "properties": {"depth_m": 0.026}}, {"type": "Feature", "geometry": {"type": "Point", "coordinates": [136.5, 45.88513513513514]}, "properties": {"depth_m": 0.007}}, {"type": "Feature", "geometry": {"type": "Point", "coordinates": [72.5, 44.87162162162162]}, "properties": {"depth_m": 0.026}}, {"type": "Feature", "geometry": {"type": "Point", "coordinates": [73.5, 44.87162162162162]}, "properties": {"depth_m": 0.001}}, {"type": "Feature", "geometry": {"type": "Point", "coordinates": [74.5, 44.87162162162162]}, "properties": {"depth_m": 0.008}}, {"type": "Feature", "geometry": {"type": "Point", "coordinates": [75.5, 44.87162162162162]}, "properties": {"depth_m": 0.006}}, {"type": "Feature", "geometry": {"type": "Point", "coordinates": [78.5, 44.87162162162162]}, "properties": {"depth_m": 0.006}}, {"type": "Feature", "geometry": {"type": "Point", "coordinates": [79.5, 44.87162162162162]}, "properties": {"depth_m": 0.0}}, {"type": "Feature", "geometry": {"type": "Point", "coordinates": [80.5, 44.87162162162162]}, "properties": {"depth_m": 0.0}}, {"type": "Feature", "geometry": {"type": "Point", "coordinates": [81.5, 44.87162162162162]}, "properties": {"depth_m": 0.001}}, {"type": "Feature", "geometry": {"type": "Point", "coordinates": [82.5, 44.87162162162162]}, "properties": {"depth_m": 0.007}}, {"type": "Feature", "geometry": {"type": "Point", "coordinates": [83.5, 44.87162162162162]}, "properties": {"depth_m": 0.005}}, {"type": "Feature", "geometry": {"type": "Point", "coordinates": [84.5, 44.87162162162162]}, "properties": {"depth_m": 0.006}}, {"type": "Feature", "geometry": {"type": "Point", "coordinates": [85.5, 44.87162162162162]}, "properties": {"depth_m": 0.017}}, {"type": "Feature", "geometry": {"type": "Point", "coordinates": [86.5, 44.87162162162162]}, "properties": {"depth_m": 0.011}}, {"type": "Feature", "geometry": {"type": "Point", "coordinates": [87.5, 44.87162162162162]}, "properties": {"depth_m": 0.005}}, {"type": "Feature", "geometry": {"type": "Point", "coordinates": [88.5, 44.87162162162162]}, "properties": {"depth_m": 0.002}}, {"type": "Feature", "geometry": {"type": "Point", "coordinates": [89.5, 44.87162162162162]}, "properties": {"depth_m": 0.001}}, {"type": "Feature", "geometry": {"type": "Point", "coordinates": [90.5, 44.87162162162162]}, "properties": {"depth_m": 0.001}}, {"type": "Feature", "geometry": {"type": "Point", "coordinates": [91.5, 44.87162162162162]}, "properties": {"depth_m": 0.001}}, {"type": "Feature", "geometry": {"type": "Point", "coordinates": [92.5, 44.87162162162162]}, "properties": {"depth_m": 0.001}}, {"type": "Feature", "geometry": {"type": "Point", "coordinates": [93.5, 44.87162162162162]}, "properties": {"depth_m": 0.002}}, {"type": "Feature", "geometry": {"type": "Point", "coordinates": [94.5, 44.87162162162162]}, "properties": {"depth_m": 0.001}}, {"type": "Feature", "geometry": {"type": "Point", "coordinates": [95.5, 44.87162162162162]}, "properties": {"depth_m": 0.0}}, {"type": "Feature", "geometry": {"type": "Point", "coordinates": [96.5, 44.87162162162162]}, "properties": {"depth_m": 0.001}}, {"type": "Feature", "geometry": {"type": "Point", "coordinates": [97.5, 44.87162162162162]}, "properties": {"depth_m": 0.001}}, {"type": "Feature", "geometry": {"type": "Point", "coordinates": [98.5, 44.87162162162162]}, "properties": {"depth_m": 0.0}}, {"type": "Feature", "geometry": {"type": "Point", "coordinates": [99.5, 44.87162162162162]}, "properties": {"depth_m": 0.001}}, {"type": "Feature", "geometry": {"type": "Point", "coordinates": [100.5, 44.87162162162162]}, "properties": {"depth_m": 0.005}}, {"type": "Feature", "geometry": {"type": "Point", "coordinates": [101.5, 44.87162162162162]}, "properties": {"depth_m": 0.001}}, {"type": "Feature", "geometry": {"type": "Point", "coordinates": [102.5, 44.87162162162162]}, "properties": {"depth_m": 0.0}}, {"type": "Feature", "geometry": {"type": "Point", "coordinates": [103.5, 44.87162162162162]}, "properties": {"depth_m": 0.003}}, {"type": "Feature", "geometry": {"type": "Point", "coordinates": [104.5, 44.87162162162162]}, "properties": {"depth_m": 0.001}}, {"type": "Feature", "geometry": {"type": "Point", "coordinates": [105.5, 44.87162162162162]}, "properties": {"depth_m": 0.0}}, {"type": "Feature", "geometry": {"type": "Point", "coordinates": [106.5, 44.87162162162162]}, "properties": {"depth_m": 0.001}}, {"type": "Feature", "geometry": {"type": "Point", "coordinates": [107.5, 44.87162162162162]}, "properties": {"depth_m": 0.001}}, {"type": "Feature", "geometry": {"type": "Point", "coordinates": [108.5, 44.87162162162162]}, "properties": {"depth_m": 0.0}}, {"type": "Feature", "geometry": {"type": "Point", "coordinates": [109.5, 44.87162162162162]}, "properties": {"depth_m": 0.0}}, {"type": "Feature", "geometry": {"type": "Point", "coordinates": [110.5, 44.87162162162162]}, "properties": {"depth_m": 0.0}}, {"type": "Feature", "geometry": {"type": "Point", "coordinates": [111.5, 44.87162162162162]}, "properties": {"depth_m": 0.0}}, {"type": "Feature", "geometry": {"type": "Point", "coordinates": [112.5, 44.87162162162162]}, "properties": {"depth_m": 0.0}}, {"type": "Feature", "geometry": {"type": "Point", "coordinates": [113.5, 44.87162162162162]}, "properties": {"depth_m": 0.0}}, {"type": "Feature", "geometry": {"type": "Point", "coordinates": [114.5, 44.87162162162162]}, "properties": {"depth_m": 0.0}}, {"type": "Feature", "geometry": {"type": "Point", "coordinates": [115.5, 44.87162162162162]}, "properties": {"depth_m": 0.0}}, {"type": "Feature", "geometry": {"type": "Point", "coordinates": [116.5, 44.87162162162162]}, "properties": {"depth_m": 0.003}}, {"type": "Feature", "geometry": {"type": "Point", "coordinates": [117.5, 44.87162162162162]}, "properties": {"depth_m": 0.019}}, {"type": "Feature", "geometry": {"type": "Point", "coordinates": [118.5, 44.87162162162162]}, "properties": {"depth_m": 0.002}}, {"type": "Feature", "geometry": {"type": "Point", "coordinates": [119.5, 44.87162162162162]}, "properties": {"depth_m": 0.003}}, {"type": "Feature", "geometry": {"type": "Point", "coordinates": [120.5, 44.87162162162162]}, "properties": {"depth_m": 0.003}}, {"type": "Feature", "geometry": {"type": "Point", "coordinates": [121.5, 44.87162162162162]}, "properties": {"depth_m": 0.015}}, {"type": "Feature", "geometry": {"type": "Point", "coordinates": [122.5, 44.87162162162162]}, "properties": {"depth_m": 0.021}}, {"type": "Feature", "geometry": {"type": "Point", "coordinates": [123.5, 44.87162162162162]}, "properties": {"depth_m": 0.024}}, {"type": "Feature", "geometry": {"type": "Point", "coordinates": [124.5, 44.87162162162162]}, "properties": {"depth_m": 0.036}}, {"type": "Feature", "geometry": {"type": "Point", "coordinates": [125.5, 44.87162162162162]}, "properties": {"depth_m": 0.164}}, {"type": "Feature", "geometry": {"type": "Point", "coordinates": [126.5, 44.87162162162162]}, "properties": {"depth_m": 0.039}}, {"type": "Feature", "geometry": {"type": "Point", "coordinates": [127.5, 44.87162162162162]}, "properties": {"depth_m": 0.026}}, {"type": "Feature", "geometry": {"type": "Point", "coordinates": [128.5, 44.87162162162162]}, "properties": {"depth_m": 0.007}}, {"type": "Feature", "geometry": {"type": "Point", "coordinates": [129.5, 44.87162162162162]}, "properties": {"depth_m": 0.021}}, {"type": "Feature", "geometry": {"type": "Point", "coordinates": [130.5, 44.87162162162162]}, "properties": {"depth_m": 0.01}}, {"type": "Feature", "geometry": {"type": "Point", "coordinates": [131.5, 44.87162162162162]}, "properties": {"depth_m": 0.007}}, {"type": "Feature", "geometry": {"type": "Point", "coordinates": [132.5, 44.87162162162162]}, "properties": {"depth_m": 0.038}}, {"type": "Feature", "geometry": {"type": "Point", "coordinates": [133.5, 44.87162162162162]}, "properties": {"depth_m": 0.049}}, {"type": "Feature", "geometry": {"type": "Point", "coordinates": [134.5, 44.87162162162162]}, "properties": {"depth_m": 0.012}}, {"type": "Feature", "geometry": {"type": "Point", "coordinates": [135.5, 44.87162162162162]}, "properties": {"depth_m": 0.007}}, {"type": "Feature", "geometry": {"type": "Point", "coordinates": [136.5, 44.87162162162162]}, "properties": {"depth_m": 0.015}}, {"type": "Feature", "geometry": {"type": "Point", "coordinates": [72.5, 43.858108108108105]}, "properties": {"depth_m": 0.003}}, {"type": "Feature", "geometry": {"type": "Point", "coordinates": [73.5, 43.858108108108105]}, "properties": {"depth_m": 0.051}}, {"type": "Feature", "geometry": {"type": "Point", "coordinates": [74.5, 43.858108108108105]}, "properties": {"depth_m": 0.004}}, {"type": "Feature", "geometry": {"type": "Point", "coordinates": [75.5, 43.858108108108105]}, "properties": {"depth_m": 0.002}}, {"type": "Feature", "geometry": {"type": "Point", "coordinates": [76.5, 43.858108108108105]}, "properties": {"depth_m": 0.541}}, {"type": "Feature", "geometry": {"type": "Point", "coordinates": [77.5, 43.858108108108105]}, "properties": {"depth_m": 0.892}}, {"type": "Feature", "geometry": {"type": "Point", "coordinates": [78.5, 43.858108108108105]}, "properties": {"depth_m": 0.251}}, {"type": "Feature", "geometry": {"type": "Point", "coordinates": [79.5, 43.858108108108105]}, "properties": {"depth_m": 0.023}}, {"type": "Feature", "geometry": {"type": "Point", "coordinates": [80.5, 43.858108108108105]}, "properties": {"depth_m": 0.023}}, {"type": "Feature", "geometry": {"type": "Point", "coordinates": [81.5, 43.858108108108105]}, "properties": {"depth_m": 0.015}}, {"type": "Feature", "geometry": {"type": "Point", "coordinates": [82.5, 43.858108108108105]}, "properties": {"depth_m": 0.015}}, {"type": "Feature", "geometry": {"type": "Point", "coordinates": [83.5, 43.858108108108105]}, "properties": {"depth_m": 0.006}}, {"type": "Feature", "geometry": {"type": "Point", "coordinates": [84.5, 43.858108108108105]}, "properties": {"depth_m": 0.003}}, {"type": "Feature", "geometry": {"type": "Point", "coordinates": [85.5, 43.858108108108105]}, "properties": {"depth_m": 0.006}}, {"type": "Feature", "geometry": {"type": "Point", "coordinates": [86.5, 43.858108108108105]}, "properties": {"depth_m": 0.003}}, {"type": "Feature", "geometry": {"type": "Point", "coordinates": [87.5, 43.858108108108105]}, "properties": {"depth_m": 0.004}}, {"type": "Feature", "geometry": {"type": "Point", "coordinates": [88.5, 43.858108108108105]}, "properties": {"depth_m": 0.0}}, {"type": "Feature", "geometry": {"type": "Point", "coordinates": [89.5, 43.858108108108105]}, "properties": {"depth_m": 0.001}}, {"type": "Feature", "geometry": {"type": "Point", "coordinates": [90.5, 43.858108108108105]}, "properties": {"depth_m": 0.0}}, {"type": "Feature", "geometry": {"type": "Point", "coordinates": [91.5, 43.858108108108105]}, "properties": {"depth_m": 0.0}}, {"type": "Feature", "geometry": {"type": "Point", "coordinates": [92.5, 43.858108108108105]}, "properties": {"depth_m": 0.0}}, {"type": "Feature", "geometry": {"type": "Point", "coordinates": [93.5, 43.858108108108105]}, "properties": {"depth_m": 0.001}}, {"type": "Feature", "geometry": {"type": "Point", "coordinates": [94.5, 43.858108108108105]}, "properties": {"depth_m": 0.001}}, {"type": "Feature", "geometry": {"type": "Point", "coordinates": [95.5, 43.858108108108105]}, "properties": {"depth_m": 0.001}}, {"type": "Feature", "geometry": {"type": "Point", "coordinates": [96.5, 43.858108108108105]}, "properties": {"depth_m": 0.0}}, {"type": "Feature", "geometry": {"type": "Point", "coordinates": [97.5, 43.858108108108105]}, "properties": {"depth_m": 0.0}}, {"type": "Feature", "geometry": {"type": "Point", "coordinates": [98.5, 43.858108108108105]}, "properties": {"depth_m": 0.0}}, {"type": "Feature", "geometry": {"type": "Point", "coordinates": [99.5, 43.858108108108105]}, "properties": {"depth_m": 0.001}}, {"type": "Feature", "geometry": {"type": "Point", "coordinates": [100.5, 43.858108108108105]}, "properties": {"depth_m": 0.001}}, {"type": "Feature", "geometry": {"type": "Point", "coordinates": [101.5, 43.858108108108105]}, "properties": {"depth_m": 0.002}}, {"type": "Feature", "geometry": {"type": "Point", "coordinates": [102.5, 43.858108108108105]}, "properties": {"depth_m": 0.0}}, {"type": "Feature", "geometry": {"type": "Point", "coordinates": [103.5, 43.858108108108105]}, "properties": {"depth_m": 0.001}}, {"type": "Feature", "geometry": {"type": "Point", "coordinates": [104.5, 43.858108108108105]}, "properties": {"depth_m": 0.001}}, {"type": "Feature", "geometry": {"type": "Point", "coordinates": [105.5, 43.858108108108105]}, "properties": {"depth_m": 0.0}}, {"type": "Feature", "geometry": {"type": "Point", "coordinates": [106.5, 43.858108108108105]}, "properties": {"depth_m": 0.0}}, {"type": "Feature", "geometry": {"type": "Point", "coordinates": [107.5, 43.858108108108105]}, "properties": {"depth_m": 0.001}}, {"type": "Feature", "geometry": {"type": "Point", "coordinates": [108.5, 43.858108108108105]}, "properties": {"depth_m": 0.001}}, {"type": "Feature", "geometry": {"type": "Point", "coordinates": [109.5, 43.858108108108105]}, "properties": {"depth_m": 0.0}}, {"type": "Feature", "geometry": {"type": "Point", "coordinates": [110.5, 43.858108108108105]}, "properties": {"depth_m": 0.0}}, {"type": "Feature", "geometry": {"type": "Point", "coordinates": [111.5, 43.858108108108105]}, "properties": {"depth_m": 0.0}}, {"type": "Feature", "geometry": {"type": "Point", "coordinates": [112.5, 43.858108108108105]}, "properties": {"depth_m": 0.0}}, {"type": "Feature", "geometry": {"type": "Point", "coordinates": [113.5, 43.858108108108105]}, "properties": {"depth_m": 0.0}}, {"type": "Feature", "geometry": {"type": "Point", "coordinates": [114.5, 43.858108108108105]}, "properties": {"depth_m": 0.0}}, {"type": "Feature", "geometry": {"type": "Point", "coordinates": [115.5, 43.858108108108105]}, "properties": {"depth_m": 0.0}}, {"type": "Feature", "geometry": {"type": "Point", "coordinates": [116.5, 43.858108108108105]}, "properties": {"depth_m": 0.001}}, {"type": "Feature", "geometry": {"type": "Point", "coordinates": [117.5, 43.858108108108105]}, "properties": {"depth_m": 0.001}}, {"type": "Feature", "geometry": {"type": "Point", "coordinates": [118.5, 43.858108108108105]}, "properties": {"depth_m": 0.01}}, {"type": "Feature", "geometry": {"type": "Point", "coordinates": [119.5, 43.858108108108105]}, "properties": {"depth_m": 0.01}}, {"type": "Feature", "geometry": {"type": "Point", "coordinates": [120.5, 43.858108108108105]}, "properties": {"depth_m": 0.129}}, {"type": "Feature", "geometry": {"type": "Point", "coordinates": [121.5, 43.858108108108105]}, "properties": {"depth_m": 0.057}}, {"type": "Feature", "geometry": {"type": "Point", "coordinates": [122.5, 43.858108108108105]}, "properties": {"depth_m": 0.061}}, {"type": "Feature", "geometry": {"type": "Point", "coordinates": [123.5, 43.858108108108105]}, "properties": {"depth_m": 0.094}}, {"type": "Feature", "geometry": {"type": "Point", "coordinates": [124.5, 43.858108108108105]}, "properties": {"depth_m": 0.064}}, {"type": "Feature", "geometry": {"type": "Point", "coordinates": [125.5, 43.858108108108105]}, "properties": {"depth_m": 0.14}}, {"type": "Feature", "geometry": {"type": "Point", "coordinates": [126.5, 43.858108108108105]}, "properties": {"depth_m": 0.185}}, {"type": "Feature", "geometry": {"type": "Point", "coordinates": [127.5, 43.858108108108105]}, "properties": {"depth_m": 0.029}}, {"type": "Feature", "geometry": {"type": "Point", "coordinates": [128.5, 43.858108108108105]}, "properties": {"depth_m": 0.027}}, {"type": "Feature", "geometry": {"type": "Point", "coordinates": [129.5, 43.858108108108105]}, "properties": {"depth_m": 0.033}}, {"type": "Feature", "geometry": {"type": "Point", "coordinates": [130.5, 43.858108108108105]}, "properties": {"depth_m": 0.006}}, {"type": "Feature", "geometry": {"type": "Point", "coordinates": [131.5, 43.858108108108105]}, "properties": {"depth_m": 0.022}}, {"type": "Feature", "geometry": {"type": "Point", "coordinates": [132.5, 43.858108108108105]}, "properties": {"depth_m": 0.006}}, {"type": "Feature", "geometry": {"type": "Point", "coordinates": [133.5, 43.858108108108105]}, "properties": {"depth_m": 0.011}}, {"type": "Feature", "geometry": {"type": "Point", "coordinates": [134.5, 43.858108108108105]}, "properties": {"depth_m": 0.006}}, {"type": "Feature", "geometry": {"type": "Point", "coordinates": [135.5, 43.858108108108105]}, "properties": {"depth_m": 0.017}}, {"type": "Feature", "geometry": {"type": "Point", "coordinates": [136.5, 43.858108108108105]}, "properties": {"depth_m": 0.032}}, {"type": "Feature", "geometry": {"type": "Point", "coordinates": [72.5, 42.8445945945946]}, "properties": {"depth_m": 0.012}}, {"type": "Feature", "geometry": {"type": "Point", "coordinates": [73.5, 42.8445945945946]}, "properties": {"depth_m": 0.022}}, {"type": "Feature", "geometry": {"type": "Point", "coordinates": [74.5, 42.8445945945946]}, "properties": {"depth_m": 0.058}}, {"type": "Feature", "geometry": {"type": "Point", "coordinates": [75.5, 42.8445945945946]}, "properties": {"depth_m": 0.051}}, {"type": "Feature", "geometry": {"type": "Point", "coordinates": [76.5, 42.8445945945946]}, "properties": {"depth_m": 0.022}}, {"type": "Feature", "geometry": {"type": "Point", "coordinates": [77.5, 42.8445945945946]}, "properties": {"depth_m": 0.014}}, {"type": "Feature", "geometry": {"type": "Point", "coordinates": [78.5, 42.8445945945946]}, "properties": {"depth_m": 0.012}}, {"type": "Feature", "geometry": {"type": "Point", "coordinates": [79.5, 42.8445945945946]}, "properties": {"depth_m": 0.003}}, {"type": "Feature", "geometry": {"type": "Point", "coordinates": [80.5, 42.8445945945946]}, "properties": {"depth_m": 0.005}}, {"type": "Feature", "geometry": {"type": "Point", "coordinates": [81.5, 42.8445945945946]}, "properties": {"depth_m": 0.01}}, {"type": "Feature", "geometry": {"type": "Point", "coordinates": [82.5, 42.8445945945946]}, "properties": {"depth_m": 0.006}}, {"type": "Feature", "geometry": {"type": "Point", "coordinates": [83.5, 42.8445945945946]}, "properties": {"depth_m": 0.003}}, {"type": "Feature", "geometry": {"type": "Point", "coordinates": [84.5, 42.8445945945946]}, "properties": {"depth_m": 0.021}}, {"type": "Feature", "geometry": {"type": "Point", "coordinates": [85.5, 42.8445945945946]}, "properties": {"depth_m": 0.004}}, {"type": "Feature", "geometry": {"type": "Point", "coordinates": [86.5, 42.8445945945946]}, "properties": {"depth_m": 0.002}}, {"type": "Feature", "geometry": {"type": "Point", "coordinates": [87.5, 42.8445945945946]}, "properties": {"depth_m": 0.001}}, {"type": "Feature", "geometry": {"type": "Point", "coordinates": [88.5, 42.8445945945946]}, "properties": {"depth_m": 0.004}}, {"type": "Feature", "geometry": {"type": "Point", "coordinates": [89.5, 42.8445945945946]}, "properties": {"depth_m": 0.002}}, {"type": "Feature", "geometry": {"type": "Point", "coordinates": [90.5, 42.8445945945946]}, "properties": {"depth_m": 0.0}}, {"type": "Feature", "geometry": {"type": "Point", "coordinates": [91.5, 42.8445945945946]}, "properties": {"depth_m": 0.0}}, {"type": "Feature", "geometry": {"type": "Point", "coordinates": [92.5, 42.8445945945946]}, "properties": {"depth_m": 0.001}}, {"type": "Feature", "geometry": {"type": "Point", "coordinates": [93.5, 42.8445945945946]}, "properties": {"depth_m": 0.001}}, {"type": "Feature", "geometry": {"type": "Point", "coordinates": [94.5, 42.8445945945946]}, "properties": {"depth_m": 0.0}}, {"type": "Feature", "geometry": {"type": "Point", "coordinates": [95.5, 42.8445945945946]}, "properties": {"depth_m": 0.001}}, {"type": "Feature", "geometry": {"type": "Point", "coordinates": [96.5, 42.8445945945946]}, "properties": {"depth_m": 0.0}}, {"type": "Feature", "geometry": {"type": "Point", "coordinates": [97.5, 42.8445945945946]}, "properties": {"depth_m": 0.0}}, {"type": "Feature", "geometry": {"type": "Point", "coordinates": [98.5, 42.8445945945946]}, "properties": {"depth_m": 0.0}}, {"type": "Feature", "geometry": {"type": "Point", "coordinates": [99.5, 42.8445945945946]}, "properties": {"depth_m": 0.0}}, {"type": "Feature", "geometry": {"type": "Point", "coordinates": [100.5, 42.8445945945946]}, "properties": {"depth_m": 0.003}}, {"type": "Feature", "geometry": {"type": "Point", "coordinates": [101.5, 42.8445945945946]}, "properties": {"depth_m": 0.001}}, {"type": "Feature", "geometry": {"type": "Point", "coordinates": [102.5, 42.8445945945946]}, "properties": {"depth_m": 0.0}}, {"type": "Feature", "geometry": {"type": "Point", "coordinates": [103.5, 42.8445945945946]}, "properties": {"depth_m": 0.002}}, {"type": "Feature", "geometry": {"type": "Point", "coordinates": [104.5, 42.8445945945946]}, "properties": {"depth_m": 0.0}}, {"type": "Feature", "geometry": {"type": "Point", "coordinates": [105.5, 42.8445945945946]}, "properties": {"depth_m": 0.001}}, {"type": "Feature", "geometry": {"type": "Point", "coordinates": [106.5, 42.8445945945946]}, "properties": {"depth_m": 0.002}}, {"type": "Feature", "geometry": {"type": "Point", "coordinates": [107.5, 42.8445945945946]}, "properties": {"depth_m": 0.004}}, {"type": "Feature", "geometry": {"type": "Point", "coordinates": [108.5, 42.8445945945946]}, "properties": {"depth_m": 0.002}}, {"type": "Feature", "geometry": {"type": "Point", "coordinates": [109.5, 42.8445945945946]}, "properties": {"depth_m": 0.001}}, {"type": "Feature", "geometry": {"type": "Point", "coordinates": [110.5, 42.8445945945946]}, "properties": {"depth_m": 0.001}}, {"type": "Feature", "geometry": {"type": "Point", "coordinates": [111.5, 42.8445945945946]}, "properties": {"depth_m": 0.001}}, {"type": "Feature", "geometry": {"type": "Point", "coordinates": [112.5, 42.8445945945946]}, "properties": {"depth_m": 0.001}}, {"type": "Feature", "geometry": {"type": "Point", "coordinates": [113.5, 42.8445945945946]}, "properties": {"depth_m": 0.001}}, {"type": "Feature", "geometry": {"type": "Point", "coordinates": [114.5, 42.8445945945946]}, "properties": {"depth_m": 0.0}}, {"type": "Feature", "geometry": {"type": "Point", "coordinates": [115.5, 42.8445945945946]}, "properties": {"depth_m": 0.0}}, {"type": "Feature", "geometry": {"type": "Point", "coordinates": [116.5, 42.8445945945946]}, "properties": {"depth_m": 0.001}}, {"type": "Feature", "geometry": {"type": "Point", "coordinates": [117.5, 42.8445945945946]}, "properties": {"depth_m": 0.005}}, {"type": "Feature", "geometry": {"type": "Point", "coordinates": [118.5, 42.8445945945946]}, "properties": {"depth_m": 0.011}}, {"type": "Feature", "geometry": {"type": "Point", "coordinates": [119.5, 42.8445945945946]}, "properties": {"depth_m": 0.078}}, {"type": "Feature", "geometry": {"type": "Point", "coordinates": [120.5, 42.8445945945946]}, "properties": {"depth_m": 0.299}}, {"type": "Feature", "geometry": {"type": "Point", "coordinates": [121.5, 42.8445945945946]}, "properties": {"depth_m": 0.017}}, {"type": "Feature", "geometry": {"type": "Point", "coordinates": [122.5, 42.8445945945946]}, "properties": {"depth_m": 0.002}}, {"type": "Feature", "geometry": {"type": "Point", "coordinates": [123.5, 42.8445945945946]}, "properties": {"depth_m": 0.176}}, {"type": "Feature", "geometry": {"type": "Point", "coordinates": [124.5, 42.8445945945946]}, "properties": {"depth_m": 0.104}}, {"type": "Feature", "geometry": {"type": "Point", "coordinates": [125.5, 42.8445945945946]}, "properties": {"depth_m": 0.058}}, {"type": "Feature", "geometry": {"type": "Point", "coordinates": [126.5, 42.8445945945946]}, "properties": {"depth_m": 0.067}}, {"type": "Feature", "geometry": {"type": "Point", "coordinates": [127.5, 42.8445945945946]}, "properties": {"depth_m": 0.111}}, {"type": "Feature", "geometry": {"type": "Point", "coordinates": [128.5, 42.8445945945946]}, "properties": {"depth_m": 0.019}}, {"type": "Feature", "geometry": {"type": "Point", "coordinates": [129.5, 42.8445945945946]}, "properties": {"depth_m": 0.018}}, {"type": "Feature", "geometry": {"type": "Point", "coordinates": [130.5, 42.8445945945946]}, "properties": {"depth_m": 0.055}}, {"type": "Feature", "geometry": {"type": "Point", "coordinates": [131.5, 42.8445945945946]}, "properties": {"depth_m": 0.015}}, {"type": "Feature", "geometry": {"type": "Point", "coordinates": [132.5, 42.8445945945946]}, "properties": {"depth_m": 0.01}}, {"type": "Feature", "geometry": {"type": "Point", "coordinates": [133.5, 42.8445945945946]}, "properties": {"depth_m": 0.01}}, {"type": "Feature", "geometry": {"type": "Point", "coordinates": [134.5, 42.8445945945946]}, "properties": {"depth_m": 0.021}}, {"type": "Feature", "geometry": {"type": "Point", "coordinates": [72.5, 41.83108108108108]}, "properties": {"depth_m": 0.323}}, {"type": "Feature", "geometry": {"type": "Point", "coordinates": [73.5, 41.83108108108108]}, "properties": {"depth_m": 0.198}}, {"type": "Feature", "geometry": {"type": "Point", "coordinates": [74.5, 41.83108108108108]}, "properties": {"depth_m": 0.011}}, {"type": "Feature", "geometry": {"type": "Point", "coordinates": [75.5, 41.83108108108108]}, "properties": {"depth_m": 0.009}}, {"type": "Feature", "geometry": {"type": "Point", "coordinates": [76.5, 41.83108108108108]}, "properties": {"depth_m": 0.005}}, {"type": "Feature", "geometry": {"type": "Point", "coordinates": [77.5, 41.83108108108108]}, "properties": {"depth_m": 0.007}}, {"type": "Feature", "geometry": {"type": "Point", "coordinates": [78.5, 41.83108108108108]}, "properties": {"depth_m": 0.001}}, {"type": "Feature", "geometry": {"type": "Point", "coordinates": [79.5, 41.83108108108108]}, "properties": {"depth_m": 0.007}}, {"type": "Feature", "geometry": {"type": "Point", "coordinates": [80.5, 41.83108108108108]}, "properties": {"depth_m": 0.001}}, {"type": "Feature", "geometry": {"type": "Point", "coordinates": [81.5, 41.83108108108108]}, "properties": {"depth_m": 0.003}}, {"type": "Feature", "geometry": {"type": "Point", "coordinates": [82.5, 41.83108108108108]}, "properties": {"depth_m": 0.004}}, {"type": "Feature", "geometry": {"type": "Point", "coordinates": [83.5, 41.83108108108108]}, "properties": {"depth_m": 0.005}}, {"type": "Feature", "geometry": {"type": "Point", "coordinates": [84.5, 41.83108108108108]}, "properties": {"depth_m": 0.007}}, {"type": "Feature", "geometry": {"type": "Point", "coordinates": [85.5, 41.83108108108108]}, "properties": {"depth_m": 0.023}}, {"type": "Feature", "geometry": {"type": "Point", "coordinates": [86.5, 41.83108108108108]}, "properties": {"depth_m": 0.042}}, {"type": "Feature", "geometry": {"type": "Point", "coordinates": [87.5, 41.83108108108108]}, "properties": {"depth_m": 0.002}}, {"type": "Feature", "geometry": {"type": "Point", "coordinates": [88.5, 41.83108108108108]}, "properties": {"depth_m": 0.001}}, {"type": "Feature", "geometry": {"type": "Point", "coordinates": [89.5, 41.83108108108108]}, "properties": {"depth_m": 0.003}}, {"type": "Feature", "geometry": {"type": "Point", "coordinates": [90.5, 41.83108108108108]}, "properties": {"depth_m": 0.0}}, {"type": "Feature", "geometry": {"type": "Point", "coordinates": [92.5, 41.83108108108108]}, "properties": {"depth_m": 0.0}}, {"type": "Feature", "geometry": {"type": "Point", "coordinates": [93.5, 41.83108108108108]}, "properties": {"depth_m": 0.0}}, {"type": "Feature", "geometry": {"type": "Point", "coordinates": [94.5, 41.83108108108108]}, "properties": {"depth_m": 0.0}}, {"type": "Feature", "geometry": {"type": "Point", "coordinates": [95.5, 41.83108108108108]}, "properties": {"depth_m": 0.0}}, {"type": "Feature", "geometry": {"type": "Point", "coordinates": [96.5, 41.83108108108108]}, "properties": {"depth_m": 0.0}}, {"type": "Feature", "geometry": {"type": "Point", "coordinates": [97.5, 41.83108108108108]}, "properties": {"depth_m": 0.0}}, {"type": "Feature", "geometry": {"type": "Point", "coordinates": [98.5, 41.83108108108108]}, "properties": {"depth_m": 0.0}}, {"type": "Feature", "geometry": {"type": "Point", "coordinates": [99.5, 41.83108108108108]}, "properties": {"depth_m": 0.0}}, {"type": "Feature", "geometry": {"type": "Point", "coordinates": [100.5, 41.83108108108108]}, "properties": {"depth_m": 0.008}}, {"type": "Feature", "geometry": {"type": "Point", "coordinates": [101.5, 41.83108108108108]}, "properties": {"depth_m": 0.001}}, {"type": "Feature", "geometry": {"type": "Point", "coordinates": [102.5, 41.83108108108108]}, "properties": {"depth_m": 0.0}}, {"type": "Feature", "geometry": {"type": "Point", "coordinates": [103.5, 41.83108108108108]}, "properties": {"depth_m": 0.0}}, {"type": "Feature", "geometry": {"type": "Point", "coordinates": [104.5, 41.83108108108108]}, "properties": {"depth_m": 0.002}}, {"type": "Feature", "geometry": {"type": "Point", "coordinates": [105.5, 41.83108108108108]}, "properties": {"depth_m": 0.004}}, {"type": "Feature", "geometry": {"type": "Point", "coordinates": [106.5, 41.83108108108108]}, "properties": {"depth_m": 0.003}}, {"type": "Feature", "geometry": {"type": "Point", "coordinates": [107.5, 41.83108108108108]}, "properties": {"depth_m": 0.0}}, {"type": "Feature", "geometry": {"type": "Point", "coordinates": [108.5, 41.83108108108108]}, "properties": {"depth_m": 0.0}}, {"type": "Feature", "geometry": {"type": "Point", "coordinates": [109.5, 41.83108108108108]}, "properties": {"depth_m": 0.0}}, {"type": "Feature", "geometry": {"type": "Point", "coordinates": [110.5, 41.83108108108108]}, "properties": {"depth_m": 0.001}}, {"type": "Feature", "geometry": {"type": "Point", "coordinates": [111.5, 41.83108108108108]}, "properties": {"depth_m": 0.001}}, {"type": "Feature", "geometry": {"type": "Point", "coordinates": [112.5, 41.83108108108108]}, "properties": {"depth_m": 0.001}}, {"type": "Feature", "geometry": {"type": "Point", "coordinates": [113.5, 41.83108108108108]}, "properties": {"depth_m": 0.0}}, {"type": "Feature", "geometry": {"type": "Point", "coordinates": [114.5, 41.83108108108108]}, "properties": {"depth_m": 0.001}}, {"type": "Feature", "geometry": {"type": "Point", "coordinates": [115.5, 41.83108108108108]}, "properties": {"depth_m": 0.003}}, {"type": "Feature", "geometry": {"type": "Point", "coordinates": [116.5, 41.83108108108108]}, "properties": {"depth_m": 0.007}}, {"type": "Feature", "geometry": {"type": "Point", "coordinates": [117.5, 41.83108108108108]}, "properties": {"depth_m": 0.034}}, {"type": "Feature", "geometry": {"type": "Point", "coordinates": [118.5, 41.83108108108108]}, "properties": {"depth_m": 0.009}}, {"type": "Feature", "geometry": {"type": "Point", "coordinates": [119.5, 41.83108108108108]}, "properties": {"depth_m": 0.022}}, {"type": "Feature", "geometry": {"type": "Point", "coordinates": [120.5, 41.83108108108108]}, "properties": {"depth_m": 0.022}}, {"type": "Feature", "geometry": {"type": "Point", "coordinates": [121.5, 41.83108108108108]}, "properties": {"depth_m": 0.008}}, {"type": "Feature", "geometry": {"type": "Point", "coordinates": [122.5, 41.83108108108108]}, "properties": {"depth_m": 0.211}}, {"type": "Feature", "geometry": {"type": "Point", "coordinates": [123.5, 41.83108108108108]}, "properties": {"depth_m": 0.407}}, {"type": "Feature", "geometry": {"type": "Point", "coordinates": [124.5, 41.83108108108108]}, "properties": {"depth_m": 0.134}}, {"type": "Feature", "geometry": {"type": "Point", "coordinates": [125.5, 41.83108108108108]}, "properties": {"depth_m": 0.112}}, {"type": "Feature", "geometry": {"type": "Point", "coordinates": [126.5, 41.83108108108108]}, "properties": {"depth_m": 0.072}}, {"type": "Feature", "geometry": {"type": "Point", "coordinates": [127.5, 41.83108108108108]}, "properties": {"depth_m": 0.163}}, {"type": "Feature", "geometry": {"type": "Point", "coordinates": [128.5, 41.83108108108108]}, "properties": {"depth_m": 0.008}}, {"type": "Feature", "geometry": {"type": "Point", "coordinates": [129.5, 41.83108108108108]}, "properties": {"depth_m": 0.013}}, {"type": "Feature", "geometry": {"type": "Point", "coordinates": [130.5, 41.83108108108108]}, "properties": {"depth_m": 0.127}}, {"type": "Feature", "geometry": {"type": "Point", "coordinates": [72.5, 40.817567567567565]}, "properties": {"depth_m": 0.221}}, {"type": "Feature", "geometry": {"type": "Point", "coordinates": [73.5, 40.817567567567565]}, "properties": {"depth_m": 0.019}}, {"type": "Feature", "geometry": {"type": "Point", "coordinates": [74.5, 40.817567567567565]}, "properties": {"depth_m": 0.004}}, {"type": "Feature", "geometry": {"type": "Point", "coordinates": [75.5, 40.817567567567565]}, "properties": {"depth_m": 0.003}}, {"type": "Feature", "geometry": {"type": "Point", "coordinates": [76.5, 40.817567567567565]}, "properties": {"depth_m": 0.005}}, {"type": "Feature", "geometry": {"type": "Point", "coordinates": [77.5, 40.817567567567565]}, "properties": {"depth_m": 0.006}}, {"type": "Feature", "geometry": {"type": "Point", "coordinates": [78.5, 40.817567567567565]}, "properties": {"depth_m": 0.008}}, {"type": "Feature", "geometry": {"type": "Point", "coordinates": [79.5, 40.817567567567565]}, "properties": {"depth_m": 0.011}}, {"type": "Feature", "geometry": {"type": "Point", "coordinates": [80.5, 40.817567567567565]}, "properties": {"depth_m": 0.032}}, {"type": "Feature", "geometry": {"type": "Point", "coordinates": [81.5, 40.817567567567565]}, "properties": {"depth_m": 0.018}}, {"type": "Feature", "geometry": {"type": "Point", "coordinates": [82.5, 40.817567567567565]}, "properties": {"depth_m": 0.035}}, {"type": "Feature", "geometry": {"type": "Point", "coordinates": [83.5, 40.817567567567565]}, "properties": {"depth_m": 0.023}}, {"type": "Feature", "geometry": {"type": "Point", "coordinates": [84.5, 40.817567567567565]}, "properties": {"depth_m": 0.019}}, {"type": "Feature", "geometry": {"type": "Point", "coordinates": [85.5, 40.817567567567565]}, "properties": {"depth_m": 0.028}}, {"type": "Feature", "geometry": {"type": "Point", "coordinates": [86.5, 40.817567567567565]}, "properties": {"depth_m": 0.029}}, {"type": "Feature", "geometry": {"type": "Point", "coordinates": [87.5, 40.817567567567565]}, "properties": {"depth_m": 0.032}}, {"type": "Feature", "geometry": {"type": "Point", "coordinates": [88.5, 40.817567567567565]}, "properties": {"depth_m": 0.014}}, {"type": "Feature", "geometry": {"type": "Point", "coordinates": [89.5, 40.817567567567565]}, "properties": {"depth_m": 0.016}}, {"type": "Feature", "geometry": {"type": "Point", "coordinates": [90.5, 40.817567567567565]}, "properties": {"depth_m": 0.033}}, {"type": "Feature", "geometry": {"type": "Point", "coordinates": [92.5, 40.817567567567565]}, "properties": {"depth_m": 0.0}}, {"type": "Feature", "geometry": {"type": "Point", "coordinates": [93.5, 40.817567567567565]}, "properties": {"depth_m": 0.002}}, {"type": "Feature", "geometry": {"type": "Point", "coordinates": [94.5, 40.817567567567565]}, "properties": {"depth_m": 0.008}}, {"type": "Feature", "geometry": {"type": "Point", "coordinates": [95.5, 40.817567567567565]}, "properties": {"depth_m": 0.004}}, {"type": "Feature", "geometry": {"type": "Point", "coordinates": [96.5, 40.817567567567565]}, "properties": {"depth_m": 0.002}}, {"type": "Feature", "geometry": {"type": "Point", "coordinates": [97.5, 40.817567567567565]}, "properties": {"depth_m": 0.001}}, {"type": "Feature", "geometry": {"type": "Point", "coordinates": [98.5, 40.817567567567565]}, "properties": {"depth_m": 0.0}}, {"type": "Feature", "geometry": {"type": "Point", "coordinates": [99.5, 40.817567567567565]}, "properties": {"depth_m": 0.006}}, {"type": "Feature", "geometry": {"type": "Point", "coordinates": [100.5, 40.817567567567565]}, "properties": {"depth_m": 0.003}}, {"type": "Feature", "geometry": {"type": "Point", "coordinates": [101.5, 40.817567567567565]}, "properties": {"depth_m": 0.0}}, {"type": "Feature", "geometry": {"type": "Point", "coordinates": [102.5, 40.817567567567565]}, "properties": {"depth_m": 0.0}}, {"type": "Feature", "geometry": {"type": "Point", "coordinates": [103.5, 40.817567567567565]}, "properties": {"depth_m": 0.0}}, {"type": "Feature", "geometry": {"type": "Point", "coordinates": [104.5, 40.817567567567565]}, "properties": {"depth_m": 0.0}}, {"type": "Feature", "geometry": {"type": "Point", "coordinates": [105.5, 40.817567567567565]}, "properties": {"depth_m": 0.001}}, {"type": "Feature", "geometry": {"type": "Point", "coordinates": [106.5, 40.817567567567565]}, "properties": {"depth_m": 0.02}}, {"type": "Feature", "geometry": {"type": "Point", "coordinates": [107.5, 40.817567567567565]}, "properties": {"depth_m": 0.061}}, {"type": "Feature", "geometry": {"type": "Point", "coordinates": [108.5, 40.817567567567565]}, "properties": {"depth_m": 0.105}}, {"type": "Feature", "geometry": {"type": "Point", "coordinates": [109.5, 40.817567567567565]}, "properties": {"depth_m": 0.058}}, {"type": "Feature", "geometry": {"type": "Point", "coordinates": [110.5, 40.817567567567565]}, "properties": {"depth_m": 0.053}}, {"type": "Feature", "geometry": {"type": "Point", "coordinates": [111.5, 40.817567567567565]}, "properties": {"depth_m": 0.018}}, {"type": "Feature", "geometry": {"type": "Point", "coordinates": [112.5, 40.817567567567565]}, "properties": {"depth_m": 0.003}}, {"type": "Feature", "geometry": {"type": "Point", "coordinates": [113.5, 40.817567567567565]}, "properties": {"depth_m": 0.013}}, {"type": "Feature", "geometry": {"type": "Point", "coordinates": [114.5, 40.817567567567565]}, "properties": {"depth_m": 0.019}}, {"type": "Feature", "geometry": {"type": "Point", "coordinates": [115.5, 40.817567567567565]}, "properties": {"depth_m": 0.019}}, {"type": "Feature", "geometry": {"type": "Point", "coordinates": [116.5, 40.817567567567565]}, "properties": {"depth_m": 0.116}}, {"type": "Feature", "geometry": {"type": "Point", "coordinates": [117.5, 40.817567567567565]}, "properties": {"depth_m": 0.028}}, {"type": "Feature", "geometry": {"type": "Point", "coordinates": [118.5, 40.817567567567565]}, "properties": {"depth_m": 0.098}}, {"type": "Feature", "geometry": {"type": "Point", "coordinates": [119.5, 40.817567567567565]}, "properties": {"depth_m": 0.03}}, {"type": "Feature", "geometry": {"type": "Point", "coordinates": [120.5, 40.817567567567565]}, "properties": {"depth_m": 0.057}}, {"type": "Feature", "geometry": {"type": "Point", "coordinates": [121.5, 40.817567567567565]}, "properties": {"depth_m": 0.218}}, {"type": "Feature", "geometry": {"type": "Point", "coordinates": [122.5, 40.817567567567565]}, "properties": {"depth_m": 0.199}}, {"type": "Feature", "geometry": {"type": "Point", "coordinates": [123.5, 40.817567567567565]}, "properties": {"depth_m": 0.021}}, {"type": "Feature", "geometry": {"type": "Point", "coordinates": [124.5, 40.817567567567565]}, "properties": {"depth_m": 0.042}}, {"type": "Feature", "geometry": {"type": "Point", "coordinates": [125.5, 40.817567567567565]}, "properties": {"depth_m": 0.262}}, {"type": "Feature", "geometry": {"type": "Point", "coordinates": [126.5, 40.817567567567565]}, "properties": {"depth_m": 0.144}}, {"type": "Feature", "geometry": {"type": "Point", "coordinates": [127.5, 40.817567567567565]}, "properties": {"depth_m": 0.031}}, {"type": "Feature", "geometry": {"type": "Point", "coordinates": [128.5, 40.817567567567565]}, "properties": {"depth_m": 0.042}}, {"type": "Feature", "geometry": {"type": "Point", "coordinates": [129.5, 40.817567567567565]}, "properties": {"depth_m": 0.011}}, {"type": "Feature", "geometry": {"type": "Point", "coordinates": [72.5, 39.80405405405405]}, "properties": {"depth_m": 0.003}}, {"type": "Feature", "geometry": {"type": "Point", "coordinates": [73.5, 39.80405405405405]}, "properties": {"depth_m": 0.006}}, {"type": "Feature", "geometry": {"type": "Point", "coordinates": [74.5, 39.80405405405405]}, "properties": {"depth_m": 0.006}}, {"type": "Feature", "geometry": {"type": "Point", "coordinates": [75.5, 39.80405405405405]}, "properties": {"depth_m": 0.008}}, {"type": "Feature", "geometry": {"type": "Point", "coordinates": [76.5, 39.80405405405405]}, "properties": {"depth_m": 0.008}}, {"type": "Feature", "geometry": {"type": "Point", "coordinates": [77.5, 39.80405405405405]}, "properties": {"depth_m": 0.021}}, {"type": "Feature", "geometry": {"type": "Point", "coordinates": [78.5, 39.80405405405405]}, "properties": {"depth_m": 0.056}}, {"type": "Feature", "geometry": {"type": "Point", "coordinates": [79.5, 39.80405405405405]}, "properties": {"depth_m": 0.021}}, {"type": "Feature", "geometry": {"type": "Point", "coordinates": [80.5, 39.80405405405405]}, "properties": {"depth_m": 0.01}}, {"type": "Feature", "geometry": {"type": "Point", "coordinates": [82.5, 39.80405405405405]}, "properties": {"depth_m": 0.0}}, {"type": "Feature", "geometry": {"type": "Point", "coordinates": [83.5, 39.80405405405405]}, "properties": {"depth_m": 0.0}}, {"type": "Feature", "geometry": {"type": "Point", "coordinates": [84.5, 39.80405405405405]}, "properties": {"depth_m": 0.0}}, {"type": "Feature", "geometry": {"type": "Point", "coordinates": [85.5, 39.80405405405405]}, "properties": {"depth_m": 0.001}}, {"type": "Feature", "geometry": {"type": "Point", "coordinates": [86.5, 39.80405405405405]}, "properties": {"depth_m": 0.003}}, {"type": "Feature", "geometry": {"type": "Point", "coordinates": [87.5, 39.80405405405405]}, "properties": {"depth_m": 0.006}}, {"type": "Feature", "geometry": {"type": "Point", "coordinates": [88.5, 39.80405405405405]}, "properties": {"depth_m": 0.028}}, {"type": "Feature", "geometry": {"type": "Point", "coordinates": [89.5, 39.80405405405405]}, "properties": {"depth_m": 0.016}}, {"type": "Feature", "geometry": {"type": "Point", "coordinates": [90.5, 39.80405405405405]}, "properties": {"depth_m": 0.028}}, {"type": "Feature", "geometry": {"type": "Point", "coordinates": [92.5, 39.80405405405405]}, "properties": {"depth_m": 0.0}}, {"type": "Feature", "geometry": {"type": "Point", "coordinates": [93.5, 39.80405405405405]}, "properties": {"depth_m": 0.001}}, {"type": "Feature", "geometry": {"type": "Point", "coordinates": [94.5, 39.80405405405405]}, "properties": {"depth_m": 0.001}}, {"type": "Feature", "geometry": {"type": "Point", "coordinates": [95.5, 39.80405405405405]}, "properties": {"depth_m": 0.0}}, {"type": "Feature", "geometry": {"type": "Point", "coordinates": [96.5, 39.80405405405405]}, "properties": {"depth_m": 0.002}}, {"type": "Feature", "geometry": {"type": "Point", "coordinates": [97.5, 39.80405405405405]}, "properties": {"depth_m": 0.001}}, {"type": "Feature", "geometry": {"type": "Point", "coordinates": [98.5, 39.80405405405405]}, "properties": {"depth_m": 0.005}}, {"type": "Feature", "geometry": {"type": "Point", "coordinates": [99.5, 39.80405405405405]}, "properties": {"depth_m": 0.009}}, {"type": "Feature", "geometry": {"type": "Point", "coordinates": [100.5, 39.80405405405405]}, "properties": {"depth_m": 0.001}}, {"type": "Feature", "geometry": {"type": "Point", "coordinates": [101.5, 39.80405405405405]}, "properties": {"depth_m": 0.0}}, {"type": "Feature", "geometry": {"type": "Point", "coordinates": [102.5, 39.80405405405405]}, "properties": {"depth_m": 0.0}}, {"type": "Feature", "geometry": {"type": "Point", "coordinates": [103.5, 39.80405405405405]}, "properties": {"depth_m": 0.0}}, {"type": "Feature", "geometry": {"type": "Point", "coordinates": [104.5, 39.80405405405405]}, "properties": {"depth_m": 0.001}}, {"type": "Feature", "geometry": {"type": "Point", "coordinates": [105.5, 39.80405405405405]}, "properties": {"depth_m": 0.003}}, {"type": "Feature", "geometry": {"type": "Point", "coordinates": [106.5, 39.80405405405405]}, "properties": {"depth_m": 0.024}}, {"type": "Feature", "geometry": {"type": "Point", "coordinates": [107.5, 39.80405405405405]}, "properties": {"depth_m": 0.001}}, {"type": "Feature", "geometry": {"type": "Point", "coordinates": [108.5, 39.80405405405405]}, "properties": {"depth_m": 0.0}}, {"type": "Feature", "geometry": {"type": "Point", "coordinates": [110.5, 39.80405405405405]}, "properties": {"depth_m": 0.014}}, {"type": "Feature", "geometry": {"type": "Point", "coordinates": [111.5, 39.80405405405405]}, "properties": {"depth_m": 0.025}}, {"type": "Feature", "geometry": {"type": "Point", "coordinates": [112.5, 39.80405405405405]}, "properties": {"depth_m": 0.009}}, {"type": "Feature", "geometry": {"type": "Point", "coordinates": [113.5, 39.80405405405405]}, "properties": {"depth_m": 0.011}}, {"type": "Feature", "geometry": {"type": "Point", "coordinates": [114.5, 39.80405405405405]}, "properties": {"depth_m": 0.025}}, {"type": "Feature", "geometry": {"type": "Point", "coordinates": [115.5, 39.80405405405405]}, "properties": {"depth_m": 0.014}}, {"type": "Feature", "geometry": {"type": "Point", "coordinates": [116.5, 39.80405405405405]}, "properties": {"depth_m": 0.442}}, {"type": "Feature", "geometry": {"type": "Point", "coordinates": [117.5, 39.80405405405405]}, "properties": {"depth_m": 0.127}}, {"type": "Feature", "geometry": {"type": "Point", "coordinates": [118.5, 39.80405405405405]}, "properties": {"depth_m": 0.298}}, {"type": "Feature", "geometry": {"type": "Point", "coordinates": [119.5, 39.80405405405405]}, "properties": {"depth_m": 0.076}}, {"type": "Feature", "geometry": {"type": "Point", "coordinates": [120.5, 39.80405405405405]}, "properties": {"depth_m": 0.286}}, {"type": "Feature", "geometry": {"type": "Point", "coordinates": [121.5, 39.80405405405405]}, "properties": {"depth_m": 0.006}}, {"type": "Feature", "geometry": {"type": "Point", "coordinates": [122.5, 39.80405405405405]}, "properties": {"depth_m": 0.068}}, {"type": "Feature", "geometry": {"type": "Point", "coordinates": [123.5, 39.80405405405405]}, "properties": {"depth_m": 0.112}}, {"type": "Feature", "geometry": {"type": "Point", "coordinates": [124.5, 39.80405405405405]}, "properties": {"depth_m": 0.618}}, {"type": "Feature", "geometry": {"type": "Point", "coordinates": [125.5, 39.80405405405405]}, "properties": {"depth_m": 0.094}}, {"type": "Feature", "geometry": {"type": "Point", "coordinates": [126.5, 39.80405405405405]}, "properties": {"depth_m": 0.027}}, {"type": "Feature", "geometry": {"type": "Point", "coordinates": [127.5, 39.80405405405405]}, "properties": {"depth_m": 0.08}}, {"type": "Feature", "geometry": {"type": "Point", "coordinates": [128.5, 39.80405405405405]}, "properties": {"depth_m": 0.114}}, {"type": "Feature", "geometry": {"type": "Point", "coordinates": [72.5, 38.79054054054054]}, "properties": {"depth_m": 0.008}}, {"type": "Feature", "geometry": {"type": "Point", "coordinates": [73.5, 38.79054054054054]}, "properties": {"depth_m": 0.002}}, {"type": "Feature", "geometry": {"type": "Point", "coordinates": [74.5, 38.79054054054054]}, "properties": {"depth_m": 0.003}}, {"type": "Feature", "geometry": {"type": "Point", "coordinates": [75.5, 38.79054054054054]}, "properties": {"depth_m": 0.002}}, {"type": "Feature", "geometry": {"type": "Point", "coordinates": [76.5, 38.79054054054054]}, "properties": {"depth_m": 0.001}}, {"type": "Feature", "geometry": {"type": "Point", "coordinates": [77.5, 38.79054054054054]}, "properties": {"depth_m": 0.023}}, {"type": "Feature", "geometry": {"type": "Point", "coordinates": [78.5, 38.79054054054054]}, "properties": {"depth_m": 0.003}}, {"type": "Feature", "geometry": {"type": "Point", "coordinates": [79.5, 38.79054054054054]}, "properties": {"depth_m": 0.0}}, {"type": "Feature", "geometry": {"type": "Point", "coordinates": [80.5, 38.79054054054054]}, "properties": {"depth_m": 0.002}}, {"type": "Feature", "geometry": {"type": "Point", "coordinates": [81.5, 38.79054054054054]}, "properties": {"depth_m": 0.0}}, {"type": "Feature", "geometry": {"type": "Point", "coordinates": [82.5, 38.79054054054054]}, "properties": {"depth_m": 0.001}}, {"type": "Feature", "geometry": {"type": "Point", "coordinates": [84.5, 38.79054054054054]}, "properties": {"depth_m": 0.0}}, {"type": "Feature", "geometry": {"type": "Point", "coordinates": [85.5, 38.79054054054054]}, "properties": {"depth_m": 0.0}}, {"type": "Feature", "geometry": {"type": "Point", "coordinates": [86.5, 38.79054054054054]}, "properties": {"depth_m": 0.0}}, {"type": "Feature", "geometry": {"type": "Point", "coordinates": [87.5, 38.79054054054054]}, "properties": {"depth_m": 0.0}}, {"type": "Feature", "geometry": {"type": "Point", "coordinates": [88.5, 38.79054054054054]}, "properties": {"depth_m": 0.0}}, {"type": "Feature", "geometry": {"type": "Point", "coordinates": [89.5, 38.79054054054054]}, "properties": {"depth_m": 0.0}}, {"type": "Feature", "geometry": {"type": "Point", "coordinates": [90.5, 38.79054054054054]}, "properties": {"depth_m": 0.0}}, {"type": "Feature", "geometry": {"type": "Point", "coordinates": [91.5, 38.79054054054054]}, "properties": {"depth_m": 0.0}}, {"type": "Feature", "geometry": {"type": "Point", "coordinates": [92.5, 38.79054054054054]}, "properties": {"depth_m": 0.0}}, {"type": "Feature", "geometry": {"type": "Point", "coordinates": [93.5, 38.79054054054054]}, "properties": {"depth_m": 0.0}}, {"type": "Feature", "geometry": {"type": "Point", "coordinates": [94.5, 38.79054054054054]}, "properties": {"depth_m": 0.001}}, {"type": "Feature", "geometry": {"type": "Point", "coordinates": [95.5, 38.79054054054054]}, "properties": {"depth_m": 0.002}}, {"type": "Feature", "geometry": {"type": "Point", "coordinates": [96.5, 38.79054054054054]}, "properties": {"depth_m": 0.002}}, {"type": "Feature", "geometry": {"type": "Point", "coordinates": [97.5, 38.79054054054054]}, "properties": {"depth_m": 0.003}}, {"type": "Feature", "geometry": {"type": "Point", "coordinates": [98.5, 38.79054054054054]}, "properties": {"depth_m": 0.0}}, {"type": "Feature", "geometry": {"type": "Point", "coordinates": [99.5, 38.79054054054054]}, "properties": {"depth_m": 0.001}}, {"type": "Feature", "geometry": {"type": "Point", "coordinates": [100.5, 38.79054054054054]}, "properties": {"depth_m": 0.004}}, {"type": "Feature", "geometry": {"type": "Point", "coordinates": [101.5, 38.79054054054054]}, "properties": {"depth_m": 0.001}}, {"type": "Feature", "geometry": {"type": "Point", "coordinates": [102.5, 38.79054054054054]}, "properties": {"depth_m": 0.004}}, {"type": "Feature", "geometry": {"type": "Point", "coordinates": [103.5, 38.79054054054054]}, "properties": {"depth_m": 0.011}}, {"type": "Feature", "geometry": {"type": "Point", "coordinates": [104.5, 38.79054054054054]}, "properties": {"depth_m": 0.005}}, {"type": "Feature", "geometry": {"type": "Point", "coordinates": [105.5, 38.79054054054054]}, "properties": {"depth_m": 0.001}}, {"type": "Feature", "geometry": {"type": "Point", "coordinates": [106.5, 38.79054054054054]}, "properties": {"depth_m": 0.077}}, {"type": "Feature", "geometry": {"type": "Point", "coordinates": [107.5, 38.79054054054054]}, "properties": {"depth_m": 0.004}}, {"type": "Feature", "geometry": {"type": "Point", "coordinates": [108.5, 38.79054054054054]}, "properties": {"depth_m": 0.0}}, {"type": "Feature", "geometry": {"type": "Point", "coordinates": [109.5, 38.79054054054054]}, "properties": {"depth_m": 0.0}}, {"type": "Feature", "geometry": {"type": "Point", "coordinates": [110.5, 38.79054054054054]}, "properties": {"depth_m": 0.028}}, {"type": "Feature", "geometry": {"type": "Point", "coordinates": [111.5, 38.79054054054054]}, "properties": {"depth_m": 0.015}}, {"type": "Feature", "geometry": {"type": "Point", "coordinates": [112.5, 38.79054054054054]}, "properties": {"depth_m": 0.01}}, {"type": "Feature", "geometry": {"type": "Point", "coordinates": [113.5, 38.79054054054054]}, "properties": {"depth_m": 0.05}}, {"type": "Feature", "geometry": {"type": "Point", "coordinates": [114.5, 38.79054054054054]}, "properties": {"depth_m": 0.092}}, {"type": "Feature", "geometry": {"type": "Point", "coordinates": [115.5, 38.79054054054054]}, "properties": {"depth_m": 0.178}}, {"type": "Feature", "geometry": {"type": "Point", "coordinates": [116.5, 38.79054054054054]}, "properties": {"depth_m": 0.218}}, {"type": "Feature", "geometry": {"type": "Point", "coordinates": [117.5, 38.79054054054054]}, "properties": {"depth_m": 0.142}}, {"type": "Feature", "geometry": {"type": "Point", "coordinates": [118.5, 38.79054054054054]}, "properties": {"depth_m": 0.185}}, {"type": "Feature", "geometry": {"type": "Point", "coordinates": [119.5, 38.79054054054054]}, "properties": {"depth_m": 0.149}}, {"type": "Feature", "geometry": {"type": "Point", "coordinates": [121.5, 38.79054054054054]}, "properties": {"depth_m": 0.009}}, {"type": "Feature", "geometry": {"type": "Point", "coordinates": [122.5, 38.79054054054054]}, "properties": {"depth_m": 0.008}}, {"type": "Feature", "geometry": {"type": "Point", "coordinates": [124.5, 38.79054054054054]}, "properties": {"depth_m": 0.046}}, {"type": "Feature", "geometry": {"type": "Point", "coordinates": [125.5, 38.79054054054054]}, "properties": {"depth_m": 0.112}}, {"type": "Feature", "geometry": {"type": "Point", "coordinates": [126.5, 38.79054054054054]}, "properties": {"depth_m": 0.027}}, {"type": "Feature", "geometry": {"type": "Point", "coordinates": [127.5, 38.79054054054054]}, "properties": {"depth_m": 0.04}}, {"type": "Feature", "geometry": {"type": "Point", "coordinates": [128.5, 38.79054054054054]}, "properties": {"depth_m": 0.151}}, {"type": "Feature", "geometry": {"type": "Point", "coordinates": [72.5, 37.777027027027025]}, "properties": {"depth_m": 0.011}}, {"type": "Feature", "geometry": {"type": "Point", "coordinates": [73.5, 37.777027027027025]}, "properties": {"depth_m": 0.009}}, {"type": "Feature", "geometry": {"type": "Point", "coordinates": [74.5, 37.777027027027025]}, "properties": {"depth_m": 0.007}}, {"type": "Feature", "geometry": {"type": "Point", "coordinates": [75.5, 37.777027027027025]}, "properties": {"depth_m": 0.003}}, {"type": "Feature", "geometry": {"type": "Point", "coordinates": [76.5, 37.777027027027025]}, "properties": {"depth_m": 0.009}}, {"type": "Feature", "geometry": {"type": "Point", "coordinates": [77.5, 37.777027027027025]}, "properties": {"depth_m": 0.005}}, {"type": "Feature", "geometry": {"type": "Point", "coordinates": [78.5, 37.777027027027025]}, "properties": {"depth_m": 0.0}}, {"type": "Feature", "geometry": {"type": "Point", "coordinates": [79.5, 37.777027027027025]}, "properties": {"depth_m": 0.0}}, {"type": "Feature", "geometry": {"type": "Point", "coordinates": [80.5, 37.777027027027025]}, "properties": {"depth_m": 0.002}}, {"type": "Feature", "geometry": {"type": "Point", "coordinates": [81.5, 37.777027027027025]}, "properties": {"depth_m": 0.0}}, {"type": "Feature", "geometry": {"type": "Point", "coordinates": [87.5, 37.777027027027025]}, "properties": {"depth_m": 0.0}}, {"type": "Feature", "geometry": {"type": "Point", "coordinates": [89.5, 37.777027027027025]}, "properties": {"depth_m": 0.0}}, {"type": "Feature", "geometry": {"type": "Point", "coordinates": [90.5, 37.777027027027025]}, "properties": {"depth_m": 0.0}}, {"type": "Feature", "geometry": {"type": "Point", "coordinates": [91.5, 37.777027027027025]}, "properties": {"depth_m": 0.0}}, {"type": "Feature", "geometry": {"type": "Point", "coordinates": [92.5, 37.777027027027025]}, "properties": {"depth_m": 0.002}}, {"type": "Feature", "geometry": {"type": "Point", "coordinates": [93.5, 37.777027027027025]}, "properties": {"depth_m": 0.018}}, {"type": "Feature", "geometry": {"type": "Point", "coordinates": [94.5, 37.777027027027025]}, "properties": {"depth_m": 0.001}}, {"type": "Feature", "geometry": {"type": "Point", "coordinates": [95.5, 37.777027027027025]}, "properties": {"depth_m": 0.001}}, {"type": "Feature", "geometry": {"type": "Point", "coordinates": [96.5, 37.777027027027025]}, "properties": {"depth_m": 0.001}}, {"type": "Feature", "geometry": {"type": "Point", "coordinates": [97.5, 37.777027027027025]}, "properties": {"depth_m": 0.006}}, {"type": "Feature", "geometry": {"type": "Point", "coordinates": [98.5, 37.777027027027025]}, "properties": {"depth_m": 0.003}}, {"type": "Feature", "geometry": {"type": "Point", "coordinates": [99.5, 37.777027027027025]}, "properties": {"depth_m": 0.003}}, {"type": "Feature", "geometry": {"type": "Point", "coordinates": [100.5, 37.777027027027025]}, "properties": {"depth_m": 0.005}}, {"type": "Feature", "geometry": {"type": "Point", "coordinates": [101.5, 37.777027027027025]}, "properties": {"depth_m": 0.003}}, {"type": "Feature", "geometry": {"type": "Point", "coordinates": [102.5, 37.777027027027025]}, "properties": {"depth_m": 0.005}}, {"type": "Feature", "geometry": {"type": "Point", "coordinates": [103.5, 37.777027027027025]}, "properties": {"depth_m": 0.002}}, {"type": "Feature", "geometry": {"type": "Point", "coordinates": [104.5, 37.777027027027025]}, "properties": {"depth_m": 0.015}}, {"type": "Feature", "geometry": {"type": "Point", "coordinates": [105.5, 37.777027027027025]}, "properties": {"depth_m": 0.054}}, {"type": "Feature", "geometry": {"type": "Point", "coordinates": [106.5, 37.777027027027025]}, "properties": {"depth_m": 0.087}}, {"type": "Feature", "geometry": {"type": "Point", "coordinates": [107.5, 37.777027027027025]}, "properties": {"depth_m": 0.001}}, {"type": "Feature", "geometry": {"type": "Point", "coordinates": [108.5, 37.777027027027025]}, "properties": {"depth_m": 0.001}}, {"type": "Feature", "geometry": {"type": "Point", "coordinates": [109.5, 37.777027027027025]}, "properties": {"depth_m": 0.003}}, {"type": "Feature", "geometry": {"type": "Point", "coordinates": [110.5, 37.777027027027025]}, "properties": {"depth_m": 0.043}}, {"type": "Feature", "geometry": {"type": "Point", "coordinates": [111.5, 37.777027027027025]}, "properties": {"depth_m": 0.006}}, {"type": "Feature", "geometry": {"type": "Point", "coordinates": [112.5, 37.777027027027025]}, "properties": {"depth_m": 0.106}}, {"type": "Feature", "geometry": {"type": "Point", "coordinates": [113.5, 37.777027027027025]}, "properties": {"depth_m": 0.006}}, {"type": "Feature", "geometry": {"type": "Point", "coordinates": [114.5, 37.777027027027025]}, "properties": {"depth_m": 0.138}}, {"type": "Feature", "geometry": {"type": "Point", "coordinates": [115.5, 37.777027027027025]}, "properties": {"depth_m": 0.223}}, {"type": "Feature", "geometry": {"type": "Point", "coordinates": [116.5, 37.777027027027025]}, "properties": {"depth_m": 0.076}}, {"type": "Feature", "geometry": {"type": "Point", "coordinates": [117.5, 37.777027027027025]}, "properties": {"depth_m": 0.037}}, {"type": "Feature", "geometry": {"type": "Point", "coordinates": [118.5, 37.777027027027025]}, "properties": {"depth_m": 0.339}}, {"type": "Feature", "geometry": {"type": "Point", "coordinates": [119.5, 37.777027027027025]}, "properties": {"depth_m": 0.327}}, {"type": "Feature", "geometry": {"type": "Point", "coordinates": [120.5, 37.777027027027025]}, "properties": {"depth_m": 0.005}}, {"type": "Feature", "geometry": {"type": "Point", "coordinates": [121.5, 37.777027027027025]}, "properties": {"depth_m": 0.013}}, {"type": "Feature", "geometry": {"type": "Point", "coordinates": [122.5, 37.777027027027025]}, "properties": {"depth_m": 0.003}}, {"type": "Feature", "geometry": {"type": "Point", "coordinates": [124.5, 37.777027027027025]}, "properties": {"depth_m": 0.034}}, {"type": "Feature", "geometry": {"type": "Point", "coordinates": [125.5, 37.777027027027025]}, "properties": {"depth_m": 0.025}}, {"type": "Feature", "geometry": {"type": "Point", "coordinates": [126.5, 37.777027027027025]}, "properties": {"depth_m": 0.239}}, {"type": "Feature", "geometry": {"type": "Point", "coordinates": [127.5, 37.777027027027025]}, "properties": {"depth_m": 0.193}}, {"type": "Feature", "geometry": {"type": "Point", "coordinates": [128.5, 37.777027027027025]}, "properties": {"depth_m": 0.072}}, {"type": "Feature", "geometry": {"type": "Point", "coordinates": [129.5, 37.777027027027025]}, "properties": {"depth_m": 0.659}}, {"type": "Feature", "geometry": {"type": "Point", "coordinates": [72.5, 36.763513513513516]}, "properties": {"depth_m": 0.01}}, {"type": "Feature", "geometry": {"type": "Point", "coordinates": [73.5, 36.763513513513516]}, "properties": {"depth_m": 0.005}}, {"type": "Feature", "geometry": {"type": "Point", "coordinates": [74.5, 36.763513513513516]}, "properties": {"depth_m": 0.004}}, {"type": "Feature", "geometry": {"type": "Point", "coordinates": [75.5, 36.763513513513516]}, "properties": {"depth_m": 0.004}}, {"type": "Feature", "geometry": {"type": "Point", "coordinates": [76.5, 36.763513513513516]}, "properties": {"depth_m": 0.007}}, {"type": "Feature", "geometry": {"type": "Point", "coordinates": [77.5, 36.763513513513516]}, "properties": {"depth_m": 0.001}}, {"type": "Feature", "geometry": {"type": "Point", "coordinates": [78.5, 36.763513513513516]}, "properties": {"depth_m": 0.001}}, {"type": "Feature", "geometry": {"type": "Point", "coordinates": [79.5, 36.763513513513516]}, "properties": {"depth_m": 0.001}}, {"type": "Feature", "geometry": {"type": "Point", "coordinates": [80.5, 36.763513513513516]}, "properties": {"depth_m": 0.0}}, {"type": "Feature", "geometry": {"type": "Point", "coordinates": [81.5, 36.763513513513516]}, "properties": {"depth_m": 0.0}}, {"type": "Feature", "geometry": {"type": "Point", "coordinates": [87.5, 36.763513513513516]}, "properties": {"depth_m": 0.0}}, {"type": "Feature", "geometry": {"type": "Point", "coordinates": [88.5, 36.763513513513516]}, "properties": {"depth_m": 0.0}}, {"type": "Feature", "geometry": {"type": "Point", "coordinates": [89.5, 36.763513513513516]}, "properties": {"depth_m": 0.0}}, {"type": "Feature", "geometry": {"type": "Point", "coordinates": [90.5, 36.763513513513516]}, "properties": {"depth_m": 0.0}}, {"type": "Feature", "geometry": {"type": "Point", "coordinates": [91.5, 36.763513513513516]}, "properties": {"depth_m": 0.001}}, {"type": "Feature", "geometry": {"type": "Point", "coordinates": [92.5, 36.763513513513516]}, "properties": {"depth_m": 0.003}}, {"type": "Feature", "geometry": {"type": "Point", "coordinates": [93.5, 36.763513513513516]}, "properties": {"depth_m": 0.003}}, {"type": "Feature", "geometry": {"type": "Point", "coordinates": [94.5, 36.763513513513516]}, "properties": {"depth_m": 0.003}}, {"type": "Feature", "geometry": {"type": "Point", "coordinates": [95.5, 36.763513513513516]}, "properties": {"depth_m": 0.016}}, {"type": "Feature", "geometry": {"type": "Point", "coordinates": [96.5, 36.763513513513516]}, "properties": {"depth_m": 0.014}}, {"type": "Feature", "geometry": {"type": "Point", "coordinates": [97.5, 36.763513513513516]}, "properties": {"depth_m": 0.012}}, {"type": "Feature", "geometry": {"type": "Point", "coordinates": [98.5, 36.763513513513516]}, "properties": {"depth_m": 0.002}}, {"type": "Feature", "geometry": {"type": "Point", "coordinates": [99.5, 36.763513513513516]}, "properties": {"depth_m": 0.005}}, {"type": "Feature", "geometry": {"type": "Point", "coordinates": [100.5, 36.763513513513516]}, "properties": {"depth_m": 0.012}}, {"type": "Feature", "geometry": {"type": "Point", "coordinates": [102.5, 36.763513513513516]}, "properties": {"depth_m": 0.013}}, {"type": "Feature", "geometry": {"type": "Point", "coordinates": [103.5, 36.763513513513516]}, "properties": {"depth_m": 0.002}}, {"type": "Feature", "geometry": {"type": "Point", "coordinates": [104.5, 36.763513513513516]}, "properties": {"depth_m": 0.054}}, {"type": "Feature", "geometry": {"type": "Point", "coordinates": [105.5, 36.763513513513516]}, "properties": {"depth_m": 0.006}}, {"type": "Feature", "geometry": {"type": "Point", "coordinates": [106.5, 36.763513513513516]}, "properties": {"depth_m": 0.008}}, {"type": "Feature", "geometry": {"type": "Point", "coordinates": [107.5, 36.763513513513516]}, "properties": {"depth_m": 0.004}}, {"type": "Feature", "geometry": {"type": "Point", "coordinates": [108.5, 36.763513513513516]}, "properties": {"depth_m": 0.004}}, {"type": "Feature", "geometry": {"type": "Point", "coordinates": [109.5, 36.763513513513516]}, "properties": {"depth_m": 0.013}}, {"type": "Feature", "geometry": {"type": "Point", "coordinates": [110.5, 36.763513513513516]}, "properties": {"depth_m": 0.039}}, {"type": "Feature", "geometry": {"type": "Point", "coordinates": [111.5, 36.763513513513516]}, "properties": {"depth_m": 0.021}}, {"type": "Feature", "geometry": {"type": "Point", "coordinates": [112.5, 36.763513513513516]}, "properties": {"depth_m": 0.017}}, {"type": "Feature", "geometry": {"type": "Point", "coordinates": [113.5, 36.763513513513516]}, "properties": {"depth_m": 0.039}}, {"type": "Feature", "geometry": {"type": "Point", "coordinates": [114.5, 36.763513513513516]}, "properties": {"depth_m": 0.142}}, {"type": "Feature", "geometry": {"type": "Point", "coordinates": [115.5, 36.763513513513516]}, "properties": {"depth_m": 0.147}}, {"type": "Feature", "geometry": {"type": "Point", "coordinates": [116.5, 36.763513513513516]}, "properties": {"depth_m": 0.063}}, {"type": "Feature", "geometry": {"type": "Point", "coordinates": [117.5, 36.763513513513516]}, "properties": {"depth_m": 0.084}}, {"type": "Feature", "geometry": {"type": "Point", "coordinates": [118.5, 36.763513513513516]}, "properties": {"depth_m": 0.023}}, {"type": "Feature", "geometry": {"type": "Point", "coordinates": [119.5, 36.763513513513516]}, "properties": {"depth_m": 0.045}}, {"type": "Feature", "geometry": {"type": "Point", "coordinates": [120.5, 36.763513513513516]}, "properties": {"depth_m": 0.017}}, {"type": "Feature", "geometry": {"type": "Point", "coordinates": [121.5, 36.763513513513516]}, "properties": {"depth_m": 0.016}}, {"type": "Feature", "geometry": {"type": "Point", "coordinates": [122.5, 36.763513513513516]}, "properties": {"depth_m": 0.028}}, {"type": "Feature", "geometry": {"type": "Point", "coordinates": [126.5, 36.763513513513516]}, "properties": {"depth_m": 0.236}}, {"type": "Feature", "geometry": {"type": "Point", "coordinates": [127.5, 36.763513513513516]}, "properties": {"depth_m": 0.144}}, {"type": "Feature", "geometry": {"type": "Point", "coordinates": [128.5, 36.763513513513516]}, "properties": {"depth_m": 0.171}}, {"type": "Feature", "geometry": {"type": "Point", "coordinates": [129.5, 36.763513513513516]}, "properties": {"depth_m": 0.091}}, {"type": "Feature", "geometry": {"type": "Point", "coordinates": [136.5, 36.763513513513516]}, "properties": {"depth_m": 0.035}}, {"type": "Feature", "geometry": {"type": "Point", "coordinates": [72.5, 35.75]}, "properties": {"depth_m": 0.006}}, {"type": "Feature", "geometry": {"type": "Point", "coordinates": [73.5, 35.75]}, "properties": {"depth_m": 0.036}}, {"type": "Feature", "geometry": {"type": "Point", "coordinates": [74.5, 35.75]}, "properties": {"depth_m": 0.062}}, {"type": "Feature", "geometry": {"type": "Point", "coordinates": [75.5, 35.75]}, "properties": {"depth_m": 0.013}}, {"type": "Feature", "geometry": {"type": "Point", "coordinates": [76.5, 35.75]}, "properties": {"depth_m": 0.003}}, {"type": "Feature", "geometry": {"type": "Point", "coordinates": [77.5, 35.75]}, "properties": {"depth_m": 0.002}}, {"type": "Feature", "geometry": {"type": "Point", "coordinates": [78.5, 35.75]}, "properties": {"depth_m": 0.002}}, {"type": "Feature", "geometry": {"type": "Point", "coordinates": [79.5, 35.75]}, "properties": {"depth_m": 0.001}}, {"type": "Feature", "geometry": {"type": "Point", "coordinates": [80.5, 35.75]}, "properties": {"depth_m": 0.0}}, {"type": "Feature", "geometry": {"type": "Point", "coordinates": [81.5, 35.75]}, "properties": {"depth_m": 0.0}}, {"type": "Feature", "geometry": {"type": "Point", "coordinates": [82.5, 35.75]}, "properties": {"depth_m": 0.0}}, {"type": "Feature", "geometry": {"type": "Point", "coordinates": [83.5, 35.75]}, "properties": {"depth_m": 0.0}}, {"type": "Feature", "geometry": {"type": "Point", "coordinates": [84.5, 35.75]}, "properties": {"depth_m": 0.0}}, {"type": "Feature", "geometry": {"type": "Point", "coordinates": [85.5, 35.75]}, "properties": {"depth_m": 0.0}}, {"type": "Feature", "geometry": {"type": "Point", "coordinates": [86.5, 35.75]}, "properties": {"depth_m": 0.0}}, {"type": "Feature", "geometry": {"type": "Point", "coordinates": [88.5, 35.75]}, "properties": {"depth_m": 0.0}}, {"type": "Feature", "geometry": {"type": "Point", "coordinates": [89.5, 35.75]}, "properties": {"depth_m": 0.002}}, {"type": "Feature", "geometry": {"type": "Point", "coordinates": [90.5, 35.75]}, "properties": {"depth_m": 0.002}}, {"type": "Feature", "geometry": {"type": "Point", "coordinates": [91.5, 35.75]}, "properties": {"depth_m": 0.003}}, {"type": "Feature", "geometry": {"type": "Point", "coordinates": [92.5, 35.75]}, "properties": {"depth_m": 0.006}}, {"type": "Feature", "geometry": {"type": "Point", "coordinates": [93.5, 35.75]}, "properties": {"depth_m": 0.006}}, {"type": "Feature", "geometry": {"type": "Point", "coordinates": [94.5, 35.75]}, "properties": {"depth_m": 0.002}}, {"type": "Feature", "geometry": {"type": "Point", "coordinates": [95.5, 35.75]}, "properties": {"depth_m": 0.001}}, {"type": "Feature", "geometry": {"type": "Point", "coordinates": [96.5, 35.75]}, "properties": {"depth_m": 0.001}}, {"type": "Feature", "geometry": {"type": "Point", "coordinates": [97.5, 35.75]}, "properties": {"depth_m": 0.006}}, {"type": "Feature", "geometry": {"type": "Point", "coordinates": [98.5, 35.75]}, "properties": {"depth_m": 0.008}}, {"type": "Feature", "geometry": {"type": "Point", "coordinates": [99.5, 35.75]}, "properties": {"depth_m": 0.001}}, {"type": "Feature", "geometry": {"type": "Point", "coordinates": [100.5, 35.75]}, "properties": {"depth_m": 0.152}}, {"type": "Feature", "geometry": {"type": "Point", "coordinates": [101.5, 35.75]}, "properties": {"depth_m": 0.669}}, {"type": "Feature", "geometry": {"type": "Point", "coordinates": [102.5, 35.75]}, "properties": {"depth_m": 0.152}}, {"type": "Feature", "geometry": {"type": "Point", "coordinates": [103.5, 35.75]}, "properties": {"depth_m": 0.396}}, {"type": "Feature", "geometry": {"type": "Point", "coordinates": [104.5, 35.75]}, "properties": {"depth_m": 0.004}}, {"type": "Feature", "geometry": {"type": "Point", "coordinates": [105.5, 35.75]}, "properties": {"depth_m": 0.004}}, {"type": "Feature", "geometry": {"type": "Point", "coordinates": [106.5, 35.75]}, "properties": {"depth_m": 0.003}}, {"type": "Feature", "geometry": {"type": "Point", "coordinates": [107.5, 35.75]}, "properties": {"depth_m": 0.012}}, {"type": "Feature", "geometry": {"type": "Point", "coordinates": [108.5, 35.75]}, "properties": {"depth_m": 0.002}}, {"type": "Feature", "geometry": {"type": "Point", "coordinates": [109.5, 35.75]}, "properties": {"depth_m": 0.015}}, {"type": "Feature", "geometry": {"type": "Point", "coordinates": [110.5, 35.75]}, "properties": {"depth_m": 0.167}}, {"type": "Feature", "geometry": {"type": "Point", "coordinates": [111.5, 35.75]}, "properties": {"depth_m": 0.131}}, {"type": "Feature", "geometry": {"type": "Point", "coordinates": [112.5, 35.75]}, "properties": {"depth_m": 0.008}}, {"type": "Feature", "geometry": {"type": "Point", "coordinates": [113.5, 35.75]}, "properties": {"depth_m": 0.01}}, {"type": "Feature", "geometry": {"type": "Point", "coordinates": [114.5, 35.75]}, "properties": {"depth_m": 0.077}}, {"type": "Feature", "geometry": {"type": "Point", "coordinates": [115.5, 35.75]}, "properties": {"depth_m": 0.135}}, {"type": "Feature", "geometry": {"type": "Point", "coordinates": [116.5, 35.75]}, "properties": {"depth_m": 0.084}}, {"type": "Feature", "geometry": {"type": "Point", "coordinates": [117.5, 35.75]}, "properties": {"depth_m": 0.019}}, {"type": "Feature", "geometry": {"type": "Point", "coordinates": [118.5, 35.75]}, "properties": {"depth_m": 0.087}}, {"type": "Feature", "geometry": {"type": "Point", "coordinates": [119.5, 35.75]}, "properties": {"depth_m": 0.008}}, {"type": "Feature", "geometry": {"type": "Point", "coordinates": [120.5, 35.75]}, "properties": {"depth_m": 0.028}}, {"type": "Feature", "geometry": {"type": "Point", "coordinates": [126.5, 35.75]}, "properties": {"depth_m": 0.117}}, {"type": "Feature", "geometry": {"type": "Point", "coordinates": [127.5, 35.75]}, "properties": {"depth_m": 0.026}}, {"type": "Feature", "geometry": {"type": "Point", "coordinates": [128.5, 35.75]}, "properties": {"depth_m": 0.07}}, {"type": "Feature", "geometry": {"type": "Point", "coordinates": [129.5, 35.75]}, "properties": {"depth_m": 0.007}}, {"type": "Feature", "geometry": {"type": "Point", "coordinates": [132.5, 35.75]}, "properties": {"depth_m": 0.143}}, {"type": "Feature", "geometry": {"type": "Point", "coordinates": [133.5, 35.75]}, "properties": {"depth_m": 0.084}}, {"type": "Feature", "geometry": {"type": "Point", "coordinates": [134.5, 35.75]}, "properties": {"depth_m": 0.033}}, {"type": "Feature", "geometry": {"type": "Point", "coordinates": [135.5, 35.75]}, "properties": {"depth_m": 0.057}}, {"type": "Feature", "geometry": {"type": "Point", "coordinates": [136.5, 35.75]}, "properties": {"depth_m": 0.041}}, {"type": "Feature", "geometry": {"type": "Point", "coordinates": [72.5, 34.736486486486484]}, "properties": {"depth_m": 0.347}}, {"type": "Feature", "geometry": {"type": "Point", "coordinates": [73.5, 34.736486486486484]}, "properties": {"depth_m": 0.091}}, {"type": "Feature", "geometry": {"type": "Point", "coordinates": [74.5, 34.736486486486484]}, "properties": {"depth_m": 0.014}}, {"type": "Feature", "geometry": {"type": "Point", "coordinates": [75.5, 34.736486486486484]}, "properties": {"depth_m": 0.008}}, {"type": "Feature", "geometry": {"type": "Point", "coordinates": [76.5, 34.736486486486484]}, "properties": {"depth_m": 0.04}}, {"type": "Feature", "geometry": {"type": "Point", "coordinates": [77.5, 34.736486486486484]}, "properties": {"depth_m": 0.02}}, {"type": "Feature", "geometry": {"type": "Point", "coordinates": [78.5, 34.736486486486484]}, "properties": {"depth_m": 0.006}}, {"type": "Feature", "geometry": {"type": "Point", "coordinates": [79.5, 34.736486486486484]}, "properties": {"depth_m": 0.001}}, {"type": "Feature", "geometry": {"type": "Point", "coordinates": [80.5, 34.736486486486484]}, "properties": {"depth_m": 0.0}}, {"type": "Feature", "geometry": {"type": "Point", "coordinates": [81.5, 34.736486486486484]}, "properties": {"depth_m": 0.0}}, {"type": "Feature", "geometry": {"type": "Point", "coordinates": [82.5, 34.736486486486484]}, "properties": {"depth_m": 0.0}}, {"type": "Feature", "geometry": {"type": "Point", "coordinates": [83.5, 34.736486486486484]}, "properties": {"depth_m": 0.0}}, {"type": "Feature", "geometry": {"type": "Point", "coordinates": [84.5, 34.736486486486484]}, "properties": {"depth_m": 0.0}}, {"type": "Feature", "geometry": {"type": "Point", "coordinates": [85.5, 34.736486486486484]}, "properties": {"depth_m": 0.001}}, {"type": "Feature", "geometry": {"type": "Point", "coordinates": [86.5, 34.736486486486484]}, "properties": {"depth_m": 0.001}}, {"type": "Feature", "geometry": {"type": "Point", "coordinates": [87.5, 34.736486486486484]}, "properties": {"depth_m": 0.003}}, {"type": "Feature", "geometry": {"type": "Point", "coordinates": [88.5, 34.736486486486484]}, "properties": {"depth_m": 0.002}}, {"type": "Feature", "geometry": {"type": "Point", "coordinates": [89.5, 34.736486486486484]}, "properties": {"depth_m": 0.002}}, {"type": "Feature", "geometry": {"type": "Point", "coordinates": [90.5, 34.736486486486484]}, "properties": {"depth_m": 0.01}}, {"type": "Feature", "geometry": {"type": "Point", "coordinates": [91.5, 34.736486486486484]}, "properties": {"depth_m": 0.015}}, {"type": "Feature", "geometry": {"type": "Point", "coordinates": [92.5, 34.736486486486484]}, "properties": {"depth_m": 0.006}}, {"type": "Feature", "geometry": {"type": "Point", "coordinates": [93.5, 34.736486486486484]}, "properties": {"depth_m": 0.008}}, {"type": "Feature", "geometry": {"type": "Point", "coordinates": [94.5, 34.736486486486484]}, "properties": {"depth_m": 0.015}}, {"type": "Feature", "geometry": {"type": "Point", "coordinates": [95.5, 34.736486486486484]}, "properties": {"depth_m": 0.007}}, {"type": "Feature", "geometry": {"type": "Point", "coordinates": [96.5, 34.736486486486484]}, "properties": {"depth_m": 0.004}}, {"type": "Feature", "geometry": {"type": "Point", "coordinates": [97.5, 34.736486486486484]}, "properties": {"depth_m": 0.008}}, {"type": "Feature", "geometry": {"type": "Point", "coordinates": [98.5, 34.736486486486484]}, "properties": {"depth_m": 0.014}}, {"type": "Feature", "geometry": {"type": "Point", "coordinates": [99.5, 34.736486486486484]}, "properties": {"depth_m": 0.003}}, {"type": "Feature", "geometry": {"type": "Point", "coordinates": [100.5, 34.736486486486484]}, "properties": {"depth_m": 0.012}}, {"type": "Feature", "geometry": {"type": "Point", "coordinates": [101.5, 34.736486486486484]}, "properties": {"depth_m": 0.01}}, {"type": "Feature", "geometry": {"type": "Point", "coordinates": [102.5, 34.736486486486484]}, "properties": {"depth_m": 0.007}}, {"type": "Feature", "geometry": {"type": "Point", "coordinates": [103.5, 34.736486486486484]}, "properties": {"depth_m": 0.012}}, {"type": "Feature", "geometry": {"type": "Point", "coordinates": [104.5, 34.736486486486484]}, "properties": {"depth_m": 0.004}}, {"type": "Feature", "geometry": {"type": "Point", "coordinates": [105.5, 34.736486486486484]}, "properties": {"depth_m": 0.01}}, {"type": "Feature", "geometry": {"type": "Point", "coordinates": [106.5, 34.736486486486484]}, "properties": {"depth_m": 0.024}}, {"type": "Feature", "geometry": {"type": "Point", "coordinates": [107.5, 34.736486486486484]}, "properties": {"depth_m": 0.039}}, {"type": "Feature", "geometry": {"type": "Point", "coordinates": [108.5, 34.736486486486484]}, "properties": {"depth_m": 0.037}}, {"type": "Feature", "geometry": {"type": "Point", "coordinates": [109.5, 34.736486486486484]}, "properties": {"depth_m": 0.089}}, {"type": "Feature", "geometry": {"type": "Point", "coordinates": [110.5, 34.736486486486484]}, "properties": {"depth_m": 0.188}}, {"type": "Feature", "geometry": {"type": "Point", "coordinates": [111.5, 34.736486486486484]}, "properties": {"depth_m": 0.206}}, {"type": "Feature", "geometry": {"type": "Point", "coordinates": [112.5, 34.736486486486484]}, "properties": {"depth_m": 0.149}}, {"type": "Feature", "geometry": {"type": "Point", "coordinates": [113.5, 34.736486486486484]}, "properties": {"depth_m": 0.12}}, {"type": "Feature", "geometry": {"type": "Point", "coordinates": [114.5, 34.736486486486484]}, "properties": {"depth_m": 0.125}}, {"type": "Feature", "geometry": {"type": "Point", "coordinates": [115.5, 34.736486486486484]}, "properties": {"depth_m": 0.011}}, {"type": "Feature", "geometry": {"type": "Point", "coordinates": [116.5, 34.736486486486484]}, "properties": {"depth_m": 0.07}}, {"type": "Feature", "geometry": {"type": "Point", "coordinates": [117.5, 34.736486486486484]}, "properties": {"depth_m": 0.13}}, {"type": "Feature", "geometry": {"type": "Point", "coordinates": [118.5, 34.736486486486484]}, "properties": {"depth_m": 0.075}}, {"type": "Feature", "geometry": {"type": "Point", "coordinates": [119.5, 34.736486486486484]}, "properties": {"depth_m": 0.056}}, {"type": "Feature", "geometry": {"type": "Point", "coordinates": [120.5, 34.736486486486484]}, "properties": {"depth_m": 0.038}}, {"type": "Feature", "geometry": {"type": "Point", "coordinates": [126.5, 34.736486486486484]}, "properties": {"depth_m": 0.041}}, {"type": "Feature", "geometry": {"type": "Point", "coordinates": [127.5, 34.736486486486484]}, "properties": {"depth_m": 0.081}}, {"type": "Feature", "geometry": {"type": "Point", "coordinates": [128.5, 34.736486486486484]}, "properties": {"depth_m": 0.121}}, {"type": "Feature", "geometry": {"type": "Point", "coordinates": [129.5, 34.736486486486484]}, "properties": {"depth_m": 0.031}}, {"type": "Feature", "geometry": {"type": "Point", "coordinates": [130.5, 34.736486486486484]}, "properties": {"depth_m": 0.004}}, {"type": "Feature", "geometry": {"type": "Point", "coordinates": [131.5, 34.736486486486484]}, "properties": {"depth_m": 0.048}}, {"type": "Feature", "geometry": {"type": "Point", "coordinates": [132.5, 34.736486486486484]}, "properties": {"depth_m": 0.023}}, {"type": "Feature", "geometry": {"type": "Point", "coordinates": [133.5, 34.736486486486484]}, "properties": {"depth_m": 0.024}}, {"type": "Feature", "geometry": {"type": "Point", "coordinates": [134.5, 34.736486486486484]}, "properties": {"depth_m": 0.037}}, {"type": "Feature", "geometry": {"type": "Point", "coordinates": [135.5, 34.736486486486484]}, "properties": {"depth_m": 0.075}}, {"type": "Feature", "geometry": {"type": "Point", "coordinates": [136.5, 34.736486486486484]}, "properties": {"depth_m": 0.053}}, {"type": "Feature", "geometry": {"type": "Point", "coordinates": [72.5, 33.72297297297297]}, "properties": {"depth_m": 1.139}}, {"type": "Feature", "geometry": {"type": "Point", "coordinates": [73.5, 33.72297297297297]}, "properties": {"depth_m": 0.251}}, {"type": "Feature", "geometry": {"type": "Point", "coordinates": [74.5, 33.72297297297297]}, "properties": {"depth_m": 0.028}}, {"type": "Feature", "geometry": {"type": "Point", "coordinates": [75.5, 33.72297297297297]}, "properties": {"depth_m": 0.01}}, {"type": "Feature", "geometry": {"type": "Point", "coordinates": [76.5, 33.72297297297297]}, "properties": {"depth_m": 0.009}}, {"type": "Feature", "geometry": {"type": "Point", "coordinates": [77.5, 33.72297297297297]}, "properties": {"depth_m": 0.022}}, {"type": "Feature", "geometry": {"type": "Point", "coordinates": [78.5, 33.72297297297297]}, "properties": {"depth_m": 0.016}}, {"type": "Feature", "geometry": {"type": "Point", "coordinates": [79.5, 33.72297297297297]}, "properties": {"depth_m": 0.004}}, {"type": "Feature", "geometry": {"type": "Point", "coordinates": [80.5, 33.72297297297297]}, "properties": {"depth_m": 0.002}}, {"type": "Feature", "geometry": {"type": "Point", "coordinates": [81.5, 33.72297297297297]}, "properties": {"depth_m": 0.001}}, {"type": "Feature", "geometry": {"type": "Point", "coordinates": [82.5, 33.72297297297297]}, "properties": {"depth_m": 0.001}}, {"type": "Feature", "geometry": {"type": "Point", "coordinates": [83.5, 33.72297297297297]}, "properties": {"depth_m": 0.001}}, {"type": "Feature", "geometry": {"type": "Point", "coordinates": [84.5, 33.72297297297297]}, "properties": {"depth_m": 0.002}}, {"type": "Feature", "geometry": {"type": "Point", "coordinates": [85.5, 33.72297297297297]}, "properties": {"depth_m": 0.003}}, {"type": "Feature", "geometry": {"type": "Point", "coordinates": [86.5, 33.72297297297297]}, "properties": {"depth_m": 0.001}}, {"type": "Feature", "geometry": {"type": "Point", "coordinates": [87.5, 33.72297297297297]}, "properties": {"depth_m": 0.002}}, {"type": "Feature", "geometry": {"type": "Point", "coordinates": [88.5, 33.72297297297297]}, "properties": {"depth_m": 0.001}}, {"type": "Feature", "geometry": {"type": "Point", "coordinates": [89.5, 33.72297297297297]}, "properties": {"depth_m": 0.004}}, {"type": "Feature", "geometry": {"type": "Point", "coordinates": [90.5, 33.72297297297297]}, "properties": {"depth_m": 0.003}}, {"type": "Feature", "geometry": {"type": "Point", "coordinates": [91.5, 33.72297297297297]}, "properties": {"depth_m": 0.006}}, {"type": "Feature", "geometry": {"type": "Point", "coordinates": [92.5, 33.72297297297297]}, "properties": {"depth_m": 0.013}}, {"type": "Feature", "geometry": {"type": "Point", "coordinates": [93.5, 33.72297297297297]}, "properties": {"depth_m": 0.008}}, {"type": "Feature", "geometry": {"type": "Point", "coordinates": [94.5, 33.72297297297297]}, "properties": {"depth_m": 0.001}}, {"type": "Feature", "geometry": {"type": "Point", "coordinates": [95.5, 33.72297297297297]}, "properties": {"depth_m": 0.006}}, {"type": "Feature", "geometry": {"type": "Point", "coordinates": [96.5, 33.72297297297297]}, "properties": {"depth_m": 0.012}}, {"type": "Feature", "geometry": {"type": "Point", "coordinates": [97.5, 33.72297297297297]}, "properties": {"depth_m": 0.004}}, {"type": "Feature", "geometry": {"type": "Point", "coordinates": [98.5, 33.72297297297297]}, "properties": {"depth_m": 0.003}}, {"type": "Feature", "geometry": {"type": "Point", "coordinates": [99.5, 33.72297297297297]}, "properties": {"depth_m": 0.01}}, {"type": "Feature", "geometry": {"type": "Point", "coordinates": [100.5, 33.72297297297297]}, "properties": {"depth_m": 0.011}}, {"type": "Feature", "geometry": {"type": "Point", "coordinates": [101.5, 33.72297297297297]}, "properties": {"depth_m": 0.025}}, {"type": "Feature", "geometry": {"type": "Point", "coordinates": [102.5, 33.72297297297297]}, "properties": {"depth_m": 0.027}}, {"type": "Feature", "geometry": {"type": "Point", "coordinates": [103.5, 33.72297297297297]}, "properties": {"depth_m": 0.005}}, {"type": "Feature", "geometry": {"type": "Point", "coordinates": [104.5, 33.72297297297297]}, "properties": {"depth_m": 0.012}}, {"type": "Feature", "geometry": {"type": "Point", "coordinates": [105.5, 33.72297297297297]}, "properties": {"depth_m": 0.012}}, {"type": "Feature", "geometry": {"type": "Point", "coordinates": [106.5, 33.72297297297297]}, "properties": {"depth_m": 0.017}}, {"type": "Feature", "geometry": {"type": "Point", "coordinates": [107.5, 33.72297297297297]}, "properties": {"depth_m": 0.014}}, {"type": "Feature", "geometry": {"type": "Point", "coordinates": [108.5, 33.72297297297297]}, "properties": {"depth_m": 0.017}}, {"type": "Feature", "geometry": {"type": "Point", "coordinates": [109.5, 33.72297297297297]}, "properties": {"depth_m": 0.006}}, {"type": "Feature", "geometry": {"type": "Point", "coordinates": [110.5, 33.72297297297297]}, "properties": {"depth_m": 0.015}}, {"type": "Feature", "geometry": {"type": "Point", "coordinates": [111.5, 33.72297297297297]}, "properties": {"depth_m": 0.025}}, {"type": "Feature", "geometry": {"type": "Point", "coordinates": [112.5, 33.72297297297297]}, "properties": {"depth_m": 0.044}}, {"type": "Feature", "geometry": {"type": "Point", "coordinates": [113.5, 33.72297297297297]}, "properties": {"depth_m": 0.146}}, {"type": "Feature", "geometry": {"type": "Point", "coordinates": [114.5, 33.72297297297297]}, "properties": {"depth_m": 0.052}}, {"type": "Feature", "geometry": {"type": "Point", "coordinates": [115.5, 33.72297297297297]}, "properties": {"depth_m": 0.026}}, {"type": "Feature", "geometry": {"type": "Point", "coordinates": [116.5, 33.72297297297297]}, "properties": {"depth_m": 0.036}}, {"type": "Feature", "geometry": {"type": "Point", "coordinates": [117.5, 33.72297297297297]}, "properties": {"depth_m": 0.051}}, {"type": "Feature", "geometry": {"type": "Point", "coordinates": [118.5, 33.72297297297297]}, "properties": {"depth_m": 0.189}}, {"type": "Feature", "geometry": {"type": "Point", "coordinates": [119.5, 33.72297297297297]}, "properties": {"depth_m": 0.165}}, {"type": "Feature", "geometry": {"type": "Point", "coordinates": [120.5, 33.72297297297297]}, "properties": {"depth_m": 0.094}}, {"type": "Feature", "geometry": {"type": "Point", "coordinates": [126.5, 33.72297297297297]}, "properties": {"depth_m": 0.004}}, {"type": "Feature", "geometry": {"type": "Point", "coordinates": [129.5, 33.72297297297297]}, "properties": {"depth_m": 0.015}}, {"type": "Feature", "geometry": {"type": "Point", "coordinates": [130.5, 33.72297297297297]}, "properties": {"depth_m": 0.043}}, {"type": "Feature", "geometry": {"type": "Point", "coordinates": [131.5, 33.72297297297297]}, "properties": {"depth_m": 0.124}}, {"type": "Feature", "geometry": {"type": "Point", "coordinates": [132.5, 33.72297297297297]}, "properties": {"depth_m": 0.053}}, {"type": "Feature", "geometry": {"type": "Point", "coordinates": [133.5, 33.72297297297297]}, "properties": {"depth_m": 0.049}}, {"type": "Feature", "geometry": {"type": "Point", "coordinates": [134.5, 33.72297297297297]}, "properties": {"depth_m": 0.21}}, {"type": "Feature", "geometry": {"type": "Point", "coordinates": [135.5, 33.72297297297297]}, "properties": {"depth_m": 0.071}}, {"type": "Feature", "geometry": {"type": "Point", "coordinates": [136.5, 33.72297297297297]}, "properties": {"depth_m": 0.036}}, {"type": "Feature", "geometry": {"type": "Point", "coordinates": [72.5, 32.70945945945945]}, "properties": {"depth_m": 0.066}}, {"type": "Feature", "geometry": {"type": "Point", "coordinates": [73.5, 32.70945945945945]}, "properties": {"depth_m": 0.46}}, {"type": "Feature", "geometry": {"type": "Point", "coordinates": [74.5, 32.70945945945945]}, "properties": {"depth_m": 0.081}}, {"type": "Feature", "geometry": {"type": "Point", "coordinates": [75.5, 32.70945945945945]}, "properties": {"depth_m": 0.013}}, {"type": "Feature", "geometry": {"type": "Point", "coordinates": [76.5, 32.70945945945945]}, "properties": {"depth_m": 0.017}}, {"type": "Feature", "geometry": {"type": "Point", "coordinates": [77.5, 32.70945945945945]}, "properties": {"depth_m": 0.005}}, {"type": "Feature", "geometry": {"type": "Point", "coordinates": [78.5, 32.70945945945945]}, "properties": {"depth_m": 0.007}}, {"type": "Feature", "geometry": {"type": "Point", "coordinates": [79.5, 32.70945945945945]}, "properties": {"depth_m": 0.014}}, {"type": "Feature", "geometry": {"type": "Point", "coordinates": [80.5, 32.70945945945945]}, "properties": {"depth_m": 0.006}}, {"type": "Feature", "geometry": {"type": "Point", "coordinates": [81.5, 32.70945945945945]}, "properties": {"depth_m": 0.005}}, {"type": "Feature", "geometry": {"type": "Point", "coordinates": [82.5, 32.70945945945945]}, "properties": {"depth_m": 0.003}}, {"type": "Feature", "geometry": {"type": "Point", "coordinates": [83.5, 32.70945945945945]}, "properties": {"depth_m": 0.002}}, {"type": "Feature", "geometry": {"type": "Point", "coordinates": [84.5, 32.70945945945945]}, "properties": {"depth_m": 0.003}}, {"type": "Feature", "geometry": {"type": "Point", "coordinates": [85.5, 32.70945945945945]}, "properties": {"depth_m": 0.001}}, {"type": "Feature", "geometry": {"type": "Point", "coordinates": [86.5, 32.70945945945945]}, "properties": {"depth_m": 0.001}}, {"type": "Feature", "geometry": {"type": "Point", "coordinates": [87.5, 32.70945945945945]}, "properties": {"depth_m": 0.003}}, {"type": "Feature", "geometry": {"type": "Point", "coordinates": [88.5, 32.70945945945945]}, "properties": {"depth_m": 0.009}}, {"type": "Feature", "geometry": {"type": "Point", "coordinates": [89.5, 32.70945945945945]}, "properties": {"depth_m": 0.003}}, {"type": "Feature", "geometry": {"type": "Point", "coordinates": [90.5, 32.70945945945945]}, "properties": {"depth_m": 0.004}}, {"type": "Feature", "geometry": {"type": "Point", "coordinates": [91.5, 32.70945945945945]}, "properties": {"depth_m": 0.004}}, {"type": "Feature", "geometry": {"type": "Point", "coordinates": [92.5, 32.70945945945945]}, "properties": {"depth_m": 0.001}}, {"type": "Feature", "geometry": {"type": "Point", "coordinates": [93.5, 32.70945945945945]}, "properties": {"depth_m": 0.005}}, {"type": "Feature", "geometry": {"type": "Point", "coordinates": [94.5, 32.70945945945945]}, "properties": {"depth_m": 0.002}}, {"type": "Feature", "geometry": {"type": "Point", "coordinates": [95.5, 32.70945945945945]}, "properties": {"depth_m": 0.007}}, {"type": "Feature", "geometry": {"type": "Point", "coordinates": [96.5, 32.70945945945945]}, "properties": {"depth_m": 0.007}}, {"type": "Feature", "geometry": {"type": "Point", "coordinates": [97.5, 32.70945945945945]}, "properties": {"depth_m": 0.011}}, {"type": "Feature", "geometry": {"type": "Point", "coordinates": [98.5, 32.70945945945945]}, "properties": {"depth_m": 0.009}}, {"type": "Feature", "geometry": {"type": "Point", "coordinates": [99.5, 32.70945945945945]}, "properties": {"depth_m": 0.007}}, {"type": "Feature", "geometry": {"type": "Point", "coordinates": [100.5, 32.70945945945945]}, "properties": {"depth_m": 0.007}}, {"type": "Feature", "geometry": {"type": "Point", "coordinates": [101.5, 32.70945945945945]}, "properties": {"depth_m": 0.008}}, {"type": "Feature", "geometry": {"type": "Point", "coordinates": [102.5, 32.70945945945945]}, "properties": {"depth_m": 0.004}}, {"type": "Feature", "geometry": {"type": "Point", "coordinates": [103.5, 32.70945945945945]}, "properties": {"depth_m": 0.003}}, {"type": "Feature", "geometry": {"type": "Point", "coordinates": [104.5, 32.70945945945945]}, "properties": {"depth_m": 0.025}}, {"type": "Feature", "geometry": {"type": "Point", "coordinates": [105.5, 32.70945945945945]}, "properties": {"depth_m": 0.064}}, {"type": "Feature", "geometry": {"type": "Point", "coordinates": [106.5, 32.70945945945945]}, "properties": {"depth_m": 0.016}}, {"type": "Feature", "geometry": {"type": "Point", "coordinates": [107.5, 32.70945945945945]}, "properties": {"depth_m": 0.038}}, {"type": "Feature", "geometry": {"type": "Point", "coordinates": [108.5, 32.70945945945945]}, "properties": {"depth_m": 0.06}}, {"type": "Feature", "geometry": {"type": "Point", "coordinates": [109.5, 32.70945945945945]}, "properties": {"depth_m": 0.034}}, {"type": "Feature", "geometry": {"type": "Point", "coordinates": [110.5, 32.70945945945945]}, "properties": {"depth_m": 0.327}}, {"type": "Feature", "geometry": {"type": "Point", "coordinates": [111.5, 32.70945945945945]}, "properties": {"depth_m": 1.384}}, {"type": "Feature", "geometry": {"type": "Point", "coordinates": [112.5, 32.70945945945945]}, "properties": {"depth_m": 0.064}}, {"type": "Feature", "geometry": {"type": "Point", "coordinates": [113.5, 32.70945945945945]}, "properties": {"depth_m": 0.04}}, {"type": "Feature", "geometry": {"type": "Point", "coordinates": [114.5, 32.70945945945945]}, "properties": {"depth_m": 0.218}}, {"type": "Feature", "geometry": {"type": "Point", "coordinates": [115.5, 32.70945945945945]}, "properties": {"depth_m": 0.122}}, {"type": "Feature", "geometry": {"type": "Point", "coordinates": [116.5, 32.70945945945945]}, "properties": {"depth_m": 0.116}}, {"type": "Feature", "geometry": {"type": "Point", "coordinates": [117.5, 32.70945945945945]}, "properties": {"depth_m": 0.089}}, {"type": "Feature", "geometry": {"type": "Point", "coordinates": [118.5, 32.70945945945945]}, "properties": {"depth_m": 0.116}}, {"type": "Feature", "geometry": {"type": "Point", "coordinates": [119.5, 32.70945945945945]}, "properties": {"depth_m": 0.669}}, {"type": "Feature", "geometry": {"type": "Point", "coordinates": [120.5, 32.70945945945945]}, "properties": {"depth_m": 0.176}}, {"type": "Feature", "geometry": {"type": "Point", "coordinates": [121.5, 32.70945945945945]}, "properties": {"depth_m": 0.0}}, {"type": "Feature", "geometry": {"type": "Point", "coordinates": [130.5, 32.70945945945945]}, "properties": {"depth_m": 0.065}}, {"type": "Feature", "geometry": {"type": "Point", "coordinates": [131.5, 32.70945945945945]}, "properties": {"depth_m": 0.047}}, {"type": "Feature", "geometry": {"type": "Point", "coordinates": [132.5, 32.70945945945945]}, "properties": {"depth_m": 0.02}}, {"type": "Feature", "geometry": {"type": "Point", "coordinates": [133.5, 32.70945945945945]}, "properties": {"depth_m": 0.001}}, {"type": "Feature", "geometry": {"type": "Point", "coordinates": [72.5, 31.695945945945944]}, "properties": {"depth_m": 0.11}}, {"type": "Feature", "geometry": {"type": "Point", "coordinates": [73.5, 31.695945945945944]}, "properties": {"depth_m": 0.104}}, {"type": "Feature", "geometry": {"type": "Point", "coordinates": [74.5, 31.695945945945944]}, "properties": {"depth_m": 0.25}}, {"type": "Feature", "geometry": {"type": "Point", "coordinates": [75.5, 31.695945945945944]}, "properties": {"depth_m": 0.993}}, {"type": "Feature", "geometry": {"type": "Point", "coordinates": [76.5, 31.695945945945944]}, "properties": {"depth_m": 0.458}}, {"type": "Feature", "geometry": {"type": "Point", "coordinates": [77.5, 31.695945945945944]}, "properties": {"depth_m": 0.159}}, {"type": "Feature", "geometry": {"type": "Point", "coordinates": [78.5, 31.695945945945944]}, "properties": {"depth_m": 0.108}}, {"type": "Feature", "geometry": {"type": "Point", "coordinates": [79.5, 31.695945945945944]}, "properties": {"depth_m": 0.018}}, {"type": "Feature", "geometry": {"type": "Point", "coordinates": [80.5, 31.695945945945944]}, "properties": {"depth_m": 0.006}}, {"type": "Feature", "geometry": {"type": "Point", "coordinates": [81.5, 31.695945945945944]}, "properties": {"depth_m": 0.003}}, {"type": "Feature", "geometry": {"type": "Point", "coordinates": [82.5, 31.695945945945944]}, "properties": {"depth_m": 0.021}}, {"type": "Feature", "geometry": {"type": "Point", "coordinates": [83.5, 31.695945945945944]}, "properties": {"depth_m": 0.008}}, {"type": "Feature", "geometry": {"type": "Point", "coordinates": [84.5, 31.695945945945944]}, "properties": {"depth_m": 0.013}}, {"type": "Feature", "geometry": {"type": "Point", "coordinates": [85.5, 31.695945945945944]}, "properties": {"depth_m": 0.003}}, {"type": "Feature", "geometry": {"type": "Point", "coordinates": [86.5, 31.695945945945944]}, "properties": {"depth_m": 0.007}}, {"type": "Feature", "geometry": {"type": "Point", "coordinates": [87.5, 31.695945945945944]}, "properties": {"depth_m": 0.03}}, {"type": "Feature", "geometry": {"type": "Point", "coordinates": [88.5, 31.695945945945944]}, "properties": {"depth_m": 0.01}}, {"type": "Feature", "geometry": {"type": "Point", "coordinates": [89.5, 31.695945945945944]}, "properties": {"depth_m": 0.017}}, {"type": "Feature", "geometry": {"type": "Point", "coordinates": [90.5, 31.695945945945944]}, "properties": {"depth_m": 0.015}}, {"type": "Feature", "geometry": {"type": "Point", "coordinates": [91.5, 31.695945945945944]}, "properties": {"depth_m": 0.009}}, {"type": "Feature", "geometry": {"type": "Point", "coordinates": [92.5, 31.695945945945944]}, "properties": {"depth_m": 0.008}}, {"type": "Feature", "geometry": {"type": "Point", "coordinates": [93.5, 31.695945945945944]}, "properties": {"depth_m": 0.009}}, {"type": "Feature", "geometry": {"type": "Point", "coordinates": [94.5, 31.695945945945944]}, "properties": {"depth_m": 0.01}}, {"type": "Feature", "geometry": {"type": "Point", "coordinates": [95.5, 31.695945945945944]}, "properties": {"depth_m": 0.006}}, {"type": "Feature", "geometry": {"type": "Point", "coordinates": [96.5, 31.695945945945944]}, "properties": {"depth_m": 0.013}}, {"type": "Feature", "geometry": {"type": "Point", "coordinates": [97.5, 31.695945945945944]}, "properties": {"depth_m": 0.009}}, {"type": "Feature", "geometry": {"type": "Point", "coordinates": [98.5, 31.695945945945944]}, "properties": {"depth_m": 0.012}}, {"type": "Feature", "geometry": {"type": "Point", "coordinates": [99.5, 31.695945945945944]}, "properties": {"depth_m": 0.007}}, {"type": "Feature", "geometry": {"type": "Point", "coordinates": [100.5, 31.695945945945944]}, "properties": {"depth_m": 0.011}}, {"type": "Feature", "geometry": {"type": "Point", "coordinates": [101.5, 31.695945945945944]}, "properties": {"depth_m": 0.01}}, {"type": "Feature", "geometry": {"type": "Point", "coordinates": [102.5, 31.695945945945944]}, "properties": {"depth_m": 0.007}}, {"type": "Feature", "geometry": {"type": "Point", "coordinates": [103.5, 31.695945945945944]}, "properties": {"depth_m": 0.009}}, {"type": "Feature", "geometry": {"type": "Point", "coordinates": [104.5, 31.695945945945944]}, "properties": {"depth_m": 0.021}}, {"type": "Feature", "geometry": {"type": "Point", "coordinates": [105.5, 31.695945945945944]}, "properties": {"depth_m": 0.075}}, {"type": "Feature", "geometry": {"type": "Point", "coordinates": [106.5, 31.695945945945944]}, "properties": {"depth_m": 0.062}}, {"type": "Feature", "geometry": {"type": "Point", "coordinates": [107.5, 31.695945945945944]}, "properties": {"depth_m": 0.031}}, {"type": "Feature", "geometry": {"type": "Point", "coordinates": [108.5, 31.695945945945944]}, "properties": {"depth_m": 0.004}}, {"type": "Feature", "geometry": {"type": "Point", "coordinates": [109.5, 31.695945945945944]}, "properties": {"depth_m": 0.005}}, {"type": "Feature", "geometry": {"type": "Point", "coordinates": [110.5, 31.695945945945944]}, "properties": {"depth_m": 0.014}}, {"type": "Feature", "geometry": {"type": "Point", "coordinates": [111.5, 31.695945945945944]}, "properties": {"depth_m": 0.596}}, {"type": "Feature", "geometry": {"type": "Point", "coordinates": [112.5, 31.695945945945944]}, "properties": {"depth_m": 0.65}}, {"type": "Feature", "geometry": {"type": "Point", "coordinates": [113.5, 31.695945945945944]}, "properties": {"depth_m": 0.025}}, {"type": "Feature", "geometry": {"type": "Point", "coordinates": [114.5, 31.695945945945944]}, "properties": {"depth_m": 0.009}}, {"type": "Feature", "geometry": {"type": "Point", "coordinates": [115.5, 31.695945945945944]}, "properties": {"depth_m": 0.016}}, {"type": "Feature", "geometry": {"type": "Point", "coordinates": [116.5, 31.695945945945944]}, "properties": {"depth_m": 0.059}}, {"type": "Feature", "geometry": {"type": "Point", "coordinates": [117.5, 31.695945945945944]}, "properties": {"depth_m": 0.073}}, {"type": "Feature", "geometry": {"type": "Point", "coordinates": [118.5, 31.695945945945944]}, "properties": {"depth_m": 0.389}}, {"type": "Feature", "geometry": {"type": "Point", "coordinates": [119.5, 31.695945945945944]}, "properties": {"depth_m": 0.183}}, {"type": "Feature", "geometry": {"type": "Point", "coordinates": [120.5, 31.695945945945944]}, "properties": {"depth_m": 0.048}}, {"type": "Feature", "geometry": {"type": "Point", "coordinates": [121.5, 31.695945945945944]}, "properties": {"depth_m": 0.075}}, {"type": "Feature", "geometry": {"type": "Point", "coordinates": [130.5, 31.695945945945944]}, "properties": {"depth_m": 0.087}}, {"type": "Feature", "geometry": {"type": "Point", "coordinates": [131.5, 31.695945945945944]}, "properties": {"depth_m": 0.206}}, {"type": "Feature", "geometry": {"type": "Point", "coordinates": [72.5, 30.68243243243243]}, "properties": {"depth_m": 0.123}}, {"type": "Feature", "geometry": {"type": "Point", "coordinates": [73.5, 30.68243243243243]}, "properties": {"depth_m": 0.08}}, {"type": "Feature", "geometry": {"type": "Point", "coordinates": [74.5, 30.68243243243243]}, "properties": {"depth_m": 0.247}}, {"type": "Feature", "geometry": {"type": "Point", "coordinates": [75.5, 30.68243243243243]}, "properties": {"depth_m": 0.47}}, {"type": "Feature", "geometry": {"type": "Point", "coordinates": [76.5, 30.68243243243243]}, "properties": {"depth_m": 0.626}}, {"type": "Feature", "geometry": {"type": "Point", "coordinates": [77.5, 30.68243243243243]}, "properties": {"depth_m": 0.029}}, {"type": "Feature", "geometry": {"type": "Point", "coordinates": [78.5, 30.68243243243243]}, "properties": {"depth_m": 0.015}}, {"type": "Feature", "geometry": {"type": "Point", "coordinates": [79.5, 30.68243243243243]}, "properties": {"depth_m": 0.01}}, {"type": "Feature", "geometry": {"type": "Point", "coordinates": [80.5, 30.68243243243243]}, "properties": {"depth_m": 0.018}}, {"type": "Feature", "geometry": {"type": "Point", "coordinates": [81.5, 30.68243243243243]}, "properties": {"depth_m": 0.008}}, {"type": "Feature", "geometry": {"type": "Point", "coordinates": [82.5, 30.68243243243243]}, "properties": {"depth_m": 0.005}}, {"type": "Feature", "geometry": {"type": "Point", "coordinates": [83.5, 30.68243243243243]}, "properties": {"depth_m": 0.004}}, {"type": "Feature", "geometry": {"type": "Point", "coordinates": [84.5, 30.68243243243243]}, "properties": {"depth_m": 0.005}}, {"type": "Feature", "geometry": {"type": "Point", "coordinates": [85.5, 30.68243243243243]}, "properties": {"depth_m": 0.012}}, {"type": "Feature", "geometry": {"type": "Point", "coordinates": [86.5, 30.68243243243243]}, "properties": {"depth_m": 0.003}}, {"type": "Feature", "geometry": {"type": "Point", "coordinates": [87.5, 30.68243243243243]}, "properties": {"depth_m": 0.003}}, {"type": "Feature", "geometry": {"type": "Point", "coordinates": [88.5, 30.68243243243243]}, "properties": {"depth_m": 0.004}}, {"type": "Feature", "geometry": {"type": "Point", "coordinates": [89.5, 30.68243243243243]}, "properties": {"depth_m": 0.002}}, {"type": "Feature", "geometry": {"type": "Point", "coordinates": [90.5, 30.68243243243243]}, "properties": {"depth_m": 0.003}}, {"type": "Feature", "geometry": {"type": "Point", "coordinates": [91.5, 30.68243243243243]}, "properties": {"depth_m": 0.006}}, {"type": "Feature", "geometry": {"type": "Point", "coordinates": [92.5, 30.68243243243243]}, "properties": {"depth_m": 0.004}}, {"type": "Feature", "geometry": {"type": "Point", "coordinates": [93.5, 30.68243243243243]}, "properties": {"depth_m": 0.002}}, {"type": "Feature", "geometry": {"type": "Point", "coordinates": [94.5, 30.68243243243243]}, "properties": {"depth_m": 0.009}}, {"type": "Feature", "geometry": {"type": "Point", "coordinates": [95.5, 30.68243243243243]}, "properties": {"depth_m": 0.012}}, {"type": "Feature", "geometry": {"type": "Point", "coordinates": [96.5, 30.68243243243243]}, "properties": {"depth_m": 0.017}}, {"type": "Feature", "geometry": {"type": "Point", "coordinates": [97.5, 30.68243243243243]}, "properties": {"depth_m": 0.022}}, {"type": "Feature", "geometry": {"type": "Point", "coordinates": [98.5, 30.68243243243243]}, "properties": {"depth_m": 0.014}}, {"type": "Feature", "geometry": {"type": "Point", "coordinates": [99.5, 30.68243243243243]}, "properties": {"depth_m": 0.006}}, {"type": "Feature", "geometry": {"type": "Point", "coordinates": [100.5, 30.68243243243243]}, "properties": {"depth_m": 0.012}}, {"type": "Feature", "geometry": {"type": "Point", "coordinates": [101.5, 30.68243243243243]}, "properties": {"depth_m": 0.01}}, {"type": "Feature", "geometry": {"type": "Point", "coordinates": [102.5, 30.68243243243243]}, "properties": {"depth_m": 0.01}}, {"type": "Feature", "geometry": {"type": "Point", "coordinates": [103.5, 30.68243243243243]}, "properties": {"depth_m": 0.027}}, {"type": "Feature", "geometry": {"type": "Point", "coordinates": [104.5, 30.68243243243243]}, "properties": {"depth_m": 0.016}}, {"type": "Feature", "geometry": {"type": "Point", "coordinates": [105.5, 30.68243243243243]}, "properties": {"depth_m": 0.049}}, {"type": "Feature", "geometry": {"type": "Point", "coordinates": [106.5, 30.68243243243243]}, "properties": {"depth_m": 0.096}}, {"type": "Feature", "geometry": {"type": "Point", "coordinates": [107.5, 30.68243243243243]}, "properties": {"depth_m": 0.025}}, {"type": "Feature", "geometry": {"type": "Point", "coordinates": [108.5, 30.68243243243243]}, "properties": {"depth_m": 0.004}}, {"type": "Feature", "geometry": {"type": "Point", "coordinates": [109.5, 30.68243243243243]}, "properties": {"depth_m": 0.01}}, {"type": "Feature", "geometry": {"type": "Point", "coordinates": [110.5, 30.68243243243243]}, "properties": {"depth_m": 0.013}}, {"type": "Feature", "geometry": {"type": "Point", "coordinates": [111.5, 30.68243243243243]}, "properties": {"depth_m": 0.375}}, {"type": "Feature", "geometry": {"type": "Point", "coordinates": [112.5, 30.68243243243243]}, "properties": {"depth_m": 0.476}}, {"type": "Feature", "geometry": {"type": "Point", "coordinates": [113.5, 30.68243243243243]}, "properties": {"depth_m": 0.39}}, {"type": "Feature", "geometry": {"type": "Point", "coordinates": [114.5, 30.68243243243243]}, "properties": {"depth_m": 0.323}}, {"type": "Feature", "geometry": {"type": "Point", "coordinates": [115.5, 30.68243243243243]}, "properties": {"depth_m": 0.131}}, {"type": "Feature", "geometry": {"type": "Point", "coordinates": [116.5, 30.68243243243243]}, "properties": {"depth_m": 0.477}}, {"type": "Feature", "geometry": {"type": "Point", "coordinates": [117.5, 30.68243243243243]}, "properties": {"depth_m": 0.529}}, {"type": "Feature", "geometry": {"type": "Point", "coordinates": [118.5, 30.68243243243243]}, "properties": {"depth_m": 0.376}}, {"type": "Feature", "geometry": {"type": "Point", "coordinates": [119.5, 30.68243243243243]}, "properties": {"depth_m": 0.032}}, {"type": "Feature", "geometry": {"type": "Point", "coordinates": [120.5, 30.68243243243243]}, "properties": {"depth_m": 0.103}}, {"type": "Feature", "geometry": {"type": "Point", "coordinates": [121.5, 30.68243243243243]}, "properties": {"depth_m": 0.128}}, {"type": "Feature", "geometry": {"type": "Point", "coordinates": [72.5, 29.668918918918916]}, "properties": {"depth_m": 0.106}}, {"type": "Feature", "geometry": {"type": "Point", "coordinates": [73.5, 29.668918918918916]}, "properties": {"depth_m": 0.057}}, {"type": "Feature", "geometry": {"type": "Point", "coordinates": [74.5, 29.668918918918916]}, "properties": {"depth_m": 0.112}}, {"type": "Feature", "geometry": {"type": "Point", "coordinates": [75.5, 29.668918918918916]}, "properties": {"depth_m": 0.074}}, {"type": "Feature", "geometry": {"type": "Point", "coordinates": [76.5, 29.668918918918916]}, "properties": {"depth_m": 0.064}}, {"type": "Feature", "geometry": {"type": "Point", "coordinates": [77.5, 29.668918918918916]}, "properties": {"depth_m": 0.151}}, {"type": "Feature", "geometry": {"type": "Point", "coordinates": [78.5, 29.668918918918916]}, "properties": {"depth_m": 0.195}}, {"type": "Feature", "geometry": {"type": "Point", "coordinates": [79.5, 29.668918918918916]}, "properties": {"depth_m": 0.066}}, {"type": "Feature", "geometry": {"type": "Point", "coordinates": [80.5, 29.668918918918916]}, "properties": {"depth_m": 0.023}}, {"type": "Feature", "geometry": {"type": "Point", "coordinates": [81.5, 29.668918918918916]}, "properties": {"depth_m": 0.018}}, {"type": "Feature", "geometry": {"type": "Point", "coordinates": [82.5, 29.668918918918916]}, "properties": {"depth_m": 0.005}}, {"type": "Feature", "geometry": {"type": "Point", "coordinates": [83.5, 29.668918918918916]}, "properties": {"depth_m": 0.038}}, {"type": "Feature", "geometry": {"type": "Point", "coordinates": [84.5, 29.668918918918916]}, "properties": {"depth_m": 0.067}}, {"type": "Feature", "geometry": {"type": "Point", "coordinates": [85.5, 29.668918918918916]}, "properties": {"depth_m": 0.02}}, {"type": "Feature", "geometry": {"type": "Point", "coordinates": [86.5, 29.668918918918916]}, "properties": {"depth_m": 0.016}}, {"type": "Feature", "geometry": {"type": "Point", "coordinates": [87.5, 29.668918918918916]}, "properties": {"depth_m": 0.016}}, {"type": "Feature", "geometry": {"type": "Point", "coordinates": [88.5, 29.668918918918916]}, "properties": {"depth_m": 0.018}}, {"type": "Feature", "geometry": {"type": "Point", "coordinates": [89.5, 29.668918918918916]}, "properties": {"depth_m": 0.028}}, {"type": "Feature", "geometry": {"type": "Point", "coordinates": [90.5, 29.668918918918916]}, "properties": {"depth_m": 0.034}}, {"type": "Feature", "geometry": {"type": "Point", "coordinates": [91.5, 29.668918918918916]}, "properties": {"depth_m": 0.044}}, {"type": "Feature", "geometry": {"type": "Point", "coordinates": [92.5, 29.668918918918916]}, "properties": {"depth_m": 0.017}}, {"type": "Feature", "geometry": {"type": "Point", "coordinates": [93.5, 29.668918918918916]}, "properties": {"depth_m": 0.013}}, {"type": "Feature", "geometry": {"type": "Point", "coordinates": [94.5, 29.668918918918916]}, "properties": {"depth_m": 0.034}}, {"type": "Feature", "geometry": {"type": "Point", "coordinates": [95.5, 29.668918918918916]}, "properties": {"depth_m": 0.034}}, {"type": "Feature", "geometry": {"type": "Point", "coordinates": [96.5, 29.668918918918916]}, "properties": {"depth_m": 0.005}}, {"type": "Feature", "geometry": {"type": "Point", "coordinates": [97.5, 29.668918918918916]}, "properties": {"depth_m": 0.015}}, {"type": "Feature", "geometry": {"type": "Point", "coordinates": [98.5, 29.668918918918916]}, "properties": {"depth_m": 0.019}}, {"type": "Feature", "geometry": {"type": "Point", "coordinates": [99.5, 29.668918918918916]}, "properties": {"depth_m": 0.012}}, {"type": "Feature", "geometry": {"type": "Point", "coordinates": [100.5, 29.668918918918916]}, "properties": {"depth_m": 0.008}}, {"type": "Feature", "geometry": {"type": "Point", "coordinates": [101.5, 29.668918918918916]}, "properties": {"depth_m": 0.009}}, {"type": "Feature", "geometry": {"type": "Point", "coordinates": [102.5, 29.668918918918916]}, "properties": {"depth_m": 0.03}}, {"type": "Feature", "geometry": {"type": "Point", "coordinates": [103.5, 29.668918918918916]}, "properties": {"depth_m": 0.128}}, {"type": "Feature", "geometry": {"type": "Point", "coordinates": [104.5, 29.668918918918916]}, "properties": {"depth_m": 0.029}}, {"type": "Feature", "geometry": {"type": "Point", "coordinates": [105.5, 29.668918918918916]}, "properties": {"depth_m": 0.018}}, {"type": "Feature", "geometry": {"type": "Point", "coordinates": [106.5, 29.668918918918916]}, "properties": {"depth_m": 0.096}}, {"type": "Feature", "geometry": {"type": "Point", "coordinates": [107.5, 29.668918918918916]}, "properties": {"depth_m": 0.047}}, {"type": "Feature", "geometry": {"type": "Point", "coordinates": [108.5, 29.668918918918916]}, "properties": {"depth_m": 0.012}}, {"type": "Feature", "geometry": {"type": "Point", "coordinates": [109.5, 29.668918918918916]}, "properties": {"depth_m": 0.009}}, {"type": "Feature", "geometry": {"type": "Point", "coordinates": [110.5, 29.668918918918916]}, "properties": {"depth_m": 0.062}}, {"type": "Feature", "geometry": {"type": "Point", "coordinates": [111.5, 29.668918918918916]}, "properties": {"depth_m": 0.067}}, {"type": "Feature", "geometry": {"type": "Point", "coordinates": [112.5, 29.668918918918916]}, "properties": {"depth_m": 0.465}}, {"type": "Feature", "geometry": {"type": "Point", "coordinates": [113.5, 29.668918918918916]}, "properties": {"depth_m": 0.292}}, {"type": "Feature", "geometry": {"type": "Point", "coordinates": [114.5, 29.668918918918916]}, "properties": {"depth_m": 0.201}}, {"type": "Feature", "geometry": {"type": "Point", "coordinates": [115.5, 29.668918918918916]}, "properties": {"depth_m": 0.854}}, {"type": "Feature", "geometry": {"type": "Point", "coordinates": [116.5, 29.668918918918916]}, "properties": {"depth_m": 1.187}}, {"type": "Feature", "geometry": {"type": "Point", "coordinates": [117.5, 29.668918918918916]}, "properties": {"depth_m": 0.032}}, {"type": "Feature", "geometry": {"type": "Point", "coordinates": [118.5, 29.668918918918916]}, "properties": {"depth_m": 0.317}}, {"type": "Feature", "geometry": {"type": "Point", "coordinates": [119.5, 29.668918918918916]}, "properties": {"depth_m": 0.277}}, {"type": "Feature", "geometry": {"type": "Point", "coordinates": [120.5, 29.668918918918916]}, "properties": {"depth_m": 0.049}}, {"type": "Feature", "geometry": {"type": "Point", "coordinates": [121.5, 29.668918918918916]}, "properties": {"depth_m": 0.106}}, {"type": "Feature", "geometry": {"type": "Point", "coordinates": [72.5, 28.655405405405403]}, "properties": {"depth_m": 0.043}}, {"type": "Feature", "geometry": {"type": "Point", "coordinates": [73.5, 28.655405405405403]}, "properties": {"depth_m": 0.01}}, {"type": "Feature", "geometry": {"type": "Point", "coordinates": [74.5, 28.655405405405403]}, "properties": {"depth_m": 0.009}}, {"type": "Feature", "geometry": {"type": "Point", "coordinates": [75.5, 28.655405405405403]}, "properties": {"depth_m": 0.023}}, {"type": "Feature", "geometry": {"type": "Point", "coordinates": [76.5, 28.655405405405403]}, "properties": {"depth_m": 0.03}}, {"type": "Feature", "geometry": {"type": "Point", "coordinates": [77.5, 28.655405405405403]}, "properties": {"depth_m": 0.116}}, {"type": "Feature", "geometry": {"type": "Point", "coordinates": [78.5, 28.655405405405403]}, "properties": {"depth_m": 0.323}}, {"type": "Feature", "geometry": {"type": "Point", "coordinates": [79.5, 28.655405405405403]}, "properties": {"depth_m": 0.105}}, {"type": "Feature", "geometry": {"type": "Point", "coordinates": [80.5, 28.655405405405403]}, "properties": {"depth_m": 0.089}}, {"type": "Feature", "geometry": {"type": "Point", "coordinates": [81.5, 28.655405405405403]}, "properties": {"depth_m": 0.116}}, {"type": "Feature", "geometry": {"type": "Point", "coordinates": [82.5, 28.655405405405403]}, "properties": {"depth_m": 0.015}}, {"type": "Feature", "geometry": {"type": "Point", "coordinates": [83.5, 28.655405405405403]}, "properties": {"depth_m": 0.008}}, {"type": "Feature", "geometry": {"type": "Point", "coordinates": [84.5, 28.655405405405403]}, "properties": {"depth_m": 0.007}}, {"type": "Feature", "geometry": {"type": "Point", "coordinates": [85.5, 28.655405405405403]}, "properties": {"depth_m": 0.007}}, {"type": "Feature", "geometry": {"type": "Point", "coordinates": [86.5, 28.655405405405403]}, "properties": {"depth_m": 0.01}}, {"type": "Feature", "geometry": {"type": "Point", "coordinates": [87.5, 28.655405405405403]}, "properties": {"depth_m": 0.02}}, {"type": "Feature", "geometry": {"type": "Point", "coordinates": [88.5, 28.655405405405403]}, "properties": {"depth_m": 0.009}}, {"type": "Feature", "geometry": {"type": "Point", "coordinates": [89.5, 28.655405405405403]}, "properties": {"depth_m": 0.014}}, {"type": "Feature", "geometry": {"type": "Point", "coordinates": [90.5, 28.655405405405403]}, "properties": {"depth_m": 0.002}}, {"type": "Feature", "geometry": {"type": "Point", "coordinates": [91.5, 28.655405405405403]}, "properties": {"depth_m": 0.002}}, {"type": "Feature", "geometry": {"type": "Point", "coordinates": [92.5, 28.655405405405403]}, "properties": {"depth_m": 0.014}}, {"type": "Feature", "geometry": {"type": "Point", "coordinates": [93.5, 28.655405405405403]}, "properties": {"depth_m": 0.025}}, {"type": "Feature", "geometry": {"type": "Point", "coordinates": [94.5, 28.655405405405403]}, "properties": {"depth_m": 0.032}}, {"type": "Feature", "geometry": {"type": "Point", "coordinates": [95.5, 28.655405405405403]}, "properties": {"depth_m": 0.042}}, {"type": "Feature", "geometry": {"type": "Point", "coordinates": [96.5, 28.655405405405403]}, "properties": {"depth_m": 0.008}}, {"type": "Feature", "geometry": {"type": "Point", "coordinates": [97.5, 28.655405405405403]}, "properties": {"depth_m": 0.008}}, {"type": "Feature", "geometry": {"type": "Point", "coordinates": [98.5, 28.655405405405403]}, "properties": {"depth_m": 0.028}}, {"type": "Feature", "geometry": {"type": "Point", "coordinates": [99.5, 28.655405405405403]}, "properties": {"depth_m": 0.022}}, {"type": "Feature", "geometry": {"type": "Point", "coordinates": [100.5, 28.655405405405403]}, "properties": {"depth_m": 0.007}}, {"type": "Feature", "geometry": {"type": "Point", "coordinates": [101.5, 28.655405405405403]}, "properties": {"depth_m": 0.019}}, {"type": "Feature", "geometry": {"type": "Point", "coordinates": [102.5, 28.655405405405403]}, "properties": {"depth_m": 0.004}}, {"type": "Feature", "geometry": {"type": "Point", "coordinates": [103.5, 28.655405405405403]}, "properties": {"depth_m": 0.046}}, {"type": "Feature", "geometry": {"type": "Point", "coordinates": [104.5, 28.655405405405403]}, "properties": {"depth_m": 0.095}}, {"type": "Feature", "geometry": {"type": "Point", "coordinates": [105.5, 28.655405405405403]}, "properties": {"depth_m": 0.103}}, {"type": "Feature", "geometry": {"type": "Point", "coordinates": [106.5, 28.655405405405403]}, "properties": {"depth_m": 0.024}}, {"type": "Feature", "geometry": {"type": "Point", "coordinates": [107.5, 28.655405405405403]}, "properties": {"depth_m": 0.005}}, {"type": "Feature", "geometry": {"type": "Point", "coordinates": [108.5, 28.655405405405403]}, "properties": {"depth_m": 0.022}}, {"type": "Feature", "geometry": {"type": "Point", "coordinates": [109.5, 28.655405405405403]}, "properties": {"depth_m": 0.057}}, {"type": "Feature", "geometry": {"type": "Point", "coordinates": [110.5, 28.655405405405403]}, "properties": {"depth_m": 0.102}}, {"type": "Feature", "geometry": {"type": "Point", "coordinates": [111.5, 28.655405405405403]}, "properties": {"depth_m": 0.132}}, {"type": "Feature", "geometry": {"type": "Point", "coordinates": [112.5, 28.655405405405403]}, "properties": {"depth_m": 0.566}}, {"type": "Feature", "geometry": {"type": "Point", "coordinates": [113.5, 28.655405405405403]}, "properties": {"depth_m": 0.042}}, {"type": "Feature", "geometry": {"type": "Point", "coordinates": [114.5, 28.655405405405403]}, "properties": {"depth_m": 0.074}}, {"type": "Feature", "geometry": {"type": "Point", "coordinates": [115.5, 28.655405405405403]}, "properties": {"depth_m": 0.712}}, {"type": "Feature", "geometry": {"type": "Point", "coordinates": [116.5, 28.655405405405403]}, "properties": {"depth_m": 0.507}}, {"type": "Feature", "geometry": {"type": "Point", "coordinates": [117.5, 28.655405405405403]}, "properties": {"depth_m": 0.124}}, {"type": "Feature", "geometry": {"type": "Point", "coordinates": [118.5, 28.655405405405403]}, "properties": {"depth_m": 0.206}}, {"type": "Feature", "geometry": {"type": "Point", "coordinates": [119.5, 28.655405405405403]}, "properties": {"depth_m": 0.186}}, {"type": "Feature", "geometry": {"type": "Point", "coordinates": [120.5, 28.655405405405403]}, "properties": {"depth_m": 0.026}}, {"type": "Feature", "geometry": {"type": "Point", "coordinates": [121.5, 28.655405405405403]}, "properties": {"depth_m": 0.261}}, {"type": "Feature", "geometry": {"type": "Point", "coordinates": [72.5, 27.64189189189189]}, "properties": {"depth_m": 0.004}}, {"type": "Feature", "geometry": {"type": "Point", "coordinates": [73.5, 27.64189189189189]}, "properties": {"depth_m": 0.002}}, {"type": "Feature", "geometry": {"type": "Point", "coordinates": [74.5, 27.64189189189189]}, "properties": {"depth_m": 0.003}}, {"type": "Feature", "geometry": {"type": "Point", "coordinates": [75.5, 27.64189189189189]}, "properties": {"depth_m": 0.0}}, {"type": "Feature", "geometry": {"type": "Point", "coordinates": [76.5, 27.64189189189189]}, "properties": {"depth_m": 0.003}}, {"type": "Feature", "geometry": {"type": "Point", "coordinates": [77.5, 27.64189189189189]}, "properties": {"depth_m": 0.066}}, {"type": "Feature", "geometry": {"type": "Point", "coordinates": [78.5, 27.64189189189189]}, "properties": {"depth_m": 0.132}}, {"type": "Feature", "geometry": {"type": "Point", "coordinates": [79.5, 27.64189189189189]}, "properties": {"depth_m": 0.202}}, {"type": "Feature", "geometry": {"type": "Point", "coordinates": [80.5, 27.64189189189189]}, "properties": {"depth_m": 0.067}}, {"type": "Feature", "geometry": {"type": "Point", "coordinates": [81.5, 27.64189189189189]}, "properties": {"depth_m": 0.331}}, {"type": "Feature", "geometry": {"type": "Point", "coordinates": [82.5, 27.64189189189189]}, "properties": {"depth_m": 0.109}}, {"type": "Feature", "geometry": {"type": "Point", "coordinates": [83.5, 27.64189189189189]}, "properties": {"depth_m": 0.087}}, {"type": "Feature", "geometry": {"type": "Point", "coordinates": [84.5, 27.64189189189189]}, "properties": {"depth_m": 0.043}}, {"type": "Feature", "geometry": {"type": "Point", "coordinates": [85.5, 27.64189189189189]}, "properties": {"depth_m": 0.013}}, {"type": "Feature", "geometry": {"type": "Point", "coordinates": [86.5, 27.64189189189189]}, "properties": {"depth_m": 0.014}}, {"type": "Feature", "geometry": {"type": "Point", "coordinates": [87.5, 27.64189189189189]}, "properties": {"depth_m": 0.016}}, {"type": "Feature", "geometry": {"type": "Point", "coordinates": [88.5, 27.64189189189189]}, "properties": {"depth_m": 0.01}}, {"type": "Feature", "geometry": {"type": "Point", "coordinates": [89.5, 27.64189189189189]}, "properties": {"depth_m": 0.013}}, {"type": "Feature", "geometry": {"type": "Point", "coordinates": [90.5, 27.64189189189189]}, "properties": {"depth_m": 0.007}}, {"type": "Feature", "geometry": {"type": "Point", "coordinates": [91.5, 27.64189189189189]}, "properties": {"depth_m": 0.015}}, {"type": "Feature", "geometry": {"type": "Point", "coordinates": [92.5, 27.64189189189189]}, "properties": {"depth_m": 0.006}}, {"type": "Feature", "geometry": {"type": "Point", "coordinates": [93.5, 27.64189189189189]}, "properties": {"depth_m": 0.013}}, {"type": "Feature", "geometry": {"type": "Point", "coordinates": [94.5, 27.64189189189189]}, "properties": {"depth_m": 0.491}}, {"type": "Feature", "geometry": {"type": "Point", "coordinates": [95.5, 27.64189189189189]}, "properties": {"depth_m": 0.516}}, {"type": "Feature", "geometry": {"type": "Point", "coordinates": [96.5, 27.64189189189189]}, "properties": {"depth_m": 0.046}}, {"type": "Feature", "geometry": {"type": "Point", "coordinates": [97.5, 27.64189189189189]}, "properties": {"depth_m": 0.02}}, {"type": "Feature", "geometry": {"type": "Point", "coordinates": [98.5, 27.64189189189189]}, "properties": {"depth_m": 0.027}}, {"type": "Feature", "geometry": {"type": "Point", "coordinates": [99.5, 27.64189189189189]}, "properties": {"depth_m": 0.023}}, {"type": "Feature", "geometry": {"type": "Point", "coordinates": [100.5, 27.64189189189189]}, "properties": {"depth_m": 0.021}}, {"type": "Feature", "geometry": {"type": "Point", "coordinates": [101.5, 27.64189189189189]}, "properties": {"depth_m": 0.015}}, {"type": "Feature", "geometry": {"type": "Point", "coordinates": [102.5, 27.64189189189189]}, "properties": {"depth_m": 0.018}}, {"type": "Feature", "geometry": {"type": "Point", "coordinates": [103.5, 27.64189189189189]}, "properties": {"depth_m": 0.034}}, {"type": "Feature", "geometry": {"type": "Point", "coordinates": [104.5, 27.64189189189189]}, "properties": {"depth_m": 0.006}}, {"type": "Feature", "geometry": {"type": "Point", "coordinates": [105.5, 27.64189189189189]}, "properties": {"depth_m": 0.005}}, {"type": "Feature", "geometry": {"type": "Point", "coordinates": [106.5, 27.64189189189189]}, "properties": {"depth_m": 0.132}}, {"type": "Feature", "geometry": {"type": "Point", "coordinates": [107.5, 27.64189189189189]}, "properties": {"depth_m": 0.065}}, {"type": "Feature", "geometry": {"type": "Point", "coordinates": [108.5, 27.64189189189189]}, "properties": {"depth_m": 0.015}}, {"type": "Feature", "geometry": {"type": "Point", "coordinates": [109.5, 27.64189189189189]}, "properties": {"depth_m": 0.034}}, {"type": "Feature", "geometry": {"type": "Point", "coordinates": [110.5, 27.64189189189189]}, "properties": {"depth_m": 0.148}}, {"type": "Feature", "geometry": {"type": "Point", "coordinates": [111.5, 27.64189189189189]}, "properties": {"depth_m": 0.087}}, {"type": "Feature", "geometry": {"type": "Point", "coordinates": [112.5, 27.64189189189189]}, "properties": {"depth_m": 0.076}}, {"type": "Feature", "geometry": {"type": "Point", "coordinates": [113.5, 27.64189189189189]}, "properties": {"depth_m": 0.045}}, {"type": "Feature", "geometry": {"type": "Point", "coordinates": [114.5, 27.64189189189189]}, "properties": {"depth_m": 0.036}}, {"type": "Feature", "geometry": {"type": "Point", "coordinates": [115.5, 27.64189189189189]}, "properties": {"depth_m": 0.139}}, {"type": "Feature", "geometry": {"type": "Point", "coordinates": [116.5, 27.64189189189189]}, "properties": {"depth_m": 0.258}}, {"type": "Feature", "geometry": {"type": "Point", "coordinates": [117.5, 27.64189189189189]}, "properties": {"depth_m": 0.011}}, {"type": "Feature", "geometry": {"type": "Point", "coordinates": [118.5, 27.64189189189189]}, "properties": {"depth_m": 0.027}}, {"type": "Feature", "geometry": {"type": "Point", "coordinates": [119.5, 27.64189189189189]}, "properties": {"depth_m": 0.022}}, {"type": "Feature", "geometry": {"type": "Point", "coordinates": [120.5, 27.64189189189189]}, "properties": {"depth_m": 0.06}}, {"type": "Feature", "geometry": {"type": "Point", "coordinates": [121.5, 27.64189189189189]}, "properties": {"depth_m": 0.043}}, {"type": "Feature", "geometry": {"type": "Point", "coordinates": [72.5, 26.628378378378375]}, "properties": {"depth_m": 0.0}}, {"type": "Feature", "geometry": {"type": "Point", "coordinates": [73.5, 26.628378378378375]}, "properties": {"depth_m": 0.004}}, {"type": "Feature", "geometry": {"type": "Point", "coordinates": [74.5, 26.628378378378375]}, "properties": {"depth_m": 0.001}}, {"type": "Feature", "geometry": {"type": "Point", "coordinates": [75.5, 26.628378378378375]}, "properties": {"depth_m": 0.026}}, {"type": "Feature", "geometry": {"type": "Point", "coordinates": [76.5, 26.628378378378375]}, "properties": {"depth_m": 0.034}}, {"type": "Feature", "geometry": {"type": "Point", "coordinates": [77.5, 26.628378378378375]}, "properties": {"depth_m": 0.093}}, {"type": "Feature", "geometry": {"type": "Point", "coordinates": [78.5, 26.628378378378375]}, "properties": {"depth_m": 0.149}}, {"type": "Feature", "geometry": {"type": "Point", "coordinates": [79.5, 26.628378378378375]}, "properties": {"depth_m": 0.143}}, {"type": "Feature", "geometry": {"type": "Point", "coordinates": [80.5, 26.628378378378375]}, "properties": {"depth_m": 0.128}}, {"type": "Feature", "geometry": {"type": "Point", "coordinates": [81.5, 26.628378378378375]}, "properties": {"depth_m": 0.16}}, {"type": "Feature", "geometry": {"type": "Point", "coordinates": [82.5, 26.628378378378375]}, "properties": {"depth_m": 0.143}}, {"type": "Feature", "geometry": {"type": "Point", "coordinates": [83.5, 26.628378378378375]}, "properties": {"depth_m": 0.242}}, {"type": "Feature", "geometry": {"type": "Point", "coordinates": [84.5, 26.628378378378375]}, "properties": {"depth_m": 0.214}}, {"type": "Feature", "geometry": {"type": "Point", "coordinates": [85.5, 26.628378378378375]}, "properties": {"depth_m": 0.084}}, {"type": "Feature", "geometry": {"type": "Point", "coordinates": [86.5, 26.628378378378375]}, "properties": {"depth_m": 0.141}}, {"type": "Feature", "geometry": {"type": "Point", "coordinates": [87.5, 26.628378378378375]}, "properties": {"depth_m": 0.063}}, {"type": "Feature", "geometry": {"type": "Point", "coordinates": [88.5, 26.628378378378375]}, "properties": {"depth_m": 0.017}}, {"type": "Feature", "geometry": {"type": "Point", "coordinates": [89.5, 26.628378378378375]}, "properties": {"depth_m": 0.157}}, {"type": "Feature", "geometry": {"type": "Point", "coordinates": [90.5, 26.628378378378375]}, "properties": {"depth_m": 0.206}}, {"type": "Feature", "geometry": {"type": "Point", "coordinates": [91.5, 26.628378378378375]}, "properties": {"depth_m": 0.171}}, {"type": "Feature", "geometry": {"type": "Point", "coordinates": [92.5, 26.628378378378375]}, "properties": {"depth_m": 0.164}}, {"type": "Feature", "geometry": {"type": "Point", "coordinates": [93.5, 26.628378378378375]}, "properties": {"depth_m": 0.303}}, {"type": "Feature", "geometry": {"type": "Point", "coordinates": [94.5, 26.628378378378375]}, "properties": {"depth_m": 0.294}}, {"type": "Feature", "geometry": {"type": "Point", "coordinates": [95.5, 26.628378378378375]}, "properties": {"depth_m": 0.02}}, {"type": "Feature", "geometry": {"type": "Point", "coordinates": [96.5, 26.628378378378375]}, "properties": {"depth_m": 0.136}}, {"type": "Feature", "geometry": {"type": "Point", "coordinates": [97.5, 26.628378378378375]}, "properties": {"depth_m": 0.042}}, {"type": "Feature", "geometry": {"type": "Point", "coordinates": [98.5, 26.628378378378375]}, "properties": {"depth_m": 0.029}}, {"type": "Feature", "geometry": {"type": "Point", "coordinates": [99.5, 26.628378378378375]}, "properties": {"depth_m": 0.02}}, {"type": "Feature", "geometry": {"type": "Point", "coordinates": [100.5, 26.628378378378375]}, "properties": {"depth_m": 0.024}}, {"type": "Feature", "geometry": {"type": "Point", "coordinates": [101.5, 26.628378378378375]}, "properties": {"depth_m": 0.038}}, {"type": "Feature", "geometry": {"type": "Point", "coordinates": [102.5, 26.628378378378375]}, "properties": {"depth_m": 0.069}}, {"type": "Feature", "geometry": {"type": "Point", "coordinates": [103.5, 26.628378378378375]}, "properties": {"depth_m": 0.028}}, {"type": "Feature", "geometry": {"type": "Point", "coordinates": [104.5, 26.628378378378375]}, "properties": {"depth_m": 0.006}}, {"type": "Feature", "geometry": {"type": "Point", "coordinates": [105.5, 26.628378378378375]}, "properties": {"depth_m": 0.007}}, {"type": "Feature", "geometry": {"type": "Point", "coordinates": [106.5, 26.628378378378375]}, "properties": {"depth_m": 0.06}}, {"type": "Feature", "geometry": {"type": "Point", "coordinates": [107.5, 26.628378378378375]}, "properties": {"depth_m": 0.009}}, {"type": "Feature", "geometry": {"type": "Point", "coordinates": [108.5, 26.628378378378375]}, "properties": {"depth_m": 0.012}}, {"type": "Feature", "geometry": {"type": "Point", "coordinates": [109.5, 26.628378378378375]}, "properties": {"depth_m": 0.025}}, {"type": "Feature", "geometry": {"type": "Point", "coordinates": [110.5, 26.628378378378375]}, "properties": {"depth_m": 0.014}}, {"type": "Feature", "geometry": {"type": "Point", "coordinates": [111.5, 26.628378378378375]}, "properties": {"depth_m": 0.08}}, {"type": "Feature", "geometry": {"type": "Point", "coordinates": [112.5, 26.628378378378375]}, "properties": {"depth_m": 0.139}}, {"type": "Feature", "geometry": {"type": "Point", "coordinates": [113.5, 26.628378378378375]}, "properties": {"depth_m": 0.04}}, {"type": "Feature", "geometry": {"type": "Point", "coordinates": [114.5, 26.628378378378375]}, "properties": {"depth_m": 0.136}}, {"type": "Feature", "geometry": {"type": "Point", "coordinates": [115.5, 26.628378378378375]}, "properties": {"depth_m": 0.047}}, {"type": "Feature", "geometry": {"type": "Point", "coordinates": [116.5, 26.628378378378375]}, "properties": {"depth_m": 0.073}}, {"type": "Feature", "geometry": {"type": "Point", "coordinates": [117.5, 26.628378378378375]}, "properties": {"depth_m": 0.123}}, {"type": "Feature", "geometry": {"type": "Point", "coordinates": [118.5, 26.628378378378375]}, "properties": {"depth_m": 0.036}}, {"type": "Feature", "geometry": {"type": "Point", "coordinates": [119.5, 26.628378378378375]}, "properties": {"depth_m": 0.034}}, {"type": "Feature", "geometry": {"type": "Point", "coordinates": [120.5, 26.628378378378375]}, "properties": {"depth_m": 0.057}}, {"type": "Feature", "geometry": {"type": "Point", "coordinates": [72.5, 25.614864864864863]}, "properties": {"depth_m": 0.055}}, {"type": "Feature", "geometry": {"type": "Point", "coordinates": [73.5, 25.614864864864863]}, "properties": {"depth_m": 0.012}}, {"type": "Feature", "geometry": {"type": "Point", "coordinates": [74.5, 25.614864864864863]}, "properties": {"depth_m": 0.022}}, {"type": "Feature", "geometry": {"type": "Point", "coordinates": [75.5, 25.614864864864863]}, "properties": {"depth_m": 0.038}}, {"type": "Feature", "geometry": {"type": "Point", "coordinates": [76.5, 25.614864864864863]}, "properties": {"depth_m": 0.329}}, {"type": "Feature", "geometry": {"type": "Point", "coordinates": [77.5, 25.614864864864863]}, "properties": {"depth_m": 0.048}}, {"type": "Feature", "geometry": {"type": "Point", "coordinates": [78.5, 25.614864864864863]}, "properties": {"depth_m": 0.127}}, {"type": "Feature", "geometry": {"type": "Point", "coordinates": [79.5, 25.614864864864863]}, "properties": {"depth_m": 0.181}}, {"type": "Feature", "geometry": {"type": "Point", "coordinates": [80.5, 25.614864864864863]}, "properties": {"depth_m": 0.259}}, {"type": "Feature", "geometry": {"type": "Point", "coordinates": [81.5, 25.614864864864863]}, "properties": {"depth_m": 0.285}}, {"type": "Feature", "geometry": {"type": "Point", "coordinates": [82.5, 25.614864864864863]}, "properties": {"depth_m": 0.262}}, {"type": "Feature", "geometry": {"type": "Point", "coordinates": [83.5, 25.614864864864863]}, "properties": {"depth_m": 0.407}}, {"type": "Feature", "geometry": {"type": "Point", "coordinates": [84.5, 25.614864864864863]}, "properties": {"depth_m": 0.469}}, {"type": "Feature", "geometry": {"type": "Point", "coordinates": [85.5, 25.614864864864863]}, "properties": {"depth_m": 0.47}}, {"type": "Feature", "geometry": {"type": "Point", "coordinates": [86.5, 25.614864864864863]}, "properties": {"depth_m": 0.462}}, {"type": "Feature", "geometry": {"type": "Point", "coordinates": [87.5, 25.614864864864863]}, "properties": {"depth_m": 0.481}}, {"type": "Feature", "geometry": {"type": "Point", "coordinates": [88.5, 25.614864864864863]}, "properties": {"depth_m": 0.047}}, {"type": "Feature", "geometry": {"type": "Point", "coordinates": [89.5, 25.614864864864863]}, "properties": {"depth_m": 0.453}}, {"type": "Feature", "geometry": {"type": "Point", "coordinates": [90.5, 25.614864864864863]}, "properties": {"depth_m": 0.112}}, {"type": "Feature", "geometry": {"type": "Point", "coordinates": [91.5, 25.614864864864863]}, "properties": {"depth_m": 0.084}}, {"type": "Feature", "geometry": {"type": "Point", "coordinates": [92.5, 25.614864864864863]}, "properties": {"depth_m": 0.039}}, {"type": "Feature", "geometry": {"type": "Point", "coordinates": [93.5, 25.614864864864863]}, "properties": {"depth_m": 0.011}}, {"type": "Feature", "geometry": {"type": "Point", "coordinates": [94.5, 25.614864864864863]}, "properties": {"depth_m": 0.019}}, {"type": "Feature", "geometry": {"type": "Point", "coordinates": [95.5, 25.614864864864863]}, "properties": {"depth_m": 0.207}}, {"type": "Feature", "geometry": {"type": "Point", "coordinates": [96.5, 25.614864864864863]}, "properties": {"depth_m": 0.054}}, {"type": "Feature", "geometry": {"type": "Point", "coordinates": [97.5, 25.614864864864863]}, "properties": {"depth_m": 0.124}}, {"type": "Feature", "geometry": {"type": "Point", "coordinates": [98.5, 25.614864864864863]}, "properties": {"depth_m": 0.028}}, {"type": "Feature", "geometry": {"type": "Point", "coordinates": [99.5, 25.614864864864863]}, "properties": {"depth_m": 0.018}}, {"type": "Feature", "geometry": {"type": "Point", "coordinates": [100.5, 25.614864864864863]}, "properties": {"depth_m": 0.005}}, {"type": "Feature", "geometry": {"type": "Point", "coordinates": [101.5, 25.614864864864863]}, "properties": {"depth_m": 0.015}}, {"type": "Feature", "geometry": {"type": "Point", "coordinates": [102.5, 25.614864864864863]}, "properties": {"depth_m": 0.015}}, {"type": "Feature", "geometry": {"type": "Point", "coordinates": [103.5, 25.614864864864863]}, "properties": {"depth_m": 0.004}}, {"type": "Feature", "geometry": {"type": "Point", "coordinates": [104.5, 25.614864864864863]}, "properties": {"depth_m": 0.002}}, {"type": "Feature", "geometry": {"type": "Point", "coordinates": [105.5, 25.614864864864863]}, "properties": {"depth_m": 0.014}}, {"type": "Feature", "geometry": {"type": "Point", "coordinates": [106.5, 25.614864864864863]}, "properties": {"depth_m": 0.015}}, {"type": "Feature", "geometry": {"type": "Point", "coordinates": [107.5, 25.614864864864863]}, "properties": {"depth_m": 0.011}}, {"type": "Feature", "geometry": {"type": "Point", "coordinates": [108.5, 25.614864864864863]}, "properties": {"depth_m": 0.014}}, {"type": "Feature", "geometry": {"type": "Point", "coordinates": [109.5, 25.614864864864863]}, "properties": {"depth_m": 0.047}}, {"type": "Feature", "geometry": {"type": "Point", "coordinates": [110.5, 25.614864864864863]}, "properties": {"depth_m": 0.019}}, {"type": "Feature", "geometry": {"type": "Point", "coordinates": [111.5, 25.614864864864863]}, "properties": {"depth_m": 0.077}}, {"type": "Feature", "geometry": {"type": "Point", "coordinates": [112.5, 25.614864864864863]}, "properties": {"depth_m": 0.038}}, {"type": "Feature", "geometry": {"type": "Point", "coordinates": [113.5, 25.614864864864863]}, "properties": {"depth_m": 0.038}}, {"type": "Feature", "geometry": {"type": "Point", "coordinates": [114.5, 25.614864864864863]}, "properties": {"depth_m": 0.078}}, {"type": "Feature", "geometry": {"type": "Point", "coordinates": [115.5, 25.614864864864863]}, "properties": {"depth_m": 0.101}}, {"type": "Feature", "geometry": {"type": "Point", "coordinates": [116.5, 25.614864864864863]}, "properties": {"depth_m": 0.032}}, {"type": "Feature", "geometry": {"type": "Point", "coordinates": [117.5, 25.614864864864863]}, "properties": {"depth_m": 0.041}}, {"type": "Feature", "geometry": {"type": "Point", "coordinates": [118.5, 25.614864864864863]}, "properties": {"depth_m": 0.008}}, {"type": "Feature", "geometry": {"type": "Point", "coordinates": [119.5, 25.614864864864863]}, "properties": {"depth_m": 0.153}}, {"type": "Feature", "geometry": {"type": "Point", "coordinates": [120.5, 25.614864864864863]}, "properties": {"depth_m": 0.062}}, {"type": "Feature", "geometry": {"type": "Point", "coordinates": [121.5, 25.614864864864863]}, "properties": {"depth_m": 0.033}}, {"type": "Feature", "geometry": {"type": "Point", "coordinates": [72.5, 24.601351351351347]}, "properties": {"depth_m": 0.008}}, {"type": "Feature", "geometry": {"type": "Point", "coordinates": [73.5, 24.601351351351347]}, "properties": {"depth_m": 0.008}}, {"type": "Feature", "geometry": {"type": "Point", "coordinates": [74.5, 24.601351351351347]}, "properties": {"depth_m": 0.047}}, {"type": "Feature", "geometry": {"type": "Point", "coordinates": [75.5, 24.601351351351347]}, "properties": {"depth_m": 0.331}}, {"type": "Feature", "geometry": {"type": "Point", "coordinates": [76.5, 24.601351351351347]}, "properties": {"depth_m": 0.196}}, {"type": "Feature", "geometry": {"type": "Point", "coordinates": [77.5, 24.601351351351347]}, "properties": {"depth_m": 0.039}}, {"type": "Feature", "geometry": {"type": "Point", "coordinates": [78.5, 24.601351351351347]}, "properties": {"depth_m": 0.237}}, {"type": "Feature", "geometry": {"type": "Point", "coordinates": [79.5, 24.601351351351347]}, "properties": {"depth_m": 0.092}}, {"type": "Feature", "geometry": {"type": "Point", "coordinates": [80.5, 24.601351351351347]}, "properties": {"depth_m": 0.039}}, {"type": "Feature", "geometry": {"type": "Point", "coordinates": [81.5, 24.601351351351347]}, "properties": {"depth_m": 0.079}}, {"type": "Feature", "geometry": {"type": "Point", "coordinates": [82.5, 24.601351351351347]}, "properties": {"depth_m": 0.761}}, {"type": "Feature", "geometry": {"type": "Point", "coordinates": [83.5, 24.601351351351347]}, "properties": {"depth_m": 0.299}}, {"type": "Feature", "geometry": {"type": "Point", "coordinates": [84.5, 24.601351351351347]}, "properties": {"depth_m": 0.062}}, {"type": "Feature", "geometry": {"type": "Point", "coordinates": [85.5, 24.601351351351347]}, "properties": {"depth_m": 0.017}}, {"type": "Feature", "geometry": {"type": "Point", "coordinates": [86.5, 24.601351351351347]}, "properties": {"depth_m": 0.015}}, {"type": "Feature", "geometry": {"type": "Point", "coordinates": [87.5, 24.601351351351347]}, "properties": {"depth_m": 0.165}}, {"type": "Feature", "geometry": {"type": "Point", "coordinates": [88.5, 24.601351351351347]}, "properties": {"depth_m": 0.402}}, {"type": "Feature", "geometry": {"type": "Point", "coordinates": [89.5, 24.601351351351347]}, "properties": {"depth_m": 0.497}}, {"type": "Feature", "geometry": {"type": "Point", "coordinates": [90.5, 24.601351351351347]}, "properties": {"depth_m": 0.144}}, {"type": "Feature", "geometry": {"type": "Point", "coordinates": [91.5, 24.601351351351347]}, "properties": {"depth_m": 0.571}}, {"type": "Feature", "geometry": {"type": "Point", "coordinates": [92.5, 24.601351351351347]}, "properties": {"depth_m": 0.156}}, {"type": "Feature", "geometry": {"type": "Point", "coordinates": [93.5, 24.601351351351347]}, "properties": {"depth_m": 0.05}}, {"type": "Feature", "geometry": {"type": "Point", "coordinates": [94.5, 24.601351351351347]}, "properties": {"depth_m": 0.192}}, {"type": "Feature", "geometry": {"type": "Point", "coordinates": [95.5, 24.601351351351347]}, "properties": {"depth_m": 0.085}}, {"type": "Feature", "geometry": {"type": "Point", "coordinates": [96.5, 24.601351351351347]}, "properties": {"depth_m": 0.147}}, {"type": "Feature", "geometry": {"type": "Point", "coordinates": [97.5, 24.601351351351347]}, "properties": {"depth_m": 0.116}}, {"type": "Feature", "geometry": {"type": "Point", "coordinates": [98.5, 24.601351351351347]}, "properties": {"depth_m": 0.021}}, {"type": "Feature", "geometry": {"type": "Point", "coordinates": [99.5, 24.601351351351347]}, "properties": {"depth_m": 0.022}}, {"type": "Feature", "geometry": {"type": "Point", "coordinates": [100.5, 24.601351351351347]}, "properties": {"depth_m": 0.013}}, {"type": "Feature", "geometry": {"type": "Point", "coordinates": [101.5, 24.601351351351347]}, "properties": {"depth_m": 0.01}}, {"type": "Feature", "geometry": {"type": "Point", "coordinates": [102.5, 24.601351351351347]}, "properties": {"depth_m": 0.004}}, {"type": "Feature", "geometry": {"type": "Point", "coordinates": [103.5, 24.601351351351347]}, "properties": {"depth_m": 0.01}}, {"type": "Feature", "geometry": {"type": "Point", "coordinates": [104.5, 24.601351351351347]}, "properties": {"depth_m": 0.011}}, {"type": "Feature", "geometry": {"type": "Point", "coordinates": [105.5, 24.601351351351347]}, "properties": {"depth_m": 0.016}}, {"type": "Feature", "geometry": {"type": "Point", "coordinates": [106.5, 24.601351351351347]}, "properties": {"depth_m": 0.02}}, {"type": "Feature", "geometry": {"type": "Point", "coordinates": [107.5, 24.601351351351347]}, "properties": {"depth_m": 0.022}}, {"type": "Feature", "geometry": {"type": "Point", "coordinates": [108.5, 24.601351351351347]}, "properties": {"depth_m": 0.069}}, {"type": "Feature", "geometry": {"type": "Point", "coordinates": [109.5, 24.601351351351347]}, "properties": {"depth_m": 0.107}}, {"type": "Feature", "geometry": {"type": "Point", "coordinates": [110.5, 24.601351351351347]}, "properties": {"depth_m": 0.056}}, {"type": "Feature", "geometry": {"type": "Point", "coordinates": [111.5, 24.601351351351347]}, "properties": {"depth_m": 0.076}}, {"type": "Feature", "geometry": {"type": "Point", "coordinates": [112.5, 24.601351351351347]}, "properties": {"depth_m": 0.031}}, {"type": "Feature", "geometry": {"type": "Point", "coordinates": [113.5, 24.601351351351347]}, "properties": {"depth_m": 0.121}}, {"type": "Feature", "geometry": {"type": "Point", "coordinates": [114.5, 24.601351351351347]}, "properties": {"depth_m": 0.12}}, {"type": "Feature", "geometry": {"type": "Point", "coordinates": [115.5, 24.601351351351347]}, "properties": {"depth_m": 0.295}}, {"type": "Feature", "geometry": {"type": "Point", "coordinates": [116.5, 24.601351351351347]}, "properties": {"depth_m": 0.037}}, {"type": "Feature", "geometry": {"type": "Point", "coordinates": [117.5, 24.601351351351347]}, "properties": {"depth_m": 0.043}}, {"type": "Feature", "geometry": {"type": "Point", "coordinates": [118.5, 24.601351351351347]}, "properties": {"depth_m": 0.04}}, {"type": "Feature", "geometry": {"type": "Point", "coordinates": [120.5, 24.601351351351347]}, "properties": {"depth_m": 0.069}}, {"type": "Feature", "geometry": {"type": "Point", "coordinates": [121.5, 24.601351351351347]}, "properties": {"depth_m": 0.029}}, {"type": "Feature", "geometry": {"type": "Point", "coordinates": [72.5, 23.587837837837835]}, "properties": {"depth_m": 0.019}}, {"type": "Feature", "geometry": {"type": "Point", "coordinates": [73.5, 23.587837837837835]}, "properties": {"depth_m": 0.078}}, {"type": "Feature", "geometry": {"type": "Point", "coordinates": [74.5, 23.587837837837835]}, "properties": {"depth_m": 0.095}}, {"type": "Feature", "geometry": {"type": "Point", "coordinates": [75.5, 23.587837837837835]}, "properties": {"depth_m": 0.093}}, {"type": "Feature", "geometry": {"type": "Point", "coordinates": [76.5, 23.587837837837835]}, "properties": {"depth_m": 0.057}}, {"type": "Feature", "geometry": {"type": "Point", "coordinates": [77.5, 23.587837837837835]}, "properties": {"depth_m": 0.086}}, {"type": "Feature", "geometry": {"type": "Point", "coordinates": [78.5, 23.587837837837835]}, "properties": {"depth_m": 0.047}}, {"type": "Feature", "geometry": {"type": "Point", "coordinates": [79.5, 23.587837837837835]}, "properties": {"depth_m": 0.151}}, {"type": "Feature", "geometry": {"type": "Point", "coordinates": [80.5, 23.587837837837835]}, "properties": {"depth_m": 0.023}}, {"type": "Feature", "geometry": {"type": "Point", "coordinates": [81.5, 23.587837837837835]}, "properties": {"depth_m": 0.041}}, {"type": "Feature", "geometry": {"type": "Point", "coordinates": [82.5, 23.587837837837835]}, "properties": {"depth_m": 0.259}}, {"type": "Feature", "geometry": {"type": "Point", "coordinates": [83.5, 23.587837837837835]}, "properties": {"depth_m": 0.056}}, {"type": "Feature", "geometry": {"type": "Point", "coordinates": [84.5, 23.587837837837835]}, "properties": {"depth_m": 0.019}}, {"type": "Feature", "geometry": {"type": "Point", "coordinates": [85.5, 23.587837837837835]}, "properties": {"depth_m": 0.076}}, {"type": "Feature", "geometry": {"type": "Point", "coordinates": [86.5, 23.587837837837835]}, "properties": {"depth_m": 0.083}}, {"type": "Feature", "geometry": {"type": "Point", "coordinates": [87.5, 23.587837837837835]}, "properties": {"depth_m": 0.07}}, {"type": "Feature", "geometry": {"type": "Point", "coordinates": [88.5, 23.587837837837835]}, "properties": {"depth_m": 0.154}}, {"type": "Feature", "geometry": {"type": "Point", "coordinates": [89.5, 23.587837837837835]}, "properties": {"depth_m": 0.404}}, {"type": "Feature", "geometry": {"type": "Point", "coordinates": [90.5, 23.587837837837835]}, "properties": {"depth_m": 0.561}}, {"type": "Feature", "geometry": {"type": "Point", "coordinates": [91.5, 23.587837837837835]}, "properties": {"depth_m": 0.113}}, {"type": "Feature", "geometry": {"type": "Point", "coordinates": [92.5, 23.587837837837835]}, "properties": {"depth_m": 0.093}}, {"type": "Feature", "geometry": {"type": "Point", "coordinates": [93.5, 23.587837837837835]}, "properties": {"depth_m": 0.028}}, {"type": "Feature", "geometry": {"type": "Point", "coordinates": [94.5, 23.587837837837835]}, "properties": {"depth_m": 0.139}}, {"type": "Feature", "geometry": {"type": "Point", "coordinates": [95.5, 23.587837837837835]}, "properties": {"depth_m": 0.034}}, {"type": "Feature", "geometry": {"type": "Point", "coordinates": [96.5, 23.587837837837835]}, "properties": {"depth_m": 0.116}}, {"type": "Feature", "geometry": {"type": "Point", "coordinates": [97.5, 23.587837837837835]}, "properties": {"depth_m": 0.019}}, {"type": "Feature", "geometry": {"type": "Point", "coordinates": [98.5, 23.587837837837835]}, "properties": {"depth_m": 0.023}}, {"type": "Feature", "geometry": {"type": "Point", "coordinates": [99.5, 23.587837837837835]}, "properties": {"depth_m": 0.008}}, {"type": "Feature", "geometry": {"type": "Point", "coordinates": [100.5, 23.587837837837835]}, "properties": {"depth_m": 0.027}}, {"type": "Feature", "geometry": {"type": "Point", "coordinates": [101.5, 23.587837837837835]}, "properties": {"depth_m": 0.014}}, {"type": "Feature", "geometry": {"type": "Point", "coordinates": [102.5, 23.587837837837835]}, "properties": {"depth_m": 0.016}}, {"type": "Feature", "geometry": {"type": "Point", "coordinates": [103.5, 23.587837837837835]}, "properties": {"depth_m": 0.009}}, {"type": "Feature", "geometry": {"type": "Point", "coordinates": [104.5, 23.587837837837835]}, "properties": {"depth_m": 0.005}}, {"type": "Feature", "geometry": {"type": "Point", "coordinates": [105.5, 23.587837837837835]}, "properties": {"depth_m": 0.008}}, {"type": "Feature", "geometry": {"type": "Point", "coordinates": [106.5, 23.587837837837835]}, "properties": {"depth_m": 0.066}}, {"type": "Feature", "geometry": {"type": "Point", "coordinates": [107.5, 23.587837837837835]}, "properties": {"depth_m": 0.045}}, {"type": "Feature", "geometry": {"type": "Point", "coordinates": [108.5, 23.587837837837835]}, "properties": {"depth_m": 0.04}}, {"type": "Feature", "geometry": {"type": "Point", "coordinates": [109.5, 23.587837837837835]}, "properties": {"depth_m": 0.221}}, {"type": "Feature", "geometry": {"type": "Point", "coordinates": [110.5, 23.587837837837835]}, "properties": {"depth_m": 0.178}}, {"type": "Feature", "geometry": {"type": "Point", "coordinates": [111.5, 23.587837837837835]}, "properties": {"depth_m": 0.146}}, {"type": "Feature", "geometry": {"type": "Point", "coordinates": [112.5, 23.587837837837835]}, "properties": {"depth_m": 0.123}}, {"type": "Feature", "geometry": {"type": "Point", "coordinates": [113.5, 23.587837837837835]}, "properties": {"depth_m": 0.21}}, {"type": "Feature", "geometry": {"type": "Point", "coordinates": [114.5, 23.587837837837835]}, "properties": {"depth_m": 0.555}}, {"type": "Feature", "geometry": {"type": "Point", "coordinates": [115.5, 23.587837837837835]}, "properties": {"depth_m": 0.111}}, {"type": "Feature", "geometry": {"type": "Point", "coordinates": [116.5, 23.587837837837835]}, "properties": {"depth_m": 0.132}}, {"type": "Feature", "geometry": {"type": "Point", "coordinates": [117.5, 23.587837837837835]}, "properties": {"depth_m": 0.042}}, {"type": "Feature", "geometry": {"type": "Point", "coordinates": [120.5, 23.587837837837835]}, "properties": {"depth_m": 0.148}}, {"type": "Feature", "geometry": {"type": "Point", "coordinates": [121.5, 23.587837837837835]}, "properties": {"depth_m": 0.022}}, {"type": "Feature", "geometry": {"type": "Point", "coordinates": [72.5, 22.574324324324323]}, "properties": {"depth_m": 0.208}}, {"type": "Feature", "geometry": {"type": "Point", "coordinates": [73.5, 22.574324324324323]}, "properties": {"depth_m": 0.182}}, {"type": "Feature", "geometry": {"type": "Point", "coordinates": [74.5, 22.574324324324323]}, "properties": {"depth_m": 0.03}}, {"type": "Feature", "geometry": {"type": "Point", "coordinates": [75.5, 22.574324324324323]}, "properties": {"depth_m": 0.112}}, {"type": "Feature", "geometry": {"type": "Point", "coordinates": [76.5, 22.574324324324323]}, "properties": {"depth_m": 0.135}}, {"type": "Feature", "geometry": {"type": "Point", "coordinates": [77.5, 22.574324324324323]}, "properties": {"depth_m": 0.397}}, {"type": "Feature", "geometry": {"type": "Point", "coordinates": [78.5, 22.574324324324323]}, "properties": {"depth_m": 0.231}}, {"type": "Feature", "geometry": {"type": "Point", "coordinates": [79.5, 22.574324324324323]}, "properties": {"depth_m": 0.103}}, {"type": "Feature", "geometry": {"type": "Point", "coordinates": [80.5, 22.574324324324323]}, "properties": {"depth_m": 0.062}}, {"type": "Feature", "geometry": {"type": "Point", "coordinates": [81.5, 22.574324324324323]}, "properties": {"depth_m": 0.011}}, {"type": "Feature", "geometry": {"type": "Point", "coordinates": [82.5, 22.574324324324323]}, "properties": {"depth_m": 0.08}}, {"type": "Feature", "geometry": {"type": "Point", "coordinates": [83.5, 22.574324324324323]}, "properties": {"depth_m": 0.032}}, {"type": "Feature", "geometry": {"type": "Point", "coordinates": [84.5, 22.574324324324323]}, "properties": {"depth_m": 0.042}}, {"type": "Feature", "geometry": {"type": "Point", "coordinates": [85.5, 22.574324324324323]}, "properties": {"depth_m": 0.034}}, {"type": "Feature", "geometry": {"type": "Point", "coordinates": [86.5, 22.574324324324323]}, "properties": {"depth_m": 0.048}}, {"type": "Feature", "geometry": {"type": "Point", "coordinates": [87.5, 22.574324324324323]}, "properties": {"depth_m": 0.295}}, {"type": "Feature", "geometry": {"type": "Point", "coordinates": [88.5, 22.574324324324323]}, "properties": {"depth_m": 0.124}}, {"type": "Feature", "geometry": {"type": "Point", "coordinates": [89.5, 22.574324324324323]}, "properties": {"depth_m": 0.055}}, {"type": "Feature", "geometry": {"type": "Point", "coordinates": [90.5, 22.574324324324323]}, "properties": {"depth_m": 0.124}}, {"type": "Feature", "geometry": {"type": "Point", "coordinates": [91.5, 22.574324324324323]}, "properties": {"depth_m": 0.608}}, {"type": "Feature", "geometry": {"type": "Point", "coordinates": [92.5, 22.574324324324323]}, "properties": {"depth_m": 0.519}}, {"type": "Feature", "geometry": {"type": "Point", "coordinates": [93.5, 22.574324324324323]}, "properties": {"depth_m": 0.034}}, {"type": "Feature", "geometry": {"type": "Point", "coordinates": [94.5, 22.574324324324323]}, "properties": {"depth_m": 0.124}}, {"type": "Feature", "geometry": {"type": "Point", "coordinates": [95.5, 22.574324324324323]}, "properties": {"depth_m": 0.111}}, {"type": "Feature", "geometry": {"type": "Point", "coordinates": [96.5, 22.574324324324323]}, "properties": {"depth_m": 0.051}}, {"type": "Feature", "geometry": {"type": "Point", "coordinates": [97.5, 22.574324324324323]}, "properties": {"depth_m": 0.023}}, {"type": "Feature", "geometry": {"type": "Point", "coordinates": [98.5, 22.574324324324323]}, "properties": {"depth_m": 0.026}}, {"type": "Feature", "geometry": {"type": "Point", "coordinates": [99.5, 22.574324324324323]}, "properties": {"depth_m": 0.006}}, {"type": "Feature", "geometry": {"type": "Point", "coordinates": [100.5, 22.574324324324323]}, "properties": {"depth_m": 0.03}}, {"type": "Feature", "geometry": {"type": "Point", "coordinates": [101.5, 22.574324324324323]}, "properties": {"depth_m": 0.015}}, {"type": "Feature", "geometry": {"type": "Point", "coordinates": [102.5, 22.574324324324323]}, "properties": {"depth_m": 0.025}}, {"type": "Feature", "geometry": {"type": "Point", "coordinates": [103.5, 22.574324324324323]}, "properties": {"depth_m": 0.03}}, {"type": "Feature", "geometry": {"type": "Point", "coordinates": [104.5, 22.574324324324323]}, "properties": {"depth_m": 0.037}}, {"type": "Feature", "geometry": {"type": "Point", "coordinates": [105.5, 22.574324324324323]}, "properties": {"depth_m": 0.029}}, {"type": "Feature", "geometry": {"type": "Point", "coordinates": [106.5, 22.574324324324323]}, "properties": {"depth_m": 0.025}}, {"type": "Feature", "geometry": {"type": "Point", "coordinates": [107.5, 22.574324324324323]}, "properties": {"depth_m": 0.156}}, {"type": "Feature", "geometry": {"type": "Point", "coordinates": [108.5, 22.574324324324323]}, "properties": {"depth_m": 0.177}}, {"type": "Feature", "geometry": {"type": "Point", "coordinates": [109.5, 22.574324324324323]}, "properties": {"depth_m": 0.3}}, {"type": "Feature", "geometry": {"type": "Point", "coordinates": [110.5, 22.574324324324323]}, "properties": {"depth_m": 0.013}}, {"type": "Feature", "geometry": {"type": "Point", "coordinates": [111.5, 22.574324324324323]}, "properties": {"depth_m": 0.024}}, {"type": "Feature", "geometry": {"type": "Point", "coordinates": [112.5, 22.574324324324323]}, "properties": {"depth_m": 0.11}}, {"type": "Feature", "geometry": {"type": "Point", "coordinates": [113.5, 22.574324324324323]}, "properties": {"depth_m": 0.371}}, {"type": "Feature", "geometry": {"type": "Point", "coordinates": [114.5, 22.574324324324323]}, "properties": {"depth_m": 0.189}}, {"type": "Feature", "geometry": {"type": "Point", "coordinates": [115.5, 22.574324324324323]}, "properties": {"depth_m": 0.099}}, {"type": "Feature", "geometry": {"type": "Point", "coordinates": [116.5, 22.574324324324323]}, "properties": {"depth_m": 0.057}}, {"type": "Feature", "geometry": {"type": "Point", "coordinates": [120.5, 22.574324324324323]}, "properties": {"depth_m": 0.183}}, {"type": "Feature", "geometry": {"type": "Point", "coordinates": [121.5, 22.574324324324323]}, "properties": {"depth_m": 0.071}}, {"type": "Feature", "geometry": {"type": "Point", "coordinates": [72.5, 21.560810810810807]}, "properties": {"depth_m": 0.897}}, {"type": "Feature", "geometry": {"type": "Point", "coordinates": [73.5, 21.560810810810807]}, "properties": {"depth_m": 0.535}}, {"type": "Feature", "geometry": {"type": "Point", "coordinates": [74.5, 21.560810810810807]}, "properties": {"depth_m": 0.237}}, {"type": "Feature", "geometry": {"type": "Point", "coordinates": [75.5, 21.560810810810807]}, "properties": {"depth_m": 0.064}}, {"type": "Feature", "geometry": {"type": "Point", "coordinates": [76.5, 21.560810810810807]}, "properties": {"depth_m": 0.051}}, {"type": "Feature", "geometry": {"type": "Point", "coordinates": [77.5, 21.560810810810807]}, "properties": {"depth_m": 0.019}}, {"type": "Feature", "geometry": {"type": "Point", "coordinates": [78.5, 21.560810810810807]}, "properties": {"depth_m": 0.023}}, {"type": "Feature", "geometry": {"type": "Point", "coordinates": [79.5, 21.560810810810807]}, "properties": {"depth_m": 0.084}}, {"type": "Feature", "geometry": {"type": "Point", "coordinates": [80.5, 21.560810810810807]}, "properties": {"depth_m": 0.055}}, {"type": "Feature", "geometry": {"type": "Point", "coordinates": [81.5, 21.560810810810807]}, "properties": {"depth_m": 0.198}}, {"type": "Feature", "geometry": {"type": "Point", "coordinates": [82.5, 21.560810810810807]}, "properties": {"depth_m": 0.219}}, {"type": "Feature", "geometry": {"type": "Point", "coordinates": [83.5, 21.560810810810807]}, "properties": {"depth_m": 0.315}}, {"type": "Feature", "geometry": {"type": "Point", "coordinates": [84.5, 21.560810810810807]}, "properties": {"depth_m": 0.085}}, {"type": "Feature", "geometry": {"type": "Point", "coordinates": [85.5, 21.560810810810807]}, "properties": {"depth_m": 0.05}}, {"type": "Feature", "geometry": {"type": "Point", "coordinates": [86.5, 21.560810810810807]}, "properties": {"depth_m": 0.041}}, {"type": "Feature", "geometry": {"type": "Point", "coordinates": [87.5, 21.560810810810807]}, "properties": {"depth_m": 0.112}}, {"type": "Feature", "geometry": {"type": "Point", "coordinates": [88.5, 21.560810810810807]}, "properties": {"depth_m": 0.199}}, {"type": "Feature", "geometry": {"type": "Point", "coordinates": [89.5, 21.560810810810807]}, "properties": {"depth_m": 0.015}}, {"type": "Feature", "geometry": {"type": "Point", "coordinates": [90.5, 21.560810810810807]}, "properties": {"depth_m": 0.121}}, {"type": "Feature", "geometry": {"type": "Point", "coordinates": [91.5, 21.560810810810807]}, "properties": {"depth_m": 0.227}}, {"type": "Feature", "geometry": {"type": "Point", "coordinates": [92.5, 21.560810810810807]}, "properties": {"depth_m": 0.073}}, {"type": "Feature", "geometry": {"type": "Point", "coordinates": [93.5, 21.560810810810807]}, "properties": {"depth_m": 0.012}}, {"type": "Feature", "geometry": {"type": "Point", "coordinates": [94.5, 21.560810810810807]}, "properties": {"depth_m": 0.048}}, {"type": "Feature", "geometry": {"type": "Point", "coordinates": [95.5, 21.560810810810807]}, "properties": {"depth_m": 0.181}}, {"type": "Feature", "geometry": {"type": "Point", "coordinates": [96.5, 21.560810810810807]}, "properties": {"depth_m": 0.07}}, {"type": "Feature", "geometry": {"type": "Point", "coordinates": [97.5, 21.560810810810807]}, "properties": {"depth_m": 0.016}}, {"type": "Feature", "geometry": {"type": "Point", "coordinates": [98.5, 21.560810810810807]}, "properties": {"depth_m": 0.044}}, {"type": "Feature", "geometry": {"type": "Point", "coordinates": [99.5, 21.560810810810807]}, "properties": {"depth_m": 0.011}}, {"type": "Feature", "geometry": {"type": "Point", "coordinates": [100.5, 21.560810810810807]}, "properties": {"depth_m": 0.033}}, {"type": "Feature", "geometry": {"type": "Point", "coordinates": [101.5, 21.560810810810807]}, "properties": {"depth_m": 0.023}}, {"type": "Feature", "geometry": {"type": "Point", "coordinates": [102.5, 21.560810810810807]}, "properties": {"depth_m": 0.02}}, {"type": "Feature", "geometry": {"type": "Point", "coordinates": [103.5, 21.560810810810807]}, "properties": {"depth_m": 0.031}}, {"type": "Feature", "geometry": {"type": "Point", "coordinates": [104.5, 21.560810810810807]}, "properties": {"depth_m": 0.037}}, {"type": "Feature", "geometry": {"type": "Point", "coordinates": [105.5, 21.560810810810807]}, "properties": {"depth_m": 0.11}}, {"type": "Feature", "geometry": {"type": "Point", "coordinates": [106.5, 21.560810810810807]}, "properties": {"depth_m": 0.029}}, {"type": "Feature", "geometry": {"type": "Point", "coordinates": [107.5, 21.560810810810807]}, "properties": {"depth_m": 0.063}}, {"type": "Feature", "geometry": {"type": "Point", "coordinates": [108.5, 21.560810810810807]}, "properties": {"depth_m": 0.066}}, {"type": "Feature", "geometry": {"type": "Point", "coordinates": [109.5, 21.560810810810807]}, "properties": {"depth_m": 0.216}}, {"type": "Feature", "geometry": {"type": "Point", "coordinates": [110.5, 21.560810810810807]}, "properties": {"depth_m": 0.055}}, {"type": "Feature", "geometry": {"type": "Point", "coordinates": [111.5, 21.560810810810807]}, "properties": {"depth_m": 0.059}}, {"type": "Feature", "geometry": {"type": "Point", "coordinates": [112.5, 21.560810810810807]}, "properties": {"depth_m": 0.187}}, {"type": "Feature", "geometry": {"type": "Point", "coordinates": [120.5, 21.560810810810807]}, "properties": {"depth_m": 0.151}}, {"type": "Feature", "geometry": {"type": "Point", "coordinates": [72.5, 20.54729729729729]}, "properties": {"depth_m": 1.774}}, {"type": "Feature", "geometry": {"type": "Point", "coordinates": [73.5, 20.54729729729729]}, "properties": {"depth_m": 0.096}}, {"type": "Feature", "geometry": {"type": "Point", "coordinates": [74.5, 20.54729729729729]}, "properties": {"depth_m": 0.056}}, {"type": "Feature", "geometry": {"type": "Point", "coordinates": [75.5, 20.54729729729729]}, "properties": {"depth_m": 0.089}}, {"type": "Feature", "geometry": {"type": "Point", "coordinates": [76.5, 20.54729729729729]}, "properties": {"depth_m": 0.042}}, {"type": "Feature", "geometry": {"type": "Point", "coordinates": [77.5, 20.54729729729729]}, "properties": {"depth_m": 0.062}}, {"type": "Feature", "geometry": {"type": "Point", "coordinates": [78.5, 20.54729729729729]}, "properties": {"depth_m": 0.112}}, {"type": "Feature", "geometry": {"type": "Point", "coordinates": [79.5, 20.54729729729729]}, "properties": {"depth_m": 0.244}}, {"type": "Feature", "geometry": {"type": "Point", "coordinates": [80.5, 20.54729729729729]}, "properties": {"depth_m": 0.046}}, {"type": "Feature", "geometry": {"type": "Point", "coordinates": [81.5, 20.54729729729729]}, "properties": {"depth_m": 0.169}}, {"type": "Feature", "geometry": {"type": "Point", "coordinates": [82.5, 20.54729729729729]}, "properties": {"depth_m": 0.038}}, {"type": "Feature", "geometry": {"type": "Point", "coordinates": [83.5, 20.54729729729729]}, "properties": {"depth_m": 0.156}}, {"type": "Feature", "geometry": {"type": "Point", "coordinates": [84.5, 20.54729729729729]}, "properties": {"depth_m": 0.151}}, {"type": "Feature", "geometry": {"type": "Point", "coordinates": [85.5, 20.54729729729729]}, "properties": {"depth_m": 0.125}}, {"type": "Feature", "geometry": {"type": "Point", "coordinates": [86.5, 20.54729729729729]}, "properties": {"depth_m": 0.46}}, {"type": "Feature", "geometry": {"type": "Point", "coordinates": [92.5, 20.54729729729729]}, "properties": {"depth_m": 0.147}}, {"type": "Feature", "geometry": {"type": "Point", "coordinates": [93.5, 20.54729729729729]}, "properties": {"depth_m": 0.077}}, {"type": "Feature", "geometry": {"type": "Point", "coordinates": [94.5, 20.54729729729729]}, "properties": {"depth_m": 0.144}}, {"type": "Feature", "geometry": {"type": "Point", "coordinates": [95.5, 20.54729729729729]}, "properties": {"depth_m": 0.01}}, {"type": "Feature", "geometry": {"type": "Point", "coordinates": [96.5, 20.54729729729729]}, "properties": {"depth_m": 0.019}}, {"type": "Feature", "geometry": {"type": "Point", "coordinates": [97.5, 20.54729729729729]}, "properties": {"depth_m": 0.027}}, {"type": "Feature", "geometry": {"type": "Point", "coordinates": [98.5, 20.54729729729729]}, "properties": {"depth_m": 0.057}}, {"type": "Feature", "geometry": {"type": "Point", "coordinates": [99.5, 20.54729729729729]}, "properties": {"depth_m": 0.013}}, {"type": "Feature", "geometry": {"type": "Point", "coordinates": [100.5, 20.54729729729729]}, "properties": {"depth_m": 0.065}}, {"type": "Feature", "geometry": {"type": "Point", "coordinates": [101.5, 20.54729729729729]}, "properties": {"depth_m": 0.017}}, {"type": "Feature", "geometry": {"type": "Point", "coordinates": [102.5, 20.54729729729729]}, "properties": {"depth_m": 0.04}}, {"type": "Feature", "geometry": {"type": "Point", "coordinates": [103.5, 20.54729729729729]}, "properties": {"depth_m": 0.008}}, {"type": "Feature", "geometry": {"type": "Point", "coordinates": [104.5, 20.54729729729729]}, "properties": {"depth_m": 0.029}}, {"type": "Feature", "geometry": {"type": "Point", "coordinates": [105.5, 20.54729729729729]}, "properties": {"depth_m": 0.103}}, {"type": "Feature", "geometry": {"type": "Point", "coordinates": [106.5, 20.54729729729729]}, "properties": {"depth_m": 0.382}}, {"type": "Feature", "geometry": {"type": "Point", "coordinates": [107.5, 20.54729729729729]}, "properties": {"depth_m": 0.166}}, {"type": "Feature", "geometry": {"type": "Point", "coordinates": [109.5, 20.54729729729729]}, "properties": {"depth_m": 0.075}}, {"type": "Feature", "geometry": {"type": "Point", "coordinates": [110.5, 20.54729729729729]}, "properties": {"depth_m": 0.031}}, {"type": "Feature", "geometry": {"type": "Point", "coordinates": [72.5, 19.533783783783782]}, "properties": {"depth_m": 0.726}}, {"type": "Feature", "geometry": {"type": "Point", "coordinates": [73.5, 19.533783783783782]}, "properties": {"depth_m": 0.023}}, {"type": "Feature", "geometry": {"type": "Point", "coordinates": [74.5, 19.533783783783782]}, "properties": {"depth_m": 0.132}}, {"type": "Feature", "geometry": {"type": "Point", "coordinates": [75.5, 19.533783783783782]}, "properties": {"depth_m": 0.07}}, {"type": "Feature", "geometry": {"type": "Point", "coordinates": [76.5, 19.533783783783782]}, "properties": {"depth_m": 0.374}}, {"type": "Feature", "geometry": {"type": "Point", "coordinates": [77.5, 19.533783783783782]}, "properties": {"depth_m": 0.125}}, {"type": "Feature", "geometry": {"type": "Point", "coordinates": [78.5, 19.533783783783782]}, "properties": {"depth_m": 0.216}}, {"type": "Feature", "geometry": {"type": "Point", "coordinates": [79.5, 19.533783783783782]}, "properties": {"depth_m": 0.251}}, {"type": "Feature", "geometry": {"type": "Point", "coordinates": [80.5, 19.533783783783782]}, "properties": {"depth_m": 0.092}}, {"type": "Feature", "geometry": {"type": "Point", "coordinates": [81.5, 19.533783783783782]}, "properties": {"depth_m": 0.045}}, {"type": "Feature", "geometry": {"type": "Point", "coordinates": [82.5, 19.533783783783782]}, "properties": {"depth_m": 0.046}}, {"type": "Feature", "geometry": {"type": "Point", "coordinates": [83.5, 19.533783783783782]}, "properties": {"depth_m": 0.016}}, {"type": "Feature", "geometry": {"type": "Point", "coordinates": [84.5, 19.533783783783782]}, "properties": {"depth_m": 0.032}}, {"type": "Feature", "geometry": {"type": "Point", "coordinates": [85.5, 19.533783783783782]}, "properties": {"depth_m": 0.217}}, {"type": "Feature", "geometry": {"type": "Point", "coordinates": [86.5, 19.533783783783782]}, "properties": {"depth_m": 0.63}}, {"type": "Feature", "geometry": {"type": "Point", "coordinates": [93.5, 19.533783783783782]}, "properties": {"depth_m": 0.124}}, {"type": "Feature", "geometry": {"type": "Point", "coordinates": [94.5, 19.533783783783782]}, "properties": {"depth_m": 0.039}}, {"type": "Feature", "geometry": {"type": "Point", "coordinates": [95.5, 19.533783783783782]}, "properties": {"depth_m": 0.131}}, {"type": "Feature", "geometry": {"type": "Point", "coordinates": [96.5, 19.533783783783782]}, "properties": {"depth_m": 0.023}}, {"type": "Feature", "geometry": {"type": "Point", "coordinates": [97.5, 19.533783783783782]}, "properties": {"depth_m": 0.091}}, {"type": "Feature", "geometry": {"type": "Point", "coordinates": [98.5, 19.533783783783782]}, "properties": {"depth_m": 0.015}}, {"type": "Feature", "geometry": {"type": "Point", "coordinates": [99.5, 19.533783783783782]}, "properties": {"depth_m": 0.015}}, {"type": "Feature", "geometry": {"type": "Point", "coordinates": [100.5, 19.533783783783782]}, "properties": {"depth_m": 0.042}}, {"type": "Feature", "geometry": {"type": "Point", "coordinates": [101.5, 19.533783783783782]}, "properties": {"depth_m": 0.077}}, {"type": "Feature", "geometry": {"type": "Point", "coordinates": [102.5, 19.533783783783782]}, "properties": {"depth_m": 0.091}}, {"type": "Feature", "geometry": {"type": "Point", "coordinates": [103.5, 19.533783783783782]}, "properties": {"depth_m": 0.022}}, {"type": "Feature", "geometry": {"type": "Point", "coordinates": [104.5, 19.533783783783782]}, "properties": {"depth_m": 0.028}}, {"type": "Feature", "geometry": {"type": "Point", "coordinates": [105.5, 19.533783783783782]}, "properties": {"depth_m": 0.094}}, {"type": "Feature", "geometry": {"type": "Point", "coordinates": [106.5, 19.533783783783782]}, "properties": {"depth_m": 0.234}}, {"type": "Feature", "geometry": {"type": "Point", "coordinates": [108.5, 19.533783783783782]}, "properties": {"depth_m": 0.096}}, {"type": "Feature", "geometry": {"type": "Point", "coordinates": [109.5, 19.533783783783782]}, "properties": {"depth_m": 0.051}}, {"type": "Feature", "geometry": {"type": "Point", "coordinates": [110.5, 19.533783783783782]}, "properties": {"depth_m": 0.133}}, {"type": "Feature", "geometry": {"type": "Point", "coordinates": [72.5, 18.520270270270267]}, "properties": {"depth_m": 0.334}}, {"type": "Feature", "geometry": {"type": "Point", "coordinates": [73.5, 18.520270270270267]}, "properties": {"depth_m": 0.097}}, {"type": "Feature", "geometry": {"type": "Point", "coordinates": [74.5, 18.520270270270267]}, "properties": {"depth_m": 0.182}}, {"type": "Feature", "geometry": {"type": "Point", "coordinates": [75.5, 18.520270270270267]}, "properties": {"depth_m": 0.036}}, {"type": "Feature", "geometry": {"type": "Point", "coordinates": [76.5, 18.520270270270267]}, "properties": {"depth_m": 0.098}}, {"type": "Feature", "geometry": {"type": "Point", "coordinates": [77.5, 18.520270270270267]}, "properties": {"depth_m": 0.179}}, {"type": "Feature", "geometry": {"type": "Point", "coordinates": [78.5, 18.520270270270267]}, "properties": {"depth_m": 0.222}}, {"type": "Feature", "geometry": {"type": "Point", "coordinates": [79.5, 18.520270270270267]}, "properties": {"depth_m": 0.161}}, {"type": "Feature", "geometry": {"type": "Point", "coordinates": [80.5, 18.520270270270267]}, "properties": {"depth_m": 0.198}}, {"type": "Feature", "geometry": {"type": "Point", "coordinates": [81.5, 18.520270270270267]}, "properties": {"depth_m": 0.11}}, {"type": "Feature", "geometry": {"type": "Point", "coordinates": [82.5, 18.520270270270267]}, "properties": {"depth_m": 0.079}}, {"type": "Feature", "geometry": {"type": "Point", "coordinates": [83.5, 18.520270270270267]}, "properties": {"depth_m": 0.025}}, {"type": "Feature", "geometry": {"type": "Point", "coordinates": [84.5, 18.520270270270267]}, "properties": {"depth_m": 0.14}}, {"type": "Feature", "geometry": {"type": "Point", "coordinates": [93.5, 18.520270270270267]}, "properties": {"depth_m": 0.091}}, {"type": "Feature", "geometry": {"type": "Point", "coordinates": [94.5, 18.520270270270267]}, "properties": {"depth_m": 0.136}}, {"type": "Feature", "geometry": {"type": "Point", "coordinates": [95.5, 18.520270270270267]}, "properties": {"depth_m": 0.122}}, {"type": "Feature", "geometry": {"type": "Point", "coordinates": [96.5, 18.520270270270267]}, "properties": {"depth_m": 0.054}}, {"type": "Feature", "geometry": {"type": "Point", "coordinates": [97.5, 18.520270270270267]}, "properties": {"depth_m": 0.045}}, {"type": "Feature", "geometry": {"type": "Point", "coordinates": [98.5, 18.520270270270267]}, "properties": {"depth_m": 0.014}}, {"type": "Feature", "geometry": {"type": "Point", "coordinates": [99.5, 18.520270270270267]}, "properties": {"depth_m": 0.029}}, {"type": "Feature", "geometry": {"type": "Point", "coordinates": [100.5, 18.520270270270267]}, "properties": {"depth_m": 0.164}}, {"type": "Feature", "geometry": {"type": "Point", "coordinates": [101.5, 18.520270270270267]}, "properties": {"depth_m": 0.084}}, {"type": "Feature", "geometry": {"type": "Point", "coordinates": [102.5, 18.520270270270267]}, "properties": {"depth_m": 0.897}}, {"type": "Feature", "geometry": {"type": "Point", "coordinates": [103.5, 18.520270270270267]}, "properties": {"depth_m": 0.191}}, {"type": "Feature", "geometry": {"type": "Point", "coordinates": [104.5, 18.520270270270267]}, "properties": {"depth_m": 0.066}}, {"type": "Feature", "geometry": {"type": "Point", "coordinates": [105.5, 18.520270270270267]}, "properties": {"depth_m": 0.095}}, {"type": "Feature", "geometry": {"type": "Point", "coordinates": [106.5, 18.520270270270267]}, "properties": {"depth_m": 0.342}}, {"type": "Feature", "geometry": {"type": "Point", "coordinates": [108.5, 18.520270270270267]}, "properties": {"depth_m": 0.075}}, {"type": "Feature", "geometry": {"type": "Point", "coordinates": [109.5, 18.520270270270267]}, "properties": {"depth_m": 0.033}}, {"type": "Feature", "geometry": {"type": "Point", "coordinates": [110.5, 18.520270270270267]}, "properties": {"depth_m": 0.378}}, {"type": "Feature", "geometry": {"type": "Point", "coordinates": [120.5, 18.520270270270267]}, "properties": {"depth_m": 0.038}}, {"type": "Feature", "geometry": {"type": "Point", "coordinates": [121.5, 18.520270270270267]}, "properties": {"depth_m": 0.137}}, {"type": "Feature", "geometry": {"type": "Point", "coordinates": [122.5, 18.520270270270267]}, "properties": {"depth_m": 0.017}}, {"type": "Feature", "geometry": {"type": "Point", "coordinates": [73.5, 17.50675675675675]}, "properties": {"depth_m": 0.141}}, {"type": "Feature", "geometry": {"type": "Point", "coordinates": [74.5, 17.50675675675675]}, "properties": {"depth_m": 0.328}}, {"type": "Feature", "geometry": {"type": "Point", "coordinates": [75.5, 17.50675675675675]}, "properties": {"depth_m": 0.191}}, {"type": "Feature", "geometry": {"type": "Point", "coordinates": [76.5, 17.50675675675675]}, "properties": {"depth_m": 0.032}}, {"type": "Feature", "geometry": {"type": "Point", "coordinates": [77.5, 17.50675675675675]}, "properties": {"depth_m": 0.011}}, {"type": "Feature", "geometry": {"type": "Point", "coordinates": [78.5, 17.50675675675675]}, "properties": {"depth_m": 0.019}}, {"type": "Feature", "geometry": {"type": "Point", "coordinates": [79.5, 17.50675675675675]}, "properties": {"depth_m": 0.007}}, {"type": "Feature", "geometry": {"type": "Point", "coordinates": [80.5, 17.50675675675675]}, "properties": {"depth_m": 0.136}}, {"type": "Feature", "geometry": {"type": "Point", "coordinates": [81.5, 17.50675675675675]}, "properties": {"depth_m": 0.301}}, {"type": "Feature", "geometry": {"type": "Point", "coordinates": [82.5, 17.50675675675675]}, "properties": {"depth_m": 0.064}}, {"type": "Feature", "geometry": {"type": "Point", "coordinates": [83.5, 17.50675675675675]}, "properties": {"depth_m": 0.114}}, {"type": "Feature", "geometry": {"type": "Point", "coordinates": [94.5, 17.50675675675675]}, "properties": {"depth_m": 0.096}}, {"type": "Feature", "geometry": {"type": "Point", "coordinates": [95.5, 17.50675675675675]}, "properties": {"depth_m": 0.146}}, {"type": "Feature", "geometry": {"type": "Point", "coordinates": [96.5, 17.50675675675675]}, "properties": {"depth_m": 0.079}}, {"type": "Feature", "geometry": {"type": "Point", "coordinates": [97.5, 17.50675675675675]}, "properties": {"depth_m": 0.082}}, {"type": "Feature", "geometry": {"type": "Point", "coordinates": [98.5, 17.50675675675675]}, "properties": {"depth_m": 0.011}}, {"type": "Feature", "geometry": {"type": "Point", "coordinates": [99.5, 17.50675675675675]}, "properties": {"depth_m": 0.211}}, {"type": "Feature", "geometry": {"type": "Point", "coordinates": [100.5, 17.50675675675675]}, "properties": {"depth_m": 0.597}}, {"type": "Feature", "geometry": {"type": "Point", "coordinates": [101.5, 17.50675675675675]}, "properties": {"depth_m": 0.034}}, {"type": "Feature", "geometry": {"type": "Point", "coordinates": [102.5, 17.50675675675675]}, "properties": {"depth_m": 0.07}}, {"type": "Feature", "geometry": {"type": "Point", "coordinates": [103.5, 17.50675675675675]}, "properties": {"depth_m": 0.046}}, {"type": "Feature", "geometry": {"type": "Point", "coordinates": [104.5, 17.50675675675675]}, "properties": {"depth_m": 0.254}}, {"type": "Feature", "geometry": {"type": "Point", "coordinates": [105.5, 17.50675675675675]}, "properties": {"depth_m": 0.06}}, {"type": "Feature", "geometry": {"type": "Point", "coordinates": [106.5, 17.50675675675675]}, "properties": {"depth_m": 0.059}}, {"type": "Feature", "geometry": {"type": "Point", "coordinates": [107.5, 17.50675675675675]}, "properties": {"depth_m": 0.245}}, {"type": "Feature", "geometry": {"type": "Point", "coordinates": [120.5, 17.50675675675675]}, "properties": {"depth_m": 0.064}}, {"type": "Feature", "geometry": {"type": "Point", "coordinates": [121.5, 17.50675675675675]}, "properties": {"depth_m": 0.131}}, {"type": "Feature", "geometry": {"type": "Point", "coordinates": [122.5, 17.50675675675675]}, "properties": {"depth_m": 0.093}}]}