{"type": "FeatureCollection", "properties": {"generated": "2026-09-25", "source": "NASA POWER (power.larc.nasa.gov), community=AG", "period": "2006-2025", "note": "①fdd(累積結氷度日数の年平均) ①補助:max_consec_freeze_days(年間最長連続結氷日数の複数年平均) ②cold_wave_freq(GB/T20484-2017寒潮の年平均発生回数) ④radiative_freq(放射冷却条件の年平均発生回数)。③供暖区分は別ファイル heating_boundary.geojson。統合スコアの算出はindex.html側で行う。"}, "features": [{"type": "Feature", "geometry": {"type": "Point", "coordinates": [73.5, 30.5]}, "properties": {"fdd": 0.0, "max_consec_freeze_days": 0.1, "cold_wave_freq": 0.05, "radiative_freq": 0.0, "years_used": 20}}, {"type": "Feature", "geometry": {"type": "Point", "coordinates": [73.5, 31.5]}, "properties": {"fdd": 0.1, "max_consec_freeze_days": 0.2, "cold_wave_freq": 0.0, "radiative_freq": 0.0, "years_used": 20}}, {"type": "Feature", "geometry": {"type": "Point", "coordinates": [73.5, 32.5]}, "properties": {"fdd": 0.0, "max_consec_freeze_days": 0.0, "cold_wave_freq": 0.0, "radiative_freq": 0.0, "years_used": 20}}, {"type": "Feature", "geometry": {"type": "Point", "coordinates": [73.5, 33.5]}, "properties": {"fdd": 1.5, "max_consec_freeze_days": 1.4, "cold_wave_freq": 0.0, "radiative_freq": 0.0, "years_used": 20}}, {"type": "Feature", "geometry": {"type": "Point", "coordinates": [73.5, 34.5]}, "properties": {"fdd": 413.7, "max_consec_freeze_days": 61.1, "cold_wave_freq": 1.15, "radiative_freq": 0.0, "years_used": 20}}, {"type": "Feature", "geometry": {"type": "Point", "coordinates": [73.5, 40.5]}, "properties": {"fdd": 1303.8, "max_consec_freeze_days": 127.0, "cold_wave_freq": 2.95, "radiative_freq": 0.0, "years_used": 20}}, {"type": "Feature", "geometry": {"type": "Point", "coordinates": [73.5, 41.5]}, "properties": {"fdd": 1764.1, "max_consec_freeze_days": 140.1, "cold_wave_freq": 7.15, "radiative_freq": 0.0, "years_used": 20}}, {"type": "Feature", "geometry": {"type": "Point", "coordinates": [73.5, 42.5]}, "properties": {"fdd": 2721.8, "max_consec_freeze_days": 189.6, "cold_wave_freq": 12.75, "radiative_freq": 0.0, "years_used": 20}}, {"type": "Feature", "geometry": {"type": "Point", "coordinates": [73.5, 43.5]}, "properties": {"fdd": 731.4, "max_consec_freeze_days": 46.6, "cold_wave_freq": 6.6, "radiative_freq": 0.0, "years_used": 20}}, {"type": "Feature", "geometry": {"type": "Point", "coordinates": [73.5, 44.5]}, "properties": {"fdd": 1167.7, "max_consec_freeze_days": 78.6, "cold_wave_freq": 8.45, "radiative_freq": 0.0, "years_used": 20}}, {"type": "Feature", "geometry": {"type": "Point", "coordinates": [73.5, 45.5]}, "properties": {"fdd": 1606.6, "max_consec_freeze_days": 104.5, "cold_wave_freq": 11.7, "radiative_freq": 0.0, "years_used": 20}}, {"type": "Feature", "geometry": {"type": "Point", "coordinates": [73.5, 46.5]}, "properties": {"fdd": 1843.8, "max_consec_freeze_days": 129.2, "cold_wave_freq": 10.6, "radiative_freq": 0.0, "years_used": 20}}, {"type": "Feature", "geometry": {"type": "Point", "coordinates": [73.5, 47.5]}, "properties": {"fdd": 2217.4, "max_consec_freeze_days": 149.1, "cold_wave_freq": 12.8, "radiative_freq": 0.0, "years_used": 20}}, {"type": "Feature", "geometry": {"type": "Point", "coordinates": [73.5, 48.5]}, "properties": {"fdd": 2398.3, "max_consec_freeze_days": 156.9, "cold_wave_freq": 14.95, "radiative_freq": 0.0, "years_used": 20}}, {"type": "Feature", "geometry": {"type": "Point", "coordinates": [73.5, 49.5]}, "properties": {"fdd": 2390.4, "max_consec_freeze_days": 152.2, "cold_wave_freq": 17.4, "radiative_freq": 0.0, "years_used": 20}}, {"type": "Feature", "geometry": {"type": "Point", "coordinates": [74.5, 30.5]}, "properties": {"fdd": 0.0, "max_consec_freeze_days": 0.1, "cold_wave_freq": 0.05, "radiative_freq": 0.0, "years_used": 20}}, {"type": "Feature", "geometry": {"type": "Point", "coordinates": [74.5, 31.5]}, "properties": {"fdd": 0.1, "max_consec_freeze_days": 0.2, "cold_wave_freq": 0.0, "radiative_freq": 0.0, "years_used": 20}}, {"type": "Feature", "geometry": {"type": "Point", "coordinates": [74.5, 32.5]}, "properties": {"fdd": 0.0, "max_consec_freeze_days": 0.0, "cold_wave_freq": 0.0, "radiative_freq": 0.0, "years_used": 20}}, {"type": "Feature", "geometry": {"type": "Point", "coordinates": [74.5, 33.5]}, "properties": {"fdd": 101.9, "max_consec_freeze_days": 13.9, "cold_wave_freq": 0.15, "radiative_freq": 0.0, "years_used": 20}}, {"type": "Feature", "geometry": {"type": "Point", "coordinates": [74.5, 34.5]}, "properties": {"fdd": 755.4, "max_consec_freeze_days": 84.5, "cold_wave_freq": 2.25, "radiative_freq": 0.0, "years_used": 20}}, {"type": "Feature", "geometry": {"type": "Point", "coordinates": [74.5, 40.5]}, "properties": {"fdd": 2380.1, "max_consec_freeze_days": 198.8, "cold_wave_freq": 3.75, "radiative_freq": 0.0, "years_used": 20}}, {"type": "Feature", "geometry": {"type": "Point", "coordinates": [74.5, 41.5]}, "properties": {"fdd": 1733.7, "max_consec_freeze_days": 140.2, "cold_wave_freq": 5.1, "radiative_freq": 0.0, "years_used": 20}}, {"type": "Feature", "geometry": {"type": "Point", "coordinates": [74.5, 42.5]}, "properties": {"fdd": 2526.7, "max_consec_freeze_days": 180.1, "cold_wave_freq": 9.45, "radiative_freq": 0.0, "years_used": 20}}, {"type": "Feature", "geometry": {"type": "Point", "coordinates": [74.5, 43.5]}, "properties": {"fdd": 786.7, "max_consec_freeze_days": 50.6, "cold_wave_freq": 7.65, "radiative_freq": 0.0, "years_used": 20}}, {"type": "Feature", "geometry": {"type": "Point", "coordinates": [74.5, 44.5]}, "properties": {"fdd": 1181.6, "max_consec_freeze_days": 74.8, "cold_wave_freq": 9.15, "radiative_freq": 0.0, "years_used": 20}}, {"type": "Feature", "geometry": {"type": "Point", "coordinates": [74.5, 45.5]}, "properties": {"fdd": 1544.1, "max_consec_freeze_days": 103.5, "cold_wave_freq": 10.4, "radiative_freq": 0.0, "years_used": 20}}, {"type": "Feature", "geometry": {"type": "Point", "coordinates": [74.5, 46.5]}, "properties": {"fdd": 1823.4, "max_consec_freeze_days": 120.7, "cold_wave_freq": 13.45, "radiative_freq": 0.0, "years_used": 20}}, {"type": "Feature", "geometry": {"type": "Point", "coordinates": [74.5, 47.5]}, "properties": {"fdd": 2126.6, "max_consec_freeze_days": 145.9, "cold_wave_freq": 12.7, "radiative_freq": 0.0, "years_used": 20}}, {"type": "Feature", "geometry": {"type": "Point", "coordinates": [74.5, 48.5]}, "properties": {"fdd": 2448.6, "max_consec_freeze_days": 158.7, "cold_wave_freq": 15.6, "radiative_freq": 0.0, "years_used": 20}}, {"type": "Feature", "geometry": {"type": "Point", "coordinates": [74.5, 49.5]}, "properties": {"fdd": 2383.3, "max_consec_freeze_days": 152.4, "cold_wave_freq": 16.5, "radiative_freq": 0.0, "years_used": 20}}, {"type": "Feature", "geometry": {"type": "Point", "coordinates": [75.5, 30.5]}, "properties": {"fdd": 0.1, "max_consec_freeze_days": 0.2, "cold_wave_freq": 0.0, "radiative_freq": 0.0, "years_used": 20}}, {"type": "Feature", "geometry": {"type": "Point", "coordinates": [75.5, 31.5]}, "properties": {"fdd": 0.0, "max_consec_freeze_days": 0.0, "cold_wave_freq": 0.0, "radiative_freq": 0.0, "years_used": 20}}, {"type": "Feature", "geometry": {"type": "Point", "coordinates": [75.5, 32.5]}, "properties": {"fdd": 0.3, "max_consec_freeze_days": 0.2, "cold_wave_freq": 0.0, "radiative_freq": 0.0, "years_used": 20}}, {"type": "Feature", "geometry": {"type": "Point", "coordinates": [75.5, 33.5]}, "properties": {"fdd": 904.2, "max_consec_freeze_days": 98.5, "cold_wave_freq": 1.2, "radiative_freq": 0.0, "years_used": 20}}, {"type": "Feature", "geometry": {"type": "Point", "coordinates": [75.5, 34.5]}, "properties": {"fdd": 2911.5, "max_consec_freeze_days": 232.9, "cold_wave_freq": 5.45, "radiative_freq": 0.0, "years_used": 20}}, {"type": "Feature", "geometry": {"type": "Point", "coordinates": [75.5, 35.5]}, "properties": {"fdd": 2452.3, "max_consec_freeze_days": 208.6, "cold_wave_freq": 2.65, "radiative_freq": 0.0, "years_used": 20}}, {"type": "Feature", "geometry": {"type": "Point", "coordinates": [75.5, 36.5]}, "properties": {"fdd": 4635.9, "max_consec_freeze_days": 324.4, "cold_wave_freq": 1.65, "radiative_freq": 0.0, "years_used": 20}}, {"type": "Feature", "geometry": {"type": "Point", "coordinates": [75.5, 37.5]}, "properties": {"fdd": 2749.2, "max_consec_freeze_days": 239.4, "cold_wave_freq": 0.35, "radiative_freq": 0.0, "years_used": 20}}, {"type": "Feature", "geometry": {"type": "Point", "coordinates": [75.5, 38.5]}, "properties": {"fdd": 2070.9, "max_consec_freeze_days": 192.4, "cold_wave_freq": 0.2, "radiative_freq": 0.0, "years_used": 20}}, {"type": "Feature", "geometry": {"type": "Point", "coordinates": [75.5, 39.5]}, "properties": {"fdd": 769.7, "max_consec_freeze_days": 97.7, "cold_wave_freq": 0.15, "radiative_freq": 0.0, "years_used": 20}}, {"type": "Feature", "geometry": {"type": "Point", "coordinates": [75.5, 40.5]}, "properties": {"fdd": 3259.2, "max_consec_freeze_days": 240.7, "cold_wave_freq": 2.75, "radiative_freq": 0.0, "years_used": 20}}, {"type": "Feature", "geometry": {"type": "Point", "coordinates": [75.5, 41.5]}, "properties": {"fdd": 1804.9, "max_consec_freeze_days": 153.2, "cold_wave_freq": 2.7, "radiative_freq": 0.0, "years_used": 20}}, {"type": "Feature", "geometry": {"type": "Point", "coordinates": [75.5, 42.5]}, "properties": {"fdd": 1844.8, "max_consec_freeze_days": 148.6, "cold_wave_freq": 5.3, "radiative_freq": 0.0, "years_used": 20}}, {"type": "Feature", "geometry": {"type": "Point", "coordinates": [75.5, 43.5]}, "properties": {"fdd": 794.8, "max_consec_freeze_days": 51.0, "cold_wave_freq": 8.25, "radiative_freq": 0.0, "years_used": 20}}, {"type": "Feature", "geometry": {"type": "Point", "coordinates": [75.5, 44.5]}, "properties": {"fdd": 1126.3, "max_consec_freeze_days": 71.5, "cold_wave_freq": 9.1, "radiative_freq": 0.0, "years_used": 20}}, {"type": "Feature", "geometry": {"type": "Point", "coordinates": [75.5, 45.5]}, "properties": {"fdd": 1484.6, "max_consec_freeze_days": 112.5, "cold_wave_freq": 9.6, "radiative_freq": 0.0, "years_used": 20}}, {"type": "Feature", "geometry": {"type": "Point", "coordinates": [75.5, 46.5]}, "properties": {"fdd": 1748.1, "max_consec_freeze_days": 122.7, "cold_wave_freq": 12.0, "radiative_freq": 0.0, "years_used": 20}}, {"type": "Feature", "geometry": {"type": "Point", "coordinates": [75.5, 47.5]}, "properties": {"fdd": 2108.5, "max_consec_freeze_days": 143.1, "cold_wave_freq": 13.45, "radiative_freq": 0.0, "years_used": 20}}, {"type": "Feature", "geometry": {"type": "Point", "coordinates": [75.5, 48.5]}, "properties": {"fdd": 2494.4, "max_consec_freeze_days": 159.1, "cold_wave_freq": 15.2, "radiative_freq": 0.0, "years_used": 20}}, {"type": "Feature", "geometry": {"type": "Point", "coordinates": [75.5, 49.5]}, "properties": {"fdd": 2411.3, "max_consec_freeze_days": 151.9, "cold_wave_freq": 16.3, "radiative_freq": 0.0, "years_used": 20}}, {"type": "Feature", "geometry": {"type": "Point", "coordinates": [76.5, 30.5]}, "properties": {"fdd": 0.0, "max_consec_freeze_days": 0.1, "cold_wave_freq": 0.0, "radiative_freq": 0.0, "years_used": 20}}, {"type": "Feature", "geometry": {"type": "Point", "coordinates": [76.5, 31.5]}, "properties": {"fdd": 0.0, "max_consec_freeze_days": 0.0, "cold_wave_freq": 0.0, "radiative_freq": 0.0, "years_used": 20}}, {"type": "Feature", "geometry": {"type": "Point", "coordinates": [76.5, 32.5]}, "properties": {"fdd": 235.5, "max_consec_freeze_days": 27.0, "cold_wave_freq": 0.3, "radiative_freq": 0.0, "years_used": 20}}, {"type": "Feature", "geometry": {"type": "Point", "coordinates": [76.5, 33.5]}, "properties": {"fdd": 3041.0, "max_consec_freeze_days": 239.8, "cold_wave_freq": 4.55, "radiative_freq": 0.0, "years_used": 20}}, {"type": "Feature", "geometry": {"type": "Point", "coordinates": [76.5, 34.5]}, "properties": {"fdd": 2975.7, "max_consec_freeze_days": 231.8, "cold_wave_freq": 6.6, "radiative_freq": 0.0, "years_used": 20}}, {"type": "Feature", "geometry": {"type": "Point", "coordinates": [76.5, 35.5]}, "properties": {"fdd": 3729.8, "max_consec_freeze_days": 275.9, "cold_wave_freq": 1.95, "radiative_freq": 0.0, "years_used": 20}}, {"type": "Feature", "geometry": {"type": "Point", "coordinates": [76.5, 36.5]}, "properties": {"fdd": 4281.0, "max_consec_freeze_days": 314.3, "cold_wave_freq": 2.05, "radiative_freq": 0.0, "years_used": 20}}, {"type": "Feature", "geometry": {"type": "Point", "coordinates": [76.5, 37.5]}, "properties": {"fdd": 1651.7, "max_consec_freeze_days": 167.6, "cold_wave_freq": 0.25, "radiative_freq": 0.0, "years_used": 20}}, {"type": "Feature", "geometry": {"type": "Point", "coordinates": [76.5, 38.5]}, "properties": {"fdd": 873.0, "max_consec_freeze_days": 108.1, "cold_wave_freq": 0.2, "radiative_freq": 0.0, "years_used": 20}}, {"type": "Feature", "geometry": {"type": "Point", "coordinates": [76.5, 39.5]}, "properties": {"fdd": 674.3, "max_consec_freeze_days": 86.7, "cold_wave_freq": 0.1, "radiative_freq": 0.0, "years_used": 20}}, {"type": "Feature", "geometry": {"type": "Point", "coordinates": [76.5, 40.5]}, "properties": {"fdd": 3322.6, "max_consec_freeze_days": 249.9, "cold_wave_freq": 1.85, "radiative_freq": 0.0, "years_used": 20}}, {"type": "Feature", "geometry": {"type": "Point", "coordinates": [76.5, 41.5]}, "properties": {"fdd": 2393.9, "max_consec_freeze_days": 194.2, "cold_wave_freq": 3.7, "radiative_freq": 0.0, "years_used": 20}}, {"type": "Feature", "geometry": {"type": "Point", "coordinates": [76.5, 42.5]}, "properties": {"fdd": 1672.5, "max_consec_freeze_days": 134.3, "cold_wave_freq": 4.65, "radiative_freq": 0.0, "years_used": 20}}, {"type": "Feature", "geometry": {"type": "Point", "coordinates": [76.5, 43.5]}, "properties": {"fdd": 598.3, "max_consec_freeze_days": 36.5, "cold_wave_freq": 8.8, "radiative_freq": 0.0, "years_used": 20}}, {"type": "Feature", "geometry": {"type": "Point", "coordinates": [76.5, 44.5]}, "properties": {"fdd": 1080.6, "max_consec_freeze_days": 74.3, "cold_wave_freq": 9.6, "radiative_freq": 0.0, "years_used": 20}}, {"type": "Feature", "geometry": {"type": "Point", "coordinates": [76.5, 45.5]}, "properties": {"fdd": 1487.3, "max_consec_freeze_days": 111.2, "cold_wave_freq": 10.35, "radiative_freq": 0.0, "years_used": 20}}, {"type": "Feature", "geometry": {"type": "Point", "coordinates": [76.5, 46.5]}, "properties": {"fdd": 1708.2, "max_consec_freeze_days": 120.2, "cold_wave_freq": 12.05, "radiative_freq": 0.0, "years_used": 20}}, {"type": "Feature", "geometry": {"type": "Point", "coordinates": [76.5, 47.5]}, "properties": {"fdd": 2051.1, "max_consec_freeze_days": 141.2, "cold_wave_freq": 13.3, "radiative_freq": 0.0, "years_used": 20}}, {"type": "Feature", "geometry": {"type": "Point", "coordinates": [76.5, 48.5]}, "properties": {"fdd": 2452.9, "max_consec_freeze_days": 155.8, "cold_wave_freq": 15.7, "radiative_freq": 0.0, "years_used": 20}}, {"type": "Feature", "geometry": {"type": "Point", "coordinates": [76.5, 49.5]}, "properties": {"fdd": 2405.9, "max_consec_freeze_days": 153.2, "cold_wave_freq": 16.6, "radiative_freq": 0.0, "years_used": 20}}, {"type": "Feature", "geometry": {"type": "Point", "coordinates": [77.5, 30.5]}, "properties": {"fdd": 0.0, "max_consec_freeze_days": 0.0, "cold_wave_freq": 0.0, "radiative_freq": 0.0, "years_used": 20}}, {"type": "Feature", "geometry": {"type": "Point", "coordinates": [77.5, 31.5]}, "properties": {"fdd": 352.4, "max_consec_freeze_days": 41.0, "cold_wave_freq": 0.25, "radiative_freq": 0.0, "years_used": 20}}, {"type": "Feature", "geometry": {"type": "Point", "coordinates": [77.5, 32.5]}, "properties": {"fdd": 4346.9, "max_consec_freeze_days": 289.1, "cold_wave_freq": 4.15, "radiative_freq": 0.0, "years_used": 20}}, {"type": "Feature", "geometry": {"type": "Point", "coordinates": [77.5, 33.5]}, "properties": {"fdd": 4405.5, "max_consec_freeze_days": 287.9, "cold_wave_freq": 8.1, "radiative_freq": 0.0, "years_used": 20}}, {"type": "Feature", "geometry": {"type": "Point", "coordinates": [77.5, 34.5]}, "properties": {"fdd": 3408.8, "max_consec_freeze_days": 259.9, "cold_wave_freq": 5.55, "radiative_freq": 0.0, "years_used": 20}}, {"type": "Feature", "geometry": {"type": "Point", "coordinates": [77.5, 35.5]}, "properties": {"fdd": 6553.2, "max_consec_freeze_days": 365.2, "cold_wave_freq": 5.05, "radiative_freq": 0.0, "years_used": 20}}, {"type": "Feature", "geometry": {"type": "Point", "coordinates": [77.5, 36.5]}, "properties": {"fdd": 4773.2, "max_consec_freeze_days": 354.3, "cold_wave_freq": 1.2, "radiative_freq": 0.0, "years_used": 20}}, {"type": "Feature", "geometry": {"type": "Point", "coordinates": [77.5, 37.5]}, "properties": {"fdd": 658.8, "max_consec_freeze_days": 74.0, "cold_wave_freq": 0.65, "radiative_freq": 0.0, "years_used": 20}}, {"type": "Feature", "geometry": {"type": "Point", "coordinates": [77.5, 38.5]}, "properties": {"fdd": 598.1, "max_consec_freeze_days": 88.9, "cold_wave_freq": 0.1, "radiative_freq": 0.0, "years_used": 20}}, {"type": "Feature", "geometry": {"type": "Point", "coordinates": [77.5, 39.5]}, "properties": {"fdd": 647.1, "max_consec_freeze_days": 93.2, "cold_wave_freq": 0.0, "radiative_freq": 0.0, "years_used": 20}}, {"type": "Feature", "geometry": {"type": "Point", "coordinates": [77.5, 40.5]}, "properties": {"fdd": 1253.3, "max_consec_freeze_days": 140.2, "cold_wave_freq": 0.2, "radiative_freq": 0.0, "years_used": 20}}, {"type": "Feature", "geometry": {"type": "Point", "coordinates": [77.5, 41.5]}, "properties": {"fdd": 3883.2, "max_consec_freeze_days": 271.4, "cold_wave_freq": 3.5, "radiative_freq": 0.0, "years_used": 20}}, {"type": "Feature", "geometry": {"type": "Point", "coordinates": [77.5, 42.5]}, "properties": {"fdd": 1089.1, "max_consec_freeze_days": 86.2, "cold_wave_freq": 5.1, "radiative_freq": 0.0, "years_used": 20}}, {"type": "Feature", "geometry": {"type": "Point", "coordinates": [77.5, 43.5]}, "properties": {"fdd": 446.1, "max_consec_freeze_days": 27.5, "cold_wave_freq": 10.0, "radiative_freq": 0.0, "years_used": 20}}, {"type": "Feature", "geometry": {"type": "Point", "coordinates": [77.5, 44.5]}, "properties": {"fdd": 914.0, "max_consec_freeze_days": 61.0, "cold_wave_freq": 11.6, "radiative_freq": 0.0, "years_used": 20}}, {"type": "Feature", "geometry": {"type": "Point", "coordinates": [77.5, 45.5]}, "properties": {"fdd": 1446.7, "max_consec_freeze_days": 105.3, "cold_wave_freq": 11.9, "radiative_freq": 0.0, "years_used": 20}}, {"type": "Feature", "geometry": {"type": "Point", "coordinates": [77.5, 46.5]}, "properties": {"fdd": 1670.5, "max_consec_freeze_days": 117.9, "cold_wave_freq": 12.2, "radiative_freq": 0.0, "years_used": 20}}, {"type": "Feature", "geometry": {"type": "Point", "coordinates": [77.5, 47.5]}, "properties": {"fdd": 2052.2, "max_consec_freeze_days": 141.4, "cold_wave_freq": 14.1, "radiative_freq": 0.0, "years_used": 20}}, {"type": "Feature", "geometry": {"type": "Point", "coordinates": [77.5, 48.5]}, "properties": {"fdd": 2402.5, "max_consec_freeze_days": 154.8, "cold_wave_freq": 15.3, "radiative_freq": 0.0, "years_used": 20}}, {"type": "Feature", "geometry": {"type": "Point", "coordinates": [77.5, 49.5]}, "properties": {"fdd": 2285.6, "max_consec_freeze_days": 150.0, "cold_wave_freq": 16.0, "radiative_freq": 0.0, "years_used": 20}}, {"type": "Feature", "geometry": {"type": "Point", "coordinates": [78.5, 30.5]}, "properties": {"fdd": 44.6, "max_consec_freeze_days": 8.8, "cold_wave_freq": 0.0, "radiative_freq": 0.0, "years_used": 20}}, {"type": "Feature", "geometry": {"type": "Point", "coordinates": [78.5, 31.5]}, "properties": {"fdd": 3531.4, "max_consec_freeze_days": 271.7, "cold_wave_freq": 2.55, "radiative_freq": 0.0, "years_used": 20}}, {"type": "Feature", "geometry": {"type": "Point", "coordinates": [78.5, 32.5]}, "properties": {"fdd": 4163.6, "max_consec_freeze_days": 288.2, "cold_wave_freq": 2.8, "radiative_freq": 0.0, "years_used": 20}}, {"type": "Feature", "geometry": {"type": "Point", "coordinates": [78.5, 33.5]}, "properties": {"fdd": 4169.2, "max_consec_freeze_days": 286.3, "cold_wave_freq": 4.3, "radiative_freq": 0.0, "years_used": 20}}, {"type": "Feature", "geometry": {"type": "Point", "coordinates": [78.5, 34.5]}, "properties": {"fdd": 5582.3, "max_consec_freeze_days": 359.7, "cold_wave_freq": 3.85, "radiative_freq": 0.0, "years_used": 20}}, {"type": "Feature", "geometry": {"type": "Point", "coordinates": [78.5, 35.5]}, "properties": {"fdd": 5485.5, "max_consec_freeze_days": 361.6, "cold_wave_freq": 1.75, "radiative_freq": 0.0, "years_used": 20}}, {"type": "Feature", "geometry": {"type": "Point", "coordinates": [78.5, 36.5]}, "properties": {"fdd": 2791.2, "max_consec_freeze_days": 243.4, "cold_wave_freq": 0.5, "radiative_freq": 0.0, "years_used": 20}}, {"type": "Feature", "geometry": {"type": "Point", "coordinates": [78.5, 37.5]}, "properties": {"fdd": 554.2, "max_consec_freeze_days": 70.8, "cold_wave_freq": 0.6, "radiative_freq": 0.0, "years_used": 20}}, {"type": "Feature", "geometry": {"type": "Point", "coordinates": [78.5, 38.5]}, "properties": {"fdd": 689.0, "max_consec_freeze_days": 97.0, "cold_wave_freq": 0.05, "radiative_freq": 0.0, "years_used": 20}}, {"type": "Feature", "geometry": {"type": "Point", "coordinates": [78.5, 39.5]}, "properties": {"fdd": 719.0, "max_consec_freeze_days": 100.1, "cold_wave_freq": 0.05, "radiative_freq": 0.0, "years_used": 20}}, {"type": "Feature", "geometry": {"type": "Point", "coordinates": [78.5, 40.5]}, "properties": {"fdd": 823.1, "max_consec_freeze_days": 102.4, "cold_wave_freq": 0.15, "radiative_freq": 0.0, "years_used": 20}}, {"type": "Feature", "geometry": {"type": "Point", "coordinates": [78.5, 41.5]}, "properties": {"fdd": 2875.0, "max_consec_freeze_days": 213.9, "cold_wave_freq": 1.65, "radiative_freq": 0.0, "years_used": 20}}, {"type": "Feature", "geometry": {"type": "Point", "coordinates": [78.5, 42.5]}, "properties": {"fdd": 2260.6, "max_consec_freeze_days": 181.9, "cold_wave_freq": 2.9, "radiative_freq": 0.0, "years_used": 20}}, {"type": "Feature", "geometry": {"type": "Point", "coordinates": [78.5, 43.5]}, "properties": {"fdd": 864.7, "max_consec_freeze_days": 72.7, "cold_wave_freq": 5.6, "radiative_freq": 0.0, "years_used": 20}}, {"type": "Feature", "geometry": {"type": "Point", "coordinates": [78.5, 44.5]}, "properties": {"fdd": 1366.9, "max_consec_freeze_days": 109.5, "cold_wave_freq": 10.55, "radiative_freq": 0.0, "years_used": 20}}, {"type": "Feature", "geometry": {"type": "Point", "coordinates": [78.5, 45.5]}, "properties": {"fdd": 1177.7, "max_consec_freeze_days": 75.5, "cold_wave_freq": 11.35, "radiative_freq": 0.0, "years_used": 20}}, {"type": "Feature", "geometry": {"type": "Point", "coordinates": [78.5, 46.5]}, "properties": {"fdd": 1658.7, "max_consec_freeze_days": 115.0, "cold_wave_freq": 13.1, "radiative_freq": 0.0, "years_used": 20}}, {"type": "Feature", "geometry": {"type": "Point", "coordinates": [78.5, 47.5]}, "properties": {"fdd": 2041.7, "max_consec_freeze_days": 137.4, "cold_wave_freq": 13.75, "radiative_freq": 0.0, "years_used": 20}}, {"type": "Feature", "geometry": {"type": "Point", "coordinates": [78.5, 48.5]}, "properties": {"fdd": 2386.5, "max_consec_freeze_days": 152.0, "cold_wave_freq": 17.0, "radiative_freq": 0.0, "years_used": 20}}, {"type": "Feature", "geometry": {"type": "Point", "coordinates": [78.5, 49.5]}, "properties": {"fdd": 2220.3, "max_consec_freeze_days": 145.3, "cold_wave_freq": 16.25, "radiative_freq": 0.0, "years_used": 20}}, {"type": "Feature", "geometry": {"type": "Point", "coordinates": [79.5, 30.5]}, "properties": {"fdd": 678.8, "max_consec_freeze_days": 78.7, "cold_wave_freq": 0.15, "radiative_freq": 0.0, "years_used": 20}}, {"type": "Feature", "geometry": {"type": "Point", "coordinates": [79.5, 31.5]}, "properties": {"fdd": 3298.3, "max_consec_freeze_days": 266.3, "cold_wave_freq": 1.75, "radiative_freq": 0.0, "years_used": 20}}, {"type": "Feature", "geometry": {"type": "Point", "coordinates": [79.5, 32.5]}, "properties": {"fdd": 3851.7, "max_consec_freeze_days": 285.3, "cold_wave_freq": 1.45, "radiative_freq": 0.0, "years_used": 20}}, {"type": "Feature", "geometry": {"type": "Point", "coordinates": [79.5, 33.5]}, "properties": {"fdd": 3795.9, "max_consec_freeze_days": 279.7, "cold_wave_freq": 1.55, "radiative_freq": 0.0, "years_used": 20}}, {"type": "Feature", "geometry": {"type": "Point", "coordinates": [79.5, 34.5]}, "properties": {"fdd": 5370.3, "max_consec_freeze_days": 358.0, "cold_wave_freq": 2.7, "radiative_freq": 0.0, "years_used": 20}}, {"type": "Feature", "geometry": {"type": "Point", "coordinates": [79.5, 35.5]}, "properties": {"fdd": 5142.4, "max_consec_freeze_days": 358.4, "cold_wave_freq": 0.75, "radiative_freq": 0.0, "years_used": 20}}, {"type": "Feature", "geometry": {"type": "Point", "coordinates": [79.5, 36.5]}, "properties": {"fdd": 1342.9, "max_consec_freeze_days": 146.0, "cold_wave_freq": 0.4, "radiative_freq": 0.0, "years_used": 20}}, {"type": "Feature", "geometry": {"type": "Point", "coordinates": [79.5, 37.5]}, "properties": {"fdd": 595.7, "max_consec_freeze_days": 79.3, "cold_wave_freq": 0.5, "radiative_freq": 0.0, "years_used": 20}}, {"type": "Feature", "geometry": {"type": "Point", "coordinates": [79.5, 38.5]}, "properties": {"fdd": 732.0, "max_consec_freeze_days": 100.0, "cold_wave_freq": 0.15, "radiative_freq": 0.0, "years_used": 20}}, {"type": "Feature", "geometry": {"type": "Point", "coordinates": [79.5, 39.5]}, "properties": {"fdd": 756.9, "max_consec_freeze_days": 104.6, "cold_wave_freq": 0.1, "radiative_freq": 0.0, "years_used": 20}}, {"type": "Feature", "geometry": {"type": "Point", "coordinates": [79.5, 40.5]}, "properties": {"fdd": 692.1, "max_consec_freeze_days": 95.4, "cold_wave_freq": 0.25, "radiative_freq": 0.0, "years_used": 20}}, {"type": "Feature", "geometry": {"type": "Point", "coordinates": [79.5, 41.5]}, "properties": {"fdd": 1221.2, "max_consec_freeze_days": 133.2, "cold_wave_freq": 0.15, "radiative_freq": 0.0, "years_used": 20}}, {"type": "Feature", "geometry": {"type": "Point", "coordinates": [79.5, 42.5]}, "properties": {"fdd": 2762.8, "max_consec_freeze_days": 212.2, "cold_wave_freq": 3.4, "radiative_freq": 0.0, "years_used": 20}}, {"type": "Feature", "geometry": {"type": "Point", "coordinates": [79.5, 43.5]}, "properties": {"fdd": 700.5, "max_consec_freeze_days": 67.0, "cold_wave_freq": 5.05, "radiative_freq": 0.0, "years_used": 20}}, {"type": "Feature", "geometry": {"type": "Point", "coordinates": [79.5, 44.5]}, "properties": {"fdd": 1866.5, "max_consec_freeze_days": 140.1, "cold_wave_freq": 10.35, "radiative_freq": 0.0, "years_used": 20}}, {"type": "Feature", "geometry": {"type": "Point", "coordinates": [79.5, 45.5]}, "properties": {"fdd": 1132.2, "max_consec_freeze_days": 75.3, "cold_wave_freq": 11.45, "radiative_freq": 0.0, "years_used": 20}}, {"type": "Feature", "geometry": {"type": "Point", "coordinates": [79.5, 46.5]}, "properties": {"fdd": 1662.8, "max_consec_freeze_days": 118.0, "cold_wave_freq": 13.35, "radiative_freq": 0.0, "years_used": 20}}, {"type": "Feature", "geometry": {"type": "Point", "coordinates": [79.5, 47.5]}, "properties": {"fdd": 1934.2, "max_consec_freeze_days": 135.6, "cold_wave_freq": 13.8, "radiative_freq": 0.0, "years_used": 20}}, {"type": "Feature", "geometry": {"type": "Point", "coordinates": [79.5, 48.5]}, "properties": {"fdd": 2395.1, "max_consec_freeze_days": 147.8, "cold_wave_freq": 17.5, "radiative_freq": 0.0, "years_used": 20}}, {"type": "Feature", "geometry": {"type": "Point", "coordinates": [79.5, 49.5]}, "properties": {"fdd": 2280.0, "max_consec_freeze_days": 145.4, "cold_wave_freq": 17.6, "radiative_freq": 0.0, "years_used": 20}}, {"type": "Feature", "geometry": {"type": "Point", "coordinates": [80.5, 30.5]}, "properties": {"fdd": 3575.1, "max_consec_freeze_days": 262.0, "cold_wave_freq": 5.05, "radiative_freq": 0.0, "years_used": 20}}, {"type": "Feature", "geometry": {"type": "Point", "coordinates": [80.5, 31.5]}, "properties": {"fdd": 4033.2, "max_consec_freeze_days": 284.8, "cold_wave_freq": 1.5, "radiative_freq": 0.0, "years_used": 20}}, {"type": "Feature", "geometry": {"type": "Point", "coordinates": [80.5, 32.5]}, "properties": {"fdd": 3692.1, "max_consec_freeze_days": 281.1, "cold_wave_freq": 0.25, "radiative_freq": 0.0, "years_used": 20}}, {"type": "Feature", "geometry": {"type": "Point", "coordinates": [80.5, 33.5]}, "properties": {"fdd": 3313.4, "max_consec_freeze_days": 268.8, "cold_wave_freq": 0.2, "radiative_freq": 0.0, "years_used": 20}}, {"type": "Feature", "geometry": {"type": "Point", "coordinates": [80.5, 34.5]}, "properties": {"fdd": 4954.4, "max_consec_freeze_days": 323.2, "cold_wave_freq": 1.05, "radiative_freq": 0.0, "years_used": 20}}, {"type": "Feature", "geometry": {"type": "Point", "coordinates": [80.5, 35.5]}, "properties": {"fdd": 5764.1, "max_consec_freeze_days": 365.1, "cold_wave_freq": 1.05, "radiative_freq": 0.0, "years_used": 20}}, {"type": "Feature", "geometry": {"type": "Point", "coordinates": [80.5, 36.5]}, "properties": {"fdd": 825.4, "max_consec_freeze_days": 97.1, "cold_wave_freq": 1.1, "radiative_freq": 0.0, "years_used": 20}}, {"type": "Feature", "geometry": {"type": "Point", "coordinates": [80.5, 37.5]}, "properties": {"fdd": 696.2, "max_consec_freeze_days": 94.1, "cold_wave_freq": 0.25, "radiative_freq": 0.0, "years_used": 20}}, {"type": "Feature", "geometry": {"type": "Point", "coordinates": [80.5, 38.5]}, "properties": {"fdd": 782.0, "max_consec_freeze_days": 105.9, "cold_wave_freq": 0.1, "radiative_freq": 0.0, "years_used": 20}}, {"type": "Feature", "geometry": {"type": "Point", "coordinates": [80.5, 39.5]}, "properties": {"fdd": 803.2, "max_consec_freeze_days": 106.8, "cold_wave_freq": 0.15, "radiative_freq": 0.0, "years_used": 20}}, {"type": "Feature", "geometry": {"type": "Point", "coordinates": [80.5, 40.5]}, "properties": {"fdd": 804.6, "max_consec_freeze_days": 108.6, "cold_wave_freq": 0.3, "radiative_freq": 0.0, "years_used": 20}}, {"type": "Feature", "geometry": {"type": "Point", "coordinates": [80.5, 41.5]}, "properties": {"fdd": 1029.4, "max_consec_freeze_days": 122.5, "cold_wave_freq": 0.3, "radiative_freq": 0.0, "years_used": 20}}, {"type": "Feature", "geometry": {"type": "Point", "coordinates": [80.5, 42.5]}, "properties": {"fdd": 2563.7, "max_consec_freeze_days": 198.8, "cold_wave_freq": 3.5, "radiative_freq": 0.0, "years_used": 20}}, {"type": "Feature", "geometry": {"type": "Point", "coordinates": [80.5, 43.5]}, "properties": {"fdd": 1018.0, "max_consec_freeze_days": 100.5, "cold_wave_freq": 4.55, "radiative_freq": 0.0, "years_used": 20}}, {"type": "Feature", "geometry": {"type": "Point", "coordinates": [80.5, 44.5]}, "properties": {"fdd": 1783.2, "max_consec_freeze_days": 143.2, "cold_wave_freq": 6.2, "radiative_freq": 0.0, "years_used": 20}}, {"type": "Feature", "geometry": {"type": "Point", "coordinates": [80.5, 45.5]}, "properties": {"fdd": 1556.3, "max_consec_freeze_days": 121.8, "cold_wave_freq": 12.4, "radiative_freq": 0.0, "years_used": 20}}, {"type": "Feature", "geometry": {"type": "Point", "coordinates": [80.5, 46.5]}, "properties": {"fdd": 1467.9, "max_consec_freeze_days": 111.0, "cold_wave_freq": 11.1, "radiative_freq": 0.0, "years_used": 20}}, {"type": "Feature", "geometry": {"type": "Point", "coordinates": [80.5, 47.5]}, "properties": {"fdd": 1781.4, "max_consec_freeze_days": 126.7, "cold_wave_freq": 17.2, "radiative_freq": 0.0, "years_used": 20}}, {"type": "Feature", "geometry": {"type": "Point", "coordinates": [80.5, 48.5]}, "properties": {"fdd": 2385.1, "max_consec_freeze_days": 143.9, "cold_wave_freq": 19.0, "radiative_freq": 0.0, "years_used": 20}}, {"type": "Feature", "geometry": {"type": "Point", "coordinates": [80.5, 49.5]}, "properties": {"fdd": 2348.0, "max_consec_freeze_days": 146.3, "cold_wave_freq": 19.1, "radiative_freq": 0.0, "years_used": 20}}, {"type": "Feature", "geometry": {"type": "Point", "coordinates": [81.5, 30.5]}, "properties": {"fdd": 3608.5, "max_consec_freeze_days": 266.6, "cold_wave_freq": 2.6, "radiative_freq": 0.0, "years_used": 20}}, {"type": "Feature", "geometry": {"type": "Point", "coordinates": [81.5, 31.5]}, "properties": {"fdd": 4495.2, "max_consec_freeze_days": 293.7, "cold_wave_freq": 2.1, "radiative_freq": 0.0, "years_used": 20}}, {"type": "Feature", "geometry": {"type": "Point", "coordinates": [81.5, 32.5]}, "properties": {"fdd": 3712.4, "max_consec_freeze_days": 279.4, "cold_wave_freq": 0.35, "radiative_freq": 0.0, "years_used": 20}}, {"type": "Feature", "geometry": {"type": "Point", "coordinates": [81.5, 33.5]}, "properties": {"fdd": 3687.4, "max_consec_freeze_days": 280.1, "cold_wave_freq": 0.4, "radiative_freq": 0.0, "years_used": 20}}, {"type": "Feature", "geometry": {"type": "Point", "coordinates": [81.5, 34.5]}, "properties": {"fdd": 4887.8, "max_consec_freeze_days": 323.5, "cold_wave_freq": 1.15, "radiative_freq": 0.0, "years_used": 20}}, {"type": "Feature", "geometry": {"type": "Point", "coordinates": [81.5, 35.5]}, "properties": {"fdd": 5682.7, "max_consec_freeze_days": 364.9, "cold_wave_freq": 0.7, "radiative_freq": 0.0, "years_used": 20}}, {"type": "Feature", "geometry": {"type": "Point", "coordinates": [81.5, 36.5]}, "properties": {"fdd": 577.2, "max_consec_freeze_days": 64.0, "cold_wave_freq": 1.25, "radiative_freq": 0.0, "years_used": 20}}, {"type": "Feature", "geometry": {"type": "Point", "coordinates": [81.5, 37.5]}, "properties": {"fdd": 735.7, "max_consec_freeze_days": 95.5, "cold_wave_freq": 0.3, "radiative_freq": 0.0, "years_used": 20}}, {"type": "Feature", "geometry": {"type": "Point", "coordinates": [81.5, 38.5]}, "properties": {"fdd": 806.7, "max_consec_freeze_days": 106.4, "cold_wave_freq": 0.15, "radiative_freq": 0.0, "years_used": 20}}, {"type": "Feature", "geometry": {"type": "Point", "coordinates": [81.5, 39.5]}, "properties": {"fdd": 834.1, "max_consec_freeze_days": 107.5, "cold_wave_freq": 0.2, "radiative_freq": 0.0, "years_used": 20}}, {"type": "Feature", "geometry": {"type": "Point", "coordinates": [81.5, 40.5]}, "properties": {"fdd": 831.6, "max_consec_freeze_days": 107.1, "cold_wave_freq": 0.2, "radiative_freq": 0.0, "years_used": 20}}, {"type": "Feature", "geometry": {"type": "Point", "coordinates": [81.5, 41.5]}, "properties": {"fdd": 911.8, "max_consec_freeze_days": 108.0, "cold_wave_freq": 0.25, "radiative_freq": 0.0, "years_used": 20}}, {"type": "Feature", "geometry": {"type": "Point", "coordinates": [81.5, 42.5]}, "properties": {"fdd": 2689.5, "max_consec_freeze_days": 208.9, "cold_wave_freq": 3.35, "radiative_freq": 0.0, "years_used": 20}}, {"type": "Feature", "geometry": {"type": "Point", "coordinates": [81.5, 43.5]}, "properties": {"fdd": 1391.4, "max_consec_freeze_days": 123.2, "cold_wave_freq": 4.6, "radiative_freq": 0.0, "years_used": 20}}, {"type": "Feature", "geometry": {"type": "Point", "coordinates": [81.5, 44.5]}, "properties": {"fdd": 1894.9, "max_consec_freeze_days": 139.2, "cold_wave_freq": 5.8, "radiative_freq": 0.0, "years_used": 20}}, {"type": "Feature", "geometry": {"type": "Point", "coordinates": [81.5, 45.5]}, "properties": {"fdd": 2223.9, "max_consec_freeze_days": 149.8, "cold_wave_freq": 11.8, "radiative_freq": 0.0, "years_used": 20}}, {"type": "Feature", "geometry": {"type": "Point", "coordinates": [81.5, 46.5]}, "properties": {"fdd": 1305.1, "max_consec_freeze_days": 102.9, "cold_wave_freq": 11.05, "radiative_freq": 0.0, "years_used": 20}}, {"type": "Feature", "geometry": {"type": "Point", "coordinates": [81.5, 47.5]}, "properties": {"fdd": 2074.6, "max_consec_freeze_days": 137.9, "cold_wave_freq": 19.15, "radiative_freq": 0.0, "years_used": 20}}, {"type": "Feature", "geometry": {"type": "Point", "coordinates": [81.5, 48.5]}, "properties": {"fdd": 2413.4, "max_consec_freeze_days": 149.6, "cold_wave_freq": 18.55, "radiative_freq": 0.0, "years_used": 20}}, {"type": "Feature", "geometry": {"type": "Point", "coordinates": [81.5, 49.5]}, "properties": {"fdd": 2326.3, "max_consec_freeze_days": 145.1, "cold_wave_freq": 18.95, "radiative_freq": 0.0, "years_used": 20}}, {"type": "Feature", "geometry": {"type": "Point", "coordinates": [82.5, 30.5]}, "properties": {"fdd": 4401.2, "max_consec_freeze_days": 285.9, "cold_wave_freq": 2.7, "radiative_freq": 0.0, "years_used": 20}}, {"type": "Feature", "geometry": {"type": "Point", "coordinates": [82.5, 31.5]}, "properties": {"fdd": 4212.8, "max_consec_freeze_days": 287.4, "cold_wave_freq": 2.35, "radiative_freq": 0.0, "years_used": 20}}, {"type": "Feature", "geometry": {"type": "Point", "coordinates": [82.5, 32.5]}, "properties": {"fdd": 3233.0, "max_consec_freeze_days": 253.0, "cold_wave_freq": 0.7, "radiative_freq": 0.0, "years_used": 20}}, {"type": "Feature", "geometry": {"type": "Point", "coordinates": [82.5, 33.5]}, "properties": {"fdd": 4139.4, "max_consec_freeze_days": 292.4, "cold_wave_freq": 0.55, "radiative_freq": 0.0, "years_used": 20}}, {"type": "Feature", "geometry": {"type": "Point", "coordinates": [82.5, 34.5]}, "properties": {"fdd": 4838.4, "max_consec_freeze_days": 322.2, "cold_wave_freq": 0.8, "radiative_freq": 0.0, "years_used": 20}}, {"type": "Feature", "geometry": {"type": "Point", "coordinates": [82.5, 35.5]}, "properties": {"fdd": 5265.7, "max_consec_freeze_days": 358.6, "cold_wave_freq": 0.55, "radiative_freq": 0.0, "years_used": 20}}, {"type": "Feature", "geometry": {"type": "Point", "coordinates": [82.5, 36.5]}, "properties": {"fdd": 1661.7, "max_consec_freeze_days": 172.2, "cold_wave_freq": 0.55, "radiative_freq": 0.0, "years_used": 20}}, {"type": "Feature", "geometry": {"type": "Point", "coordinates": [82.5, 37.5]}, "properties": {"fdd": 825.9, "max_consec_freeze_days": 99.7, "cold_wave_freq": 0.55, "radiative_freq": 0.0, "years_used": 20}}, {"type": "Feature", "geometry": {"type": "Point", "coordinates": [82.5, 38.5]}, "properties": {"fdd": 863.0, "max_consec_freeze_days": 110.8, "cold_wave_freq": 0.45, "radiative_freq": 0.0, "years_used": 20}}, {"type": "Feature", "geometry": {"type": "Point", "coordinates": [82.5, 39.5]}, "properties": {"fdd": 875.1, "max_consec_freeze_days": 110.7, "cold_wave_freq": 0.15, "radiative_freq": 0.0, "years_used": 20}}, {"type": "Feature", "geometry": {"type": "Point", "coordinates": [82.5, 40.5]}, "properties": {"fdd": 879.6, "max_consec_freeze_days": 106.2, "cold_wave_freq": 0.1, "radiative_freq": 0.0, "years_used": 20}}, {"type": "Feature", "geometry": {"type": "Point", "coordinates": [82.5, 41.5]}, "properties": {"fdd": 817.9, "max_consec_freeze_days": 102.3, "cold_wave_freq": 0.25, "radiative_freq": 0.0, "years_used": 20}}, {"type": "Feature", "geometry": {"type": "Point", "coordinates": [82.5, 42.5]}, "properties": {"fdd": 2467.6, "max_consec_freeze_days": 186.8, "cold_wave_freq": 3.1, "radiative_freq": 0.0, "years_used": 20}}, {"type": "Feature", "geometry": {"type": "Point", "coordinates": [82.5, 43.5]}, "properties": {"fdd": 607.9, "max_consec_freeze_days": 61.9, "cold_wave_freq": 2.55, "radiative_freq": 0.0, "years_used": 20}}, {"type": "Feature", "geometry": {"type": "Point", "coordinates": [82.5, 44.5]}, "properties": {"fdd": 1201.8, "max_consec_freeze_days": 107.5, "cold_wave_freq": 3.05, "radiative_freq": 0.0, "years_used": 20}}, {"type": "Feature", "geometry": {"type": "Point", "coordinates": [82.5, 45.5]}, "properties": {"fdd": 1694.1, "max_consec_freeze_days": 130.8, "cold_wave_freq": 7.85, "radiative_freq": 0.0, "years_used": 20}}, {"type": "Feature", "geometry": {"type": "Point", "coordinates": [82.5, 46.5]}, "properties": {"fdd": 1186.5, "max_consec_freeze_days": 104.5, "cold_wave_freq": 9.6, "radiative_freq": 0.0, "years_used": 20}}, {"type": "Feature", "geometry": {"type": "Point", "coordinates": [82.5, 47.5]}, "properties": {"fdd": 2265.4, "max_consec_freeze_days": 138.4, "cold_wave_freq": 19.15, "radiative_freq": 0.0, "years_used": 20}}, {"type": "Feature", "geometry": {"type": "Point", "coordinates": [82.5, 48.5]}, "properties": {"fdd": 2308.5, "max_consec_freeze_days": 144.6, "cold_wave_freq": 17.1, "radiative_freq": 0.0, "years_used": 20}}, {"type": "Feature", "geometry": {"type": "Point", "coordinates": [82.5, 49.5]}, "properties": {"fdd": 2550.1, "max_consec_freeze_days": 151.6, "cold_wave_freq": 20.55, "radiative_freq": 0.0, "years_used": 20}}, {"type": "Feature", "geometry": {"type": "Point", "coordinates": [83.5, 30.5]}, "properties": {"fdd": 4510.1, "max_consec_freeze_days": 293.9, "cold_wave_freq": 2.45, "radiative_freq": 0.0, "years_used": 20}}, {"type": "Feature", "geometry": {"type": "Point", "coordinates": [83.5, 31.5]}, "properties": {"fdd": 3892.4, "max_consec_freeze_days": 268.2, "cold_wave_freq": 1.25, "radiative_freq": 0.0, "years_used": 20}}, {"type": "Feature", "geometry": {"type": "Point", "coordinates": [83.5, 32.5]}, "properties": {"fdd": 3333.4, "max_consec_freeze_days": 257.0, "cold_wave_freq": 1.1, "radiative_freq": 0.0, "years_used": 20}}, {"type": "Feature", "geometry": {"type": "Point", "coordinates": [83.5, 33.5]}, "properties": {"fdd": 4020.5, "max_consec_freeze_days": 289.0, "cold_wave_freq": 0.55, "radiative_freq": 0.0, "years_used": 20}}, {"type": "Feature", "geometry": {"type": "Point", "coordinates": [83.5, 34.5]}, "properties": {"fdd": 4494.3, "max_consec_freeze_days": 314.3, "cold_wave_freq": 0.4, "radiative_freq": 0.0, "years_used": 20}}, {"type": "Feature", "geometry": {"type": "Point", "coordinates": [83.5, 35.5]}, "properties": {"fdd": 4536.2, "max_consec_freeze_days": 319.6, "cold_wave_freq": 0.45, "radiative_freq": 0.0, "years_used": 20}}, {"type": "Feature", "geometry": {"type": "Point", "coordinates": [83.5, 36.5]}, "properties": {"fdd": 3214.9, "max_consec_freeze_days": 263.7, "cold_wave_freq": 0.25, "radiative_freq": 0.0, "years_used": 20}}, {"type": "Feature", "geometry": {"type": "Point", "coordinates": [83.5, 37.5]}, "properties": {"fdd": 664.3, "max_consec_freeze_days": 84.3, "cold_wave_freq": 0.6, "radiative_freq": 0.0, "years_used": 20}}, {"type": "Feature", "geometry": {"type": "Point", "coordinates": [83.5, 38.5]}, "properties": {"fdd": 916.7, "max_consec_freeze_days": 110.2, "cold_wave_freq": 0.55, "radiative_freq": 0.0, "years_used": 20}}, {"type": "Feature", "geometry": {"type": "Point", "coordinates": [83.5, 39.5]}, "properties": {"fdd": 904.5, "max_consec_freeze_days": 110.9, "cold_wave_freq": 0.35, "radiative_freq": 0.0, "years_used": 20}}, {"type": "Feature", "geometry": {"type": "Point", "coordinates": [83.5, 40.5]}, "properties": {"fdd": 889.6, "max_consec_freeze_days": 106.2, "cold_wave_freq": 0.15, "radiative_freq": 0.0, "years_used": 20}}, {"type": "Feature", "geometry": {"type": "Point", "coordinates": [83.5, 41.5]}, "properties": {"fdd": 769.8, "max_consec_freeze_days": 103.5, "cold_wave_freq": 0.2, "radiative_freq": 0.0, "years_used": 20}}, {"type": "Feature", "geometry": {"type": "Point", "coordinates": [83.5, 42.5]}, "properties": {"fdd": 2573.2, "max_consec_freeze_days": 200.3, "cold_wave_freq": 2.75, "radiative_freq": 0.0, "years_used": 20}}, {"type": "Feature", "geometry": {"type": "Point", "coordinates": [83.5, 43.5]}, "properties": {"fdd": 1682.7, "max_consec_freeze_days": 145.5, "cold_wave_freq": 2.2, "radiative_freq": 0.0, "years_used": 20}}, {"type": "Feature", "geometry": {"type": "Point", "coordinates": [83.5, 44.5]}, "properties": {"fdd": 1171.2, "max_consec_freeze_days": 120.0, "cold_wave_freq": 1.75, "radiative_freq": 0.0, "years_used": 20}}, {"type": "Feature", "geometry": {"type": "Point", "coordinates": [83.5, 45.5]}, "properties": {"fdd": 1930.2, "max_consec_freeze_days": 145.1, "cold_wave_freq": 5.9, "radiative_freq": 0.0, "years_used": 20}}, {"type": "Feature", "geometry": {"type": "Point", "coordinates": [83.5, 46.5]}, "properties": {"fdd": 1520.1, "max_consec_freeze_days": 121.3, "cold_wave_freq": 10.85, "radiative_freq": 0.0, "years_used": 20}}, {"type": "Feature", "geometry": {"type": "Point", "coordinates": [83.5, 47.5]}, "properties": {"fdd": 2000.2, "max_consec_freeze_days": 130.7, "cold_wave_freq": 16.05, "radiative_freq": 0.0, "years_used": 20}}, {"type": "Feature", "geometry": {"type": "Point", "coordinates": [83.5, 48.5]}, "properties": {"fdd": 1876.0, "max_consec_freeze_days": 123.5, "cold_wave_freq": 18.75, "radiative_freq": 0.0, "years_used": 20}}, {"type": "Feature", "geometry": {"type": "Point", "coordinates": [83.5, 49.5]}, "properties": {"fdd": 2542.5, "max_consec_freeze_days": 151.4, "cold_wave_freq": 18.1, "radiative_freq": 0.0, "years_used": 20}}, {"type": "Feature", "geometry": {"type": "Point", "coordinates": [84.5, 30.5]}, "properties": {"fdd": 4586.8, "max_consec_freeze_days": 296.8, "cold_wave_freq": 2.1, "radiative_freq": 0.0, "years_used": 20}}, {"type": "Feature", "geometry": {"type": "Point", "coordinates": [84.5, 31.5]}, "properties": {"fdd": 3361.9, "max_consec_freeze_days": 245.3, "cold_wave_freq": 1.1, "radiative_freq": 0.0, "years_used": 20}}, {"type": "Feature", "geometry": {"type": "Point", "coordinates": [84.5, 32.5]}, "properties": {"fdd": 3403.3, "max_consec_freeze_days": 260.8, "cold_wave_freq": 0.65, "radiative_freq": 0.0, "years_used": 20}}, {"type": "Feature", "geometry": {"type": "Point", "coordinates": [84.5, 33.5]}, "properties": {"fdd": 3766.8, "max_consec_freeze_days": 275.4, "cold_wave_freq": 0.4, "radiative_freq": 0.0, "years_used": 20}}, {"type": "Feature", "geometry": {"type": "Point", "coordinates": [84.5, 34.5]}, "properties": {"fdd": 4593.1, "max_consec_freeze_days": 312.4, "cold_wave_freq": 0.45, "radiative_freq": 0.0, "years_used": 20}}, {"type": "Feature", "geometry": {"type": "Point", "coordinates": [84.5, 35.5]}, "properties": {"fdd": 4503.5, "max_consec_freeze_days": 312.8, "cold_wave_freq": 0.6, "radiative_freq": 0.0, "years_used": 20}}, {"type": "Feature", "geometry": {"type": "Point", "coordinates": [84.5, 36.5]}, "properties": {"fdd": 3982.4, "max_consec_freeze_days": 309.9, "cold_wave_freq": 0.2, "radiative_freq": 0.0, "years_used": 20}}, {"type": "Feature", "geometry": {"type": "Point", "coordinates": [84.5, 37.5]}, "properties": {"fdd": 603.1, "max_consec_freeze_days": 82.5, "cold_wave_freq": 0.45, "radiative_freq": 0.0, "years_used": 20}}, {"type": "Feature", "geometry": {"type": "Point", "coordinates": [84.5, 38.5]}, "properties": {"fdd": 932.7, "max_consec_freeze_days": 110.8, "cold_wave_freq": 0.6, "radiative_freq": 0.0, "years_used": 20}}, {"type": "Feature", "geometry": {"type": "Point", "coordinates": [84.5, 39.5]}, "properties": {"fdd": 913.1, "max_consec_freeze_days": 110.7, "cold_wave_freq": 0.35, "radiative_freq": 0.0, "years_used": 20}}, {"type": "Feature", "geometry": {"type": "Point", "coordinates": [84.5, 40.5]}, "properties": {"fdd": 893.1, "max_consec_freeze_days": 108.3, "cold_wave_freq": 0.05, "radiative_freq": 0.0, "years_used": 20}}, {"type": "Feature", "geometry": {"type": "Point", "coordinates": [84.5, 41.5]}, "properties": {"fdd": 761.8, "max_consec_freeze_days": 101.0, "cold_wave_freq": 0.2, "radiative_freq": 0.0, "years_used": 20}}, {"type": "Feature", "geometry": {"type": "Point", "coordinates": [84.5, 42.5]}, "properties": {"fdd": 2388.5, "max_consec_freeze_days": 189.7, "cold_wave_freq": 2.15, "radiative_freq": 0.0, "years_used": 20}}, {"type": "Feature", "geometry": {"type": "Point", "coordinates": [84.5, 43.5]}, "properties": {"fdd": 2710.3, "max_consec_freeze_days": 198.2, "cold_wave_freq": 2.8, "radiative_freq": 0.0, "years_used": 20}}, {"type": "Feature", "geometry": {"type": "Point", "coordinates": [84.5, 44.5]}, "properties": {"fdd": 1031.9, "max_consec_freeze_days": 115.3, "cold_wave_freq": 2.0, "radiative_freq": 0.0, "years_used": 20}}, {"type": "Feature", "geometry": {"type": "Point", "coordinates": [84.5, 45.5]}, "properties": {"fdd": 1490.3, "max_consec_freeze_days": 128.6, "cold_wave_freq": 4.2, "radiative_freq": 0.0, "years_used": 20}}, {"type": "Feature", "geometry": {"type": "Point", "coordinates": [84.5, 46.5]}, "properties": {"fdd": 2493.1, "max_consec_freeze_days": 157.4, "cold_wave_freq": 14.1, "radiative_freq": 0.0, "years_used": 20}}, {"type": "Feature", "geometry": {"type": "Point", "coordinates": [84.5, 47.5]}, "properties": {"fdd": 1754.3, "max_consec_freeze_days": 124.8, "cold_wave_freq": 14.05, "radiative_freq": 0.0, "years_used": 20}}, {"type": "Feature", "geometry": {"type": "Point", "coordinates": [84.5, 48.5]}, "properties": {"fdd": 1914.5, "max_consec_freeze_days": 123.7, "cold_wave_freq": 19.4, "radiative_freq": 0.0, "years_used": 20}}, {"type": "Feature", "geometry": {"type": "Point", "coordinates": [84.5, 49.5]}, "properties": {"fdd": 2375.1, "max_consec_freeze_days": 146.7, "cold_wave_freq": 16.85, "radiative_freq": 0.0, "years_used": 20}}, {"type": "Feature", "geometry": {"type": "Point", "coordinates": [85.5, 30.5]}, "properties": {"fdd": 3647.6, "max_consec_freeze_days": 265.1, "cold_wave_freq": 0.35, "radiative_freq": 0.0, "years_used": 20}}, {"type": "Feature", "geometry": {"type": "Point", "coordinates": [85.5, 31.5]}, "properties": {"fdd": 3667.1, "max_consec_freeze_days": 270.1, "cold_wave_freq": 0.0, "radiative_freq": 0.0, "years_used": 20}}, {"type": "Feature", "geometry": {"type": "Point", "coordinates": [85.5, 32.5]}, "properties": {"fdd": 3804.1, "max_consec_freeze_days": 275.2, "cold_wave_freq": 0.25, "radiative_freq": 0.0, "years_used": 20}}, {"type": "Feature", "geometry": {"type": "Point", "coordinates": [85.5, 33.5]}, "properties": {"fdd": 4114.4, "max_consec_freeze_days": 287.9, "cold_wave_freq": 0.2, "radiative_freq": 0.0, "years_used": 20}}, {"type": "Feature", "geometry": {"type": "Point", "coordinates": [85.5, 34.5]}, "properties": {"fdd": 5019.4, "max_consec_freeze_days": 324.6, "cold_wave_freq": 0.45, "radiative_freq": 0.0, "years_used": 20}}, {"type": "Feature", "geometry": {"type": "Point", "coordinates": [85.5, 35.5]}, "properties": {"fdd": 4736.8, "max_consec_freeze_days": 316.9, "cold_wave_freq": 0.75, "radiative_freq": 0.0, "years_used": 20}}, {"type": "Feature", "geometry": {"type": "Point", "coordinates": [85.5, 36.5]}, "properties": {"fdd": 4717.6, "max_consec_freeze_days": 326.4, "cold_wave_freq": 0.4, "radiative_freq": 0.0, "years_used": 20}}, {"type": "Feature", "geometry": {"type": "Point", "coordinates": [85.5, 37.5]}, "properties": {"fdd": 1223.3, "max_consec_freeze_days": 140.4, "cold_wave_freq": 0.15, "radiative_freq": 0.0, "years_used": 20}}, {"type": "Feature", "geometry": {"type": "Point", "coordinates": [85.5, 38.5]}, "properties": {"fdd": 918.5, "max_consec_freeze_days": 106.2, "cold_wave_freq": 0.7, "radiative_freq": 0.0, "years_used": 20}}, {"type": "Feature", "geometry": {"type": "Point", "coordinates": [85.5, 39.5]}, "properties": {"fdd": 914.6, "max_consec_freeze_days": 108.0, "cold_wave_freq": 0.4, "radiative_freq": 0.0, "years_used": 20}}, {"type": "Feature", "geometry": {"type": "Point", "coordinates": [85.5, 40.5]}, "properties": {"fdd": 913.6, "max_consec_freeze_days": 107.8, "cold_wave_freq": 0.35, "radiative_freq": 0.0, "years_used": 20}}, {"type": "Feature", "geometry": {"type": "Point", "coordinates": [85.5, 41.5]}, "properties": {"fdd": 864.5, "max_consec_freeze_days": 107.6, "cold_wave_freq": 0.35, "radiative_freq": 0.0, "years_used": 20}}, {"type": "Feature", "geometry": {"type": "Point", "coordinates": [85.5, 42.5]}, "properties": {"fdd": 2504.8, "max_consec_freeze_days": 193.1, "cold_wave_freq": 1.75, "radiative_freq": 0.0, "years_used": 20}}, {"type": "Feature", "geometry": {"type": "Point", "coordinates": [85.5, 43.5]}, "properties": {"fdd": 3505.9, "max_consec_freeze_days": 231.9, "cold_wave_freq": 4.75, "radiative_freq": 0.0, "years_used": 20}}, {"type": "Feature", "geometry": {"type": "Point", "coordinates": [85.5, 44.5]}, "properties": {"fdd": 1126.6, "max_consec_freeze_days": 111.8, "cold_wave_freq": 2.65, "radiative_freq": 0.0, "years_used": 20}}, {"type": "Feature", "geometry": {"type": "Point", "coordinates": [85.5, 45.5]}, "properties": {"fdd": 1377.5, "max_consec_freeze_days": 121.4, "cold_wave_freq": 3.1, "radiative_freq": 0.0, "years_used": 20}}, {"type": "Feature", "geometry": {"type": "Point", "coordinates": [85.5, 46.5]}, "properties": {"fdd": 1540.5, "max_consec_freeze_days": 125.3, "cold_wave_freq": 6.9, "radiative_freq": 0.0, "years_used": 20}}, {"type": "Feature", "geometry": {"type": "Point", "coordinates": [85.5, 47.5]}, "properties": {"fdd": 1729.3, "max_consec_freeze_days": 129.3, "cold_wave_freq": 14.45, "radiative_freq": 0.0, "years_used": 20}}, {"type": "Feature", "geometry": {"type": "Point", "coordinates": [85.5, 48.5]}, "properties": {"fdd": 2517.5, "max_consec_freeze_days": 158.8, "cold_wave_freq": 16.25, "radiative_freq": 0.0, "years_used": 20}}, {"type": "Feature", "geometry": {"type": "Point", "coordinates": [85.5, 49.5]}, "properties": {"fdd": 3222.7, "max_consec_freeze_days": 181.6, "cold_wave_freq": 19.0, "radiative_freq": 0.0, "years_used": 20}}, {"type": "Feature", "geometry": {"type": "Point", "coordinates": [86.5, 30.5]}, "properties": {"fdd": 3440.2, "max_consec_freeze_days": 252.9, "cold_wave_freq": 0.05, "radiative_freq": 0.0, "years_used": 20}}, {"type": "Feature", "geometry": {"type": "Point", "coordinates": [86.5, 31.5]}, "properties": {"fdd": 3562.2, "max_consec_freeze_days": 264.6, "cold_wave_freq": 0.0, "radiative_freq": 0.0, "years_used": 20}}, {"type": "Feature", "geometry": {"type": "Point", "coordinates": [86.5, 32.5]}, "properties": {"fdd": 3645.3, "max_consec_freeze_days": 268.6, "cold_wave_freq": 0.15, "radiative_freq": 0.0, "years_used": 20}}, {"type": "Feature", "geometry": {"type": "Point", "coordinates": [86.5, 33.5]}, "properties": {"fdd": 4209.5, "max_consec_freeze_days": 289.2, "cold_wave_freq": 0.15, "radiative_freq": 0.0, "years_used": 20}}, {"type": "Feature", "geometry": {"type": "Point", "coordinates": [86.5, 34.5]}, "properties": {"fdd": 4801.2, "max_consec_freeze_days": 315.9, "cold_wave_freq": 0.25, "radiative_freq": 0.0, "years_used": 20}}, {"type": "Feature", "geometry": {"type": "Point", "coordinates": [86.5, 35.5]}, "properties": {"fdd": 4673.1, "max_consec_freeze_days": 307.4, "cold_wave_freq": 0.65, "radiative_freq": 0.0, "years_used": 20}}, {"type": "Feature", "geometry": {"type": "Point", "coordinates": [86.5, 36.5]}, "properties": {"fdd": 4905.6, "max_consec_freeze_days": 327.1, "cold_wave_freq": 0.55, "radiative_freq": 0.0, "years_used": 20}}, {"type": "Feature", "geometry": {"type": "Point", "coordinates": [86.5, 37.5]}, "properties": {"fdd": 2261.8, "max_consec_freeze_days": 191.9, "cold_wave_freq": 0.05, "radiative_freq": 0.0, "years_used": 20}}, {"type": "Feature", "geometry": {"type": "Point", "coordinates": [86.5, 38.5]}, "properties": {"fdd": 807.1, "max_consec_freeze_days": 100.8, "cold_wave_freq": 0.75, "radiative_freq": 0.0, "years_used": 20}}, {"type": "Feature", "geometry": {"type": "Point", "coordinates": [86.5, 39.5]}, "properties": {"fdd": 907.0, "max_consec_freeze_days": 107.0, "cold_wave_freq": 0.4, "radiative_freq": 0.0, "years_used": 20}}, {"type": "Feature", "geometry": {"type": "Point", "coordinates": [86.5, 40.5]}, "properties": {"fdd": 918.0, "max_consec_freeze_days": 110.2, "cold_wave_freq": 0.3, "radiative_freq": 0.0, "years_used": 20}}, {"type": "Feature", "geometry": {"type": "Point", "coordinates": [86.5, 41.5]}, "properties": {"fdd": 952.8, "max_consec_freeze_days": 109.8, "cold_wave_freq": 0.45, "radiative_freq": 0.0, "years_used": 20}}, {"type": "Feature", "geometry": {"type": "Point", "coordinates": [86.5, 42.5]}, "properties": {"fdd": 1511.7, "max_consec_freeze_days": 140.4, "cold_wave_freq": 1.7, "radiative_freq": 0.0, "years_used": 20}}, {"type": "Feature", "geometry": {"type": "Point", "coordinates": [86.5, 43.5]}, "properties": {"fdd": 2830.7, "max_consec_freeze_days": 198.3, "cold_wave_freq": 4.25, "radiative_freq": 0.0, "years_used": 20}}, {"type": "Feature", "geometry": {"type": "Point", "coordinates": [86.5, 44.5]}, "properties": {"fdd": 1141.0, "max_consec_freeze_days": 109.0, "cold_wave_freq": 2.75, "radiative_freq": 0.0, "years_used": 20}}, {"type": "Feature", "geometry": {"type": "Point", "coordinates": [86.5, 45.5]}, "properties": {"fdd": 1364.3, "max_consec_freeze_days": 121.2, "cold_wave_freq": 3.6, "radiative_freq": 0.0, "years_used": 20}}, {"type": "Feature", "geometry": {"type": "Point", "coordinates": [86.5, 46.5]}, "properties": {"fdd": 1574.6, "max_consec_freeze_days": 127.0, "cold_wave_freq": 5.8, "radiative_freq": 0.0, "years_used": 20}}, {"type": "Feature", "geometry": {"type": "Point", "coordinates": [86.5, 47.5]}, "properties": {"fdd": 1838.2, "max_consec_freeze_days": 133.7, "cold_wave_freq": 11.3, "radiative_freq": 0.0, "years_used": 20}}, {"type": "Feature", "geometry": {"type": "Point", "coordinates": [86.5, 48.5]}, "properties": {"fdd": 2800.5, "max_consec_freeze_days": 172.2, "cold_wave_freq": 16.55, "radiative_freq": 0.0, "years_used": 20}}, {"type": "Feature", "geometry": {"type": "Point", "coordinates": [86.5, 49.5]}, "properties": {"fdd": 3869.7, "max_consec_freeze_days": 200.2, "cold_wave_freq": 18.15, "radiative_freq": 0.0, "years_used": 20}}, {"type": "Feature", "geometry": {"type": "Point", "coordinates": [87.5, 30.5]}, "properties": {"fdd": 3543.0, "max_consec_freeze_days": 269.8, "cold_wave_freq": 0.0, "radiative_freq": 0.0, "years_used": 20}}, {"type": "Feature", "geometry": {"type": "Point", "coordinates": [87.5, 31.5]}, "properties": {"fdd": 3154.8, "max_consec_freeze_days": 247.4, "cold_wave_freq": 0.05, "radiative_freq": 0.0, "years_used": 20}}, {"type": "Feature", "geometry": {"type": "Point", "coordinates": [87.5, 32.5]}, "properties": {"fdd": 3973.7, "max_consec_freeze_days": 278.1, "cold_wave_freq": 0.05, "radiative_freq": 0.0, "years_used": 20}}, {"type": "Feature", "geometry": {"type": "Point", "coordinates": [87.5, 33.5]}, "properties": {"fdd": 4296.3, "max_consec_freeze_days": 291.7, "cold_wave_freq": 0.45, "radiative_freq": 0.0, "years_used": 20}}, {"type": "Feature", "geometry": {"type": "Point", "coordinates": [87.5, 34.5]}, "properties": {"fdd": 4414.4, "max_consec_freeze_days": 293.1, "cold_wave_freq": 0.45, "radiative_freq": 0.0, "years_used": 20}}, {"type": "Feature", "geometry": {"type": "Point", "coordinates": [87.5, 35.5]}, "properties": {"fdd": 4493.6, "max_consec_freeze_days": 295.1, "cold_wave_freq": 0.65, "radiative_freq": 0.0, "years_used": 20}}, {"type": "Feature", "geometry": {"type": "Point", "coordinates": [87.5, 36.5]}, "properties": {"fdd": 4997.3, "max_consec_freeze_days": 330.1, "cold_wave_freq": 0.4, "radiative_freq": 0.0, "years_used": 20}}, {"type": "Feature", "geometry": {"type": "Point", "coordinates": [87.5, 37.5]}, "properties": {"fdd": 3556.5, "max_consec_freeze_days": 266.6, "cold_wave_freq": 0.45, "radiative_freq": 0.0, "years_used": 20}}, {"type": "Feature", "geometry": {"type": "Point", "coordinates": [87.5, 38.5]}, "properties": {"fdd": 576.4, "max_consec_freeze_days": 79.5, "cold_wave_freq": 0.75, "radiative_freq": 0.0, "years_used": 20}}, {"type": "Feature", "geometry": {"type": "Point", "coordinates": [87.5, 39.5]}, "properties": {"fdd": 888.9, "max_consec_freeze_days": 108.6, "cold_wave_freq": 0.35, "radiative_freq": 0.0, "years_used": 20}}, {"type": "Feature", "geometry": {"type": "Point", "coordinates": [87.5, 40.5]}, "properties": {"fdd": 872.3, "max_consec_freeze_days": 107.2, "cold_wave_freq": 0.35, "radiative_freq": 0.0, "years_used": 20}}, {"type": "Feature", "geometry": {"type": "Point", "coordinates": [87.5, 41.5]}, "properties": {"fdd": 1222.9, "max_consec_freeze_days": 126.4, "cold_wave_freq": 1.5, "radiative_freq": 0.0, "years_used": 20}}, {"type": "Feature", "geometry": {"type": "Point", "coordinates": [87.5, 42.5]}, "properties": {"fdd": 1689.5, "max_consec_freeze_days": 150.1, "cold_wave_freq": 2.55, "radiative_freq": 0.0, "years_used": 20}}, {"type": "Feature", "geometry": {"type": "Point", "coordinates": [87.5, 43.5]}, "properties": {"fdd": 1695.7, "max_consec_freeze_days": 136.1, "cold_wave_freq": 6.8, "radiative_freq": 0.0, "years_used": 20}}, {"type": "Feature", "geometry": {"type": "Point", "coordinates": [87.5, 44.5]}, "properties": {"fdd": 1125.2, "max_consec_freeze_days": 111.8, "cold_wave_freq": 2.85, "radiative_freq": 0.0, "years_used": 20}}, {"type": "Feature", "geometry": {"type": "Point", "coordinates": [87.5, 45.5]}, "properties": {"fdd": 1431.0, "max_consec_freeze_days": 121.5, "cold_wave_freq": 5.85, "radiative_freq": 0.0, "years_used": 20}}, {"type": "Feature", "geometry": {"type": "Point", "coordinates": [87.5, 46.5]}, "properties": {"fdd": 1792.9, "max_consec_freeze_days": 132.9, "cold_wave_freq": 8.45, "radiative_freq": 0.0, "years_used": 20}}, {"type": "Feature", "geometry": {"type": "Point", "coordinates": [87.5, 47.5]}, "properties": {"fdd": 1731.2, "max_consec_freeze_days": 121.0, "cold_wave_freq": 11.4, "radiative_freq": 0.0, "years_used": 20}}, {"type": "Feature", "geometry": {"type": "Point", "coordinates": [87.5, 48.5]}, "properties": {"fdd": 3577.3, "max_consec_freeze_days": 194.4, "cold_wave_freq": 19.3, "radiative_freq": 0.0, "years_used": 20}}, {"type": "Feature", "geometry": {"type": "Point", "coordinates": [87.5, 49.5]}, "properties": {"fdd": 4478.9, "max_consec_freeze_days": 238.1, "cold_wave_freq": 12.9, "radiative_freq": 0.0, "years_used": 20}}, {"type": "Feature", "geometry": {"type": "Point", "coordinates": [88.5, 30.5]}, "properties": {"fdd": 3367.4, "max_consec_freeze_days": 269.1, "cold_wave_freq": 0.0, "radiative_freq": 0.0, "years_used": 20}}, {"type": "Feature", "geometry": {"type": "Point", "coordinates": [88.5, 31.5]}, "properties": {"fdd": 2860.4, "max_consec_freeze_days": 221.3, "cold_wave_freq": 0.25, "radiative_freq": 0.0, "years_used": 20}}, {"type": "Feature", "geometry": {"type": "Point", "coordinates": [88.5, 32.5]}, "properties": {"fdd": 3649.0, "max_consec_freeze_days": 266.6, "cold_wave_freq": 0.2, "radiative_freq": 0.0, "years_used": 20}}, {"type": "Feature", "geometry": {"type": "Point", "coordinates": [88.5, 33.5]}, "properties": {"fdd": 4326.5, "max_consec_freeze_days": 289.7, "cold_wave_freq": 0.35, "radiative_freq": 0.0, "years_used": 20}}, {"type": "Feature", "geometry": {"type": "Point", "coordinates": [88.5, 34.5]}, "properties": {"fdd": 4235.0, "max_consec_freeze_days": 290.8, "cold_wave_freq": 0.6, "radiative_freq": 0.0, "years_used": 20}}, {"type": "Feature", "geometry": {"type": "Point", "coordinates": [88.5, 35.5]}, "properties": {"fdd": 4602.8, "max_consec_freeze_days": 301.3, "cold_wave_freq": 0.55, "radiative_freq": 0.0, "years_used": 20}}, {"type": "Feature", "geometry": {"type": "Point", "coordinates": [88.5, 36.5]}, "properties": {"fdd": 4540.6, "max_consec_freeze_days": 312.7, "cold_wave_freq": 0.2, "radiative_freq": 0.0, "years_used": 20}}, {"type": "Feature", "geometry": {"type": "Point", "coordinates": [88.5, 37.5]}, "properties": {"fdd": 3952.3, "max_consec_freeze_days": 278.1, "cold_wave_freq": 0.45, "radiative_freq": 0.0, "years_used": 20}}, {"type": "Feature", "geometry": {"type": "Point", "coordinates": [88.5, 38.5]}, "properties": {"fdd": 2033.8, "max_consec_freeze_days": 190.7, "cold_wave_freq": 0.15, "radiative_freq": 0.0, "years_used": 20}}, {"type": "Feature", "geometry": {"type": "Point", "coordinates": [88.5, 39.5]}, "properties": {"fdd": 722.6, "max_consec_freeze_days": 97.5, "cold_wave_freq": 0.35, "radiative_freq": 0.0, "years_used": 20}}, {"type": "Feature", "geometry": {"type": "Point", "coordinates": [88.5, 40.5]}, "properties": {"fdd": 839.5, "max_consec_freeze_days": 108.8, "cold_wave_freq": 0.35, "radiative_freq": 0.0, "years_used": 20}}, {"type": "Feature", "geometry": {"type": "Point", "coordinates": [88.5, 41.5]}, "properties": {"fdd": 1300.3, "max_consec_freeze_days": 132.8, "cold_wave_freq": 1.45, "radiative_freq": 0.0, "years_used": 20}}, {"type": "Feature", "geometry": {"type": "Point", "coordinates": [88.5, 42.5]}, "properties": {"fdd": 849.6, "max_consec_freeze_days": 99.8, "cold_wave_freq": 0.9, "radiative_freq": 0.0, "years_used": 20}}, {"type": "Feature", "geometry": {"type": "Point", "coordinates": [88.5, 43.5]}, "properties": {"fdd": 2301.0, "max_consec_freeze_days": 160.2, "cold_wave_freq": 6.7, "radiative_freq": 0.0, "years_used": 20}}, {"type": "Feature", "geometry": {"type": "Point", "coordinates": [88.5, 44.5]}, "properties": {"fdd": 1270.6, "max_consec_freeze_days": 113.2, "cold_wave_freq": 3.35, "radiative_freq": 0.0, "years_used": 20}}, {"type": "Feature", "geometry": {"type": "Point", "coordinates": [88.5, 45.5]}, "properties": {"fdd": 1575.6, "max_consec_freeze_days": 124.4, "cold_wave_freq": 8.75, "radiative_freq": 0.0, "years_used": 20}}, {"type": "Feature", "geometry": {"type": "Point", "coordinates": [88.5, 46.5]}, "properties": {"fdd": 1814.5, "max_consec_freeze_days": 132.2, "cold_wave_freq": 10.25, "radiative_freq": 0.0, "years_used": 20}}, {"type": "Feature", "geometry": {"type": "Point", "coordinates": [88.5, 47.5]}, "properties": {"fdd": 1962.5, "max_consec_freeze_days": 138.5, "cold_wave_freq": 11.1, "radiative_freq": 0.0, "years_used": 20}}, {"type": "Feature", "geometry": {"type": "Point", "coordinates": [88.5, 48.5]}, "properties": {"fdd": 4295.2, "max_consec_freeze_days": 231.7, "cold_wave_freq": 10.75, "radiative_freq": 0.0, "years_used": 20}}, {"type": "Feature", "geometry": {"type": "Point", "coordinates": [88.5, 49.5]}, "properties": {"fdd": 4454.7, "max_consec_freeze_days": 251.1, "cold_wave_freq": 9.55, "radiative_freq": 0.0, "years_used": 20}}, {"type": "Feature", "geometry": {"type": "Point", "coordinates": [89.5, 30.5]}, "properties": {"fdd": 3286.3, "max_consec_freeze_days": 265.1, "cold_wave_freq": 0.0, "radiative_freq": 0.0, "years_used": 20}}, {"type": "Feature", "geometry": {"type": "Point", "coordinates": [89.5, 31.5]}, "properties": {"fdd": 2835.7, "max_consec_freeze_days": 222.8, "cold_wave_freq": 0.25, "radiative_freq": 0.0, "years_used": 20}}, {"type": "Feature", "geometry": {"type": "Point", "coordinates": [89.5, 32.5]}, "properties": {"fdd": 3485.8, "max_consec_freeze_days": 256.1, "cold_wave_freq": 0.3, "radiative_freq": 0.0, "years_used": 20}}, {"type": "Feature", "geometry": {"type": "Point", "coordinates": [89.5, 33.5]}, "properties": {"fdd": 4243.0, "max_consec_freeze_days": 284.2, "cold_wave_freq": 0.4, "radiative_freq": 0.0, "years_used": 20}}, {"type": "Feature", "geometry": {"type": "Point", "coordinates": [89.5, 34.5]}, "properties": {"fdd": 4374.9, "max_consec_freeze_days": 294.6, "cold_wave_freq": 0.45, "radiative_freq": 0.0, "years_used": 20}}, {"type": "Feature", "geometry": {"type": "Point", "coordinates": [89.5, 35.5]}, "properties": {"fdd": 4611.7, "max_consec_freeze_days": 300.6, "cold_wave_freq": 0.6, "radiative_freq": 0.0, "years_used": 20}}, {"type": "Feature", "geometry": {"type": "Point", "coordinates": [89.5, 36.5]}, "properties": {"fdd": 4450.9, "max_consec_freeze_days": 306.8, "cold_wave_freq": 0.4, "radiative_freq": 0.0, "years_used": 20}}, {"type": "Feature", "geometry": {"type": "Point", "coordinates": [89.5, 37.5]}, "properties": {"fdd": 3158.7, "max_consec_freeze_days": 235.9, "cold_wave_freq": 0.45, "radiative_freq": 0.0, "years_used": 20}}, {"type": "Feature", "geometry": {"type": "Point", "coordinates": [89.5, 38.5]}, "properties": {"fdd": 2614.4, "max_consec_freeze_days": 219.3, "cold_wave_freq": 0.2, "radiative_freq": 0.0, "years_used": 20}}, {"type": "Feature", "geometry": {"type": "Point", "coordinates": [89.5, 39.5]}, "properties": {"fdd": 687.6, "max_consec_freeze_days": 93.8, "cold_wave_freq": 0.3, "radiative_freq": 0.0, "years_used": 20}}, {"type": "Feature", "geometry": {"type": "Point", "coordinates": [89.5, 40.5]}, "properties": {"fdd": 832.2, "max_consec_freeze_days": 108.5, "cold_wave_freq": 0.55, "radiative_freq": 0.0, "years_used": 20}}, {"type": "Feature", "geometry": {"type": "Point", "coordinates": [89.5, 41.5]}, "properties": {"fdd": 1196.2, "max_consec_freeze_days": 127.2, "cold_wave_freq": 1.45, "radiative_freq": 0.0, "years_used": 20}}, {"type": "Feature", "geometry": {"type": "Point", "coordinates": [89.5, 42.5]}, "properties": {"fdd": 600.8, "max_consec_freeze_days": 80.6, "cold_wave_freq": 1.15, "radiative_freq": 0.0, "years_used": 20}}, {"type": "Feature", "geometry": {"type": "Point", "coordinates": [89.5, 43.5]}, "properties": {"fdd": 2450.9, "max_consec_freeze_days": 172.4, "cold_wave_freq": 8.0, "radiative_freq": 0.0, "years_used": 20}}, {"type": "Feature", "geometry": {"type": "Point", "coordinates": [89.5, 44.5]}, "properties": {"fdd": 1209.2, "max_consec_freeze_days": 112.9, "cold_wave_freq": 3.45, "radiative_freq": 0.0, "years_used": 20}}, {"type": "Feature", "geometry": {"type": "Point", "coordinates": [89.5, 45.5]}, "properties": {"fdd": 1647.3, "max_consec_freeze_days": 129.8, "cold_wave_freq": 9.75, "radiative_freq": 0.0, "years_used": 20}}, {"type": "Feature", "geometry": {"type": "Point", "coordinates": [89.5, 46.5]}, "properties": {"fdd": 1761.8, "max_consec_freeze_days": 133.5, "cold_wave_freq": 11.35, "radiative_freq": 0.0, "years_used": 20}}, {"type": "Feature", "geometry": {"type": "Point", "coordinates": [89.5, 47.5]}, "properties": {"fdd": 2931.0, "max_consec_freeze_days": 181.2, "cold_wave_freq": 14.35, "radiative_freq": 0.0, "years_used": 20}}, {"type": "Feature", "geometry": {"type": "Point", "coordinates": [89.5, 48.5]}, "properties": {"fdd": 4205.9, "max_consec_freeze_days": 241.2, "cold_wave_freq": 9.65, "radiative_freq": 0.0, "years_used": 20}}, {"type": "Feature", "geometry": {"type": "Point", "coordinates": [89.5, 49.5]}, "properties": {"fdd": 4299.9, "max_consec_freeze_days": 247.0, "cold_wave_freq": 9.1, "radiative_freq": 0.0, "years_used": 20}}, {"type": "Feature", "geometry": {"type": "Point", "coordinates": [90.5, 21.5]}, "properties": {"fdd": 0.0, "max_consec_freeze_days": 0.0, "cold_wave_freq": 0.0, "radiative_freq": 0.0, "years_used": 20}}, {"type": "Feature", "geometry": {"type": "Point", "coordinates": [90.5, 22.5]}, "properties": {"fdd": 0.0, "max_consec_freeze_days": 0.0, "cold_wave_freq": 0.0, "radiative_freq": 0.0, "years_used": 20}}, {"type": "Feature", "geometry": {"type": "Point", "coordinates": [90.5, 23.5]}, "properties": {"fdd": 0.0, "max_consec_freeze_days": 0.0, "cold_wave_freq": 0.0, "radiative_freq": 0.0, "years_used": 20}}, {"type": "Feature", "geometry": {"type": "Point", "coordinates": [90.5, 24.5]}, "properties": {"fdd": 0.0, "max_consec_freeze_days": 0.0, "cold_wave_freq": 0.0, "radiative_freq": 0.0, "years_used": 20}}, {"type": "Feature", "geometry": {"type": "Point", "coordinates": [90.5, 25.5]}, "properties": {"fdd": 0.0, "max_consec_freeze_days": 0.0, "cold_wave_freq": 0.0, "radiative_freq": 0.0, "years_used": 20}}, {"type": "Feature", "geometry": {"type": "Point", "coordinates": [90.5, 26.5]}, "properties": {"fdd": 0.0, "max_consec_freeze_days": 0.0, "cold_wave_freq": 0.0, "radiative_freq": 0.0, "years_used": 20}}, {"type": "Feature", "geometry": {"type": "Point", "coordinates": [90.5, 27.5]}, "properties": {"fdd": 458.3, "max_consec_freeze_days": 77.0, "cold_wave_freq": 0.0, "radiative_freq": 0.0, "years_used": 20}}, {"type": "Feature", "geometry": {"type": "Point", "coordinates": [90.5, 28.5]}, "properties": {"fdd": 2634.2, "max_consec_freeze_days": 242.4, "cold_wave_freq": 0.0, "radiative_freq": 0.0, "years_used": 20}}, {"type": "Feature", "geometry": {"type": "Point", "coordinates": [90.5, 29.5]}, "properties": {"fdd": 1817.2, "max_consec_freeze_days": 208.7, "cold_wave_freq": 0.0, "radiative_freq": 0.0, "years_used": 20}}, {"type": "Feature", "geometry": {"type": "Point", "coordinates": [90.5, 30.5]}, "properties": {"fdd": 3068.6, "max_consec_freeze_days": 248.2, "cold_wave_freq": 0.5, "radiative_freq": 0.0, "years_used": 20}}, {"type": "Feature", "geometry": {"type": "Point", "coordinates": [90.5, 31.5]}, "properties": {"fdd": 2939.6, "max_consec_freeze_days": 229.8, "cold_wave_freq": 0.4, "radiative_freq": 0.0, "years_used": 20}}, {"type": "Feature", "geometry": {"type": "Point", "coordinates": [90.5, 32.5]}, "properties": {"fdd": 3515.6, "max_consec_freeze_days": 259.8, "cold_wave_freq": 0.5, "radiative_freq": 0.0, "years_used": 20}}, {"type": "Feature", "geometry": {"type": "Point", "coordinates": [90.5, 33.5]}, "properties": {"fdd": 4371.5, "max_consec_freeze_days": 285.6, "cold_wave_freq": 0.65, "radiative_freq": 0.0, "years_used": 20}}, {"type": "Feature", "geometry": {"type": "Point", "coordinates": [90.5, 34.5]}, "properties": {"fdd": 4344.8, "max_consec_freeze_days": 291.7, "cold_wave_freq": 0.4, "radiative_freq": 0.0, "years_used": 20}}, {"type": "Feature", "geometry": {"type": "Point", "coordinates": [90.5, 35.5]}, "properties": {"fdd": 4698.8, "max_consec_freeze_days": 296.6, "cold_wave_freq": 1.1, "radiative_freq": 0.0, "years_used": 20}}, {"type": "Feature", "geometry": {"type": "Point", "coordinates": [90.5, 36.5]}, "properties": {"fdd": 4484.0, "max_consec_freeze_days": 317.0, "cold_wave_freq": 0.6, "radiative_freq": 0.0, "years_used": 20}}, {"type": "Feature", "geometry": {"type": "Point", "coordinates": [90.5, 37.5]}, "properties": {"fdd": 3416.4, "max_consec_freeze_days": 263.8, "cold_wave_freq": 0.1, "radiative_freq": 0.0, "years_used": 20}}, {"type": "Feature", "geometry": {"type": "Point", "coordinates": [90.5, 38.5]}, "properties": {"fdd": 2247.5, "max_consec_freeze_days": 202.9, "cold_wave_freq": 0.2, "radiative_freq": 0.0, "years_used": 20}}, {"type": "Feature", "geometry": {"type": "Point", "coordinates": [90.5, 39.5]}, "properties": {"fdd": 749.0, "max_consec_freeze_days": 98.6, "cold_wave_freq": 1.05, "radiative_freq": 0.0, "years_used": 20}}, {"type": "Feature", "geometry": {"type": "Point", "coordinates": [90.5, 40.5]}, "properties": {"fdd": 892.2, "max_consec_freeze_days": 112.8, "cold_wave_freq": 0.6, "radiative_freq": 0.0, "years_used": 20}}, {"type": "Feature", "geometry": {"type": "Point", "coordinates": [90.5, 41.5]}, "properties": {"fdd": 1091.4, "max_consec_freeze_days": 121.4, "cold_wave_freq": 1.6, "radiative_freq": 0.0, "years_used": 20}}, {"type": "Feature", "geometry": {"type": "Point", "coordinates": [90.5, 42.5]}, "properties": {"fdd": 824.5, "max_consec_freeze_days": 103.0, "cold_wave_freq": 1.25, "radiative_freq": 0.0, "years_used": 20}}, {"type": "Feature", "geometry": {"type": "Point", "coordinates": [90.5, 43.5]}, "properties": {"fdd": 2082.4, "max_consec_freeze_days": 156.7, "cold_wave_freq": 6.95, "radiative_freq": 0.0, "years_used": 20}}, {"type": "Feature", "geometry": {"type": "Point", "coordinates": [90.5, 44.5]}, "properties": {"fdd": 1199.9, "max_consec_freeze_days": 118.5, "cold_wave_freq": 4.75, "radiative_freq": 0.0, "years_used": 20}}, {"type": "Feature", "geometry": {"type": "Point", "coordinates": [90.5, 45.5]}, "properties": {"fdd": 2012.7, "max_consec_freeze_days": 146.0, "cold_wave_freq": 8.75, "radiative_freq": 0.0, "years_used": 20}}, {"type": "Feature", "geometry": {"type": "Point", "coordinates": [90.5, 46.5]}, "properties": {"fdd": 2333.3, "max_consec_freeze_days": 157.9, "cold_wave_freq": 11.2, "radiative_freq": 0.0, "years_used": 20}}, {"type": "Feature", "geometry": {"type": "Point", "coordinates": [90.5, 47.5]}, "properties": {"fdd": 4162.5, "max_consec_freeze_days": 235.8, "cold_wave_freq": 10.65, "radiative_freq": 0.0, "years_used": 20}}, {"type": "Feature", "geometry": {"type": "Point", "coordinates": [90.5, 48.5]}, "properties": {"fdd": 4006.3, "max_consec_freeze_days": 235.6, "cold_wave_freq": 10.75, "radiative_freq": 0.0, "years_used": 20}}, {"type": "Feature", "geometry": {"type": "Point", "coordinates": [90.5, 49.5]}, "properties": {"fdd": 3134.2, "max_consec_freeze_days": 189.7, "cold_wave_freq": 5.4, "radiative_freq": 0.0, "years_used": 20}}, {"type": "Feature", "geometry": {"type": "Point", "coordinates": [91.5, 21.5]}, "properties": {"fdd": 0.0, "max_consec_freeze_days": 0.0, "cold_wave_freq": 0.0, "radiative_freq": 0.0, "years_used": 20}}, {"type": "Feature", "geometry": {"type": "Point", "coordinates": [91.5, 22.5]}, "properties": {"fdd": 0.0, "max_consec_freeze_days": 0.0, "cold_wave_freq": 0.0, "radiative_freq": 0.0, "years_used": 20}}, {"type": "Feature", "geometry": {"type": "Point", "coordinates": [91.5, 23.5]}, "properties": {"fdd": 0.0, "max_consec_freeze_days": 0.0, "cold_wave_freq": 0.0, "radiative_freq": 0.0, "years_used": 20}}, {"type": "Feature", "geometry": {"type": "Point", "coordinates": [91.5, 24.5]}, "properties": {"fdd": 0.0, "max_consec_freeze_days": 0.0, "cold_wave_freq": 0.0, "radiative_freq": 0.0, "years_used": 20}}, {"type": "Feature", "geometry": {"type": "Point", "coordinates": [91.5, 25.5]}, "properties": {"fdd": 0.0, "max_consec_freeze_days": 0.0, "cold_wave_freq": 0.0, "radiative_freq": 0.0, "years_used": 20}}, {"type": "Feature", "geometry": {"type": "Point", "coordinates": [91.5, 26.5]}, "properties": {"fdd": 0.0, "max_consec_freeze_days": 0.0, "cold_wave_freq": 0.0, "radiative_freq": 0.0, "years_used": 20}}, {"type": "Feature", "geometry": {"type": "Point", "coordinates": [91.5, 27.5]}, "properties": {"fdd": 98.6, "max_consec_freeze_days": 19.6, "cold_wave_freq": 0.0, "radiative_freq": 0.0, "years_used": 20}}, {"type": "Feature", "geometry": {"type": "Point", "coordinates": [91.5, 28.5]}, "properties": {"fdd": 2544.6, "max_consec_freeze_days": 243.8, "cold_wave_freq": 0.05, "radiative_freq": 0.0, "years_used": 20}}, {"type": "Feature", "geometry": {"type": "Point", "coordinates": [91.5, 29.5]}, "properties": {"fdd": 1285.7, "max_consec_freeze_days": 178.2, "cold_wave_freq": 0.05, "radiative_freq": 0.0, "years_used": 20}}, {"type": "Feature", "geometry": {"type": "Point", "coordinates": [91.5, 30.5]}, "properties": {"fdd": 2533.6, "max_consec_freeze_days": 235.9, "cold_wave_freq": 0.35, "radiative_freq": 0.0, "years_used": 20}}, {"type": "Feature", "geometry": {"type": "Point", "coordinates": [91.5, 31.5]}, "properties": {"fdd": 2850.7, "max_consec_freeze_days": 227.2, "cold_wave_freq": 0.7, "radiative_freq": 0.0, "years_used": 20}}, {"type": "Feature", "geometry": {"type": "Point", "coordinates": [91.5, 32.5]}, "properties": {"fdd": 3572.4, "max_consec_freeze_days": 259.2, "cold_wave_freq": 0.5, "radiative_freq": 0.0, "years_used": 20}}, {"type": "Feature", "geometry": {"type": "Point", "coordinates": [91.5, 33.5]}, "properties": {"fdd": 4563.6, "max_consec_freeze_days": 303.5, "cold_wave_freq": 0.6, "radiative_freq": 0.0, "years_used": 20}}, {"type": "Feature", "geometry": {"type": "Point", "coordinates": [91.5, 34.5]}, "properties": {"fdd": 4287.8, "max_consec_freeze_days": 290.4, "cold_wave_freq": 0.55, "radiative_freq": 0.0, "years_used": 20}}, {"type": "Feature", "geometry": {"type": "Point", "coordinates": [91.5, 35.5]}, "properties": {"fdd": 4724.0, "max_consec_freeze_days": 296.1, "cold_wave_freq": 1.05, "radiative_freq": 0.0, "years_used": 20}}, {"type": "Feature", "geometry": {"type": "Point", "coordinates": [91.5, 36.5]}, "properties": {"fdd": 4572.0, "max_consec_freeze_days": 324.3, "cold_wave_freq": 0.45, "radiative_freq": 0.0, "years_used": 20}}, {"type": "Feature", "geometry": {"type": "Point", "coordinates": [91.5, 37.5]}, "properties": {"fdd": 2930.5, "max_consec_freeze_days": 248.3, "cold_wave_freq": 0.1, "radiative_freq": 0.0, "years_used": 20}}, {"type": "Feature", "geometry": {"type": "Point", "coordinates": [91.5, 38.5]}, "properties": {"fdd": 1966.3, "max_consec_freeze_days": 188.2, "cold_wave_freq": 0.55, "radiative_freq": 0.0, "years_used": 20}}, {"type": "Feature", "geometry": {"type": "Point", "coordinates": [91.5, 39.5]}, "properties": {"fdd": 795.9, "max_consec_freeze_days": 104.5, "cold_wave_freq": 1.35, "radiative_freq": 0.0, "years_used": 20}}, {"type": "Feature", "geometry": {"type": "Point", "coordinates": [91.5, 40.5]}, "properties": {"fdd": 831.9, "max_consec_freeze_days": 106.8, "cold_wave_freq": 0.7, "radiative_freq": 0.0, "years_used": 20}}, {"type": "Feature", "geometry": {"type": "Point", "coordinates": [91.5, 41.5]}, "properties": {"fdd": 1068.6, "max_consec_freeze_days": 120.0, "cold_wave_freq": 1.55, "radiative_freq": 0.0, "years_used": 20}}, {"type": "Feature", "geometry": {"type": "Point", "coordinates": [91.5, 42.5]}, "properties": {"fdd": 864.8, "max_consec_freeze_days": 105.5, "cold_wave_freq": 1.5, "radiative_freq": 0.0, "years_used": 20}}, {"type": "Feature", "geometry": {"type": "Point", "coordinates": [91.5, 43.5]}, "properties": {"fdd": 1657.8, "max_consec_freeze_days": 138.4, "cold_wave_freq": 5.1, "radiative_freq": 0.0, "years_used": 20}}, {"type": "Feature", "geometry": {"type": "Point", "coordinates": [91.5, 44.5]}, "properties": {"fdd": 1322.0, "max_consec_freeze_days": 123.9, "cold_wave_freq": 5.55, "radiative_freq": 0.0, "years_used": 20}}, {"type": "Feature", "geometry": {"type": "Point", "coordinates": [91.5, 45.5]}, "properties": {"fdd": 2065.6, "max_consec_freeze_days": 149.7, "cold_wave_freq": 5.9, "radiative_freq": 0.0, "years_used": 20}}, {"type": "Feature", "geometry": {"type": "Point", "coordinates": [91.5, 46.5]}, "properties": {"fdd": 2880.3, "max_consec_freeze_days": 179.7, "cold_wave_freq": 12.05, "radiative_freq": 0.0, "years_used": 20}}, {"type": "Feature", "geometry": {"type": "Point", "coordinates": [91.5, 47.5]}, "properties": {"fdd": 3918.7, "max_consec_freeze_days": 236.2, "cold_wave_freq": 10.3, "radiative_freq": 0.0, "years_used": 20}}, {"type": "Feature", "geometry": {"type": "Point", "coordinates": [91.5, 48.5]}, "properties": {"fdd": 2846.3, "max_consec_freeze_days": 187.7, "cold_wave_freq": 5.35, "radiative_freq": 0.0, "years_used": 20}}, {"type": "Feature", "geometry": {"type": "Point", "coordinates": [91.5, 49.5]}, "properties": {"fdd": 3616.8, "max_consec_freeze_days": 205.8, "cold_wave_freq": 8.8, "radiative_freq": 0.0, "years_used": 20}}, {"type": "Feature", "geometry": {"type": "Point", "coordinates": [92.5, 20.5]}, "properties": {"fdd": 0.0, "max_consec_freeze_days": 0.0, "cold_wave_freq": 0.0, "radiative_freq": 0.0, "years_used": 20}}, {"type": "Feature", "geometry": {"type": "Point", "coordinates": [92.5, 21.5]}, "properties": {"fdd": 0.0, "max_consec_freeze_days": 0.0, "cold_wave_freq": 0.0, "radiative_freq": 0.0, "years_used": 20}}, {"type": "Feature", "geometry": {"type": "Point", "coordinates": [92.5, 22.5]}, "properties": {"fdd": 0.0, "max_consec_freeze_days": 0.0, "cold_wave_freq": 0.0, "radiative_freq": 0.0, "years_used": 20}}, {"type": "Feature", "geometry": {"type": "Point", "coordinates": [92.5, 23.5]}, "properties": {"fdd": 0.0, "max_consec_freeze_days": 0.0, "cold_wave_freq": 0.0, "radiative_freq": 0.0, "years_used": 20}}, {"type": "Feature", "geometry": {"type": "Point", "coordinates": [92.5, 24.5]}, "properties": {"fdd": 0.0, "max_consec_freeze_days": 0.0, "cold_wave_freq": 0.0, "radiative_freq": 0.0, "years_used": 20}}, {"type": "Feature", "geometry": {"type": "Point", "coordinates": [92.5, 25.5]}, "properties": {"fdd": 0.0, "max_consec_freeze_days": 0.0, "cold_wave_freq": 0.0, "radiative_freq": 0.0, "years_used": 20}}, {"type": "Feature", "geometry": {"type": "Point", "coordinates": [92.5, 26.5]}, "properties": {"fdd": 0.0, "max_consec_freeze_days": 0.0, "cold_wave_freq": 0.0, "radiative_freq": 0.0, "years_used": 20}}, {"type": "Feature", "geometry": {"type": "Point", "coordinates": [92.5, 27.5]}, "properties": {"fdd": 176.4, "max_consec_freeze_days": 34.9, "cold_wave_freq": 0.0, "radiative_freq": 0.0, "years_used": 20}}, {"type": "Feature", "geometry": {"type": "Point", "coordinates": [92.5, 28.5]}, "properties": {"fdd": 1835.3, "max_consec_freeze_days": 216.6, "cold_wave_freq": 0.1, "radiative_freq": 0.0, "years_used": 20}}, {"type": "Feature", "geometry": {"type": "Point", "coordinates": [92.5, 29.5]}, "properties": {"fdd": 2204.0, "max_consec_freeze_days": 233.2, "cold_wave_freq": 0.1, "radiative_freq": 0.0, "years_used": 20}}, {"type": "Feature", "geometry": {"type": "Point", "coordinates": [92.5, 30.5]}, "properties": {"fdd": 3046.6, "max_consec_freeze_days": 267.2, "cold_wave_freq": 0.45, "radiative_freq": 0.0, "years_used": 20}}, {"type": "Feature", "geometry": {"type": "Point", "coordinates": [92.5, 31.5]}, "properties": {"fdd": 3001.2, "max_consec_freeze_days": 250.3, "cold_wave_freq": 0.75, "radiative_freq": 0.0, "years_used": 20}}, {"type": "Feature", "geometry": {"type": "Point", "coordinates": [92.5, 32.5]}, "properties": {"fdd": 3917.4, "max_consec_freeze_days": 279.0, "cold_wave_freq": 0.45, "radiative_freq": 0.0, "years_used": 20}}, {"type": "Feature", "geometry": {"type": "Point", "coordinates": [92.5, 33.5]}, "properties": {"fdd": 3636.4, "max_consec_freeze_days": 271.8, "cold_wave_freq": 0.15, "radiative_freq": 0.0, "years_used": 20}}, {"type": "Feature", "geometry": {"type": "Point", "coordinates": [92.5, 34.5]}, "properties": {"fdd": 4043.5, "max_consec_freeze_days": 284.1, "cold_wave_freq": 0.45, "radiative_freq": 0.0, "years_used": 20}}, {"type": "Feature", "geometry": {"type": "Point", "coordinates": [92.5, 35.5]}, "properties": {"fdd": 4328.9, "max_consec_freeze_days": 298.6, "cold_wave_freq": 0.45, "radiative_freq": 0.0, "years_used": 20}}, {"type": "Feature", "geometry": {"type": "Point", "coordinates": [92.5, 36.5]}, "properties": {"fdd": 2822.7, "max_consec_freeze_days": 239.4, "cold_wave_freq": 0.1, "radiative_freq": 0.0, "years_used": 20}}, {"type": "Feature", "geometry": {"type": "Point", "coordinates": [92.5, 37.5]}, "properties": {"fdd": 1620.0, "max_consec_freeze_days": 173.3, "cold_wave_freq": 0.2, "radiative_freq": 0.0, "years_used": 20}}, {"type": "Feature", "geometry": {"type": "Point", "coordinates": [92.5, 38.5]}, "properties": {"fdd": 1871.6, "max_consec_freeze_days": 178.1, "cold_wave_freq": 0.8, "radiative_freq": 0.0, "years_used": 20}}, {"type": "Feature", "geometry": {"type": "Point", "coordinates": [92.5, 39.5]}, "properties": {"fdd": 917.6, "max_consec_freeze_days": 116.7, "cold_wave_freq": 1.3, "radiative_freq": 0.0, "years_used": 20}}, {"type": "Feature", "geometry": {"type": "Point", "coordinates": [92.5, 40.5]}, "properties": {"fdd": 824.8, "max_consec_freeze_days": 107.8, "cold_wave_freq": 0.75, "radiative_freq": 0.0, "years_used": 20}}, {"type": "Feature", "geometry": {"type": "Point", "coordinates": [92.5, 41.5]}, "properties": {"fdd": 1093.2, "max_consec_freeze_days": 122.0, "cold_wave_freq": 2.0, "radiative_freq": 0.0, "years_used": 20}}, {"type": "Feature", "geometry": {"type": "Point", "coordinates": [92.5, 42.5]}, "properties": {"fdd": 639.0, "max_consec_freeze_days": 88.3, "cold_wave_freq": 1.05, "radiative_freq": 0.0, "years_used": 20}}, {"type": "Feature", "geometry": {"type": "Point", "coordinates": [92.5, 43.5]}, "properties": {"fdd": 1825.2, "max_consec_freeze_days": 143.7, "cold_wave_freq": 4.8, "radiative_freq": 0.0, "years_used": 20}}, {"type": "Feature", "geometry": {"type": "Point", "coordinates": [92.5, 44.5]}, "properties": {"fdd": 1352.3, "max_consec_freeze_days": 124.0, "cold_wave_freq": 4.8, "radiative_freq": 0.0, "years_used": 20}}, {"type": "Feature", "geometry": {"type": "Point", "coordinates": [92.5, 45.5]}, "properties": {"fdd": 2028.7, "max_consec_freeze_days": 148.8, "cold_wave_freq": 6.4, "radiative_freq": 0.0, "years_used": 20}}, {"type": "Feature", "geometry": {"type": "Point", "coordinates": [92.5, 46.5]}, "properties": {"fdd": 3446.4, "max_consec_freeze_days": 205.9, "cold_wave_freq": 7.9, "radiative_freq": 0.0, "years_used": 20}}, {"type": "Feature", "geometry": {"type": "Point", "coordinates": [92.5, 47.5]}, "properties": {"fdd": 2189.0, "max_consec_freeze_days": 155.3, "cold_wave_freq": 5.4, "radiative_freq": 0.0, "years_used": 20}}, {"type": "Feature", "geometry": {"type": "Point", "coordinates": [92.5, 48.5]}, "properties": {"fdd": 2424.1, "max_consec_freeze_days": 155.4, "cold_wave_freq": 4.75, "radiative_freq": 0.0, "years_used": 20}}, {"type": "Feature", "geometry": {"type": "Point", "coordinates": [92.5, 49.5]}, "properties": {"fdd": 2677.4, "max_consec_freeze_days": 172.1, "cold_wave_freq": 8.0, "radiative_freq": 0.0, "years_used": 20}}, {"type": "Feature", "geometry": {"type": "Point", "coordinates": [93.5, 20.5]}, "properties": {"fdd": 0.0, "max_consec_freeze_days": 0.0, "cold_wave_freq": 0.0, "radiative_freq": 0.0, "years_used": 20}}, {"type": "Feature", "geometry": {"type": "Point", "coordinates": [93.5, 21.5]}, "properties": {"fdd": 0.0, "max_consec_freeze_days": 0.0, "cold_wave_freq": 0.0, "radiative_freq": 0.0, "years_used": 20}}, {"type": "Feature", "geometry": {"type": "Point", "coordinates": [93.5, 22.5]}, "properties": {"fdd": 0.0, "max_consec_freeze_days": 0.0, "cold_wave_freq": 0.0, "radiative_freq": 0.0, "years_used": 20}}, {"type": "Feature", "geometry": {"type": "Point", "coordinates": [93.5, 23.5]}, "properties": {"fdd": 0.0, "max_consec_freeze_days": 0.0, "cold_wave_freq": 0.0, "radiative_freq": 0.0, "years_used": 20}}, {"type": "Feature", "geometry": {"type": "Point", "coordinates": [93.5, 24.5]}, "properties": {"fdd": 0.0, "max_consec_freeze_days": 0.0, "cold_wave_freq": 0.0, "radiative_freq": 0.0, "years_used": 20}}, {"type": "Feature", "geometry": {"type": "Point", "coordinates": [93.5, 25.5]}, "properties": {"fdd": 0.0, "max_consec_freeze_days": 0.0, "cold_wave_freq": 0.0, "radiative_freq": 0.0, "years_used": 20}}, {"type": "Feature", "geometry": {"type": "Point", "coordinates": [93.5, 26.5]}, "properties": {"fdd": 0.0, "max_consec_freeze_days": 0.0, "cold_wave_freq": 0.0, "radiative_freq": 0.0, "years_used": 20}}, {"type": "Feature", "geometry": {"type": "Point", "coordinates": [93.5, 27.5]}, "properties": {"fdd": 0.0, "max_consec_freeze_days": 0.1, "cold_wave_freq": 0.0, "radiative_freq": 0.0, "years_used": 20}}, {"type": "Feature", "geometry": {"type": "Point", "coordinates": [93.5, 28.5]}, "properties": {"fdd": 237.8, "max_consec_freeze_days": 50.8, "cold_wave_freq": 0.0, "radiative_freq": 0.0, "years_used": 20}}, {"type": "Feature", "geometry": {"type": "Point", "coordinates": [93.5, 29.5]}, "properties": {"fdd": 1640.5, "max_consec_freeze_days": 210.7, "cold_wave_freq": 0.1, "radiative_freq": 0.0, "years_used": 20}}, {"type": "Feature", "geometry": {"type": "Point", "coordinates": [93.5, 30.5]}, "properties": {"fdd": 2440.7, "max_consec_freeze_days": 242.3, "cold_wave_freq": 0.3, "radiative_freq": 0.0, "years_used": 20}}, {"type": "Feature", "geometry": {"type": "Point", "coordinates": [93.5, 31.5]}, "properties": {"fdd": 2860.5, "max_consec_freeze_days": 252.8, "cold_wave_freq": 0.65, "radiative_freq": 0.0, "years_used": 20}}, {"type": "Feature", "geometry": {"type": "Point", "coordinates": [93.5, 32.5]}, "properties": {"fdd": 3723.2, "max_consec_freeze_days": 268.1, "cold_wave_freq": 0.75, "radiative_freq": 0.0, "years_used": 20}}, {"type": "Feature", "geometry": {"type": "Point", "coordinates": [93.5, 33.5]}, "properties": {"fdd": 3603.4, "max_consec_freeze_days": 266.0, "cold_wave_freq": 0.45, "radiative_freq": 0.0, "years_used": 20}}, {"type": "Feature", "geometry": {"type": "Point", "coordinates": [93.5, 34.5]}, "properties": {"fdd": 3769.5, "max_consec_freeze_days": 275.4, "cold_wave_freq": 0.5, "radiative_freq": 0.0, "years_used": 20}}, {"type": "Feature", "geometry": {"type": "Point", "coordinates": [93.5, 35.5]}, "properties": {"fdd": 4035.9, "max_consec_freeze_days": 288.1, "cold_wave_freq": 0.6, "radiative_freq": 0.0, "years_used": 20}}, {"type": "Feature", "geometry": {"type": "Point", "coordinates": [93.5, 36.5]}, "properties": {"fdd": 1666.7, "max_consec_freeze_days": 169.0, "cold_wave_freq": 0.2, "radiative_freq": 0.0, "years_used": 20}}, {"type": "Feature", "geometry": {"type": "Point", "coordinates": [93.5, 37.5]}, "properties": {"fdd": 1627.9, "max_consec_freeze_days": 170.0, "cold_wave_freq": 0.6, "radiative_freq": 0.0, "years_used": 20}}, {"type": "Feature", "geometry": {"type": "Point", "coordinates": [93.5, 38.5]}, "properties": {"fdd": 1849.0, "max_consec_freeze_days": 177.7, "cold_wave_freq": 1.05, "radiative_freq": 0.0, "years_used": 20}}, {"type": "Feature", "geometry": {"type": "Point", "coordinates": [93.5, 39.5]}, "properties": {"fdd": 1470.0, "max_consec_freeze_days": 139.8, "cold_wave_freq": 1.4, "radiative_freq": 0.0, "years_used": 20}}, {"type": "Feature", "geometry": {"type": "Point", "coordinates": [93.5, 40.5]}, "properties": {"fdd": 875.0, "max_consec_freeze_days": 109.4, "cold_wave_freq": 0.7, "radiative_freq": 0.0, "years_used": 20}}, {"type": "Feature", "geometry": {"type": "Point", "coordinates": [93.5, 41.5]}, "properties": {"fdd": 1064.9, "max_consec_freeze_days": 119.5, "cold_wave_freq": 2.05, "radiative_freq": 0.0, "years_used": 20}}, {"type": "Feature", "geometry": {"type": "Point", "coordinates": [93.5, 42.5]}, "properties": {"fdd": 829.0, "max_consec_freeze_days": 98.3, "cold_wave_freq": 1.6, "radiative_freq": 0.0, "years_used": 20}}, {"type": "Feature", "geometry": {"type": "Point", "coordinates": [93.5, 43.5]}, "properties": {"fdd": 2367.0, "max_consec_freeze_days": 171.7, "cold_wave_freq": 7.2, "radiative_freq": 0.0, "years_used": 20}}, {"type": "Feature", "geometry": {"type": "Point", "coordinates": [93.5, 44.5]}, "properties": {"fdd": 1138.3, "max_consec_freeze_days": 114.0, "cold_wave_freq": 2.85, "radiative_freq": 0.0, "years_used": 20}}, {"type": "Feature", "geometry": {"type": "Point", "coordinates": [93.5, 45.5]}, "properties": {"fdd": 2611.4, "max_consec_freeze_days": 170.3, "cold_wave_freq": 6.75, "radiative_freq": 0.0, "years_used": 20}}, {"type": "Feature", "geometry": {"type": "Point", "coordinates": [93.5, 46.5]}, "properties": {"fdd": 2954.1, "max_consec_freeze_days": 193.1, "cold_wave_freq": 10.2, "radiative_freq": 0.0, "years_used": 20}}, {"type": "Feature", "geometry": {"type": "Point", "coordinates": [93.5, 47.5]}, "properties": {"fdd": 2228.9, "max_consec_freeze_days": 150.5, "cold_wave_freq": 5.9, "radiative_freq": 0.0, "years_used": 20}}, {"type": "Feature", "geometry": {"type": "Point", "coordinates": [93.5, 48.5]}, "properties": {"fdd": 2428.2, "max_consec_freeze_days": 158.4, "cold_wave_freq": 5.6, "radiative_freq": 0.0, "years_used": 20}}, {"type": "Feature", "geometry": {"type": "Point", "coordinates": [93.5, 49.5]}, "properties": {"fdd": 3394.7, "max_consec_freeze_days": 191.3, "cold_wave_freq": 11.4, "radiative_freq": 0.0, "years_used": 20}}, {"type": "Feature", "geometry": {"type": "Point", "coordinates": [94.5, 20.5]}, "properties": {"fdd": 0.0, "max_consec_freeze_days": 0.0, "cold_wave_freq": 0.0, "radiative_freq": 0.0, "years_used": 20}}, {"type": "Feature", "geometry": {"type": "Point", "coordinates": [94.5, 21.5]}, "properties": {"fdd": 0.0, "max_consec_freeze_days": 0.0, "cold_wave_freq": 0.0, "radiative_freq": 0.0, "years_used": 20}}, {"type": "Feature", "geometry": {"type": "Point", "coordinates": [94.5, 22.5]}, "properties": {"fdd": 0.0, "max_consec_freeze_days": 0.0, "cold_wave_freq": 0.0, "radiative_freq": 0.0, "years_used": 20}}, {"type": "Feature", "geometry": {"type": "Point", "coordinates": [94.5, 23.5]}, "properties": {"fdd": 0.0, "max_consec_freeze_days": 0.0, "cold_wave_freq": 0.0, "radiative_freq": 0.0, "years_used": 20}}, {"type": "Feature", "geometry": {"type": "Point", "coordinates": [94.5, 24.5]}, "properties": {"fdd": 0.0, "max_consec_freeze_days": 0.0, "cold_wave_freq": 0.0, "radiative_freq": 0.0, "years_used": 20}}, {"type": "Feature", "geometry": {"type": "Point", "coordinates": [94.5, 25.5]}, "properties": {"fdd": 0.0, "max_consec_freeze_days": 0.1, "cold_wave_freq": 0.0, "radiative_freq": 0.0, "years_used": 20}}, {"type": "Feature", "geometry": {"type": "Point", "coordinates": [94.5, 26.5]}, "properties": {"fdd": 0.0, "max_consec_freeze_days": 0.0, "cold_wave_freq": 0.0, "radiative_freq": 0.0, "years_used": 20}}, {"type": "Feature", "geometry": {"type": "Point", "coordinates": [94.5, 27.5]}, "properties": {"fdd": 0.0, "max_consec_freeze_days": 0.0, "cold_wave_freq": 0.0, "radiative_freq": 0.0, "years_used": 20}}, {"type": "Feature", "geometry": {"type": "Point", "coordinates": [94.5, 28.5]}, "properties": {"fdd": 15.8, "max_consec_freeze_days": 6.8, "cold_wave_freq": 0.0, "radiative_freq": 0.0, "years_used": 20}}, {"type": "Feature", "geometry": {"type": "Point", "coordinates": [94.5, 29.5]}, "properties": {"fdd": 1147.3, "max_consec_freeze_days": 178.3, "cold_wave_freq": 0.0, "radiative_freq": 0.0, "years_used": 20}}, {"type": "Feature", "geometry": {"type": "Point", "coordinates": [94.5, 30.5]}, "properties": {"fdd": 2067.2, "max_consec_freeze_days": 229.8, "cold_wave_freq": 0.2, "radiative_freq": 0.0, "years_used": 20}}, {"type": "Feature", "geometry": {"type": "Point", "coordinates": [94.5, 31.5]}, "properties": {"fdd": 2357.8, "max_consec_freeze_days": 235.2, "cold_wave_freq": 0.45, "radiative_freq": 0.0, "years_used": 20}}, {"type": "Feature", "geometry": {"type": "Point", "coordinates": [94.5, 32.5]}, "properties": {"fdd": 3591.1, "max_consec_freeze_days": 265.8, "cold_wave_freq": 1.2, "radiative_freq": 0.0, "years_used": 20}}, {"type": "Feature", "geometry": {"type": "Point", "coordinates": [94.5, 33.5]}, "properties": {"fdd": 3659.1, "max_consec_freeze_days": 269.1, "cold_wave_freq": 0.95, "radiative_freq": 0.0, "years_used": 20}}, {"type": "Feature", "geometry": {"type": "Point", "coordinates": [94.5, 34.5]}, "properties": {"fdd": 3725.0, "max_consec_freeze_days": 271.9, "cold_wave_freq": 0.5, "radiative_freq": 0.0, "years_used": 20}}, {"type": "Feature", "geometry": {"type": "Point", "coordinates": [94.5, 35.5]}, "properties": {"fdd": 4003.0, "max_consec_freeze_days": 284.1, "cold_wave_freq": 0.5, "radiative_freq": 0.0, "years_used": 20}}, {"type": "Feature", "geometry": {"type": "Point", "coordinates": [94.5, 36.5]}, "properties": {"fdd": 1258.7, "max_consec_freeze_days": 150.4, "cold_wave_freq": 0.3, "radiative_freq": 0.0, "years_used": 20}}, {"type": "Feature", "geometry": {"type": "Point", "coordinates": [94.5, 37.5]}, "properties": {"fdd": 1536.3, "max_consec_freeze_days": 158.6, "cold_wave_freq": 0.7, "radiative_freq": 0.0, "years_used": 20}}, {"type": "Feature", "geometry": {"type": "Point", "coordinates": [94.5, 38.5]}, "properties": {"fdd": 1970.5, "max_consec_freeze_days": 179.7, "cold_wave_freq": 1.1, "radiative_freq": 0.0, "years_used": 20}}, {"type": "Feature", "geometry": {"type": "Point", "coordinates": [94.5, 39.5]}, "properties": {"fdd": 1364.2, "max_consec_freeze_days": 137.2, "cold_wave_freq": 1.55, "radiative_freq": 0.0, "years_used": 20}}, {"type": "Feature", "geometry": {"type": "Point", "coordinates": [94.5, 40.5]}, "properties": {"fdd": 870.0, "max_consec_freeze_days": 110.8, "cold_wave_freq": 0.95, "radiative_freq": 0.0, "years_used": 20}}, {"type": "Feature", "geometry": {"type": "Point", "coordinates": [94.5, 41.5]}, "properties": {"fdd": 1125.6, "max_consec_freeze_days": 121.3, "cold_wave_freq": 2.55, "radiative_freq": 0.0, "years_used": 20}}, {"type": "Feature", "geometry": {"type": "Point", "coordinates": [94.5, 42.5]}, "properties": {"fdd": 963.1, "max_consec_freeze_days": 109.3, "cold_wave_freq": 2.25, "radiative_freq": 0.0, "years_used": 20}}, {"type": "Feature", "geometry": {"type": "Point", "coordinates": [94.5, 43.5]}, "properties": {"fdd": 1634.5, "max_consec_freeze_days": 132.0, "cold_wave_freq": 5.55, "radiative_freq": 0.0, "years_used": 20}}, {"type": "Feature", "geometry": {"type": "Point", "coordinates": [94.5, 44.5]}, "properties": {"fdd": 1238.3, "max_consec_freeze_days": 116.0, "cold_wave_freq": 3.8, "radiative_freq": 0.0, "years_used": 20}}, {"type": "Feature", "geometry": {"type": "Point", "coordinates": [94.5, 45.5]}, "properties": {"fdd": 2906.0, "max_consec_freeze_days": 189.2, "cold_wave_freq": 6.7, "radiative_freq": 0.0, "years_used": 20}}, {"type": "Feature", "geometry": {"type": "Point", "coordinates": [94.5, 46.5]}, "properties": {"fdd": 2454.1, "max_consec_freeze_days": 170.3, "cold_wave_freq": 8.3, "radiative_freq": 0.0, "years_used": 20}}, {"type": "Feature", "geometry": {"type": "Point", "coordinates": [94.5, 47.5]}, "properties": {"fdd": 2389.7, "max_consec_freeze_days": 164.3, "cold_wave_freq": 5.15, "radiative_freq": 0.0, "years_used": 20}}, {"type": "Feature", "geometry": {"type": "Point", "coordinates": [94.5, 48.5]}, "properties": {"fdd": 2621.9, "max_consec_freeze_days": 167.8, "cold_wave_freq": 7.95, "radiative_freq": 0.0, "years_used": 20}}, {"type": "Feature", "geometry": {"type": "Point", "coordinates": [94.5, 49.5]}, "properties": {"fdd": 3432.8, "max_consec_freeze_days": 192.7, "cold_wave_freq": 12.5, "radiative_freq": 0.0, "years_used": 20}}, {"type": "Feature", "geometry": {"type": "Point", "coordinates": [95.5, 20.5]}, "properties": {"fdd": 0.0, "max_consec_freeze_days": 0.0, "cold_wave_freq": 0.0, "radiative_freq": 0.0, "years_used": 20}}, {"type": "Feature", "geometry": {"type": "Point", "coordinates": [95.5, 21.5]}, "properties": {"fdd": 0.0, "max_consec_freeze_days": 0.0, "cold_wave_freq": 0.0, "radiative_freq": 0.0, "years_used": 20}}, {"type": "Feature", "geometry": {"type": "Point", "coordinates": [95.5, 22.5]}, "properties": {"fdd": 0.0, "max_consec_freeze_days": 0.0, "cold_wave_freq": 0.0, "radiative_freq": 0.0, "years_used": 20}}, {"type": "Feature", "geometry": {"type": "Point", "coordinates": [95.5, 23.5]}, "properties": {"fdd": 0.0, "max_consec_freeze_days": 0.0, "cold_wave_freq": 0.0, "radiative_freq": 0.0, "years_used": 20}}, {"type": "Feature", "geometry": {"type": "Point", "coordinates": [95.5, 24.5]}, "properties": {"fdd": 0.0, "max_consec_freeze_days": 0.0, "cold_wave_freq": 0.0, "radiative_freq": 0.0, "years_used": 20}}, {"type": "Feature", "geometry": {"type": "Point", "coordinates": [95.5, 25.5]}, "properties": {"fdd": 0.0, "max_consec_freeze_days": 0.0, "cold_wave_freq": 0.0, "radiative_freq": 0.0, "years_used": 20}}, {"type": "Feature", "geometry": {"type": "Point", "coordinates": [95.5, 26.5]}, "properties": {"fdd": 0.0, "max_consec_freeze_days": 0.0, "cold_wave_freq": 0.0, "radiative_freq": 0.0, "years_used": 20}}, {"type": "Feature", "geometry": {"type": "Point", "coordinates": [95.5, 27.5]}, "properties": {"fdd": 0.0, "max_consec_freeze_days": 0.0, "cold_wave_freq": 0.0, "radiative_freq": 0.0, "years_used": 20}}, {"type": "Feature", "geometry": {"type": "Point", "coordinates": [95.5, 28.5]}, "properties": {"fdd": 3.4, "max_consec_freeze_days": 2.2, "cold_wave_freq": 0.0, "radiative_freq": 0.0, "years_used": 20}}, {"type": "Feature", "geometry": {"type": "Point", "coordinates": [95.5, 29.5]}, "properties": {"fdd": 464.9, "max_consec_freeze_days": 107.8, "cold_wave_freq": 0.0, "radiative_freq": 0.0, "years_used": 20}}, {"type": "Feature", "geometry": {"type": "Point", "coordinates": [95.5, 30.5]}, "properties": {"fdd": 2336.8, "max_consec_freeze_days": 240.4, "cold_wave_freq": 0.1, "radiative_freq": 0.0, "years_used": 20}}, {"type": "Feature", "geometry": {"type": "Point", "coordinates": [95.5, 31.5]}, "properties": {"fdd": 2565.8, "max_consec_freeze_days": 244.4, "cold_wave_freq": 0.5, "radiative_freq": 0.0, "years_used": 20}}, {"type": "Feature", "geometry": {"type": "Point", "coordinates": [95.5, 32.5]}, "properties": {"fdd": 2804.4, "max_consec_freeze_days": 246.0, "cold_wave_freq": 0.9, "radiative_freq": 0.0, "years_used": 20}}, {"type": "Feature", "geometry": {"type": "Point", "coordinates": [95.5, 33.5]}, "properties": {"fdd": 3602.3, "max_consec_freeze_days": 274.6, "cold_wave_freq": 0.85, "radiative_freq": 0.0, "years_used": 20}}, {"type": "Feature", "geometry": {"type": "Point", "coordinates": [95.5, 34.5]}, "properties": {"fdd": 3644.1, "max_consec_freeze_days": 268.1, "cold_wave_freq": 0.35, "radiative_freq": 0.0, "years_used": 20}}, {"type": "Feature", "geometry": {"type": "Point", "coordinates": [95.5, 35.5]}, "properties": {"fdd": 3788.0, "max_consec_freeze_days": 276.6, "cold_wave_freq": 0.7, "radiative_freq": 0.0, "years_used": 20}}, {"type": "Feature", "geometry": {"type": "Point", "coordinates": [95.5, 36.5]}, "properties": {"fdd": 1364.1, "max_consec_freeze_days": 152.8, "cold_wave_freq": 0.25, "radiative_freq": 0.0, "years_used": 20}}, {"type": "Feature", "geometry": {"type": "Point", "coordinates": [95.5, 37.5]}, "properties": {"fdd": 2127.9, "max_consec_freeze_days": 183.3, "cold_wave_freq": 1.2, "radiative_freq": 0.0, "years_used": 20}}, {"type": "Feature", "geometry": {"type": "Point", "coordinates": [95.5, 38.5]}, "properties": {"fdd": 3731.2, "max_consec_freeze_days": 255.6, "cold_wave_freq": 1.5, "radiative_freq": 0.0, "years_used": 20}}, {"type": "Feature", "geometry": {"type": "Point", "coordinates": [95.5, 39.5]}, "properties": {"fdd": 2852.7, "max_consec_freeze_days": 216.8, "cold_wave_freq": 1.6, "radiative_freq": 0.0, "years_used": 20}}, {"type": "Feature", "geometry": {"type": "Point", "coordinates": [95.5, 40.5]}, "properties": {"fdd": 874.4, "max_consec_freeze_days": 106.0, "cold_wave_freq": 1.15, "radiative_freq": 0.0, "years_used": 20}}, {"type": "Feature", "geometry": {"type": "Point", "coordinates": [95.5, 41.5]}, "properties": {"fdd": 1620.3, "max_consec_freeze_days": 144.4, "cold_wave_freq": 2.95, "radiative_freq": 0.0, "years_used": 20}}, {"type": "Feature", "geometry": {"type": "Point", "coordinates": [95.5, 42.5]}, "properties": {"fdd": 1373.9, "max_consec_freeze_days": 129.3, "cold_wave_freq": 2.75, "radiative_freq": 0.0, "years_used": 20}}, {"type": "Feature", "geometry": {"type": "Point", "coordinates": [95.5, 43.5]}, "properties": {"fdd": 945.4, "max_consec_freeze_days": 105.3, "cold_wave_freq": 2.45, "radiative_freq": 0.0, "years_used": 20}}, {"type": "Feature", "geometry": {"type": "Point", "coordinates": [95.5, 44.5]}, "properties": {"fdd": 2192.0, "max_consec_freeze_days": 163.6, "cold_wave_freq": 4.85, "radiative_freq": 0.0, "years_used": 20}}, {"type": "Feature", "geometry": {"type": "Point", "coordinates": [95.5, 45.5]}, "properties": {"fdd": 2741.6, "max_consec_freeze_days": 185.1, "cold_wave_freq": 6.7, "radiative_freq": 0.0, "years_used": 20}}, {"type": "Feature", "geometry": {"type": "Point", "coordinates": [95.5, 46.5]}, "properties": {"fdd": 2696.1, "max_consec_freeze_days": 175.1, "cold_wave_freq": 7.15, "radiative_freq": 0.0, "years_used": 20}}, {"type": "Feature", "geometry": {"type": "Point", "coordinates": [95.5, 47.5]}, "properties": {"fdd": 2638.3, "max_consec_freeze_days": 174.5, "cold_wave_freq": 5.7, "radiative_freq": 0.0, "years_used": 20}}, {"type": "Feature", "geometry": {"type": "Point", "coordinates": [95.5, 48.5]}, "properties": {"fdd": 3171.2, "max_consec_freeze_days": 189.8, "cold_wave_freq": 10.65, "radiative_freq": 0.0, "years_used": 20}}, {"type": "Feature", "geometry": {"type": "Point", "coordinates": [95.5, 49.5]}, "properties": {"fdd": 3498.8, "max_consec_freeze_days": 192.7, "cold_wave_freq": 11.1, "radiative_freq": 0.0, "years_used": 20}}, {"type": "Feature", "geometry": {"type": "Point", "coordinates": [96.5, 20.5]}, "properties": {"fdd": 0.0, "max_consec_freeze_days": 0.0, "cold_wave_freq": 0.0, "radiative_freq": 0.0, "years_used": 20}}, {"type": "Feature", "geometry": {"type": "Point", "coordinates": [96.5, 21.5]}, "properties": {"fdd": 0.0, "max_consec_freeze_days": 0.0, "cold_wave_freq": 0.0, "radiative_freq": 0.0, "years_used": 20}}, {"type": "Feature", "geometry": {"type": "Point", "coordinates": [96.5, 22.5]}, "properties": {"fdd": 0.0, "max_consec_freeze_days": 0.0, "cold_wave_freq": 0.0, "radiative_freq": 0.0, "years_used": 20}}, {"type": "Feature", "geometry": {"type": "Point", "coordinates": [96.5, 23.5]}, "properties": {"fdd": 0.0, "max_consec_freeze_days": 0.0, "cold_wave_freq": 0.0, "radiative_freq": 0.0, "years_used": 20}}, {"type": "Feature", "geometry": {"type": "Point", "coordinates": [96.5, 24.5]}, "properties": {"fdd": 0.0, "max_consec_freeze_days": 0.0, "cold_wave_freq": 0.0, "radiative_freq": 0.0, "years_used": 20}}, {"type": "Feature", "geometry": {"type": "Point", "coordinates": [96.5, 25.5]}, "properties": {"fdd": 0.0, "max_consec_freeze_days": 0.0, "cold_wave_freq": 0.0, "radiative_freq": 0.0, "years_used": 20}}, {"type": "Feature", "geometry": {"type": "Point", "coordinates": [96.5, 26.5]}, "properties": {"fdd": 0.0, "max_consec_freeze_days": 0.0, "cold_wave_freq": 0.0, "radiative_freq": 0.0, "years_used": 20}}, {"type": "Feature", "geometry": {"type": "Point", "coordinates": [96.5, 27.5]}, "properties": {"fdd": 0.0, "max_consec_freeze_days": 0.0, "cold_wave_freq": 0.0, "radiative_freq": 0.0, "years_used": 20}}, {"type": "Feature", "geometry": {"type": "Point", "coordinates": [96.5, 28.5]}, "properties": {"fdd": 247.0, "max_consec_freeze_days": 50.0, "cold_wave_freq": 0.0, "radiative_freq": 0.0, "years_used": 20}}, {"type": "Feature", "geometry": {"type": "Point", "coordinates": [96.5, 29.5]}, "properties": {"fdd": 1847.9, "max_consec_freeze_days": 218.8, "cold_wave_freq": 0.1, "radiative_freq": 0.0, "years_used": 20}}, {"type": "Feature", "geometry": {"type": "Point", "coordinates": [96.5, 30.5]}, "properties": {"fdd": 2350.6, "max_consec_freeze_days": 242.2, "cold_wave_freq": 0.1, "radiative_freq": 0.0, "years_used": 20}}, {"type": "Feature", "geometry": {"type": "Point", "coordinates": [96.5, 31.5]}, "properties": {"fdd": 2378.0, "max_consec_freeze_days": 239.4, "cold_wave_freq": 0.15, "radiative_freq": 0.0, "years_used": 20}}, {"type": "Feature", "geometry": {"type": "Point", "coordinates": [96.5, 32.5]}, "properties": {"fdd": 2447.4, "max_consec_freeze_days": 230.8, "cold_wave_freq": 0.85, "radiative_freq": 0.0, "years_used": 20}}, {"type": "Feature", "geometry": {"type": "Point", "coordinates": [96.5, 33.5]}, "properties": {"fdd": 3233.2, "max_consec_freeze_days": 255.6, "cold_wave_freq": 0.7, "radiative_freq": 0.0, "years_used": 20}}, {"type": "Feature", "geometry": {"type": "Point", "coordinates": [96.5, 34.5]}, "properties": {"fdd": 3855.2, "max_consec_freeze_days": 275.6, "cold_wave_freq": 0.45, "radiative_freq": 0.0, "years_used": 20}}, {"type": "Feature", "geometry": {"type": "Point", "coordinates": [96.5, 35.5]}, "properties": {"fdd": 3755.0, "max_consec_freeze_days": 272.9, "cold_wave_freq": 0.5, "radiative_freq": 0.0, "years_used": 20}}, {"type": "Feature", "geometry": {"type": "Point", "coordinates": [96.5, 36.5]}, "properties": {"fdd": 1478.6, "max_consec_freeze_days": 158.0, "cold_wave_freq": 0.15, "radiative_freq": 0.0, "years_used": 20}}, {"type": "Feature", "geometry": {"type": "Point", "coordinates": [96.5, 37.5]}, "properties": {"fdd": 2528.0, "max_consec_freeze_days": 201.7, "cold_wave_freq": 1.15, "radiative_freq": 0.0, "years_used": 20}}, {"type": "Feature", "geometry": {"type": "Point", "coordinates": [96.5, 38.5]}, "properties": {"fdd": 4146.1, "max_consec_freeze_days": 273.0, "cold_wave_freq": 1.45, "radiative_freq": 0.0, "years_used": 20}}, {"type": "Feature", "geometry": {"type": "Point", "coordinates": [96.5, 39.5]}, "properties": {"fdd": 3082.2, "max_consec_freeze_days": 221.7, "cold_wave_freq": 1.5, "radiative_freq": 0.0, "years_used": 20}}, {"type": "Feature", "geometry": {"type": "Point", "coordinates": [96.5, 40.5]}, "properties": {"fdd": 1030.1, "max_consec_freeze_days": 116.2, "cold_wave_freq": 1.25, "radiative_freq": 0.0, "years_used": 20}}, {"type": "Feature", "geometry": {"type": "Point", "coordinates": [96.5, 41.5]}, "properties": {"fdd": 1908.7, "max_consec_freeze_days": 164.9, "cold_wave_freq": 3.45, "radiative_freq": 0.0, "years_used": 20}}, {"type": "Feature", "geometry": {"type": "Point", "coordinates": [96.5, 42.5]}, "properties": {"fdd": 1477.9, "max_consec_freeze_days": 134.3, "cold_wave_freq": 3.8, "radiative_freq": 0.0, "years_used": 20}}, {"type": "Feature", "geometry": {"type": "Point", "coordinates": [96.5, 43.5]}, "properties": {"fdd": 1353.8, "max_consec_freeze_days": 127.8, "cold_wave_freq": 2.8, "radiative_freq": 0.0, "years_used": 20}}, {"type": "Feature", "geometry": {"type": "Point", "coordinates": [96.5, 44.5]}, "properties": {"fdd": 1983.6, "max_consec_freeze_days": 155.3, "cold_wave_freq": 4.05, "radiative_freq": 0.0, "years_used": 20}}, {"type": "Feature", "geometry": {"type": "Point", "coordinates": [96.5, 45.5]}, "properties": {"fdd": 2816.3, "max_consec_freeze_days": 185.3, "cold_wave_freq": 6.8, "radiative_freq": 0.0, "years_used": 20}}, {"type": "Feature", "geometry": {"type": "Point", "coordinates": [96.5, 46.5]}, "properties": {"fdd": 3059.6, "max_consec_freeze_days": 196.9, "cold_wave_freq": 6.25, "radiative_freq": 0.0, "years_used": 20}}, {"type": "Feature", "geometry": {"type": "Point", "coordinates": [96.5, 47.5]}, "properties": {"fdd": 2896.5, "max_consec_freeze_days": 184.2, "cold_wave_freq": 6.7, "radiative_freq": 0.0, "years_used": 20}}, {"type": "Feature", "geometry": {"type": "Point", "coordinates": [96.5, 48.5]}, "properties": {"fdd": 3801.7, "max_consec_freeze_days": 205.9, "cold_wave_freq": 11.6, "radiative_freq": 0.0, "years_used": 20}}, {"type": "Feature", "geometry": {"type": "Point", "coordinates": [96.5, 49.5]}, "properties": {"fdd": 3509.4, "max_consec_freeze_days": 197.4, "cold_wave_freq": 10.95, "radiative_freq": 0.0, "years_used": 20}}, {"type": "Feature", "geometry": {"type": "Point", "coordinates": [97.5, 20.5]}, "properties": {"fdd": 0.0, "max_consec_freeze_days": 0.0, "cold_wave_freq": 0.0, "radiative_freq": 0.0, "years_used": 20}}, {"type": "Feature", "geometry": {"type": "Point", "coordinates": [97.5, 21.5]}, "properties": {"fdd": 0.0, "max_consec_freeze_days": 0.0, "cold_wave_freq": 0.0, "radiative_freq": 0.0, "years_used": 20}}, {"type": "Feature", "geometry": {"type": "Point", "coordinates": [97.5, 22.5]}, "properties": {"fdd": 0.0, "max_consec_freeze_days": 0.0, "cold_wave_freq": 0.0, "radiative_freq": 0.0, "years_used": 20}}, {"type": "Feature", "geometry": {"type": "Point", "coordinates": [97.5, 23.5]}, "properties": {"fdd": 0.0, "max_consec_freeze_days": 0.0, "cold_wave_freq": 0.0, "radiative_freq": 0.0, "years_used": 20}}, {"type": "Feature", "geometry": {"type": "Point", "coordinates": [97.5, 24.5]}, "properties": {"fdd": 0.0, "max_consec_freeze_days": 0.0, "cold_wave_freq": 0.0, "radiative_freq": 0.0, "years_used": 20}}, {"type": "Feature", "geometry": {"type": "Point", "coordinates": [97.5, 25.5]}, "properties": {"fdd": 0.0, "max_consec_freeze_days": 0.0, "cold_wave_freq": 0.0, "radiative_freq": 0.0, "years_used": 20}}, {"type": "Feature", "geometry": {"type": "Point", "coordinates": [97.5, 26.5]}, "properties": {"fdd": 0.0, "max_consec_freeze_days": 0.0, "cold_wave_freq": 0.0, "radiative_freq": 0.0, "years_used": 20}}, {"type": "Feature", "geometry": {"type": "Point", "coordinates": [97.5, 27.5]}, "properties": {"fdd": 0.0, "max_consec_freeze_days": 0.1, "cold_wave_freq": 0.0, "radiative_freq": 0.0, "years_used": 20}}, {"type": "Feature", "geometry": {"type": "Point", "coordinates": [97.5, 28.5]}, "properties": {"fdd": 1265.8, "max_consec_freeze_days": 179.8, "cold_wave_freq": 0.1, "radiative_freq": 0.0, "years_used": 20}}, {"type": "Feature", "geometry": {"type": "Point", "coordinates": [97.5, 29.5]}, "properties": {"fdd": 2331.6, "max_consec_freeze_days": 232.8, "cold_wave_freq": 0.05, "radiative_freq": 0.0, "years_used": 20}}, {"type": "Feature", "geometry": {"type": "Point", "coordinates": [97.5, 30.5]}, "properties": {"fdd": 1911.2, "max_consec_freeze_days": 219.9, "cold_wave_freq": 0.1, "radiative_freq": 0.0, "years_used": 20}}, {"type": "Feature", "geometry": {"type": "Point", "coordinates": [97.5, 31.5]}, "properties": {"fdd": 1997.3, "max_consec_freeze_days": 222.2, "cold_wave_freq": 0.35, "radiative_freq": 0.0, "years_used": 20}}, {"type": "Feature", "geometry": {"type": "Point", "coordinates": [97.5, 32.5]}, "properties": {"fdd": 2515.0, "max_consec_freeze_days": 237.8, "cold_wave_freq": 0.6, "radiative_freq": 0.0, "years_used": 20}}, {"type": "Feature", "geometry": {"type": "Point", "coordinates": [97.5, 33.5]}, "properties": {"fdd": 3001.8, "max_consec_freeze_days": 249.6, "cold_wave_freq": 0.4, "radiative_freq": 0.0, "years_used": 20}}, {"type": "Feature", "geometry": {"type": "Point", "coordinates": [97.5, 34.5]}, "properties": {"fdd": 3439.8, "max_consec_freeze_days": 252.2, "cold_wave_freq": 0.75, "radiative_freq": 0.0, "years_used": 20}}, {"type": "Feature", "geometry": {"type": "Point", "coordinates": [97.5, 35.5]}, "properties": {"fdd": 3704.9, "max_consec_freeze_days": 267.1, "cold_wave_freq": 0.7, "radiative_freq": 0.0, "years_used": 20}}, {"type": "Feature", "geometry": {"type": "Point", "coordinates": [97.5, 36.5]}, "properties": {"fdd": 1469.5, "max_consec_freeze_days": 160.6, "cold_wave_freq": 0.2, "radiative_freq": 0.0, "years_used": 20}}, {"type": "Feature", "geometry": {"type": "Point", "coordinates": [97.5, 37.5]}, "properties": {"fdd": 2874.2, "max_consec_freeze_days": 211.2, "cold_wave_freq": 1.4, "radiative_freq": 0.0, "years_used": 20}}, {"type": "Feature", "geometry": {"type": "Point", "coordinates": [97.5, 38.5]}, "properties": {"fdd": 4292.3, "max_consec_freeze_days": 268.2, "cold_wave_freq": 1.8, "radiative_freq": 0.0, "years_used": 20}}, {"type": "Feature", "geometry": {"type": "Point", "coordinates": [97.5, 39.5]}, "properties": {"fdd": 2627.8, "max_consec_freeze_days": 205.1, "cold_wave_freq": 1.6, "radiative_freq": 0.0, "years_used": 20}}, {"type": "Feature", "geometry": {"type": "Point", "coordinates": [97.5, 40.5]}, "properties": {"fdd": 1228.8, "max_consec_freeze_days": 126.7, "cold_wave_freq": 1.55, "radiative_freq": 0.0, "years_used": 20}}, {"type": "Feature", "geometry": {"type": "Point", "coordinates": [97.5, 41.5]}, "properties": {"fdd": 1552.7, "max_consec_freeze_days": 139.8, "cold_wave_freq": 3.2, "radiative_freq": 0.0, "years_used": 20}}, {"type": "Feature", "geometry": {"type": "Point", "coordinates": [97.5, 42.5]}, "properties": {"fdd": 1434.7, "max_consec_freeze_days": 128.0, "cold_wave_freq": 3.25, "radiative_freq": 0.0, "years_used": 20}}, {"type": "Feature", "geometry": {"type": "Point", "coordinates": [97.5, 43.5]}, "properties": {"fdd": 1495.8, "max_consec_freeze_days": 134.4, "cold_wave_freq": 2.8, "radiative_freq": 0.0, "years_used": 20}}, {"type": "Feature", "geometry": {"type": "Point", "coordinates": [97.5, 44.5]}, "properties": {"fdd": 1870.0, "max_consec_freeze_days": 146.7, "cold_wave_freq": 3.55, "radiative_freq": 0.0, "years_used": 20}}, {"type": "Feature", "geometry": {"type": "Point", "coordinates": [97.5, 45.5]}, "properties": {"fdd": 2795.5, "max_consec_freeze_days": 188.3, "cold_wave_freq": 7.75, "radiative_freq": 0.0, "years_used": 20}}, {"type": "Feature", "geometry": {"type": "Point", "coordinates": [97.5, 46.5]}, "properties": {"fdd": 3089.6, "max_consec_freeze_days": 193.6, "cold_wave_freq": 5.5, "radiative_freq": 0.0, "years_used": 20}}, {"type": "Feature", "geometry": {"type": "Point", "coordinates": [97.5, 47.5]}, "properties": {"fdd": 4112.6, "max_consec_freeze_days": 226.2, "cold_wave_freq": 9.0, "radiative_freq": 0.0, "years_used": 20}}, {"type": "Feature", "geometry": {"type": "Point", "coordinates": [97.5, 48.5]}, "properties": {"fdd": 3582.4, "max_consec_freeze_days": 207.9, "cold_wave_freq": 9.75, "radiative_freq": 0.0, "years_used": 20}}, {"type": "Feature", "geometry": {"type": "Point", "coordinates": [97.5, 49.5]}, "properties": {"fdd": 3992.6, "max_consec_freeze_days": 213.2, "cold_wave_freq": 10.0, "radiative_freq": 0.0, "years_used": 20}}, {"type": "Feature", "geometry": {"type": "Point", "coordinates": [98.5, 20.5]}, "properties": {"fdd": 0.0, "max_consec_freeze_days": 0.0, "cold_wave_freq": 0.0, "radiative_freq": 0.0, "years_used": 20}}, {"type": "Feature", "geometry": {"type": "Point", "coordinates": [98.5, 21.5]}, "properties": {"fdd": 0.0, "max_consec_freeze_days": 0.0, "cold_wave_freq": 0.0, "radiative_freq": 0.0, "years_used": 20}}, {"type": "Feature", "geometry": {"type": "Point", "coordinates": [98.5, 22.5]}, "properties": {"fdd": 0.0, "max_consec_freeze_days": 0.0, "cold_wave_freq": 0.0, "radiative_freq": 0.0, "years_used": 20}}, {"type": "Feature", "geometry": {"type": "Point", "coordinates": [98.5, 23.5]}, "properties": {"fdd": 0.0, "max_consec_freeze_days": 0.1, "cold_wave_freq": 0.0, "radiative_freq": 0.0, "years_used": 20}}, {"type": "Feature", "geometry": {"type": "Point", "coordinates": [98.5, 24.5]}, "properties": {"fdd": 0.5, "max_consec_freeze_days": 0.3, "cold_wave_freq": 0.0, "radiative_freq": 0.0, "years_used": 20}}, {"type": "Feature", "geometry": {"type": "Point", "coordinates": [98.5, 25.5]}, "properties": {"fdd": 4.1, "max_consec_freeze_days": 2.1, "cold_wave_freq": 0.0, "radiative_freq": 0.0, "years_used": 20}}, {"type": "Feature", "geometry": {"type": "Point", "coordinates": [98.5, 26.5]}, "properties": {"fdd": 119.1, "max_consec_freeze_days": 25.0, "cold_wave_freq": 0.0, "radiative_freq": 0.0, "years_used": 20}}, {"type": "Feature", "geometry": {"type": "Point", "coordinates": [98.5, 27.5]}, "properties": {"fdd": 251.3, "max_consec_freeze_days": 62.5, "cold_wave_freq": 0.05, "radiative_freq": 0.0, "years_used": 20}}, {"type": "Feature", "geometry": {"type": "Point", "coordinates": [98.5, 28.5]}, "properties": {"fdd": 1108.3, "max_consec_freeze_days": 170.1, "cold_wave_freq": 0.2, "radiative_freq": 0.0, "years_used": 20}}, {"type": "Feature", "geometry": {"type": "Point", "coordinates": [98.5, 29.5]}, "properties": {"fdd": 1338.3, "max_consec_freeze_days": 189.7, "cold_wave_freq": 0.0, "radiative_freq": 0.0, "years_used": 20}}, {"type": "Feature", "geometry": {"type": "Point", "coordinates": [98.5, 30.5]}, "properties": {"fdd": 1619.6, "max_consec_freeze_days": 206.3, "cold_wave_freq": 0.05, "radiative_freq": 0.0, "years_used": 20}}, {"type": "Feature", "geometry": {"type": "Point", "coordinates": [98.5, 31.5]}, "properties": {"fdd": 1291.7, "max_consec_freeze_days": 180.2, "cold_wave_freq": 0.15, "radiative_freq": 0.0, "years_used": 20}}, {"type": "Feature", "geometry": {"type": "Point", "coordinates": [98.5, 32.5]}, "properties": {"fdd": 2196.0, "max_consec_freeze_days": 224.1, "cold_wave_freq": 0.75, "radiative_freq": 0.0, "years_used": 20}}, {"type": "Feature", "geometry": {"type": "Point", "coordinates": [98.5, 33.5]}, "properties": {"fdd": 3231.1, "max_consec_freeze_days": 250.2, "cold_wave_freq": 1.35, "radiative_freq": 0.0, "years_used": 20}}, {"type": "Feature", "geometry": {"type": "Point", "coordinates": [98.5, 34.5]}, "properties": {"fdd": 3310.0, "max_consec_freeze_days": 247.7, "cold_wave_freq": 1.0, "radiative_freq": 0.0, "years_used": 20}}, {"type": "Feature", "geometry": {"type": "Point", "coordinates": [98.5, 35.5]}, "properties": {"fdd": 3709.7, "max_consec_freeze_days": 259.1, "cold_wave_freq": 0.5, "radiative_freq": 0.0, "years_used": 20}}, {"type": "Feature", "geometry": {"type": "Point", "coordinates": [98.5, 36.5]}, "properties": {"fdd": 3113.2, "max_consec_freeze_days": 229.8, "cold_wave_freq": 0.6, "radiative_freq": 0.0, "years_used": 20}}, {"type": "Feature", "geometry": {"type": "Point", "coordinates": [98.5, 37.5]}, "properties": {"fdd": 3486.9, "max_consec_freeze_days": 242.6, "cold_wave_freq": 1.1, "radiative_freq": 0.0, "years_used": 20}}, {"type": "Feature", "geometry": {"type": "Point", "coordinates": [98.5, 38.5]}, "properties": {"fdd": 4053.0, "max_consec_freeze_days": 269.6, "cold_wave_freq": 1.1, "radiative_freq": 0.0, "years_used": 20}}, {"type": "Feature", "geometry": {"type": "Point", "coordinates": [98.5, 39.5]}, "properties": {"fdd": 1222.8, "max_consec_freeze_days": 122.2, "cold_wave_freq": 2.95, "radiative_freq": 0.0, "years_used": 20}}, {"type": "Feature", "geometry": {"type": "Point", "coordinates": [98.5, 40.5]}, "properties": {"fdd": 1300.8, "max_consec_freeze_days": 132.8, "cold_wave_freq": 1.95, "radiative_freq": 0.0, "years_used": 20}}, {"type": "Feature", "geometry": {"type": "Point", "coordinates": [98.5, 41.5]}, "properties": {"fdd": 1399.1, "max_consec_freeze_days": 132.7, "cold_wave_freq": 2.2, "radiative_freq": 0.0, "years_used": 20}}, {"type": "Feature", "geometry": {"type": "Point", "coordinates": [98.5, 42.5]}, "properties": {"fdd": 1501.7, "max_consec_freeze_days": 132.8, "cold_wave_freq": 2.45, "radiative_freq": 0.0, "years_used": 20}}, {"type": "Feature", "geometry": {"type": "Point", "coordinates": [98.5, 43.5]}, "properties": {"fdd": 1464.6, "max_consec_freeze_days": 131.4, "cold_wave_freq": 2.45, "radiative_freq": 0.0, "years_used": 20}}, {"type": "Feature", "geometry": {"type": "Point", "coordinates": [98.5, 44.5]}, "properties": {"fdd": 2160.7, "max_consec_freeze_days": 157.4, "cold_wave_freq": 4.4, "radiative_freq": 0.0, "years_used": 20}}, {"type": "Feature", "geometry": {"type": "Point", "coordinates": [98.5, 45.5]}, "properties": {"fdd": 2462.3, "max_consec_freeze_days": 168.0, "cold_wave_freq": 6.35, "radiative_freq": 0.0, "years_used": 20}}, {"type": "Feature", "geometry": {"type": "Point", "coordinates": [98.5, 46.5]}, "properties": {"fdd": 3370.9, "max_consec_freeze_days": 204.6, "cold_wave_freq": 5.25, "radiative_freq": 0.0, "years_used": 20}}, {"type": "Feature", "geometry": {"type": "Point", "coordinates": [98.5, 47.5]}, "properties": {"fdd": 4576.6, "max_consec_freeze_days": 249.3, "cold_wave_freq": 8.4, "radiative_freq": 0.0, "years_used": 20}}, {"type": "Feature", "geometry": {"type": "Point", "coordinates": [98.5, 48.5]}, "properties": {"fdd": 3842.7, "max_consec_freeze_days": 215.2, "cold_wave_freq": 11.2, "radiative_freq": 0.0, "years_used": 20}}, {"type": "Feature", "geometry": {"type": "Point", "coordinates": [98.5, 49.5]}, "properties": {"fdd": 4001.4, "max_consec_freeze_days": 216.9, "cold_wave_freq": 10.5, "radiative_freq": 0.0, "years_used": 20}}, {"type": "Feature", "geometry": {"type": "Point", "coordinates": [99.5, 20.5]}, "properties": {"fdd": 0.0, "max_consec_freeze_days": 0.0, "cold_wave_freq": 0.1, "radiative_freq": 0.0, "years_used": 20}}, {"type": "Feature", "geometry": {"type": "Point", "coordinates": [99.5, 21.5]}, "properties": {"fdd": 0.1, "max_consec_freeze_days": 0.2, "cold_wave_freq": 0.2, "radiative_freq": 0.0, "years_used": 20}}, {"type": "Feature", "geometry": {"type": "Point", "coordinates": [99.5, 22.5]}, "properties": {"fdd": 0.1, "max_consec_freeze_days": 0.1, "cold_wave_freq": 0.15, "radiative_freq": 0.0, "years_used": 20}}, {"type": "Feature", "geometry": {"type": "Point", "coordinates": [99.5, 23.5]}, "properties": {"fdd": 0.3, "max_consec_freeze_days": 0.1, "cold_wave_freq": 0.0, "radiative_freq": 0.0, "years_used": 20}}, {"type": "Feature", "geometry": {"type": "Point", "coordinates": [99.5, 24.5]}, "properties": {"fdd": 0.6, "max_consec_freeze_days": 0.4, "cold_wave_freq": 0.0, "radiative_freq": 0.0, "years_used": 20}}, {"type": "Feature", "geometry": {"type": "Point", "coordinates": [99.5, 25.5]}, "properties": {"fdd": 11.2, "max_consec_freeze_days": 3.8, "cold_wave_freq": 0.0, "radiative_freq": 0.0, "years_used": 20}}, {"type": "Feature", "geometry": {"type": "Point", "coordinates": [99.5, 26.5]}, "properties": {"fdd": 161.3, "max_consec_freeze_days": 35.0, "cold_wave_freq": 0.0, "radiative_freq": 0.0, "years_used": 20}}, {"type": "Feature", "geometry": {"type": "Point", "coordinates": [99.5, 27.5]}, "properties": {"fdd": 346.8, "max_consec_freeze_days": 91.0, "cold_wave_freq": 0.0, "radiative_freq": 0.0, "years_used": 20}}, {"type": "Feature", "geometry": {"type": "Point", "coordinates": [99.5, 28.5]}, "properties": {"fdd": 892.4, "max_consec_freeze_days": 156.0, "cold_wave_freq": 0.0, "radiative_freq": 0.0, "years_used": 20}}, {"type": "Feature", "geometry": {"type": "Point", "coordinates": [99.5, 29.5]}, "properties": {"fdd": 1336.4, "max_consec_freeze_days": 190.2, "cold_wave_freq": 0.0, "radiative_freq": 0.0, "years_used": 20}}, {"type": "Feature", "geometry": {"type": "Point", "coordinates": [99.5, 30.5]}, "properties": {"fdd": 1930.3, "max_consec_freeze_days": 219.9, "cold_wave_freq": 0.15, "radiative_freq": 0.0, "years_used": 20}}, {"type": "Feature", "geometry": {"type": "Point", "coordinates": [99.5, 31.5]}, "properties": {"fdd": 1942.5, "max_consec_freeze_days": 218.4, "cold_wave_freq": 0.35, "radiative_freq": 0.0, "years_used": 20}}, {"type": "Feature", "geometry": {"type": "Point", "coordinates": [99.5, 32.5]}, "properties": {"fdd": 2308.4, "max_consec_freeze_days": 227.2, "cold_wave_freq": 1.05, "radiative_freq": 0.0, "years_used": 20}}, {"type": "Feature", "geometry": {"type": "Point", "coordinates": [99.5, 33.5]}, "properties": {"fdd": 2988.4, "max_consec_freeze_days": 246.3, "cold_wave_freq": 1.3, "radiative_freq": 0.0, "years_used": 20}}, {"type": "Feature", "geometry": {"type": "Point", "coordinates": [99.5, 34.5]}, "properties": {"fdd": 3767.0, "max_consec_freeze_days": 264.8, "cold_wave_freq": 1.55, "radiative_freq": 0.0, "years_used": 20}}, {"type": "Feature", "geometry": {"type": "Point", "coordinates": [99.5, 35.5]}, "properties": {"fdd": 3592.8, "max_consec_freeze_days": 256.9, "cold_wave_freq": 0.9, "radiative_freq": 0.0, "years_used": 20}}, {"type": "Feature", "geometry": {"type": "Point", "coordinates": [99.5, 36.5]}, "properties": {"fdd": 2445.4, "max_consec_freeze_days": 205.5, "cold_wave_freq": 0.2, "radiative_freq": 0.0, "years_used": 20}}, {"type": "Feature", "geometry": {"type": "Point", "coordinates": [99.5, 37.5]}, "properties": {"fdd": 3249.3, "max_consec_freeze_days": 235.7, "cold_wave_freq": 0.8, "radiative_freq": 0.0, "years_used": 20}}, {"type": "Feature", "geometry": {"type": "Point", "coordinates": [99.5, 38.5]}, "properties": {"fdd": 3595.6, "max_consec_freeze_days": 254.3, "cold_wave_freq": 0.7, "radiative_freq": 0.0, "years_used": 20}}, {"type": "Feature", "geometry": {"type": "Point", "coordinates": [99.5, 39.5]}, "properties": {"fdd": 925.8, "max_consec_freeze_days": 94.0, "cold_wave_freq": 2.85, "radiative_freq": 0.0, "years_used": 20}}, {"type": "Feature", "geometry": {"type": "Point", "coordinates": [99.5, 40.5]}, "properties": {"fdd": 1266.7, "max_consec_freeze_days": 128.0, "cold_wave_freq": 1.95, "radiative_freq": 0.0, "years_used": 20}}, {"type": "Feature", "geometry": {"type": "Point", "coordinates": [99.5, 41.5]}, "properties": {"fdd": 1379.9, "max_consec_freeze_days": 128.5, "cold_wave_freq": 2.25, "radiative_freq": 0.0, "years_used": 20}}, {"type": "Feature", "geometry": {"type": "Point", "coordinates": [99.5, 42.5]}, "properties": {"fdd": 1459.6, "max_consec_freeze_days": 130.3, "cold_wave_freq": 2.0, "radiative_freq": 0.0, "years_used": 20}}, {"type": "Feature", "geometry": {"type": "Point", "coordinates": [99.5, 43.5]}, "properties": {"fdd": 1334.6, "max_consec_freeze_days": 128.1, "cold_wave_freq": 2.55, "radiative_freq": 0.0, "years_used": 20}}, {"type": "Feature", "geometry": {"type": "Point", "coordinates": [99.5, 44.5]}, "properties": {"fdd": 2380.5, "max_consec_freeze_days": 166.2, "cold_wave_freq": 4.9, "radiative_freq": 0.0, "years_used": 20}}, {"type": "Feature", "geometry": {"type": "Point", "coordinates": [99.5, 45.5]}, "properties": {"fdd": 2249.9, "max_consec_freeze_days": 153.8, "cold_wave_freq": 4.85, "radiative_freq": 0.0, "years_used": 20}}, {"type": "Feature", "geometry": {"type": "Point", "coordinates": [99.5, 46.5]}, "properties": {"fdd": 3326.3, "max_consec_freeze_days": 203.2, "cold_wave_freq": 5.85, "radiative_freq": 0.0, "years_used": 20}}, {"type": "Feature", "geometry": {"type": "Point", "coordinates": [99.5, 47.5]}, "properties": {"fdd": 4301.1, "max_consec_freeze_days": 239.0, "cold_wave_freq": 7.45, "radiative_freq": 0.0, "years_used": 20}}, {"type": "Feature", "geometry": {"type": "Point", "coordinates": [99.5, 48.5]}, "properties": {"fdd": 3735.0, "max_consec_freeze_days": 214.4, "cold_wave_freq": 9.4, "radiative_freq": 0.0, "years_used": 20}}, {"type": "Feature", "geometry": {"type": "Point", "coordinates": [99.5, 49.5]}, "properties": {"fdd": 3838.5, "max_consec_freeze_days": 212.2, "cold_wave_freq": 8.5, "radiative_freq": 0.0, "years_used": 20}}, {"type": "Feature", "geometry": {"type": "Point", "coordinates": [100.5, 20.5]}, "properties": {"fdd": 0.0, "max_consec_freeze_days": 0.0, "cold_wave_freq": 0.05, "radiative_freq": 0.0, "years_used": 20}}, {"type": "Feature", "geometry": {"type": "Point", "coordinates": [100.5, 21.5]}, "properties": {"fdd": 0.0, "max_consec_freeze_days": 0.0, "cold_wave_freq": 0.1, "radiative_freq": 0.0, "years_used": 20}}, {"type": "Feature", "geometry": {"type": "Point", "coordinates": [100.5, 22.5]}, "properties": {"fdd": 0.0, "max_consec_freeze_days": 0.1, "cold_wave_freq": 0.05, "radiative_freq": 0.0, "years_used": 20}}, {"type": "Feature", "geometry": {"type": "Point", "coordinates": [100.5, 23.5]}, "properties": {"fdd": 0.6, "max_consec_freeze_days": 0.5, "cold_wave_freq": 0.1, "radiative_freq": 0.0, "years_used": 20}}, {"type": "Feature", "geometry": {"type": "Point", "coordinates": [100.5, 24.5]}, "properties": {"fdd": 1.3, "max_consec_freeze_days": 0.8, "cold_wave_freq": 0.1, "radiative_freq": 0.0, "years_used": 20}}, {"type": "Feature", "geometry": {"type": "Point", "coordinates": [100.5, 25.5]}, "properties": {"fdd": 18.9, "max_consec_freeze_days": 6.2, "cold_wave_freq": 0.1, "radiative_freq": 0.0, "years_used": 20}}, {"type": "Feature", "geometry": {"type": "Point", "coordinates": [100.5, 26.5]}, "properties": {"fdd": 63.6, "max_consec_freeze_days": 15.9, "cold_wave_freq": 0.0, "radiative_freq": 0.0, "years_used": 20}}, {"type": "Feature", "geometry": {"type": "Point", "coordinates": [100.5, 27.5]}, "properties": {"fdd": 296.9, "max_consec_freeze_days": 92.5, "cold_wave_freq": 0.0, "radiative_freq": 0.0, "years_used": 20}}, {"type": "Feature", "geometry": {"type": "Point", "coordinates": [100.5, 28.5]}, "properties": {"fdd": 1089.0, "max_consec_freeze_days": 170.9, "cold_wave_freq": 0.0, "radiative_freq": 0.0, "years_used": 20}}, {"type": "Feature", "geometry": {"type": "Point", "coordinates": [100.5, 29.5]}, "properties": {"fdd": 1626.4, "max_consec_freeze_days": 203.6, "cold_wave_freq": 0.0, "radiative_freq": 0.0, "years_used": 20}}, {"type": "Feature", "geometry": {"type": "Point", "coordinates": [100.5, 30.5]}, "properties": {"fdd": 1435.2, "max_consec_freeze_days": 198.2, "cold_wave_freq": 0.05, "radiative_freq": 0.0, "years_used": 20}}, {"type": "Feature", "geometry": {"type": "Point", "coordinates": [100.5, 31.5]}, "properties": {"fdd": 1593.8, "max_consec_freeze_days": 199.1, "cold_wave_freq": 0.25, "radiative_freq": 0.0, "years_used": 20}}, {"type": "Feature", "geometry": {"type": "Point", "coordinates": [100.5, 32.5]}, "properties": {"fdd": 2228.4, "max_consec_freeze_days": 219.5, "cold_wave_freq": 1.1, "radiative_freq": 0.0, "years_used": 20}}, {"type": "Feature", "geometry": {"type": "Point", "coordinates": [100.5, 33.5]}, "properties": {"fdd": 2792.3, "max_consec_freeze_days": 233.8, "cold_wave_freq": 1.15, "radiative_freq": 0.0, "years_used": 20}}, {"type": "Feature", "geometry": {"type": "Point", "coordinates": [100.5, 34.5]}, "properties": {"fdd": 2619.6, "max_consec_freeze_days": 225.7, "cold_wave_freq": 0.7, "radiative_freq": 0.0, "years_used": 20}}, {"type": "Feature", "geometry": {"type": "Point", "coordinates": [100.5, 35.5]}, "properties": {"fdd": 2030.6, "max_consec_freeze_days": 194.1, "cold_wave_freq": 0.4, "radiative_freq": 0.0, "years_used": 20}}, {"type": "Feature", "geometry": {"type": "Point", "coordinates": [100.5, 36.5]}, "properties": {"fdd": 2422.7, "max_consec_freeze_days": 192.0, "cold_wave_freq": 0.8, "radiative_freq": 0.0, "years_used": 20}}, {"type": "Feature", "geometry": {"type": "Point", "coordinates": [100.5, 37.5]}, "properties": {"fdd": 3077.4, "max_consec_freeze_days": 231.9, "cold_wave_freq": 0.75, "radiative_freq": 0.0, "years_used": 20}}, {"type": "Feature", "geometry": {"type": "Point", "coordinates": [100.5, 38.5]}, "properties": {"fdd": 1556.3, "max_consec_freeze_days": 146.5, "cold_wave_freq": 1.8, "radiative_freq": 0.0, "years_used": 20}}, {"type": "Feature", "geometry": {"type": "Point", "coordinates": [100.5, 39.5]}, "properties": {"fdd": 1153.7, "max_consec_freeze_days": 121.6, "cold_wave_freq": 2.3, "radiative_freq": 0.0, "years_used": 20}}, {"type": "Feature", "geometry": {"type": "Point", "coordinates": [100.5, 40.5]}, "properties": {"fdd": 1173.2, "max_consec_freeze_days": 121.3, "cold_wave_freq": 1.65, "radiative_freq": 0.0, "years_used": 20}}, {"type": "Feature", "geometry": {"type": "Point", "coordinates": [100.5, 41.5]}, "properties": {"fdd": 1313.3, "max_consec_freeze_days": 127.2, "cold_wave_freq": 1.45, "radiative_freq": 0.0, "years_used": 20}}, {"type": "Feature", "geometry": {"type": "Point", "coordinates": [100.5, 42.5]}, "properties": {"fdd": 1403.2, "max_consec_freeze_days": 125.5, "cold_wave_freq": 1.85, "radiative_freq": 0.0, "years_used": 20}}, {"type": "Feature", "geometry": {"type": "Point", "coordinates": [100.5, 43.5]}, "properties": {"fdd": 2098.4, "max_consec_freeze_days": 154.2, "cold_wave_freq": 5.7, "radiative_freq": 0.0, "years_used": 20}}, {"type": "Feature", "geometry": {"type": "Point", "coordinates": [100.5, 44.5]}, "properties": {"fdd": 2161.9, "max_consec_freeze_days": 156.6, "cold_wave_freq": 4.3, "radiative_freq": 0.0, "years_used": 20}}, {"type": "Feature", "geometry": {"type": "Point", "coordinates": [100.5, 45.5]}, "properties": {"fdd": 2346.3, "max_consec_freeze_days": 161.7, "cold_wave_freq": 2.75, "radiative_freq": 0.0, "years_used": 20}}, {"type": "Feature", "geometry": {"type": "Point", "coordinates": [100.5, 46.5]}, "properties": {"fdd": 3679.1, "max_consec_freeze_days": 212.9, "cold_wave_freq": 8.9, "radiative_freq": 0.0, "years_used": 20}}, {"type": "Feature", "geometry": {"type": "Point", "coordinates": [100.5, 47.5]}, "properties": {"fdd": 3539.7, "max_consec_freeze_days": 212.3, "cold_wave_freq": 10.05, "radiative_freq": 0.0, "years_used": 20}}, {"type": "Feature", "geometry": {"type": "Point", "coordinates": [100.5, 48.5]}, "properties": {"fdd": 3568.4, "max_consec_freeze_days": 210.4, "cold_wave_freq": 8.9, "radiative_freq": 0.0, "years_used": 20}}, {"type": "Feature", "geometry": {"type": "Point", "coordinates": [100.5, 49.5]}, "properties": {"fdd": 3627.7, "max_consec_freeze_days": 204.4, "cold_wave_freq": 6.4, "radiative_freq": 0.0, "years_used": 20}}, {"type": "Feature", "geometry": {"type": "Point", "coordinates": [101.5, 20.5]}, "properties": {"fdd": 0.0, "max_consec_freeze_days": 0.0, "cold_wave_freq": 0.1, "radiative_freq": 0.0, "years_used": 20}}, {"type": "Feature", "geometry": {"type": "Point", "coordinates": [101.5, 21.5]}, "properties": {"fdd": 0.0, "max_consec_freeze_days": 0.0, "cold_wave_freq": 0.05, "radiative_freq": 0.0, "years_used": 20}}, {"type": "Feature", "geometry": {"type": "Point", "coordinates": [101.5, 22.5]}, "properties": {"fdd": 0.1, "max_consec_freeze_days": 0.1, "cold_wave_freq": 0.05, "radiative_freq": 0.0, "years_used": 20}}, {"type": "Feature", "geometry": {"type": "Point", "coordinates": [101.5, 23.5]}, "properties": {"fdd": 0.6, "max_consec_freeze_days": 0.6, "cold_wave_freq": 0.2, "radiative_freq": 0.0, "years_used": 20}}, {"type": "Feature", "geometry": {"type": "Point", "coordinates": [101.5, 24.5]}, "properties": {"fdd": 1.4, "max_consec_freeze_days": 0.8, "cold_wave_freq": 0.05, "radiative_freq": 0.0, "years_used": 20}}, {"type": "Feature", "geometry": {"type": "Point", "coordinates": [101.5, 25.5]}, "properties": {"fdd": 27.1, "max_consec_freeze_days": 7.7, "cold_wave_freq": 0.15, "radiative_freq": 0.0, "years_used": 20}}, {"type": "Feature", "geometry": {"type": "Point", "coordinates": [101.5, 26.5]}, "properties": {"fdd": 26.2, "max_consec_freeze_days": 7.5, "cold_wave_freq": 0.05, "radiative_freq": 0.0, "years_used": 20}}, {"type": "Feature", "geometry": {"type": "Point", "coordinates": [101.5, 27.5]}, "properties": {"fdd": 264.1, "max_consec_freeze_days": 79.0, "cold_wave_freq": 0.0, "radiative_freq": 0.0, "years_used": 20}}, {"type": "Feature", "geometry": {"type": "Point", "coordinates": [101.5, 28.5]}, "properties": {"fdd": 801.1, "max_consec_freeze_days": 151.7, "cold_wave_freq": 0.0, "radiative_freq": 0.0, "years_used": 20}}, {"type": "Feature", "geometry": {"type": "Point", "coordinates": [101.5, 29.5]}, "properties": {"fdd": 1529.4, "max_consec_freeze_days": 197.3, "cold_wave_freq": 0.1, "radiative_freq": 0.0, "years_used": 20}}, {"type": "Feature", "geometry": {"type": "Point", "coordinates": [101.5, 30.5]}, "properties": {"fdd": 1548.9, "max_consec_freeze_days": 203.9, "cold_wave_freq": 0.15, "radiative_freq": 0.0, "years_used": 20}}, {"type": "Feature", "geometry": {"type": "Point", "coordinates": [101.5, 31.5]}, "properties": {"fdd": 1803.1, "max_consec_freeze_days": 209.4, "cold_wave_freq": 0.4, "radiative_freq": 0.0, "years_used": 20}}, {"type": "Feature", "geometry": {"type": "Point", "coordinates": [101.5, 32.5]}, "properties": {"fdd": 1848.1, "max_consec_freeze_days": 205.8, "cold_wave_freq": 0.85, "radiative_freq": 0.0, "years_used": 20}}, {"type": "Feature", "geometry": {"type": "Point", "coordinates": [101.5, 33.5]}, "properties": {"fdd": 2453.6, "max_consec_freeze_days": 224.4, "cold_wave_freq": 0.55, "radiative_freq": 0.0, "years_used": 20}}, {"type": "Feature", "geometry": {"type": "Point", "coordinates": [101.5, 34.5]}, "properties": {"fdd": 2422.1, "max_consec_freeze_days": 217.9, "cold_wave_freq": 0.7, "radiative_freq": 0.0, "years_used": 20}}, {"type": "Feature", "geometry": {"type": "Point", "coordinates": [101.5, 35.5]}, "properties": {"fdd": 2659.6, "max_consec_freeze_days": 222.3, "cold_wave_freq": 0.55, "radiative_freq": 0.0, "years_used": 20}}, {"type": "Feature", "geometry": {"type": "Point", "coordinates": [101.5, 36.5]}, "properties": {"fdd": 2350.4, "max_consec_freeze_days": 200.6, "cold_wave_freq": 0.25, "radiative_freq": 0.0, "years_used": 20}}, {"type": "Feature", "geometry": {"type": "Point", "coordinates": [101.5, 37.5]}, "properties": {"fdd": 2880.5, "max_consec_freeze_days": 224.6, "cold_wave_freq": 0.6, "radiative_freq": 0.0, "years_used": 20}}, {"type": "Feature", "geometry": {"type": "Point", "coordinates": [101.5, 38.5]}, "properties": {"fdd": 1477.9, "max_consec_freeze_days": 145.7, "cold_wave_freq": 2.2, "radiative_freq": 0.0, "years_used": 20}}, {"type": "Feature", "geometry": {"type": "Point", "coordinates": [101.5, 39.5]}, "properties": {"fdd": 1087.2, "max_consec_freeze_days": 117.8, "cold_wave_freq": 2.4, "radiative_freq": 0.0, "years_used": 20}}, {"type": "Feature", "geometry": {"type": "Point", "coordinates": [101.5, 40.5]}, "properties": {"fdd": 1193.1, "max_consec_freeze_days": 122.3, "cold_wave_freq": 1.5, "radiative_freq": 0.0, "years_used": 20}}, {"type": "Feature", "geometry": {"type": "Point", "coordinates": [101.5, 41.5]}, "properties": {"fdd": 1313.7, "max_consec_freeze_days": 126.2, "cold_wave_freq": 1.3, "radiative_freq": 0.0, "years_used": 20}}, {"type": "Feature", "geometry": {"type": "Point", "coordinates": [101.5, 42.5]}, "properties": {"fdd": 1436.0, "max_consec_freeze_days": 128.1, "cold_wave_freq": 1.85, "radiative_freq": 0.0, "years_used": 20}}, {"type": "Feature", "geometry": {"type": "Point", "coordinates": [101.5, 43.5]}, "properties": {"fdd": 1934.2, "max_consec_freeze_days": 146.4, "cold_wave_freq": 6.7, "radiative_freq": 0.0, "years_used": 20}}, {"type": "Feature", "geometry": {"type": "Point", "coordinates": [101.5, 44.5]}, "properties": {"fdd": 2034.2, "max_consec_freeze_days": 152.9, "cold_wave_freq": 4.0, "radiative_freq": 0.0, "years_used": 20}}, {"type": "Feature", "geometry": {"type": "Point", "coordinates": [101.5, 45.5]}, "properties": {"fdd": 2482.7, "max_consec_freeze_days": 167.9, "cold_wave_freq": 3.4, "radiative_freq": 0.0, "years_used": 20}}, {"type": "Feature", "geometry": {"type": "Point", "coordinates": [101.5, 46.5]}, "properties": {"fdd": 3953.5, "max_consec_freeze_days": 228.6, "cold_wave_freq": 8.65, "radiative_freq": 0.0, "years_used": 20}}, {"type": "Feature", "geometry": {"type": "Point", "coordinates": [101.5, 47.5]}, "properties": {"fdd": 3073.5, "max_consec_freeze_days": 193.2, "cold_wave_freq": 9.9, "radiative_freq": 0.0, "years_used": 20}}, {"type": "Feature", "geometry": {"type": "Point", "coordinates": [101.5, 48.5]}, "properties": {"fdd": 3253.8, "max_consec_freeze_days": 204.0, "cold_wave_freq": 8.15, "radiative_freq": 0.0, "years_used": 20}}, {"type": "Feature", "geometry": {"type": "Point", "coordinates": [101.5, 49.5]}, "properties": {"fdd": 3481.0, "max_consec_freeze_days": 200.8, "cold_wave_freq": 6.4, "radiative_freq": 0.0, "years_used": 20}}, {"type": "Feature", "geometry": {"type": "Point", "coordinates": [102.5, 20.5]}, "properties": {"fdd": 0.0, "max_consec_freeze_days": 0.0, "cold_wave_freq": 0.15, "radiative_freq": 0.0, "years_used": 20}}, {"type": "Feature", "geometry": {"type": "Point", "coordinates": [102.5, 21.5]}, "properties": {"fdd": 0.0, "max_consec_freeze_days": 0.0, "cold_wave_freq": 0.25, "radiative_freq": 0.0, "years_used": 20}}, {"type": "Feature", "geometry": {"type": "Point", "coordinates": [102.5, 22.5]}, "properties": {"fdd": 0.1, "max_consec_freeze_days": 0.2, "cold_wave_freq": 0.25, "radiative_freq": 0.0, "years_used": 20}}, {"type": "Feature", "geometry": {"type": "Point", "coordinates": [102.5, 23.5]}, "properties": {"fdd": 2.3, "max_consec_freeze_days": 1.1, "cold_wave_freq": 0.5, "radiative_freq": 0.0, "years_used": 20}}, {"type": "Feature", "geometry": {"type": "Point", "coordinates": [102.5, 24.5]}, "properties": {"fdd": 7.5, "max_consec_freeze_days": 2.6, "cold_wave_freq": 0.25, "radiative_freq": 0.0, "years_used": 20}}, {"type": "Feature", "geometry": {"type": "Point", "coordinates": [102.5, 25.5]}, "properties": {"fdd": 22.6, "max_consec_freeze_days": 5.8, "cold_wave_freq": 0.2, "radiative_freq": 0.0, "years_used": 20}}, {"type": "Feature", "geometry": {"type": "Point", "coordinates": [102.5, 26.5]}, "properties": {"fdd": 46.2, "max_consec_freeze_days": 7.1, "cold_wave_freq": 0.25, "radiative_freq": 0.0, "years_used": 20}}, {"type": "Feature", "geometry": {"type": "Point", "coordinates": [102.5, 27.5]}, "properties": {"fdd": 170.1, "max_consec_freeze_days": 24.4, "cold_wave_freq": 0.1, "radiative_freq": 0.0, "years_used": 20}}, {"type": "Feature", "geometry": {"type": "Point", "coordinates": [102.5, 28.5]}, "properties": {"fdd": 339.9, "max_consec_freeze_days": 57.8, "cold_wave_freq": 0.35, "radiative_freq": 0.0, "years_used": 20}}, {"type": "Feature", "geometry": {"type": "Point", "coordinates": [102.5, 29.5]}, "properties": {"fdd": 260.2, "max_consec_freeze_days": 30.3, "cold_wave_freq": 1.15, "radiative_freq": 0.0, "years_used": 20}}, {"type": "Feature", "geometry": {"type": "Point", "coordinates": [102.5, 30.5]}, "properties": {"fdd": 973.7, "max_consec_freeze_days": 120.5, "cold_wave_freq": 0.45, "radiative_freq": 0.0, "years_used": 20}}, {"type": "Feature", "geometry": {"type": "Point", "coordinates": [102.5, 31.5]}, "properties": {"fdd": 1475.5, "max_consec_freeze_days": 188.1, "cold_wave_freq": 0.1, "radiative_freq": 0.0, "years_used": 20}}, {"type": "Feature", "geometry": {"type": "Point", "coordinates": [102.5, 32.5]}, "properties": {"fdd": 1709.0, "max_consec_freeze_days": 204.4, "cold_wave_freq": 0.5, "radiative_freq": 0.0, "years_used": 20}}, {"type": "Feature", "geometry": {"type": "Point", "coordinates": [102.5, 33.5]}, "properties": {"fdd": 1740.3, "max_consec_freeze_days": 191.3, "cold_wave_freq": 0.55, "radiative_freq": 0.0, "years_used": 20}}, {"type": "Feature", "geometry": {"type": "Point", "coordinates": [102.5, 34.5]}, "properties": {"fdd": 2139.3, "max_consec_freeze_days": 205.2, "cold_wave_freq": 0.3, "radiative_freq": 0.0, "years_used": 20}}, {"type": "Feature", "geometry": {"type": "Point", "coordinates": [102.5, 35.5]}, "properties": {"fdd": 1791.8, "max_consec_freeze_days": 182.2, "cold_wave_freq": 0.55, "radiative_freq": 0.0, "years_used": 20}}, {"type": "Feature", "geometry": {"type": "Point", "coordinates": [102.5, 36.5]}, "properties": {"fdd": 1723.3, "max_consec_freeze_days": 165.4, "cold_wave_freq": 0.75, "radiative_freq": 0.0, "years_used": 20}}, {"type": "Feature", "geometry": {"type": "Point", "coordinates": [102.5, 37.5]}, "properties": {"fdd": 2184.2, "max_consec_freeze_days": 194.8, "cold_wave_freq": 1.5, "radiative_freq": 0.0, "years_used": 20}}, {"type": "Feature", "geometry": {"type": "Point", "coordinates": [102.5, 38.5]}, "properties": {"fdd": 973.5, "max_consec_freeze_days": 104.0, "cold_wave_freq": 1.6, "radiative_freq": 0.0, "years_used": 20}}, {"type": "Feature", "geometry": {"type": "Point", "coordinates": [102.5, 39.5]}, "properties": {"fdd": 1265.0, "max_consec_freeze_days": 125.3, "cold_wave_freq": 1.95, "radiative_freq": 0.0, "years_used": 20}}, {"type": "Feature", "geometry": {"type": "Point", "coordinates": [102.5, 40.5]}, "properties": {"fdd": 1381.3, "max_consec_freeze_days": 129.4, "cold_wave_freq": 2.2, "radiative_freq": 0.0, "years_used": 20}}, {"type": "Feature", "geometry": {"type": "Point", "coordinates": [102.5, 41.5]}, "properties": {"fdd": 1377.7, "max_consec_freeze_days": 128.9, "cold_wave_freq": 1.55, "radiative_freq": 0.0, "years_used": 20}}, {"type": "Feature", "geometry": {"type": "Point", "coordinates": [102.5, 42.5]}, "properties": {"fdd": 1686.2, "max_consec_freeze_days": 138.0, "cold_wave_freq": 2.55, "radiative_freq": 0.0, "years_used": 20}}, {"type": "Feature", "geometry": {"type": "Point", "coordinates": [102.5, 43.5]}, "properties": {"fdd": 2192.4, "max_consec_freeze_days": 159.4, "cold_wave_freq": 6.05, "radiative_freq": 0.0, "years_used": 20}}, {"type": "Feature", "geometry": {"type": "Point", "coordinates": [102.5, 44.5]}, "properties": {"fdd": 2301.9, "max_consec_freeze_days": 165.1, "cold_wave_freq": 5.25, "radiative_freq": 0.0, "years_used": 20}}, {"type": "Feature", "geometry": {"type": "Point", "coordinates": [102.5, 45.5]}, "properties": {"fdd": 2487.0, "max_consec_freeze_days": 175.6, "cold_wave_freq": 4.4, "radiative_freq": 0.0, "years_used": 20}}, {"type": "Feature", "geometry": {"type": "Point", "coordinates": [102.5, 46.5]}, "properties": {"fdd": 3204.7, "max_consec_freeze_days": 201.8, "cold_wave_freq": 9.1, "radiative_freq": 0.0, "years_used": 20}}, {"type": "Feature", "geometry": {"type": "Point", "coordinates": [102.5, 47.5]}, "properties": {"fdd": 2771.9, "max_consec_freeze_days": 184.8, "cold_wave_freq": 6.9, "radiative_freq": 0.0, "years_used": 20}}, {"type": "Feature", "geometry": {"type": "Point", "coordinates": [102.5, 48.5]}, "properties": {"fdd": 3124.0, "max_consec_freeze_days": 195.4, "cold_wave_freq": 6.55, "radiative_freq": 0.0, "years_used": 20}}, {"type": "Feature", "geometry": {"type": "Point", "coordinates": [102.5, 49.5]}, "properties": {"fdd": 3256.3, "max_consec_freeze_days": 193.2, "cold_wave_freq": 5.85, "radiative_freq": 0.0, "years_used": 20}}, {"type": "Feature", "geometry": {"type": "Point", "coordinates": [103.5, 20.5]}, "properties": {"fdd": 0.2, "max_consec_freeze_days": 0.2, "cold_wave_freq": 0.75, "radiative_freq": 0.0, "years_used": 20}}, {"type": "Feature", "geometry": {"type": "Point", "coordinates": [103.5, 21.5]}, "properties": {"fdd": 0.0, "max_consec_freeze_days": 0.2, "cold_wave_freq": 0.35, "radiative_freq": 0.0, "years_used": 20}}, {"type": "Feature", "geometry": {"type": "Point", "coordinates": [103.5, 22.5]}, "properties": {"fdd": 0.2, "max_consec_freeze_days": 0.1, "cold_wave_freq": 0.4, "radiative_freq": 0.0, "years_used": 20}}, {"type": "Feature", "geometry": {"type": "Point", "coordinates": [103.5, 23.5]}, "properties": {"fdd": 10.2, "max_consec_freeze_days": 3.5, "cold_wave_freq": 1.05, "radiative_freq": 0.0, "years_used": 20}}, {"type": "Feature", "geometry": {"type": "Point", "coordinates": [103.5, 24.5]}, "properties": {"fdd": 22.6, "max_consec_freeze_days": 4.8, "cold_wave_freq": 0.9, "radiative_freq": 0.0, "years_used": 20}}, {"type": "Feature", "geometry": {"type": "Point", "coordinates": [103.5, 25.5]}, "properties": {"fdd": 54.1, "max_consec_freeze_days": 7.2, "cold_wave_freq": 0.3, "radiative_freq": 0.0, "years_used": 20}}, {"type": "Feature", "geometry": {"type": "Point", "coordinates": [103.5, 26.5]}, "properties": {"fdd": 118.9, "max_consec_freeze_days": 14.7, "cold_wave_freq": 0.6, "radiative_freq": 0.0, "years_used": 20}}, {"type": "Feature", "geometry": {"type": "Point", "coordinates": [103.5, 27.5]}, "properties": {"fdd": 232.5, "max_consec_freeze_days": 29.0, "cold_wave_freq": 1.05, "radiative_freq": 0.0, "years_used": 20}}, {"type": "Feature", "geometry": {"type": "Point", "coordinates": [103.5, 28.5]}, "properties": {"fdd": 98.7, "max_consec_freeze_days": 21.8, "cold_wave_freq": 0.4, "radiative_freq": 0.0, "years_used": 20}}, {"type": "Feature", "geometry": {"type": "Point", "coordinates": [103.5, 29.5]}, "properties": {"fdd": 16.2, "max_consec_freeze_days": 6.7, "cold_wave_freq": 0.1, "radiative_freq": 0.0, "years_used": 20}}, {"type": "Feature", "geometry": {"type": "Point", "coordinates": [103.5, 30.5]}, "properties": {"fdd": 32.2, "max_consec_freeze_days": 9.6, "cold_wave_freq": 0.1, "radiative_freq": 0.0, "years_used": 20}}, {"type": "Feature", "geometry": {"type": "Point", "coordinates": [103.5, 31.5]}, "properties": {"fdd": 547.4, "max_consec_freeze_days": 82.1, "cold_wave_freq": 0.2, "radiative_freq": 0.0, "years_used": 20}}, {"type": "Feature", "geometry": {"type": "Point", "coordinates": [103.5, 32.5]}, "properties": {"fdd": 1332.5, "max_consec_freeze_days": 162.0, "cold_wave_freq": 0.0, "radiative_freq": 0.0, "years_used": 20}}, {"type": "Feature", "geometry": {"type": "Point", "coordinates": [103.5, 33.5]}, "properties": {"fdd": 1554.3, "max_consec_freeze_days": 173.7, "cold_wave_freq": 0.05, "radiative_freq": 0.0, "years_used": 20}}, {"type": "Feature", "geometry": {"type": "Point", "coordinates": [103.5, 34.5]}, "properties": {"fdd": 1476.4, "max_consec_freeze_days": 162.6, "cold_wave_freq": 0.75, "radiative_freq": 0.0, "years_used": 20}}, {"type": "Feature", "geometry": {"type": "Point", "coordinates": [103.5, 35.5]}, "properties": {"fdd": 1023.1, "max_consec_freeze_days": 122.0, "cold_wave_freq": 1.35, "radiative_freq": 0.0, "years_used": 20}}, {"type": "Feature", "geometry": {"type": "Point", "coordinates": [103.5, 36.5]}, "properties": {"fdd": 1065.1, "max_consec_freeze_days": 125.4, "cold_wave_freq": 1.1, "radiative_freq": 0.0, "years_used": 20}}, {"type": "Feature", "geometry": {"type": "Point", "coordinates": [103.5, 37.5]}, "properties": {"fdd": 1100.1, "max_consec_freeze_days": 123.5, "cold_wave_freq": 2.5, "radiative_freq": 0.0, "years_used": 20}}, {"type": "Feature", "geometry": {"type": "Point", "coordinates": [103.5, 38.5]}, "properties": {"fdd": 1123.3, "max_consec_freeze_days": 121.3, "cold_wave_freq": 1.6, "radiative_freq": 0.0, "years_used": 20}}, {"type": "Feature", "geometry": {"type": "Point", "coordinates": [103.5, 39.5]}, "properties": {"fdd": 1391.0, "max_consec_freeze_days": 131.7, "cold_wave_freq": 2.1, "radiative_freq": 0.0, "years_used": 20}}, {"type": "Feature", "geometry": {"type": "Point", "coordinates": [103.5, 40.5]}, "properties": {"fdd": 1560.9, "max_consec_freeze_days": 133.3, "cold_wave_freq": 3.0, "radiative_freq": 0.0, "years_used": 20}}, {"type": "Feature", "geometry": {"type": "Point", "coordinates": [103.5, 41.5]}, "properties": {"fdd": 1378.4, "max_consec_freeze_days": 127.5, "cold_wave_freq": 1.8, "radiative_freq": 0.0, "years_used": 20}}, {"type": "Feature", "geometry": {"type": "Point", "coordinates": [103.5, 42.5]}, "properties": {"fdd": 1816.3, "max_consec_freeze_days": 140.6, "cold_wave_freq": 3.5, "radiative_freq": 0.0, "years_used": 20}}, {"type": "Feature", "geometry": {"type": "Point", "coordinates": [103.5, 43.5]}, "properties": {"fdd": 2513.6, "max_consec_freeze_days": 171.7, "cold_wave_freq": 9.0, "radiative_freq": 0.0, "years_used": 20}}, {"type": "Feature", "geometry": {"type": "Point", "coordinates": [103.5, 44.5]}, "properties": {"fdd": 1968.8, "max_consec_freeze_days": 149.1, "cold_wave_freq": 4.35, "radiative_freq": 0.0, "years_used": 20}}, {"type": "Feature", "geometry": {"type": "Point", "coordinates": [103.5, 45.5]}, "properties": {"fdd": 2461.3, "max_consec_freeze_days": 172.8, "cold_wave_freq": 4.15, "radiative_freq": 0.0, "years_used": 20}}, {"type": "Feature", "geometry": {"type": "Point", "coordinates": [103.5, 46.5]}, "properties": {"fdd": 3070.6, "max_consec_freeze_days": 198.8, "cold_wave_freq": 8.9, "radiative_freq": 0.0, "years_used": 20}}, {"type": "Feature", "geometry": {"type": "Point", "coordinates": [103.5, 47.5]}, "properties": {"fdd": 2757.6, "max_consec_freeze_days": 184.5, "cold_wave_freq": 6.95, "radiative_freq": 0.0, "years_used": 20}}, {"type": "Feature", "geometry": {"type": "Point", "coordinates": [103.5, 48.5]}, "properties": {"fdd": 2992.7, "max_consec_freeze_days": 193.2, "cold_wave_freq": 6.65, "radiative_freq": 0.0, "years_used": 20}}, {"type": "Feature", "geometry": {"type": "Point", "coordinates": [103.5, 49.5]}, "properties": {"fdd": 3324.4, "max_consec_freeze_days": 195.8, "cold_wave_freq": 6.75, "radiative_freq": 0.0, "years_used": 20}}, {"type": "Feature", "geometry": {"type": "Point", "coordinates": [104.5, 20.5]}, "properties": {"fdd": 0.1, "max_consec_freeze_days": 0.1, "cold_wave_freq": 0.55, "radiative_freq": 0.0, "years_used": 20}}, {"type": "Feature", "geometry": {"type": "Point", "coordinates": [104.5, 21.5]}, "properties": {"fdd": 1.3, "max_consec_freeze_days": 1.4, "cold_wave_freq": 0.75, "radiative_freq": 0.0, "years_used": 20}}, {"type": "Feature", "geometry": {"type": "Point", "coordinates": [104.5, 22.5]}, "properties": {"fdd": 0.0, "max_consec_freeze_days": 0.1, "cold_wave_freq": 0.1, "radiative_freq": 0.0, "years_used": 20}}, {"type": "Feature", "geometry": {"type": "Point", "coordinates": [104.5, 23.5]}, "properties": {"fdd": 13.9, "max_consec_freeze_days": 4.2, "cold_wave_freq": 1.4, "radiative_freq": 0.0, "years_used": 20}}, {"type": "Feature", "geometry": {"type": "Point", "coordinates": [104.5, 24.5]}, "properties": {"fdd": 17.0, "max_consec_freeze_days": 4.8, "cold_wave_freq": 0.8, "radiative_freq": 0.0, "years_used": 20}}, {"type": "Feature", "geometry": {"type": "Point", "coordinates": [104.5, 25.5]}, "properties": {"fdd": 66.0, "max_consec_freeze_days": 8.6, "cold_wave_freq": 0.55, "radiative_freq": 0.0, "years_used": 20}}, {"type": "Feature", "geometry": {"type": "Point", "coordinates": [104.5, 26.5]}, "properties": {"fdd": 130.3, "max_consec_freeze_days": 15.1, "cold_wave_freq": 0.55, "radiative_freq": 0.0, "years_used": 20}}, {"type": "Feature", "geometry": {"type": "Point", "coordinates": [104.5, 27.5]}, "properties": {"fdd": 177.8, "max_consec_freeze_days": 27.2, "cold_wave_freq": 0.9, "radiative_freq": 0.0, "years_used": 20}}, {"type": "Feature", "geometry": {"type": "Point", "coordinates": [104.5, 28.5]}, "properties": {"fdd": 17.4, "max_consec_freeze_days": 7.0, "cold_wave_freq": 0.15, "radiative_freq": 0.0, "years_used": 20}}, {"type": "Feature", "geometry": {"type": "Point", "coordinates": [104.5, 29.5]}, "properties": {"fdd": 16.9, "max_consec_freeze_days": 6.3, "cold_wave_freq": 0.05, "radiative_freq": 0.0, "years_used": 20}}, {"type": "Feature", "geometry": {"type": "Point", "coordinates": [104.5, 30.5]}, "properties": {"fdd": 29.3, "max_consec_freeze_days": 8.4, "cold_wave_freq": 0.05, "radiative_freq": 0.0, "years_used": 20}}, {"type": "Feature", "geometry": {"type": "Point", "coordinates": [104.5, 31.5]}, "properties": {"fdd": 57.9, "max_consec_freeze_days": 13.4, "cold_wave_freq": 0.1, "radiative_freq": 0.0, "years_used": 20}}, {"type": "Feature", "geometry": {"type": "Point", "coordinates": [104.5, 32.5]}, "properties": {"fdd": 564.0, "max_consec_freeze_days": 87.0, "cold_wave_freq": 0.15, "radiative_freq": 0.0, "years_used": 20}}, {"type": "Feature", "geometry": {"type": "Point", "coordinates": [104.5, 33.5]}, "properties": {"fdd": 873.8, "max_consec_freeze_days": 117.0, "cold_wave_freq": 0.6, "radiative_freq": 0.0, "years_used": 20}}, {"type": "Feature", "geometry": {"type": "Point", "coordinates": [104.5, 34.5]}, "properties": {"fdd": 1356.3, "max_consec_freeze_days": 148.5, "cold_wave_freq": 1.15, "radiative_freq": 0.0, "years_used": 20}}, {"type": "Feature", "geometry": {"type": "Point", "coordinates": [104.5, 35.5]}, "properties": {"fdd": 1127.6, "max_consec_freeze_days": 132.9, "cold_wave_freq": 1.4, "radiative_freq": 0.0, "years_used": 20}}, {"type": "Feature", "geometry": {"type": "Point", "coordinates": [104.5, 36.5]}, "properties": {"fdd": 1034.4, "max_consec_freeze_days": 125.2, "cold_wave_freq": 1.2, "radiative_freq": 0.05, "years_used": 20}}, {"type": "Feature", "geometry": {"type": "Point", "coordinates": [104.5, 37.5]}, "properties": {"fdd": 1085.2, "max_consec_freeze_days": 125.0, "cold_wave_freq": 2.0, "radiative_freq": 0.0, "years_used": 20}}, {"type": "Feature", "geometry": {"type": "Point", "coordinates": [104.5, 38.5]}, "properties": {"fdd": 1169.9, "max_consec_freeze_days": 123.8, "cold_wave_freq": 2.1, "radiative_freq": 0.0, "years_used": 20}}, {"type": "Feature", "geometry": {"type": "Point", "coordinates": [104.5, 39.5]}, "properties": {"fdd": 1404.4, "max_consec_freeze_days": 132.2, "cold_wave_freq": 2.2, "radiative_freq": 0.0, "years_used": 20}}, {"type": "Feature", "geometry": {"type": "Point", "coordinates": [104.5, 40.5]}, "properties": {"fdd": 1538.8, "max_consec_freeze_days": 134.1, "cold_wave_freq": 3.45, "radiative_freq": 0.0, "years_used": 20}}, {"type": "Feature", "geometry": {"type": "Point", "coordinates": [104.5, 41.5]}, "properties": {"fdd": 1375.7, "max_consec_freeze_days": 127.5, "cold_wave_freq": 1.65, "radiative_freq": 0.0, "years_used": 20}}, {"type": "Feature", "geometry": {"type": "Point", "coordinates": [104.5, 42.5]}, "properties": {"fdd": 1925.4, "max_consec_freeze_days": 146.2, "cold_wave_freq": 4.9, "radiative_freq": 0.0, "years_used": 20}}, {"type": "Feature", "geometry": {"type": "Point", "coordinates": [104.5, 43.5]}, "properties": {"fdd": 2328.5, "max_consec_freeze_days": 163.3, "cold_wave_freq": 10.1, "radiative_freq": 0.0, "years_used": 20}}, {"type": "Feature", "geometry": {"type": "Point", "coordinates": [104.5, 44.5]}, "properties": {"fdd": 2125.8, "max_consec_freeze_days": 158.4, "cold_wave_freq": 4.85, "radiative_freq": 0.0, "years_used": 20}}, {"type": "Feature", "geometry": {"type": "Point", "coordinates": [104.5, 45.5]}, "properties": {"fdd": 2533.8, "max_consec_freeze_days": 171.6, "cold_wave_freq": 4.65, "radiative_freq": 0.0, "years_used": 20}}, {"type": "Feature", "geometry": {"type": "Point", "coordinates": [104.5, 46.5]}, "properties": {"fdd": 2884.0, "max_consec_freeze_days": 188.8, "cold_wave_freq": 8.9, "radiative_freq": 0.0, "years_used": 20}}, {"type": "Feature", "geometry": {"type": "Point", "coordinates": [104.5, 47.5]}, "properties": {"fdd": 2782.8, "max_consec_freeze_days": 185.0, "cold_wave_freq": 7.2, "radiative_freq": 0.0, "years_used": 20}}, {"type": "Feature", "geometry": {"type": "Point", "coordinates": [104.5, 48.5]}, "properties": {"fdd": 2902.9, "max_consec_freeze_days": 191.1, "cold_wave_freq": 5.45, "radiative_freq": 0.0, "years_used": 20}}, {"type": "Feature", "geometry": {"type": "Point", "coordinates": [104.5, 49.5]}, "properties": {"fdd": 3085.4, "max_consec_freeze_days": 190.1, "cold_wave_freq": 5.25, "radiative_freq": 0.0, "years_used": 20}}, {"type": "Feature", "geometry": {"type": "Point", "coordinates": [105.5, 20.5]}, "properties": {"fdd": 0.0, "max_consec_freeze_days": 0.0, "cold_wave_freq": 0.15, "radiative_freq": 0.0, "years_used": 20}}, {"type": "Feature", "geometry": {"type": "Point", "coordinates": [105.5, 21.5]}, "properties": {"fdd": 0.0, "max_consec_freeze_days": 0.0, "cold_wave_freq": 0.2, "radiative_freq": 0.0, "years_used": 20}}, {"type": "Feature", "geometry": {"type": "Point", "coordinates": [105.5, 22.5]}, "properties": {"fdd": 0.1, "max_consec_freeze_days": 0.3, "cold_wave_freq": 0.4, "radiative_freq": 0.0, "years_used": 20}}, {"type": "Feature", "geometry": {"type": "Point", "coordinates": [105.5, 23.5]}, "properties": {"fdd": 9.8, "max_consec_freeze_days": 3.4, "cold_wave_freq": 1.7, "radiative_freq": 0.0, "years_used": 20}}, {"type": "Feature", "geometry": {"type": "Point", "coordinates": [105.5, 24.5]}, "properties": {"fdd": 9.9, "max_consec_freeze_days": 3.5, "cold_wave_freq": 0.5, "radiative_freq": 0.0, "years_used": 20}}, {"type": "Feature", "geometry": {"type": "Point", "coordinates": [105.5, 25.5]}, "properties": {"fdd": 27.6, "max_consec_freeze_days": 7.8, "cold_wave_freq": 0.3, "radiative_freq": 0.0, "years_used": 20}}, {"type": "Feature", "geometry": {"type": "Point", "coordinates": [105.5, 26.5]}, "properties": {"fdd": 98.1, "max_consec_freeze_days": 14.0, "cold_wave_freq": 0.95, "radiative_freq": 0.0, "years_used": 20}}, {"type": "Feature", "geometry": {"type": "Point", "coordinates": [105.5, 27.5]}, "properties": {"fdd": 100.9, "max_consec_freeze_days": 17.4, "cold_wave_freq": 0.5, "radiative_freq": 0.0, "years_used": 20}}, {"type": "Feature", "geometry": {"type": "Point", "coordinates": [105.5, 28.5]}, "properties": {"fdd": 17.4, "max_consec_freeze_days": 6.9, "cold_wave_freq": 0.2, "radiative_freq": 0.0, "years_used": 20}}, {"type": "Feature", "geometry": {"type": "Point", "coordinates": [105.5, 29.5]}, "properties": {"fdd": 12.3, "max_consec_freeze_days": 5.1, "cold_wave_freq": 0.15, "radiative_freq": 0.0, "years_used": 20}}, {"type": "Feature", "geometry": {"type": "Point", "coordinates": [105.5, 30.5]}, "properties": {"fdd": 20.1, "max_consec_freeze_days": 7.3, "cold_wave_freq": 0.2, "radiative_freq": 0.0, "years_used": 20}}, {"type": "Feature", "geometry": {"type": "Point", "coordinates": [105.5, 31.5]}, "properties": {"fdd": 46.1, "max_consec_freeze_days": 11.8, "cold_wave_freq": 0.2, "radiative_freq": 0.0, "years_used": 20}}, {"type": "Feature", "geometry": {"type": "Point", "coordinates": [105.5, 32.5]}, "properties": {"fdd": 145.5, "max_consec_freeze_days": 28.4, "cold_wave_freq": 0.2, "radiative_freq": 0.0, "years_used": 20}}, {"type": "Feature", "geometry": {"type": "Point", "coordinates": [105.5, 33.5]}, "properties": {"fdd": 414.7, "max_consec_freeze_days": 73.5, "cold_wave_freq": 0.8, "radiative_freq": 0.0, "years_used": 20}}, {"type": "Feature", "geometry": {"type": "Point", "coordinates": [105.5, 34.5]}, "properties": {"fdd": 674.1, "max_consec_freeze_days": 100.2, "cold_wave_freq": 1.5, "radiative_freq": 0.0, "years_used": 20}}, {"type": "Feature", "geometry": {"type": "Point", "coordinates": [105.5, 35.5]}, "properties": {"fdd": 1057.6, "max_consec_freeze_days": 120.5, "cold_wave_freq": 2.25, "radiative_freq": 0.05, "years_used": 20}}, {"type": "Feature", "geometry": {"type": "Point", "coordinates": [105.5, 36.5]}, "properties": {"fdd": 1226.4, "max_consec_freeze_days": 127.2, "cold_wave_freq": 2.3, "radiative_freq": 0.0, "years_used": 20}}, {"type": "Feature", "geometry": {"type": "Point", "coordinates": [105.5, 37.5]}, "properties": {"fdd": 998.8, "max_consec_freeze_days": 120.0, "cold_wave_freq": 1.8, "radiative_freq": 0.0, "years_used": 20}}, {"type": "Feature", "geometry": {"type": "Point", "coordinates": [105.5, 38.5]}, "properties": {"fdd": 1225.4, "max_consec_freeze_days": 124.0, "cold_wave_freq": 2.3, "radiative_freq": 0.0, "years_used": 20}}, {"type": "Feature", "geometry": {"type": "Point", "coordinates": [105.5, 39.5]}, "properties": {"fdd": 1308.7, "max_consec_freeze_days": 125.1, "cold_wave_freq": 3.05, "radiative_freq": 0.0, "years_used": 20}}, {"type": "Feature", "geometry": {"type": "Point", "coordinates": [105.5, 40.5]}, "properties": {"fdd": 1619.4, "max_consec_freeze_days": 136.8, "cold_wave_freq": 4.05, "radiative_freq": 0.0, "years_used": 20}}, {"type": "Feature", "geometry": {"type": "Point", "coordinates": [105.5, 41.5]}, "properties": {"fdd": 1550.2, "max_consec_freeze_days": 131.4, "cold_wave_freq": 2.9, "radiative_freq": 0.0, "years_used": 20}}, {"type": "Feature", "geometry": {"type": "Point", "coordinates": [105.5, 42.5]}, "properties": {"fdd": 1742.9, "max_consec_freeze_days": 139.4, "cold_wave_freq": 4.05, "radiative_freq": 0.0, "years_used": 20}}, {"type": "Feature", "geometry": {"type": "Point", "coordinates": [105.5, 43.5]}, "properties": {"fdd": 2256.3, "max_consec_freeze_days": 159.8, "cold_wave_freq": 8.7, "radiative_freq": 0.0, "years_used": 20}}, {"type": "Feature", "geometry": {"type": "Point", "coordinates": [105.5, 44.5]}, "properties": {"fdd": 2273.6, "max_consec_freeze_days": 159.4, "cold_wave_freq": 6.1, "radiative_freq": 0.0, "years_used": 20}}, {"type": "Feature", "geometry": {"type": "Point", "coordinates": [105.5, 45.5]}, "properties": {"fdd": 2620.4, "max_consec_freeze_days": 178.0, "cold_wave_freq": 5.9, "radiative_freq": 0.0, "years_used": 20}}, {"type": "Feature", "geometry": {"type": "Point", "coordinates": [105.5, 46.5]}, "properties": {"fdd": 2918.0, "max_consec_freeze_days": 190.9, "cold_wave_freq": 7.2, "radiative_freq": 0.0, "years_used": 20}}, {"type": "Feature", "geometry": {"type": "Point", "coordinates": [105.5, 47.5]}, "properties": {"fdd": 2959.1, "max_consec_freeze_days": 191.1, "cold_wave_freq": 6.6, "radiative_freq": 0.0, "years_used": 20}}, {"type": "Feature", "geometry": {"type": "Point", "coordinates": [105.5, 48.5]}, "properties": {"fdd": 3030.8, "max_consec_freeze_days": 189.3, "cold_wave_freq": 6.6, "radiative_freq": 0.0, "years_used": 20}}, {"type": "Feature", "geometry": {"type": "Point", "coordinates": [105.5, 49.5]}, "properties": {"fdd": 2963.4, "max_consec_freeze_days": 186.2, "cold_wave_freq": 4.95, "radiative_freq": 0.0, "years_used": 20}}, {"type": "Feature", "geometry": {"type": "Point", "coordinates": [106.5, 20.5]}, "properties": {"fdd": 0.0, "max_consec_freeze_days": 0.0, "cold_wave_freq": 0.0, "radiative_freq": 0.0, "years_used": 20}}, {"type": "Feature", "geometry": {"type": "Point", "coordinates": [106.5, 21.5]}, "properties": {"fdd": 0.0, "max_consec_freeze_days": 0.0, "cold_wave_freq": 0.15, "radiative_freq": 0.0, "years_used": 20}}, {"type": "Feature", "geometry": {"type": "Point", "coordinates": [106.5, 22.5]}, "properties": {"fdd": 0.3, "max_consec_freeze_days": 0.5, "cold_wave_freq": 0.85, "radiative_freq": 0.0, "years_used": 20}}, {"type": "Feature", "geometry": {"type": "Point", "coordinates": [106.5, 23.5]}, "properties": {"fdd": 6.4, "max_consec_freeze_days": 2.9, "cold_wave_freq": 1.85, "radiative_freq": 0.0, "years_used": 20}}, {"type": "Feature", "geometry": {"type": "Point", "coordinates": [106.5, 24.5]}, "properties": {"fdd": 15.9, "max_consec_freeze_days": 4.5, "cold_wave_freq": 1.45, "radiative_freq": 0.0, "years_used": 20}}, {"type": "Feature", "geometry": {"type": "Point", "coordinates": [106.5, 25.5]}, "properties": {"fdd": 24.3, "max_consec_freeze_days": 7.5, "cold_wave_freq": 0.55, "radiative_freq": 0.0, "years_used": 20}}, {"type": "Feature", "geometry": {"type": "Point", "coordinates": [106.5, 26.5]}, "properties": {"fdd": 84.1, "max_consec_freeze_days": 12.1, "cold_wave_freq": 1.7, "radiative_freq": 0.0, "years_used": 20}}, {"type": "Feature", "geometry": {"type": "Point", "coordinates": [106.5, 27.5]}, "properties": {"fdd": 76.5, "max_consec_freeze_days": 12.9, "cold_wave_freq": 0.85, "radiative_freq": 0.0, "years_used": 20}}, {"type": "Feature", "geometry": {"type": "Point", "coordinates": [106.5, 28.5]}, "properties": {"fdd": 43.9, "max_consec_freeze_days": 10.3, "cold_wave_freq": 0.35, "radiative_freq": 0.0, "years_used": 20}}, {"type": "Feature", "geometry": {"type": "Point", "coordinates": [106.5, 29.5]}, "properties": {"fdd": 9.7, "max_consec_freeze_days": 4.0, "cold_wave_freq": 0.1, "radiative_freq": 0.0, "years_used": 20}}, {"type": "Feature", "geometry": {"type": "Point", "coordinates": [106.5, 30.5]}, "properties": {"fdd": 16.8, "max_consec_freeze_days": 6.0, "cold_wave_freq": 0.2, "radiative_freq": 0.0, "years_used": 20}}, {"type": "Feature", "geometry": {"type": "Point", "coordinates": [106.5, 31.5]}, "properties": {"fdd": 42.1, "max_consec_freeze_days": 10.4, "cold_wave_freq": 0.2, "radiative_freq": 0.0, "years_used": 20}}, {"type": "Feature", "geometry": {"type": "Point", "coordinates": [106.5, 32.5]}, "properties": {"fdd": 216.6, "max_consec_freeze_days": 37.0, "cold_wave_freq": 0.35, "radiative_freq": 0.0, "years_used": 20}}, {"type": "Feature", "geometry": {"type": "Point", "coordinates": [106.5, 33.5]}, "properties": {"fdd": 405.5, "max_consec_freeze_days": 66.4, "cold_wave_freq": 0.7, "radiative_freq": 0.0, "years_used": 20}}, {"type": "Feature", "geometry": {"type": "Point", "coordinates": [106.5, 34.5]}, "properties": {"fdd": 703.6, "max_consec_freeze_days": 100.8, "cold_wave_freq": 1.8, "radiative_freq": 0.0, "years_used": 20}}, {"type": "Feature", "geometry": {"type": "Point", "coordinates": [106.5, 35.5]}, "properties": {"fdd": 1094.2, "max_consec_freeze_days": 121.8, "cold_wave_freq": 2.45, "radiative_freq": 0.0, "years_used": 20}}, {"type": "Feature", "geometry": {"type": "Point", "coordinates": [106.5, 36.5]}, "properties": {"fdd": 1112.5, "max_consec_freeze_days": 123.9, "cold_wave_freq": 2.2, "radiative_freq": 0.0, "years_used": 20}}, {"type": "Feature", "geometry": {"type": "Point", "coordinates": [106.5, 37.5]}, "properties": {"fdd": 1020.4, "max_consec_freeze_days": 119.3, "cold_wave_freq": 2.35, "radiative_freq": 0.0, "years_used": 20}}, {"type": "Feature", "geometry": {"type": "Point", "coordinates": [106.5, 38.5]}, "properties": {"fdd": 1165.0, "max_consec_freeze_days": 117.2, "cold_wave_freq": 2.7, "radiative_freq": 0.0, "years_used": 20}}, {"type": "Feature", "geometry": {"type": "Point", "coordinates": [106.5, 39.5]}, "properties": {"fdd": 1304.2, "max_consec_freeze_days": 125.4, "cold_wave_freq": 3.25, "radiative_freq": 0.0, "years_used": 20}}, {"type": "Feature", "geometry": {"type": "Point", "coordinates": [106.5, 40.5]}, "properties": {"fdd": 1556.3, "max_consec_freeze_days": 136.1, "cold_wave_freq": 3.2, "radiative_freq": 0.0, "years_used": 20}}, {"type": "Feature", "geometry": {"type": "Point", "coordinates": [106.5, 41.5]}, "properties": {"fdd": 1784.0, "max_consec_freeze_days": 136.8, "cold_wave_freq": 5.75, "radiative_freq": 0.0, "years_used": 20}}, {"type": "Feature", "geometry": {"type": "Point", "coordinates": [106.5, 42.5]}, "properties": {"fdd": 1675.4, "max_consec_freeze_days": 140.2, "cold_wave_freq": 2.65, "radiative_freq": 0.0, "years_used": 20}}, {"type": "Feature", "geometry": {"type": "Point", "coordinates": [106.5, 43.5]}, "properties": {"fdd": 2099.8, "max_consec_freeze_days": 150.9, "cold_wave_freq": 8.45, "radiative_freq": 0.0, "years_used": 20}}, {"type": "Feature", "geometry": {"type": "Point", "coordinates": [106.5, 44.5]}, "properties": {"fdd": 2273.7, "max_consec_freeze_days": 160.7, "cold_wave_freq": 6.35, "radiative_freq": 0.0, "years_used": 20}}, {"type": "Feature", "geometry": {"type": "Point", "coordinates": [106.5, 45.5]}, "properties": {"fdd": 2598.0, "max_consec_freeze_days": 173.6, "cold_wave_freq": 5.9, "radiative_freq": 0.0, "years_used": 20}}, {"type": "Feature", "geometry": {"type": "Point", "coordinates": [106.5, 46.5]}, "properties": {"fdd": 2912.2, "max_consec_freeze_days": 189.9, "cold_wave_freq": 7.4, "radiative_freq": 0.0, "years_used": 20}}, {"type": "Feature", "geometry": {"type": "Point", "coordinates": [106.5, 47.5]}, "properties": {"fdd": 3147.3, "max_consec_freeze_days": 194.8, "cold_wave_freq": 7.4, "radiative_freq": 0.0, "years_used": 20}}, {"type": "Feature", "geometry": {"type": "Point", "coordinates": [106.5, 48.5]}, "properties": {"fdd": 3099.4, "max_consec_freeze_days": 190.0, "cold_wave_freq": 7.95, "radiative_freq": 0.0, "years_used": 20}}, {"type": "Feature", "geometry": {"type": "Point", "coordinates": [106.5, 49.5]}, "properties": {"fdd": 3038.7, "max_consec_freeze_days": 188.9, "cold_wave_freq": 6.45, "radiative_freq": 0.0, "years_used": 20}}, {"type": "Feature", "geometry": {"type": "Point", "coordinates": [107.5, 20.5]}, "properties": {"fdd": 0.0, "max_consec_freeze_days": 0.0, "cold_wave_freq": 0.0, "radiative_freq": 0.0, "years_used": 20}}, {"type": "Feature", "geometry": {"type": "Point", "coordinates": [107.5, 21.5]}, "properties": {"fdd": 0.0, "max_consec_freeze_days": 0.1, "cold_wave_freq": 0.6, "radiative_freq": 0.0, "years_used": 20}}, {"type": "Feature", "geometry": {"type": "Point", "coordinates": [107.5, 22.5]}, "properties": {"fdd": 0.0, "max_consec_freeze_days": 0.1, "cold_wave_freq": 0.35, "radiative_freq": 0.0, "years_used": 20}}, {"type": "Feature", "geometry": {"type": "Point", "coordinates": [107.5, 23.5]}, "properties": {"fdd": 1.7, "max_consec_freeze_days": 1.4, "cold_wave_freq": 1.35, "radiative_freq": 0.0, "years_used": 20}}, {"type": "Feature", "geometry": {"type": "Point", "coordinates": [107.5, 24.5]}, "properties": {"fdd": 15.5, "max_consec_freeze_days": 4.7, "cold_wave_freq": 3.05, "radiative_freq": 0.0, "years_used": 20}}, {"type": "Feature", "geometry": {"type": "Point", "coordinates": [107.5, 25.5]}, "properties": {"fdd": 53.7, "max_consec_freeze_days": 10.1, "cold_wave_freq": 5.15, "radiative_freq": 0.0, "years_used": 20}}, {"type": "Feature", "geometry": {"type": "Point", "coordinates": [107.5, 26.5]}, "properties": {"fdd": 104.8, "max_consec_freeze_days": 12.5, "cold_wave_freq": 4.6, "radiative_freq": 0.0, "years_used": 20}}, {"type": "Feature", "geometry": {"type": "Point", "coordinates": [107.5, 27.5]}, "properties": {"fdd": 92.3, "max_consec_freeze_days": 13.7, "cold_wave_freq": 2.0, "radiative_freq": 0.0, "years_used": 20}}, {"type": "Feature", "geometry": {"type": "Point", "coordinates": [107.5, 28.5]}, "properties": {"fdd": 113.5, "max_consec_freeze_days": 17.2, "cold_wave_freq": 1.35, "radiative_freq": 0.0, "years_used": 20}}, {"type": "Feature", "geometry": {"type": "Point", "coordinates": [107.5, 29.5]}, "properties": {"fdd": 67.6, "max_consec_freeze_days": 13.3, "cold_wave_freq": 0.7, "radiative_freq": 0.0, "years_used": 20}}, {"type": "Feature", "geometry": {"type": "Point", "coordinates": [107.5, 30.5]}, "properties": {"fdd": 28.7, "max_consec_freeze_days": 7.0, "cold_wave_freq": 0.25, "radiative_freq": 0.0, "years_used": 20}}, {"type": "Feature", "geometry": {"type": "Point", "coordinates": [107.5, 31.5]}, "properties": {"fdd": 60.5, "max_consec_freeze_days": 12.8, "cold_wave_freq": 0.55, "radiative_freq": 0.0, "years_used": 20}}, {"type": "Feature", "geometry": {"type": "Point", "coordinates": [107.5, 32.5]}, "properties": {"fdd": 291.0, "max_consec_freeze_days": 45.2, "cold_wave_freq": 1.25, "radiative_freq": 0.0, "years_used": 20}}, {"type": "Feature", "geometry": {"type": "Point", "coordinates": [107.5, 33.5]}, "properties": {"fdd": 420.5, "max_consec_freeze_days": 59.1, "cold_wave_freq": 1.0, "radiative_freq": 0.0, "years_used": 20}}, {"type": "Feature", "geometry": {"type": "Point", "coordinates": [107.5, 34.5]}, "properties": {"fdd": 530.1, "max_consec_freeze_days": 89.0, "cold_wave_freq": 1.4, "radiative_freq": 0.0, "years_used": 20}}, {"type": "Feature", "geometry": {"type": "Point", "coordinates": [107.5, 35.5]}, "properties": {"fdd": 767.3, "max_consec_freeze_days": 108.2, "cold_wave_freq": 1.95, "radiative_freq": 0.05, "years_used": 20}}, {"type": "Feature", "geometry": {"type": "Point", "coordinates": [107.5, 36.5]}, "properties": {"fdd": 1011.6, "max_consec_freeze_days": 120.1, "cold_wave_freq": 2.3, "radiative_freq": 0.0, "years_used": 20}}, {"type": "Feature", "geometry": {"type": "Point", "coordinates": [107.5, 37.5]}, "properties": {"fdd": 1184.1, "max_consec_freeze_days": 122.7, "cold_wave_freq": 3.3, "radiative_freq": 0.0, "years_used": 20}}, {"type": "Feature", "geometry": {"type": "Point", "coordinates": [107.5, 38.5]}, "properties": {"fdd": 1313.3, "max_consec_freeze_days": 126.2, "cold_wave_freq": 3.5, "radiative_freq": 0.0, "years_used": 20}}, {"type": "Feature", "geometry": {"type": "Point", "coordinates": [107.5, 39.5]}, "properties": {"fdd": 1548.3, "max_consec_freeze_days": 134.5, "cold_wave_freq": 4.2, "radiative_freq": 0.0, "years_used": 20}}, {"type": "Feature", "geometry": {"type": "Point", "coordinates": [107.5, 40.5]}, "properties": {"fdd": 1493.2, "max_consec_freeze_days": 133.1, "cold_wave_freq": 3.85, "radiative_freq": 0.0, "years_used": 20}}, {"type": "Feature", "geometry": {"type": "Point", "coordinates": [107.5, 41.5]}, "properties": {"fdd": 1896.4, "max_consec_freeze_days": 141.9, "cold_wave_freq": 6.7, "radiative_freq": 0.0, "years_used": 20}}, {"type": "Feature", "geometry": {"type": "Point", "coordinates": [107.5, 42.5]}, "properties": {"fdd": 1789.0, "max_consec_freeze_days": 140.6, "cold_wave_freq": 5.65, "radiative_freq": 0.0, "years_used": 20}}, {"type": "Feature", "geometry": {"type": "Point", "coordinates": [107.5, 43.5]}, "properties": {"fdd": 1860.8, "max_consec_freeze_days": 146.1, "cold_wave_freq": 4.4, "radiative_freq": 0.0, "years_used": 20}}, {"type": "Feature", "geometry": {"type": "Point", "coordinates": [107.5, 44.5]}, "properties": {"fdd": 2279.8, "max_consec_freeze_days": 160.2, "cold_wave_freq": 5.45, "radiative_freq": 0.0, "years_used": 20}}, {"type": "Feature", "geometry": {"type": "Point", "coordinates": [107.5, 45.5]}, "properties": {"fdd": 2510.9, "max_consec_freeze_days": 171.8, "cold_wave_freq": 5.65, "radiative_freq": 0.0, "years_used": 20}}, {"type": "Feature", "geometry": {"type": "Point", "coordinates": [107.5, 46.5]}, "properties": {"fdd": 2929.3, "max_consec_freeze_days": 189.0, "cold_wave_freq": 6.3, "radiative_freq": 0.0, "years_used": 20}}, {"type": "Feature", "geometry": {"type": "Point", "coordinates": [107.5, 47.5]}, "properties": {"fdd": 3429.6, "max_consec_freeze_days": 200.4, "cold_wave_freq": 9.5, "radiative_freq": 0.0, "years_used": 20}}, {"type": "Feature", "geometry": {"type": "Point", "coordinates": [107.5, 48.5]}, "properties": {"fdd": 3814.6, "max_consec_freeze_days": 209.1, "cold_wave_freq": 11.2, "radiative_freq": 0.0, "years_used": 20}}, {"type": "Feature", "geometry": {"type": "Point", "coordinates": [107.5, 49.5]}, "properties": {"fdd": 3217.5, "max_consec_freeze_days": 191.8, "cold_wave_freq": 8.6, "radiative_freq": 0.0, "years_used": 20}}, {"type": "Feature", "geometry": {"type": "Point", "coordinates": [108.5, 21.5]}, "properties": {"fdd": 0.0, "max_consec_freeze_days": 0.0, "cold_wave_freq": 0.0, "radiative_freq": 0.0, "years_used": 20}}, {"type": "Feature", "geometry": {"type": "Point", "coordinates": [108.5, 22.5]}, "properties": {"fdd": 0.2, "max_consec_freeze_days": 0.5, "cold_wave_freq": 0.7, "radiative_freq": 0.0, "years_used": 20}}, {"type": "Feature", "geometry": {"type": "Point", "coordinates": [108.5, 23.5]}, "properties": {"fdd": 2.1, "max_consec_freeze_days": 1.8, "cold_wave_freq": 1.9, "radiative_freq": 0.0, "years_used": 20}}, {"type": "Feature", "geometry": {"type": "Point", "coordinates": [108.5, 24.5]}, "properties": {"fdd": 8.4, "max_consec_freeze_days": 3.1, "cold_wave_freq": 2.05, "radiative_freq": 0.0, "years_used": 20}}, {"type": "Feature", "geometry": {"type": "Point", "coordinates": [108.5, 25.5]}, "properties": {"fdd": 63.6, "max_consec_freeze_days": 10.6, "cold_wave_freq": 5.5, "radiative_freq": 0.0, "years_used": 20}}, {"type": "Feature", "geometry": {"type": "Point", "coordinates": [108.5, 26.5]}, "properties": {"fdd": 102.5, "max_consec_freeze_days": 13.7, "cold_wave_freq": 4.9, "radiative_freq": 0.0, "years_used": 20}}, {"type": "Feature", "geometry": {"type": "Point", "coordinates": [108.5, 27.5]}, "properties": {"fdd": 101.5, "max_consec_freeze_days": 16.3, "cold_wave_freq": 3.75, "radiative_freq": 0.0, "years_used": 20}}, {"type": "Feature", "geometry": {"type": "Point", "coordinates": [108.5, 28.5]}, "properties": {"fdd": 101.3, "max_consec_freeze_days": 17.4, "cold_wave_freq": 2.15, "radiative_freq": 0.0, "years_used": 20}}, {"type": "Feature", "geometry": {"type": "Point", "coordinates": [108.5, 29.5]}, "properties": {"fdd": 129.3, "max_consec_freeze_days": 20.9, "cold_wave_freq": 1.55, "radiative_freq": 0.0, "years_used": 20}}, {"type": "Feature", "geometry": {"type": "Point", "coordinates": [108.5, 30.5]}, "properties": {"fdd": 124.0, "max_consec_freeze_days": 22.2, "cold_wave_freq": 0.7, "radiative_freq": 0.0, "years_used": 20}}, {"type": "Feature", "geometry": {"type": "Point", "coordinates": [108.5, 31.5]}, "properties": {"fdd": 176.2, "max_consec_freeze_days": 25.9, "cold_wave_freq": 1.15, "radiative_freq": 0.0, "years_used": 20}}, {"type": "Feature", "geometry": {"type": "Point", "coordinates": [108.5, 32.5]}, "properties": {"fdd": 183.9, "max_consec_freeze_days": 27.8, "cold_wave_freq": 1.15, "radiative_freq": 0.0, "years_used": 20}}, {"type": "Feature", "geometry": {"type": "Point", "coordinates": [108.5, 33.5]}, "properties": {"fdd": 453.3, "max_consec_freeze_days": 55.5, "cold_wave_freq": 2.3, "radiative_freq": 0.05, "years_used": 20}}, {"type": "Feature", "geometry": {"type": "Point", "coordinates": [108.5, 34.5]}, "properties": {"fdd": 287.1, "max_consec_freeze_days": 44.5, "cold_wave_freq": 1.6, "radiative_freq": 0.0, "years_used": 20}}, {"type": "Feature", "geometry": {"type": "Point", "coordinates": [108.5, 35.5]}, "properties": {"fdd": 868.8, "max_consec_freeze_days": 108.2, "cold_wave_freq": 2.55, "radiative_freq": 0.0, "years_used": 20}}, {"type": "Feature", "geometry": {"type": "Point", "coordinates": [108.5, 36.5]}, "properties": {"fdd": 1060.1, "max_consec_freeze_days": 120.5, "cold_wave_freq": 3.45, "radiative_freq": 0.0, "years_used": 20}}, {"type": "Feature", "geometry": {"type": "Point", "coordinates": [108.5, 37.5]}, "properties": {"fdd": 1222.8, "max_consec_freeze_days": 122.9, "cold_wave_freq": 3.95, "radiative_freq": 0.0, "years_used": 20}}, {"type": "Feature", "geometry": {"type": "Point", "coordinates": [108.5, 38.5]}, "properties": {"fdd": 1372.2, "max_consec_freeze_days": 126.1, "cold_wave_freq": 4.35, "radiative_freq": 0.0, "years_used": 20}}, {"type": "Feature", "geometry": {"type": "Point", "coordinates": [108.5, 39.5]}, "properties": {"fdd": 1599.0, "max_consec_freeze_days": 135.2, "cold_wave_freq": 5.85, "radiative_freq": 0.0, "years_used": 20}}, {"type": "Feature", "geometry": {"type": "Point", "coordinates": [108.5, 40.5]}, "properties": {"fdd": 1602.3, "max_consec_freeze_days": 136.4, "cold_wave_freq": 5.4, "radiative_freq": 0.0, "years_used": 20}}, {"type": "Feature", "geometry": {"type": "Point", "coordinates": [108.5, 41.5]}, "properties": {"fdd": 1969.9, "max_consec_freeze_days": 144.6, "cold_wave_freq": 6.4, "radiative_freq": 0.0, "years_used": 20}}, {"type": "Feature", "geometry": {"type": "Point", "coordinates": [108.5, 42.5]}, "properties": {"fdd": 1914.1, "max_consec_freeze_days": 142.1, "cold_wave_freq": 8.2, "radiative_freq": 0.0, "years_used": 20}}, {"type": "Feature", "geometry": {"type": "Point", "coordinates": [108.5, 43.5]}, "properties": {"fdd": 1948.1, "max_consec_freeze_days": 148.3, "cold_wave_freq": 5.75, "radiative_freq": 0.0, "years_used": 20}}, {"type": "Feature", "geometry": {"type": "Point", "coordinates": [108.5, 44.5]}, "properties": {"fdd": 2220.7, "max_consec_freeze_days": 157.1, "cold_wave_freq": 6.15, "radiative_freq": 0.0, "years_used": 20}}, {"type": "Feature", "geometry": {"type": "Point", "coordinates": [108.5, 45.5]}, "properties": {"fdd": 2516.3, "max_consec_freeze_days": 170.5, "cold_wave_freq": 5.3, "radiative_freq": 0.0, "years_used": 20}}, {"type": "Feature", "geometry": {"type": "Point", "coordinates": [108.5, 46.5]}, "properties": {"fdd": 2997.2, "max_consec_freeze_days": 189.6, "cold_wave_freq": 7.3, "radiative_freq": 0.0, "years_used": 20}}, {"type": "Feature", "geometry": {"type": "Point", "coordinates": [108.5, 47.5]}, "properties": {"fdd": 3387.3, "max_consec_freeze_days": 199.6, "cold_wave_freq": 8.1, "radiative_freq": 0.0, "years_used": 20}}, {"type": "Feature", "geometry": {"type": "Point", "coordinates": [108.5, 48.5]}, "properties": {"fdd": 3769.8, "max_consec_freeze_days": 210.2, "cold_wave_freq": 11.35, "radiative_freq": 0.0, "years_used": 20}}, {"type": "Feature", "geometry": {"type": "Point", "coordinates": [108.5, 49.5]}, "properties": {"fdd": 3542.3, "max_consec_freeze_days": 210.2, "cold_wave_freq": 8.7, "radiative_freq": 0.0, "years_used": 20}}, {"type": "Feature", "geometry": {"type": "Point", "coordinates": [109.5, 20.5]}, "properties": {"fdd": 0.0, "max_consec_freeze_days": 0.0, "cold_wave_freq": 0.0, "radiative_freq": 0.0, "years_used": 20}}, {"type": "Feature", "geometry": {"type": "Point", "coordinates": [109.5, 21.5]}, "properties": {"fdd": 0.0, "max_consec_freeze_days": 0.0, "cold_wave_freq": 0.0, "radiative_freq": 0.0, "years_used": 20}}, {"type": "Feature", "geometry": {"type": "Point", "coordinates": [109.5, 22.5]}, "properties": {"fdd": 0.5, "max_consec_freeze_days": 0.7, "cold_wave_freq": 1.4, "radiative_freq": 0.0, "years_used": 20}}, {"type": "Feature", "geometry": {"type": "Point", "coordinates": [109.5, 23.5]}, "properties": {"fdd": 2.3, "max_consec_freeze_days": 1.6, "cold_wave_freq": 1.9, "radiative_freq": 0.0, "years_used": 20}}, {"type": "Feature", "geometry": {"type": "Point", "coordinates": [109.5, 24.5]}, "properties": {"fdd": 6.5, "max_consec_freeze_days": 2.5, "cold_wave_freq": 2.0, "radiative_freq": 0.0, "years_used": 20}}, {"type": "Feature", "geometry": {"type": "Point", "coordinates": [109.5, 25.5]}, "properties": {"fdd": 33.1, "max_consec_freeze_days": 6.8, "cold_wave_freq": 3.9, "radiative_freq": 0.0, "years_used": 20}}, {"type": "Feature", "geometry": {"type": "Point", "coordinates": [109.5, 26.5]}, "properties": {"fdd": 78.4, "max_consec_freeze_days": 11.9, "cold_wave_freq": 4.15, "radiative_freq": 0.0, "years_used": 20}}, {"type": "Feature", "geometry": {"type": "Point", "coordinates": [109.5, 27.5]}, "properties": {"fdd": 91.2, "max_consec_freeze_days": 13.3, "cold_wave_freq": 3.35, "radiative_freq": 0.0, "years_used": 20}}, {"type": "Feature", "geometry": {"type": "Point", "coordinates": [109.5, 28.5]}, "properties": {"fdd": 103.1, "max_consec_freeze_days": 16.9, "cold_wave_freq": 2.3, "radiative_freq": 0.0, "years_used": 20}}, {"type": "Feature", "geometry": {"type": "Point", "coordinates": [109.5, 29.5]}, "properties": {"fdd": 128.7, "max_consec_freeze_days": 20.5, "cold_wave_freq": 1.55, "radiative_freq": 0.0, "years_used": 20}}, {"type": "Feature", "geometry": {"type": "Point", "coordinates": [109.5, 30.5]}, "properties": {"fdd": 187.8, "max_consec_freeze_days": 28.8, "cold_wave_freq": 1.55, "radiative_freq": 0.0, "years_used": 20}}, {"type": "Feature", "geometry": {"type": "Point", "coordinates": [109.5, 31.5]}, "properties": {"fdd": 252.4, "max_consec_freeze_days": 33.5, "cold_wave_freq": 2.0, "radiative_freq": 0.0, "years_used": 20}}, {"type": "Feature", "geometry": {"type": "Point", "coordinates": [109.5, 32.5]}, "properties": {"fdd": 253.6, "max_consec_freeze_days": 34.5, "cold_wave_freq": 1.35, "radiative_freq": 0.0, "years_used": 20}}, {"type": "Feature", "geometry": {"type": "Point", "coordinates": [109.5, 33.5]}, "properties": {"fdd": 480.0, "max_consec_freeze_days": 64.9, "cold_wave_freq": 2.2, "radiative_freq": 0.0, "years_used": 20}}, {"type": "Feature", "geometry": {"type": "Point", "coordinates": [109.5, 34.5]}, "properties": {"fdd": 293.5, "max_consec_freeze_days": 41.9, "cold_wave_freq": 2.0, "radiative_freq": 0.0, "years_used": 20}}, {"type": "Feature", "geometry": {"type": "Point", "coordinates": [109.5, 35.5]}, "properties": {"fdd": 671.4, "max_consec_freeze_days": 91.2, "cold_wave_freq": 2.35, "radiative_freq": 0.0, "years_used": 20}}, {"type": "Feature", "geometry": {"type": "Point", "coordinates": [109.5, 36.5]}, "properties": {"fdd": 962.6, "max_consec_freeze_days": 114.7, "cold_wave_freq": 3.3, "radiative_freq": 0.0, "years_used": 20}}, {"type": "Feature", "geometry": {"type": "Point", "coordinates": [109.5, 37.5]}, "properties": {"fdd": 1158.3, "max_consec_freeze_days": 118.2, "cold_wave_freq": 4.0, "radiative_freq": 0.0, "years_used": 20}}, {"type": "Feature", "geometry": {"type": "Point", "coordinates": [109.5, 38.5]}, "properties": {"fdd": 1367.2, "max_consec_freeze_days": 128.0, "cold_wave_freq": 4.05, "radiative_freq": 0.0, "years_used": 20}}, {"type": "Feature", "geometry": {"type": "Point", "coordinates": [109.5, 39.5]}, "properties": {"fdd": 1624.7, "max_consec_freeze_days": 136.2, "cold_wave_freq": 6.0, "radiative_freq": 0.0, "years_used": 20}}, {"type": "Feature", "geometry": {"type": "Point", "coordinates": [109.5, 40.5]}, "properties": {"fdd": 1607.7, "max_consec_freeze_days": 134.9, "cold_wave_freq": 5.1, "radiative_freq": 0.0, "years_used": 20}}, {"type": "Feature", "geometry": {"type": "Point", "coordinates": [109.5, 41.5]}, "properties": {"fdd": 2155.5, "max_consec_freeze_days": 151.9, "cold_wave_freq": 8.55, "radiative_freq": 0.0, "years_used": 20}}, {"type": "Feature", "geometry": {"type": "Point", "coordinates": [109.5, 42.5]}, "properties": {"fdd": 1953.3, "max_consec_freeze_days": 141.9, "cold_wave_freq": 8.45, "radiative_freq": 0.05, "years_used": 20}}, {"type": "Feature", "geometry": {"type": "Point", "coordinates": [109.5, 43.5]}, "properties": {"fdd": 1997.8, "max_consec_freeze_days": 143.2, "cold_wave_freq": 6.9, "radiative_freq": 0.0, "years_used": 20}}, {"type": "Feature", "geometry": {"type": "Point", "coordinates": [109.5, 44.5]}, "properties": {"fdd": 2147.2, "max_consec_freeze_days": 156.5, "cold_wave_freq": 4.45, "radiative_freq": 0.0, "years_used": 20}}, {"type": "Feature", "geometry": {"type": "Point", "coordinates": [109.5, 45.5]}, "properties": {"fdd": 2494.6, "max_consec_freeze_days": 169.3, "cold_wave_freq": 4.8, "radiative_freq": 0.0, "years_used": 20}}, {"type": "Feature", "geometry": {"type": "Point", "coordinates": [109.5, 46.5]}, "properties": {"fdd": 2967.6, "max_consec_freeze_days": 189.4, "cold_wave_freq": 6.85, "radiative_freq": 0.0, "years_used": 20}}, {"type": "Feature", "geometry": {"type": "Point", "coordinates": [109.5, 47.5]}, "properties": {"fdd": 3241.3, "max_consec_freeze_days": 192.7, "cold_wave_freq": 7.55, "radiative_freq": 0.0, "years_used": 20}}, {"type": "Feature", "geometry": {"type": "Point", "coordinates": [109.5, 48.5]}, "properties": {"fdd": 3589.0, "max_consec_freeze_days": 206.3, "cold_wave_freq": 10.15, "radiative_freq": 0.0, "years_used": 20}}, {"type": "Feature", "geometry": {"type": "Point", "coordinates": [109.5, 49.5]}, "properties": {"fdd": 3770.4, "max_consec_freeze_days": 211.7, "cold_wave_freq": 8.15, "radiative_freq": 0.0, "years_used": 20}}, {"type": "Feature", "geometry": {"type": "Point", "coordinates": [110.5, 20.5]}, "properties": {"fdd": 0.0, "max_consec_freeze_days": 0.0, "cold_wave_freq": 0.0, "radiative_freq": 0.0, "years_used": 20}}, {"type": "Feature", "geometry": {"type": "Point", "coordinates": [110.5, 21.5]}, "properties": {"fdd": 0.0, "max_consec_freeze_days": 0.0, "cold_wave_freq": 0.05, "radiative_freq": 0.0, "years_used": 20}}, {"type": "Feature", "geometry": {"type": "Point", "coordinates": [110.5, 22.5]}, "properties": {"fdd": 0.7, "max_consec_freeze_days": 0.7, "cold_wave_freq": 1.5, "radiative_freq": 0.0, "years_used": 20}}, {"type": "Feature", "geometry": {"type": "Point", "coordinates": [110.5, 23.5]}, "properties": {"fdd": 2.8, "max_consec_freeze_days": 1.6, "cold_wave_freq": 1.75, "radiative_freq": 0.0, "years_used": 20}}, {"type": "Feature", "geometry": {"type": "Point", "coordinates": [110.5, 24.5]}, "properties": {"fdd": 23.5, "max_consec_freeze_days": 5.5, "cold_wave_freq": 3.85, "radiative_freq": 0.0, "years_used": 20}}, {"type": "Feature", "geometry": {"type": "Point", "coordinates": [110.5, 25.5]}, "properties": {"fdd": 61.6, "max_consec_freeze_days": 9.8, "cold_wave_freq": 5.25, "radiative_freq": 0.0, "years_used": 20}}, {"type": "Feature", "geometry": {"type": "Point", "coordinates": [110.5, 26.5]}, "properties": {"fdd": 117.6, "max_consec_freeze_days": 13.4, "cold_wave_freq": 4.95, "radiative_freq": 0.0, "years_used": 20}}, {"type": "Feature", "geometry": {"type": "Point", "coordinates": [110.5, 27.5]}, "properties": {"fdd": 105.2, "max_consec_freeze_days": 14.1, "cold_wave_freq": 4.1, "radiative_freq": 0.0, "years_used": 20}}, {"type": "Feature", "geometry": {"type": "Point", "coordinates": [110.5, 28.5]}, "properties": {"fdd": 114.2, "max_consec_freeze_days": 14.6, "cold_wave_freq": 2.55, "radiative_freq": 0.0, "years_used": 20}}, {"type": "Feature", "geometry": {"type": "Point", "coordinates": [110.5, 29.5]}, "properties": {"fdd": 121.7, "max_consec_freeze_days": 17.6, "cold_wave_freq": 2.35, "radiative_freq": 0.0, "years_used": 20}}, {"type": "Feature", "geometry": {"type": "Point", "coordinates": [110.5, 30.5]}, "properties": {"fdd": 257.2, "max_consec_freeze_days": 31.6, "cold_wave_freq": 1.85, "radiative_freq": 0.0, "years_used": 20}}, {"type": "Feature", "geometry": {"type": "Point", "coordinates": [110.5, 31.5]}, "properties": {"fdd": 426.3, "max_consec_freeze_days": 51.7, "cold_wave_freq": 2.65, "radiative_freq": 0.0, "years_used": 20}}, {"type": "Feature", "geometry": {"type": "Point", "coordinates": [110.5, 32.5]}, "properties": {"fdd": 291.9, "max_consec_freeze_days": 50.0, "cold_wave_freq": 1.25, "radiative_freq": 0.05, "years_used": 20}}, {"type": "Feature", "geometry": {"type": "Point", "coordinates": [110.5, 33.5]}, "properties": {"fdd": 463.2, "max_consec_freeze_days": 67.2, "cold_wave_freq": 2.1, "radiative_freq": 0.0, "years_used": 20}}, {"type": "Feature", "geometry": {"type": "Point", "coordinates": [110.5, 34.5]}, "properties": {"fdd": 461.7, "max_consec_freeze_days": 66.5, "cold_wave_freq": 2.15, "radiative_freq": 0.0, "years_used": 20}}, {"type": "Feature", "geometry": {"type": "Point", "coordinates": [110.5, 35.5]}, "properties": {"fdd": 559.1, "max_consec_freeze_days": 86.4, "cold_wave_freq": 1.85, "radiative_freq": 0.0, "years_used": 20}}, {"type": "Feature", "geometry": {"type": "Point", "coordinates": [110.5, 36.5]}, "properties": {"fdd": 945.8, "max_consec_freeze_days": 111.0, "cold_wave_freq": 3.15, "radiative_freq": 0.0, "years_used": 20}}, {"type": "Feature", "geometry": {"type": "Point", "coordinates": [110.5, 37.5]}, "properties": {"fdd": 1057.8, "max_consec_freeze_days": 114.0, "cold_wave_freq": 3.3, "radiative_freq": 0.0, "years_used": 20}}, {"type": "Feature", "geometry": {"type": "Point", "coordinates": [110.5, 38.5]}, "properties": {"fdd": 1254.1, "max_consec_freeze_days": 123.3, "cold_wave_freq": 4.75, "radiative_freq": 0.0, "years_used": 20}}, {"type": "Feature", "geometry": {"type": "Point", "coordinates": [110.5, 39.5]}, "properties": {"fdd": 1511.1, "max_consec_freeze_days": 132.6, "cold_wave_freq": 5.15, "radiative_freq": 0.0, "years_used": 20}}, {"type": "Feature", "geometry": {"type": "Point", "coordinates": [110.5, 40.5]}, "properties": {"fdd": 1618.4, "max_consec_freeze_days": 136.6, "cold_wave_freq": 5.9, "radiative_freq": 0.0, "years_used": 20}}, {"type": "Feature", "geometry": {"type": "Point", "coordinates": [110.5, 41.5]}, "properties": {"fdd": 2193.0, "max_consec_freeze_days": 145.6, "cold_wave_freq": 11.55, "radiative_freq": 0.0, "years_used": 20}}, {"type": "Feature", "geometry": {"type": "Point", "coordinates": [110.5, 42.5]}, "properties": {"fdd": 1918.1, "max_consec_freeze_days": 137.0, "cold_wave_freq": 7.7, "radiative_freq": 0.0, "years_used": 20}}, {"type": "Feature", "geometry": {"type": "Point", "coordinates": [110.5, 43.5]}, "properties": {"fdd": 2144.7, "max_consec_freeze_days": 151.8, "cold_wave_freq": 6.1, "radiative_freq": 0.0, "years_used": 20}}, {"type": "Feature", "geometry": {"type": "Point", "coordinates": [110.5, 44.5]}, "properties": {"fdd": 2290.1, "max_consec_freeze_days": 160.1, "cold_wave_freq": 4.7, "radiative_freq": 0.0, "years_used": 20}}, {"type": "Feature", "geometry": {"type": "Point", "coordinates": [110.5, 45.5]}, "properties": {"fdd": 2527.6, "max_consec_freeze_days": 170.9, "cold_wave_freq": 4.3, "radiative_freq": 0.0, "years_used": 20}}, {"type": "Feature", "geometry": {"type": "Point", "coordinates": [110.5, 46.5]}, "properties": {"fdd": 2920.5, "max_consec_freeze_days": 187.1, "cold_wave_freq": 6.1, "radiative_freq": 0.0, "years_used": 20}}, {"type": "Feature", "geometry": {"type": "Point", "coordinates": [110.5, 47.5]}, "properties": {"fdd": 3055.6, "max_consec_freeze_days": 189.3, "cold_wave_freq": 6.25, "radiative_freq": 0.0, "years_used": 20}}, {"type": "Feature", "geometry": {"type": "Point", "coordinates": [110.5, 48.5]}, "properties": {"fdd": 3214.7, "max_consec_freeze_days": 195.9, "cold_wave_freq": 7.65, "radiative_freq": 0.0, "years_used": 20}}, {"type": "Feature", "geometry": {"type": "Point", "coordinates": [110.5, 49.5]}, "properties": {"fdd": 3759.0, "max_consec_freeze_days": 209.3, "cold_wave_freq": 9.65, "radiative_freq": 0.0, "years_used": 20}}, {"type": "Feature", "geometry": {"type": "Point", "coordinates": [111.5, 21.5]}, "properties": {"fdd": 0.0, "max_consec_freeze_days": 0.0, "cold_wave_freq": 0.0, "radiative_freq": 0.0, "years_used": 20}}, {"type": "Feature", "geometry": {"type": "Point", "coordinates": [111.5, 22.5]}, "properties": {"fdd": 1.5, "max_consec_freeze_days": 1.1, "cold_wave_freq": 1.55, "radiative_freq": 0.0, "years_used": 20}}, {"type": "Feature", "geometry": {"type": "Point", "coordinates": [111.5, 23.5]}, "properties": {"fdd": 2.1, "max_consec_freeze_days": 1.2, "cold_wave_freq": 1.25, "radiative_freq": 0.0, "years_used": 20}}, {"type": "Feature", "geometry": {"type": "Point", "coordinates": [111.5, 24.5]}, "properties": {"fdd": 22.5, "max_consec_freeze_days": 5.2, "cold_wave_freq": 3.65, "radiative_freq": 0.0, "years_used": 20}}, {"type": "Feature", "geometry": {"type": "Point", "coordinates": [111.5, 25.5]}, "properties": {"fdd": 73.4, "max_consec_freeze_days": 10.8, "cold_wave_freq": 5.0, "radiative_freq": 0.0, "years_used": 20}}, {"type": "Feature", "geometry": {"type": "Point", "coordinates": [111.5, 26.5]}, "properties": {"fdd": 74.8, "max_consec_freeze_days": 11.5, "cold_wave_freq": 3.5, "radiative_freq": 0.0, "years_used": 20}}, {"type": "Feature", "geometry": {"type": "Point", "coordinates": [111.5, 27.5]}, "properties": {"fdd": 106.3, "max_consec_freeze_days": 13.8, "cold_wave_freq": 3.9, "radiative_freq": 0.0, "years_used": 20}}, {"type": "Feature", "geometry": {"type": "Point", "coordinates": [111.5, 28.5]}, "properties": {"fdd": 112.7, "max_consec_freeze_days": 14.6, "cold_wave_freq": 2.55, "radiative_freq": 0.0, "years_used": 20}}, {"type": "Feature", "geometry": {"type": "Point", "coordinates": [111.5, 29.5]}, "properties": {"fdd": 81.0, "max_consec_freeze_days": 12.7, "cold_wave_freq": 2.1, "radiative_freq": 0.0, "years_used": 20}}, {"type": "Feature", "geometry": {"type": "Point", "coordinates": [111.5, 30.5]}, "properties": {"fdd": 86.0, "max_consec_freeze_days": 15.1, "cold_wave_freq": 0.85, "radiative_freq": 0.0, "years_used": 20}}, {"type": "Feature", "geometry": {"type": "Point", "coordinates": [111.5, 31.5]}, "properties": {"fdd": 333.7, "max_consec_freeze_days": 38.9, "cold_wave_freq": 2.0, "radiative_freq": 0.0, "years_used": 20}}, {"type": "Feature", "geometry": {"type": "Point", "coordinates": [111.5, 32.5]}, "properties": {"fdd": 211.4, "max_consec_freeze_days": 33.6, "cold_wave_freq": 1.15, "radiative_freq": 0.0, "years_used": 20}}, {"type": "Feature", "geometry": {"type": "Point", "coordinates": [111.5, 33.5]}, "properties": {"fdd": 414.6, "max_consec_freeze_days": 52.2, "cold_wave_freq": 2.2, "radiative_freq": 0.0, "years_used": 20}}, {"type": "Feature", "geometry": {"type": "Point", "coordinates": [111.5, 34.5]}, "properties": {"fdd": 506.9, "max_consec_freeze_days": 71.0, "cold_wave_freq": 2.35, "radiative_freq": 0.0, "years_used": 20}}, {"type": "Feature", "geometry": {"type": "Point", "coordinates": [111.5, 35.5]}, "properties": {"fdd": 606.5, "max_consec_freeze_days": 78.7, "cold_wave_freq": 2.25, "radiative_freq": 0.0, "years_used": 20}}, {"type": "Feature", "geometry": {"type": "Point", "coordinates": [111.5, 36.5]}, "properties": {"fdd": 1014.4, "max_consec_freeze_days": 109.7, "cold_wave_freq": 3.45, "radiative_freq": 0.0, "years_used": 20}}, {"type": "Feature", "geometry": {"type": "Point", "coordinates": [111.5, 37.5]}, "properties": {"fdd": 1268.3, "max_consec_freeze_days": 123.1, "cold_wave_freq": 4.55, "radiative_freq": 0.0, "years_used": 20}}, {"type": "Feature", "geometry": {"type": "Point", "coordinates": [111.5, 38.5]}, "properties": {"fdd": 1469.2, "max_consec_freeze_days": 129.4, "cold_wave_freq": 6.25, "radiative_freq": 0.0, "years_used": 20}}, {"type": "Feature", "geometry": {"type": "Point", "coordinates": [111.5, 39.5]}, "properties": {"fdd": 1479.0, "max_consec_freeze_days": 128.1, "cold_wave_freq": 6.15, "radiative_freq": 0.0, "years_used": 20}}, {"type": "Feature", "geometry": {"type": "Point", "coordinates": [111.5, 40.5]}, "properties": {"fdd": 1647.3, "max_consec_freeze_days": 139.7, "cold_wave_freq": 5.7, "radiative_freq": 0.0, "years_used": 20}}, {"type": "Feature", "geometry": {"type": "Point", "coordinates": [111.5, 41.5]}, "properties": {"fdd": 2220.2, "max_consec_freeze_days": 149.7, "cold_wave_freq": 11.35, "radiative_freq": 0.0, "years_used": 20}}, {"type": "Feature", "geometry": {"type": "Point", "coordinates": [111.5, 42.5]}, "properties": {"fdd": 1979.4, "max_consec_freeze_days": 142.9, "cold_wave_freq": 8.6, "radiative_freq": 0.0, "years_used": 20}}, {"type": "Feature", "geometry": {"type": "Point", "coordinates": [111.5, 43.5]}, "properties": {"fdd": 2193.6, "max_consec_freeze_days": 155.8, "cold_wave_freq": 6.15, "radiative_freq": 0.0, "years_used": 20}}, {"type": "Feature", "geometry": {"type": "Point", "coordinates": [111.5, 44.5]}, "properties": {"fdd": 2393.8, "max_consec_freeze_days": 160.8, "cold_wave_freq": 6.2, "radiative_freq": 0.0, "years_used": 20}}, {"type": "Feature", "geometry": {"type": "Point", "coordinates": [111.5, 45.5]}, "properties": {"fdd": 2547.8, "max_consec_freeze_days": 171.7, "cold_wave_freq": 4.2, "radiative_freq": 0.0, "years_used": 20}}, {"type": "Feature", "geometry": {"type": "Point", "coordinates": [111.5, 46.5]}, "properties": {"fdd": 2877.0, "max_consec_freeze_days": 183.8, "cold_wave_freq": 6.15, "radiative_freq": 0.0, "years_used": 20}}, {"type": "Feature", "geometry": {"type": "Point", "coordinates": [111.5, 47.5]}, "properties": {"fdd": 3014.5, "max_consec_freeze_days": 187.1, "cold_wave_freq": 6.1, "radiative_freq": 0.0, "years_used": 20}}, {"type": "Feature", "geometry": {"type": "Point", "coordinates": [111.5, 48.5]}, "properties": {"fdd": 3225.5, "max_consec_freeze_days": 194.2, "cold_wave_freq": 7.2, "radiative_freq": 0.0, "years_used": 20}}, {"type": "Feature", "geometry": {"type": "Point", "coordinates": [111.5, 49.5]}, "properties": {"fdd": 3520.3, "max_consec_freeze_days": 202.1, "cold_wave_freq": 8.15, "radiative_freq": 0.0, "years_used": 20}}, {"type": "Feature", "geometry": {"type": "Point", "coordinates": [112.5, 21.5]}, "properties": {"fdd": 0.0, "max_consec_freeze_days": 0.0, "cold_wave_freq": 0.0, "radiative_freq": 0.0, "years_used": 20}}, {"type": "Feature", "geometry": {"type": "Point", "coordinates": [112.5, 22.5]}, "properties": {"fdd": 0.4, "max_consec_freeze_days": 0.2, "cold_wave_freq": 0.3, "radiative_freq": 0.0, "years_used": 20}}, {"type": "Feature", "geometry": {"type": "Point", "coordinates": [112.5, 23.5]}, "properties": {"fdd": 1.8, "max_consec_freeze_days": 1.1, "cold_wave_freq": 0.8, "radiative_freq": 0.0, "years_used": 20}}, {"type": "Feature", "geometry": {"type": "Point", "coordinates": [112.5, 24.5]}, "properties": {"fdd": 31.3, "max_consec_freeze_days": 6.8, "cold_wave_freq": 3.35, "radiative_freq": 0.0, "years_used": 20}}, {"type": "Feature", "geometry": {"type": "Point", "coordinates": [112.5, 25.5]}, "properties": {"fdd": 65.6, "max_consec_freeze_days": 9.7, "cold_wave_freq": 4.25, "radiative_freq": 0.0, "years_used": 20}}, {"type": "Feature", "geometry": {"type": "Point", "coordinates": [112.5, 26.5]}, "properties": {"fdd": 54.0, "max_consec_freeze_days": 9.2, "cold_wave_freq": 3.1, "radiative_freq": 0.0, "years_used": 20}}, {"type": "Feature", "geometry": {"type": "Point", "coordinates": [112.5, 27.5]}, "properties": {"fdd": 64.8, "max_consec_freeze_days": 10.6, "cold_wave_freq": 2.45, "radiative_freq": 0.0, "years_used": 20}}, {"type": "Feature", "geometry": {"type": "Point", "coordinates": [112.5, 28.5]}, "properties": {"fdd": 67.9, "max_consec_freeze_days": 11.2, "cold_wave_freq": 2.4, "radiative_freq": 0.0, "years_used": 20}}, {"type": "Feature", "geometry": {"type": "Point", "coordinates": [112.5, 29.5]}, "properties": {"fdd": 75.2, "max_consec_freeze_days": 11.6, "cold_wave_freq": 1.75, "radiative_freq": 0.0, "years_used": 20}}, {"type": "Feature", "geometry": {"type": "Point", "coordinates": [112.5, 30.5]}, "properties": {"fdd": 107.9, "max_consec_freeze_days": 14.5, "cold_wave_freq": 1.8, "radiative_freq": 0.0, "years_used": 20}}, {"type": "Feature", "geometry": {"type": "Point", "coordinates": [112.5, 31.5]}, "properties": {"fdd": 167.1, "max_consec_freeze_days": 21.3, "cold_wave_freq": 1.7, "radiative_freq": 0.0, "years_used": 20}}, {"type": "Feature", "geometry": {"type": "Point", "coordinates": [112.5, 32.5]}, "properties": {"fdd": 188.0, "max_consec_freeze_days": 29.1, "cold_wave_freq": 1.65, "radiative_freq": 0.0, "years_used": 20}}, {"type": "Feature", "geometry": {"type": "Point", "coordinates": [112.5, 33.5]}, "properties": {"fdd": 308.5, "max_consec_freeze_days": 40.4, "cold_wave_freq": 1.7, "radiative_freq": 0.0, "years_used": 20}}, {"type": "Feature", "geometry": {"type": "Point", "coordinates": [112.5, 34.5]}, "properties": {"fdd": 351.4, "max_consec_freeze_days": 55.6, "cold_wave_freq": 1.7, "radiative_freq": 0.0, "years_used": 20}}, {"type": "Feature", "geometry": {"type": "Point", "coordinates": [112.5, 35.5]}, "properties": {"fdd": 631.0, "max_consec_freeze_days": 82.2, "cold_wave_freq": 2.5, "radiative_freq": 0.0, "years_used": 20}}, {"type": "Feature", "geometry": {"type": "Point", "coordinates": [112.5, 36.5]}, "properties": {"fdd": 1037.1, "max_consec_freeze_days": 110.5, "cold_wave_freq": 3.55, "radiative_freq": 0.0, "years_used": 20}}, {"type": "Feature", "geometry": {"type": "Point", "coordinates": [112.5, 37.5]}, "properties": {"fdd": 1017.7, "max_consec_freeze_days": 113.5, "cold_wave_freq": 3.75, "radiative_freq": 0.0, "years_used": 20}}, {"type": "Feature", "geometry": {"type": "Point", "coordinates": [112.5, 38.5]}, "properties": {"fdd": 1458.2, "max_consec_freeze_days": 131.0, "cold_wave_freq": 5.85, "radiative_freq": 0.0, "years_used": 20}}, {"type": "Feature", "geometry": {"type": "Point", "coordinates": [112.5, 39.5]}, "properties": {"fdd": 1754.4, "max_consec_freeze_days": 142.1, "cold_wave_freq": 7.8, "radiative_freq": 0.0, "years_used": 20}}, {"type": "Feature", "geometry": {"type": "Point", "coordinates": [112.5, 40.5]}, "properties": {"fdd": 2057.7, "max_consec_freeze_days": 152.0, "cold_wave_freq": 8.05, "radiative_freq": 0.0, "years_used": 20}}, {"type": "Feature", "geometry": {"type": "Point", "coordinates": [112.5, 41.5]}, "properties": {"fdd": 2334.9, "max_consec_freeze_days": 156.1, "cold_wave_freq": 10.85, "radiative_freq": 0.0, "years_used": 20}}, {"type": "Feature", "geometry": {"type": "Point", "coordinates": [112.5, 42.5]}, "properties": {"fdd": 2053.9, "max_consec_freeze_days": 141.8, "cold_wave_freq": 10.55, "radiative_freq": 0.0, "years_used": 20}}, {"type": "Feature", "geometry": {"type": "Point", "coordinates": [112.5, 43.5]}, "properties": {"fdd": 2275.1, "max_consec_freeze_days": 155.7, "cold_wave_freq": 6.6, "radiative_freq": 0.0, "years_used": 20}}, {"type": "Feature", "geometry": {"type": "Point", "coordinates": [112.5, 44.5]}, "properties": {"fdd": 2600.5, "max_consec_freeze_days": 167.2, "cold_wave_freq": 6.35, "radiative_freq": 0.0, "years_used": 20}}, {"type": "Feature", "geometry": {"type": "Point", "coordinates": [112.5, 45.5]}, "properties": {"fdd": 2641.9, "max_consec_freeze_days": 169.7, "cold_wave_freq": 5.65, "radiative_freq": 0.0, "years_used": 20}}, {"type": "Feature", "geometry": {"type": "Point", "coordinates": [112.5, 46.5]}, "properties": {"fdd": 2846.8, "max_consec_freeze_days": 183.4, "cold_wave_freq": 4.95, "radiative_freq": 0.0, "years_used": 20}}, {"type": "Feature", "geometry": {"type": "Point", "coordinates": [112.5, 47.5]}, "properties": {"fdd": 3009.9, "max_consec_freeze_days": 182.7, "cold_wave_freq": 6.9, "radiative_freq": 0.0, "years_used": 20}}, {"type": "Feature", "geometry": {"type": "Point", "coordinates": [112.5, 48.5]}, "properties": {"fdd": 3113.4, "max_consec_freeze_days": 188.8, "cold_wave_freq": 6.65, "radiative_freq": 0.0, "years_used": 20}}, {"type": "Feature", "geometry": {"type": "Point", "coordinates": [112.5, 49.5]}, "properties": {"fdd": 3218.5, "max_consec_freeze_days": 193.8, "cold_wave_freq": 5.6, "radiative_freq": 0.0, "years_used": 20}}, {"type": "Feature", "geometry": {"type": "Point", "coordinates": [113.5, 21.5]}, "properties": {"fdd": 0.0, "max_consec_freeze_days": 0.0, "cold_wave_freq": 0.0, "radiative_freq": 0.0, "years_used": 20}}, {"type": "Feature", "geometry": {"type": "Point", "coordinates": [113.5, 22.5]}, "properties": {"fdd": 0.0, "max_consec_freeze_days": 0.0, "cold_wave_freq": 0.0, "radiative_freq": 0.0, "years_used": 20}}, {"type": "Feature", "geometry": {"type": "Point", "coordinates": [113.5, 23.5]}, "properties": {"fdd": 1.6, "max_consec_freeze_days": 1.1, "cold_wave_freq": 1.1, "radiative_freq": 0.0, "years_used": 20}}, {"type": "Feature", "geometry": {"type": "Point", "coordinates": [113.5, 24.5]}, "properties": {"fdd": 17.2, "max_consec_freeze_days": 4.6, "cold_wave_freq": 1.9, "radiative_freq": 0.0, "years_used": 20}}, {"type": "Feature", "geometry": {"type": "Point", "coordinates": [113.5, 25.5]}, "properties": {"fdd": 53.8, "max_consec_freeze_days": 7.2, "cold_wave_freq": 4.4, "radiative_freq": 0.0, "years_used": 20}}, {"type": "Feature", "geometry": {"type": "Point", "coordinates": [113.5, 26.5]}, "properties": {"fdd": 77.2, "max_consec_freeze_days": 9.9, "cold_wave_freq": 4.65, "radiative_freq": 0.0, "years_used": 20}}, {"type": "Feature", "geometry": {"type": "Point", "coordinates": [113.5, 27.5]}, "properties": {"fdd": 66.2, "max_consec_freeze_days": 10.2, "cold_wave_freq": 3.15, "radiative_freq": 0.0, "years_used": 20}}, {"type": "Feature", "geometry": {"type": "Point", "coordinates": [113.5, 28.5]}, "properties": {"fdd": 82.4, "max_consec_freeze_days": 11.0, "cold_wave_freq": 3.05, "radiative_freq": 0.0, "years_used": 20}}, {"type": "Feature", "geometry": {"type": "Point", "coordinates": [113.5, 29.5]}, "properties": {"fdd": 88.6, "max_consec_freeze_days": 11.8, "cold_wave_freq": 2.6, "radiative_freq": 0.0, "years_used": 20}}, {"type": "Feature", "geometry": {"type": "Point", "coordinates": [113.5, 30.5]}, "properties": {"fdd": 101.7, "max_consec_freeze_days": 13.7, "cold_wave_freq": 2.0, "radiative_freq": 0.0, "years_used": 20}}, {"type": "Feature", "geometry": {"type": "Point", "coordinates": [113.5, 31.5]}, "properties": {"fdd": 155.7, "max_consec_freeze_days": 18.4, "cold_wave_freq": 2.05, "radiative_freq": 0.0, "years_used": 20}}, {"type": "Feature", "geometry": {"type": "Point", "coordinates": [113.5, 32.5]}, "properties": {"fdd": 230.7, "max_consec_freeze_days": 27.1, "cold_wave_freq": 2.55, "radiative_freq": 0.0, "years_used": 20}}, {"type": "Feature", "geometry": {"type": "Point", "coordinates": [113.5, 33.5]}, "properties": {"fdd": 263.8, "max_consec_freeze_days": 40.7, "cold_wave_freq": 1.75, "radiative_freq": 0.0, "years_used": 20}}, {"type": "Feature", "geometry": {"type": "Point", "coordinates": [113.5, 34.5]}, "properties": {"fdd": 316.8, "max_consec_freeze_days": 47.4, "cold_wave_freq": 1.4, "radiative_freq": 0.0, "years_used": 20}}, {"type": "Feature", "geometry": {"type": "Point", "coordinates": [113.5, 35.5]}, "properties": {"fdd": 351.1, "max_consec_freeze_days": 40.9, "cold_wave_freq": 2.5, "radiative_freq": 0.0, "years_used": 20}}, {"type": "Feature", "geometry": {"type": "Point", "coordinates": [113.5, 36.5]}, "properties": {"fdd": 663.7, "max_consec_freeze_days": 82.1, "cold_wave_freq": 2.95, "radiative_freq": 0.0, "years_used": 20}}, {"type": "Feature", "geometry": {"type": "Point", "coordinates": [113.5, 37.5]}, "properties": {"fdd": 1024.0, "max_consec_freeze_days": 103.0, "cold_wave_freq": 4.9, "radiative_freq": 0.0, "years_used": 20}}, {"type": "Feature", "geometry": {"type": "Point", "coordinates": [113.5, 38.5]}, "properties": {"fdd": 1089.5, "max_consec_freeze_days": 108.5, "cold_wave_freq": 3.4, "radiative_freq": 0.0, "years_used": 20}}, {"type": "Feature", "geometry": {"type": "Point", "coordinates": [113.5, 39.5]}, "properties": {"fdd": 1937.0, "max_consec_freeze_days": 147.1, "cold_wave_freq": 8.5, "radiative_freq": 0.0, "years_used": 20}}, {"type": "Feature", "geometry": {"type": "Point", "coordinates": [113.5, 40.5]}, "properties": {"fdd": 2010.8, "max_consec_freeze_days": 148.8, "cold_wave_freq": 7.35, "radiative_freq": 0.0, "years_used": 20}}, {"type": "Feature", "geometry": {"type": "Point", "coordinates": [113.5, 41.5]}, "properties": {"fdd": 2253.5, "max_consec_freeze_days": 156.9, "cold_wave_freq": 8.9, "radiative_freq": 0.0, "years_used": 20}}, {"type": "Feature", "geometry": {"type": "Point", "coordinates": [113.5, 42.5]}, "properties": {"fdd": 2155.2, "max_consec_freeze_days": 145.3, "cold_wave_freq": 10.3, "radiative_freq": 0.0, "years_used": 20}}, {"type": "Feature", "geometry": {"type": "Point", "coordinates": [113.5, 43.5]}, "properties": {"fdd": 2427.7, "max_consec_freeze_days": 159.7, "cold_wave_freq": 7.3, "radiative_freq": 0.0, "years_used": 20}}, {"type": "Feature", "geometry": {"type": "Point", "coordinates": [113.5, 44.5]}, "properties": {"fdd": 2758.0, "max_consec_freeze_days": 172.4, "cold_wave_freq": 5.6, "radiative_freq": 0.0, "years_used": 20}}, {"type": "Feature", "geometry": {"type": "Point", "coordinates": [113.5, 45.5]}, "properties": {"fdd": 2870.7, "max_consec_freeze_days": 179.0, "cold_wave_freq": 8.5, "radiative_freq": 0.0, "years_used": 20}}, {"type": "Feature", "geometry": {"type": "Point", "coordinates": [113.5, 46.5]}, "properties": {"fdd": 2833.9, "max_consec_freeze_days": 178.4, "cold_wave_freq": 6.7, "radiative_freq": 0.0, "years_used": 20}}, {"type": "Feature", "geometry": {"type": "Point", "coordinates": [113.5, 47.5]}, "properties": {"fdd": 2900.8, "max_consec_freeze_days": 179.4, "cold_wave_freq": 6.2, "radiative_freq": 0.0, "years_used": 20}}, {"type": "Feature", "geometry": {"type": "Point", "coordinates": [113.5, 48.5]}, "properties": {"fdd": 2906.4, "max_consec_freeze_days": 183.4, "cold_wave_freq": 4.6, "radiative_freq": 0.0, "years_used": 20}}, {"type": "Feature", "geometry": {"type": "Point", "coordinates": [113.5, 49.5]}, "properties": {"fdd": 3022.9, "max_consec_freeze_days": 186.7, "cold_wave_freq": 4.65, "radiative_freq": 0.0, "years_used": 20}}, {"type": "Feature", "geometry": {"type": "Point", "coordinates": [114.5, 21.5]}, "properties": {"fdd": 0.0, "max_consec_freeze_days": 0.0, "cold_wave_freq": 0.0, "radiative_freq": 0.0, "years_used": 20}}, {"type": "Feature", "geometry": {"type": "Point", "coordinates": [114.5, 22.5]}, "properties": {"fdd": 0.0, "max_consec_freeze_days": 0.0, "cold_wave_freq": 0.05, "radiative_freq": 0.0, "years_used": 20}}, {"type": "Feature", "geometry": {"type": "Point", "coordinates": [114.5, 23.5]}, "properties": {"fdd": 1.8, "max_consec_freeze_days": 1.2, "cold_wave_freq": 0.7, "radiative_freq": 0.0, "years_used": 20}}, {"type": "Feature", "geometry": {"type": "Point", "coordinates": [114.5, 24.5]}, "properties": {"fdd": 33.1, "max_consec_freeze_days": 6.8, "cold_wave_freq": 3.75, "radiative_freq": 0.0, "years_used": 20}}, {"type": "Feature", "geometry": {"type": "Point", "coordinates": [114.5, 25.5]}, "properties": {"fdd": 49.6, "max_consec_freeze_days": 7.5, "cold_wave_freq": 3.5, "radiative_freq": 0.0, "years_used": 20}}, {"type": "Feature", "geometry": {"type": "Point", "coordinates": [114.5, 26.5]}, "properties": {"fdd": 72.3, "max_consec_freeze_days": 9.7, "cold_wave_freq": 3.7, "radiative_freq": 0.0, "years_used": 20}}, {"type": "Feature", "geometry": {"type": "Point", "coordinates": [114.5, 27.5]}, "properties": {"fdd": 76.9, "max_consec_freeze_days": 10.8, "cold_wave_freq": 3.0, "radiative_freq": 0.0, "years_used": 20}}, {"type": "Feature", "geometry": {"type": "Point", "coordinates": [114.5, 28.5]}, "properties": {"fdd": 105.2, "max_consec_freeze_days": 11.9, "cold_wave_freq": 3.8, "radiative_freq": 0.0, "years_used": 20}}, {"type": "Feature", "geometry": {"type": "Point", "coordinates": [114.5, 29.5]}, "properties": {"fdd": 98.5, "max_consec_freeze_days": 12.1, "cold_wave_freq": 2.7, "radiative_freq": 0.0, "years_used": 20}}, {"type": "Feature", "geometry": {"type": "Point", "coordinates": [114.5, 30.5]}, "properties": {"fdd": 62.9, "max_consec_freeze_days": 10.4, "cold_wave_freq": 1.65, "radiative_freq": 0.0, "years_used": 20}}, {"type": "Feature", "geometry": {"type": "Point", "coordinates": [114.5, 31.5]}, "properties": {"fdd": 159.9, "max_consec_freeze_days": 19.1, "cold_wave_freq": 2.3, "radiative_freq": 0.05, "years_used": 20}}, {"type": "Feature", "geometry": {"type": "Point", "coordinates": [114.5, 32.5]}, "properties": {"fdd": 211.8, "max_consec_freeze_days": 25.3, "cold_wave_freq": 2.65, "radiative_freq": 0.0, "years_used": 20}}, {"type": "Feature", "geometry": {"type": "Point", "coordinates": [114.5, 33.5]}, "properties": {"fdd": 263.2, "max_consec_freeze_days": 35.6, "cold_wave_freq": 2.3, "radiative_freq": 0.0, "years_used": 20}}, {"type": "Feature", "geometry": {"type": "Point", "coordinates": [114.5, 34.5]}, "properties": {"fdd": 308.1, "max_consec_freeze_days": 44.7, "cold_wave_freq": 1.85, "radiative_freq": 0.0, "years_used": 20}}, {"type": "Feature", "geometry": {"type": "Point", "coordinates": [114.5, 35.5]}, "properties": {"fdd": 350.8, "max_consec_freeze_days": 53.6, "cold_wave_freq": 2.0, "radiative_freq": 0.0, "years_used": 20}}, {"type": "Feature", "geometry": {"type": "Point", "coordinates": [114.5, 36.5]}, "properties": {"fdd": 396.5, "max_consec_freeze_days": 58.9, "cold_wave_freq": 2.0, "radiative_freq": 0.0, "years_used": 20}}, {"type": "Feature", "geometry": {"type": "Point", "coordinates": [114.5, 37.5]}, "properties": {"fdd": 528.9, "max_consec_freeze_days": 71.7, "cold_wave_freq": 1.95, "radiative_freq": 0.0, "years_used": 20}}, {"type": "Feature", "geometry": {"type": "Point", "coordinates": [114.5, 38.5]}, "properties": {"fdd": 618.6, "max_consec_freeze_days": 77.7, "cold_wave_freq": 1.55, "radiative_freq": 0.0, "years_used": 20}}, {"type": "Feature", "geometry": {"type": "Point", "coordinates": [114.5, 39.5]}, "properties": {"fdd": 1582.0, "max_consec_freeze_days": 127.0, "cold_wave_freq": 6.55, "radiative_freq": 0.0, "years_used": 20}}, {"type": "Feature", "geometry": {"type": "Point", "coordinates": [114.5, 40.5]}, "properties": {"fdd": 1913.5, "max_consec_freeze_days": 146.1, "cold_wave_freq": 6.75, "radiative_freq": 0.0, "years_used": 20}}, {"type": "Feature", "geometry": {"type": "Point", "coordinates": [114.5, 41.5]}, "properties": {"fdd": 2304.6, "max_consec_freeze_days": 158.5, "cold_wave_freq": 8.0, "radiative_freq": 0.0, "years_used": 20}}, {"type": "Feature", "geometry": {"type": "Point", "coordinates": [114.5, 42.5]}, "properties": {"fdd": 2272.0, "max_consec_freeze_days": 148.8, "cold_wave_freq": 10.4, "radiative_freq": 0.0, "years_used": 20}}, {"type": "Feature", "geometry": {"type": "Point", "coordinates": [114.5, 43.5]}, "properties": {"fdd": 2522.3, "max_consec_freeze_days": 160.5, "cold_wave_freq": 7.7, "radiative_freq": 0.0, "years_used": 20}}, {"type": "Feature", "geometry": {"type": "Point", "coordinates": [114.5, 44.5]}, "properties": {"fdd": 2791.4, "max_consec_freeze_days": 174.4, "cold_wave_freq": 5.65, "radiative_freq": 0.0, "years_used": 20}}, {"type": "Feature", "geometry": {"type": "Point", "coordinates": [114.5, 45.5]}, "properties": {"fdd": 2929.0, "max_consec_freeze_days": 177.4, "cold_wave_freq": 10.5, "radiative_freq": 0.0, "years_used": 20}}, {"type": "Feature", "geometry": {"type": "Point", "coordinates": [114.5, 46.5]}, "properties": {"fdd": 2760.8, "max_consec_freeze_days": 176.1, "cold_wave_freq": 6.35, "radiative_freq": 0.0, "years_used": 20}}, {"type": "Feature", "geometry": {"type": "Point", "coordinates": [114.5, 47.5]}, "properties": {"fdd": 2826.6, "max_consec_freeze_days": 178.6, "cold_wave_freq": 4.7, "radiative_freq": 0.0, "years_used": 20}}, {"type": "Feature", "geometry": {"type": "Point", "coordinates": [114.5, 48.5]}, "properties": {"fdd": 2893.8, "max_consec_freeze_days": 181.8, "cold_wave_freq": 4.15, "radiative_freq": 0.0, "years_used": 20}}, {"type": "Feature", "geometry": {"type": "Point", "coordinates": [114.5, 49.5]}, "properties": {"fdd": 2961.0, "max_consec_freeze_days": 183.8, "cold_wave_freq": 4.6, "radiative_freq": 0.0, "years_used": 20}}, {"type": "Feature", "geometry": {"type": "Point", "coordinates": [115.5, 22.5]}, "properties": {"fdd": 0.0, "max_consec_freeze_days": 0.0, "cold_wave_freq": 0.0, "radiative_freq": 0.0, "years_used": 20}}, {"type": "Feature", "geometry": {"type": "Point", "coordinates": [115.5, 23.5]}, "properties": {"fdd": 3.2, "max_consec_freeze_days": 1.6, "cold_wave_freq": 0.8, "radiative_freq": 0.0, "years_used": 20}}, {"type": "Feature", "geometry": {"type": "Point", "coordinates": [115.5, 24.5]}, "properties": {"fdd": 10.3, "max_consec_freeze_days": 2.8, "cold_wave_freq": 1.6, "radiative_freq": 0.0, "years_used": 20}}, {"type": "Feature", "geometry": {"type": "Point", "coordinates": [115.5, 25.5]}, "properties": {"fdd": 42.4, "max_consec_freeze_days": 6.7, "cold_wave_freq": 3.15, "radiative_freq": 0.0, "years_used": 20}}, {"type": "Feature", "geometry": {"type": "Point", "coordinates": [115.5, 26.5]}, "properties": {"fdd": 64.4, "max_consec_freeze_days": 8.0, "cold_wave_freq": 3.65, "radiative_freq": 0.0, "years_used": 20}}, {"type": "Feature", "geometry": {"type": "Point", "coordinates": [115.5, 27.5]}, "properties": {"fdd": 68.2, "max_consec_freeze_days": 8.9, "cold_wave_freq": 3.2, "radiative_freq": 0.0, "years_used": 20}}, {"type": "Feature", "geometry": {"type": "Point", "coordinates": [115.5, 28.5]}, "properties": {"fdd": 56.6, "max_consec_freeze_days": 8.7, "cold_wave_freq": 1.85, "radiative_freq": 0.0, "years_used": 20}}, {"type": "Feature", "geometry": {"type": "Point", "coordinates": [115.5, 29.5]}, "properties": {"fdd": 73.8, "max_consec_freeze_days": 11.4, "cold_wave_freq": 2.4, "radiative_freq": 0.0, "years_used": 20}}, {"type": "Feature", "geometry": {"type": "Point", "coordinates": [115.5, 30.5]}, "properties": {"fdd": 113.0, "max_consec_freeze_days": 12.6, "cold_wave_freq": 2.95, "radiative_freq": 0.0, "years_used": 20}}, {"type": "Feature", "geometry": {"type": "Point", "coordinates": [115.5, 31.5]}, "properties": {"fdd": 247.9, "max_consec_freeze_days": 24.1, "cold_wave_freq": 4.45, "radiative_freq": 0.05, "years_used": 20}}, {"type": "Feature", "geometry": {"type": "Point", "coordinates": [115.5, 32.5]}, "properties": {"fdd": 217.0, "max_consec_freeze_days": 24.1, "cold_wave_freq": 3.45, "radiative_freq": 0.0, "years_used": 20}}, {"type": "Feature", "geometry": {"type": "Point", "coordinates": [115.5, 33.5]}, "properties": {"fdd": 267.5, "max_consec_freeze_days": 29.6, "cold_wave_freq": 2.8, "radiative_freq": 0.0, "years_used": 20}}, {"type": "Feature", "geometry": {"type": "Point", "coordinates": [115.5, 34.5]}, "properties": {"fdd": 337.2, "max_consec_freeze_days": 46.5, "cold_wave_freq": 2.8, "radiative_freq": 0.05, "years_used": 20}}, {"type": "Feature", "geometry": {"type": "Point", "coordinates": [115.5, 35.5]}, "properties": {"fdd": 395.3, "max_consec_freeze_days": 54.0, "cold_wave_freq": 2.45, "radiative_freq": 0.0, "years_used": 20}}, {"type": "Feature", "geometry": {"type": "Point", "coordinates": [115.5, 36.5]}, "properties": {"fdd": 476.4, "max_consec_freeze_days": 72.5, "cold_wave_freq": 2.7, "radiative_freq": 0.0, "years_used": 20}}, {"type": "Feature", "geometry": {"type": "Point", "coordinates": [115.5, 37.5]}, "properties": {"fdd": 560.0, "max_consec_freeze_days": 80.2, "cold_wave_freq": 2.2, "radiative_freq": 0.0, "years_used": 20}}, {"type": "Feature", "geometry": {"type": "Point", "coordinates": [115.5, 38.5]}, "properties": {"fdd": 647.5, "max_consec_freeze_days": 89.7, "cold_wave_freq": 1.75, "radiative_freq": 0.0, "years_used": 20}}, {"type": "Feature", "geometry": {"type": "Point", "coordinates": [115.5, 39.5]}, "properties": {"fdd": 824.7, "max_consec_freeze_days": 94.8, "cold_wave_freq": 2.3, "radiative_freq": 0.0, "years_used": 20}}, {"type": "Feature", "geometry": {"type": "Point", "coordinates": [115.5, 40.5]}, "properties": {"fdd": 1657.1, "max_consec_freeze_days": 137.1, "cold_wave_freq": 4.85, "radiative_freq": 0.0, "years_used": 20}}, {"type": "Feature", "geometry": {"type": "Point", "coordinates": [115.5, 41.5]}, "properties": {"fdd": 2474.1, "max_consec_freeze_days": 161.3, "cold_wave_freq": 10.2, "radiative_freq": 0.0, "years_used": 20}}, {"type": "Feature", "geometry": {"type": "Point", "coordinates": [115.5, 42.5]}, "properties": {"fdd": 2516.4, "max_consec_freeze_days": 162.6, "cold_wave_freq": 10.75, "radiative_freq": 0.0, "years_used": 20}}, {"type": "Feature", "geometry": {"type": "Point", "coordinates": [115.5, 43.5]}, "properties": {"fdd": 2646.9, "max_consec_freeze_days": 165.8, "cold_wave_freq": 9.2, "radiative_freq": 0.0, "years_used": 20}}, {"type": "Feature", "geometry": {"type": "Point", "coordinates": [115.5, 44.5]}, "properties": {"fdd": 2686.3, "max_consec_freeze_days": 168.8, "cold_wave_freq": 6.25, "radiative_freq": 0.0, "years_used": 20}}, {"type": "Feature", "geometry": {"type": "Point", "coordinates": [115.5, 45.5]}, "properties": {"fdd": 2763.8, "max_consec_freeze_days": 170.4, "cold_wave_freq": 7.95, "radiative_freq": 0.0, "years_used": 20}}, {"type": "Feature", "geometry": {"type": "Point", "coordinates": [115.5, 46.5]}, "properties": {"fdd": 2645.5, "max_consec_freeze_days": 167.6, "cold_wave_freq": 5.05, "radiative_freq": 0.0, "years_used": 20}}, {"type": "Feature", "geometry": {"type": "Point", "coordinates": [115.5, 47.5]}, "properties": {"fdd": 2751.5, "max_consec_freeze_days": 174.6, "cold_wave_freq": 4.3, "radiative_freq": 0.0, "years_used": 20}}, {"type": "Feature", "geometry": {"type": "Point", "coordinates": [115.5, 48.5]}, "properties": {"fdd": 2940.1, "max_consec_freeze_days": 179.9, "cold_wave_freq": 4.1, "radiative_freq": 0.0, "years_used": 20}}, {"type": "Feature", "geometry": {"type": "Point", "coordinates": [115.5, 49.5]}, "properties": {"fdd": 3008.4, "max_consec_freeze_days": 180.5, "cold_wave_freq": 5.25, "radiative_freq": 0.0, "years_used": 20}}, {"type": "Feature", "geometry": {"type": "Point", "coordinates": [116.5, 20.5]}, "properties": {"fdd": 0.0, "max_consec_freeze_days": 0.0, "cold_wave_freq": 0.0, "radiative_freq": 0.0, "years_used": 20}}, {"type": "Feature", "geometry": {"type": "Point", "coordinates": [116.5, 22.5]}, "properties": {"fdd": 0.0, "max_consec_freeze_days": 0.0, "cold_wave_freq": 0.0, "radiative_freq": 0.0, "years_used": 20}}, {"type": "Feature", "geometry": {"type": "Point", "coordinates": [116.5, 23.5]}, "properties": {"fdd": 0.4, "max_consec_freeze_days": 0.3, "cold_wave_freq": 0.35, "radiative_freq": 0.0, "years_used": 20}}, {"type": "Feature", "geometry": {"type": "Point", "coordinates": [116.5, 24.5]}, "properties": {"fdd": 7.5, "max_consec_freeze_days": 2.5, "cold_wave_freq": 1.35, "radiative_freq": 0.0, "years_used": 20}}, {"type": "Feature", "geometry": {"type": "Point", "coordinates": [116.5, 25.5]}, "properties": {"fdd": 38.0, "max_consec_freeze_days": 5.8, "cold_wave_freq": 2.95, "radiative_freq": 0.0, "years_used": 20}}, {"type": "Feature", "geometry": {"type": "Point", "coordinates": [116.5, 26.5]}, "properties": {"fdd": 66.1, "max_consec_freeze_days": 8.1, "cold_wave_freq": 3.7, "radiative_freq": 0.0, "years_used": 20}}, {"type": "Feature", "geometry": {"type": "Point", "coordinates": [116.5, 27.5]}, "properties": {"fdd": 65.1, "max_consec_freeze_days": 8.4, "cold_wave_freq": 3.4, "radiative_freq": 0.0, "years_used": 20}}, {"type": "Feature", "geometry": {"type": "Point", "coordinates": [116.5, 28.5]}, "properties": {"fdd": 46.8, "max_consec_freeze_days": 8.1, "cold_wave_freq": 1.6, "radiative_freq": 0.0, "years_used": 20}}, {"type": "Feature", "geometry": {"type": "Point", "coordinates": [116.5, 29.5]}, "properties": {"fdd": 64.3, "max_consec_freeze_days": 9.6, "cold_wave_freq": 1.75, "radiative_freq": 0.0, "years_used": 20}}, {"type": "Feature", "geometry": {"type": "Point", "coordinates": [116.5, 30.5]}, "properties": {"fdd": 139.8, "max_consec_freeze_days": 15.0, "cold_wave_freq": 3.75, "radiative_freq": 0.0, "years_used": 20}}, {"type": "Feature", "geometry": {"type": "Point", "coordinates": [116.5, 31.5]}, "properties": {"fdd": 192.6, "max_consec_freeze_days": 20.0, "cold_wave_freq": 4.1, "radiative_freq": 0.0, "years_used": 20}}, {"type": "Feature", "geometry": {"type": "Point", "coordinates": [116.5, 32.5]}, "properties": {"fdd": 209.7, "max_consec_freeze_days": 22.4, "cold_wave_freq": 2.7, "radiative_freq": 0.0, "years_used": 20}}, {"type": "Feature", "geometry": {"type": "Point", "coordinates": [116.5, 33.5]}, "properties": {"fdd": 273.1, "max_consec_freeze_days": 28.6, "cold_wave_freq": 3.15, "radiative_freq": 0.0, "years_used": 20}}, {"type": "Feature", "geometry": {"type": "Point", "coordinates": [116.5, 34.5]}, "properties": {"fdd": 338.8, "max_consec_freeze_days": 41.6, "cold_wave_freq": 2.75, "radiative_freq": 0.05, "years_used": 20}}, {"type": "Feature", "geometry": {"type": "Point", "coordinates": [116.5, 35.5]}, "properties": {"fdd": 400.4, "max_consec_freeze_days": 53.2, "cold_wave_freq": 2.55, "radiative_freq": 0.0, "years_used": 20}}, {"type": "Feature", "geometry": {"type": "Point", "coordinates": [116.5, 36.5]}, "properties": {"fdd": 482.7, "max_consec_freeze_days": 67.6, "cold_wave_freq": 3.4, "radiative_freq": 0.0, "years_used": 20}}, {"type": "Feature", "geometry": {"type": "Point", "coordinates": [116.5, 37.5]}, "properties": {"fdd": 572.8, "max_consec_freeze_days": 79.0, "cold_wave_freq": 2.7, "radiative_freq": 0.0, "years_used": 20}}, {"type": "Feature", "geometry": {"type": "Point", "coordinates": [116.5, 38.5]}, "properties": {"fdd": 670.4, "max_consec_freeze_days": 92.0, "cold_wave_freq": 2.3, "radiative_freq": 0.0, "years_used": 20}}, {"type": "Feature", "geometry": {"type": "Point", "coordinates": [116.5, 39.5]}, "properties": {"fdd": 733.4, "max_consec_freeze_days": 96.5, "cold_wave_freq": 1.85, "radiative_freq": 0.0, "years_used": 20}}, {"type": "Feature", "geometry": {"type": "Point", "coordinates": [116.5, 40.5]}, "properties": {"fdd": 1332.2, "max_consec_freeze_days": 124.2, "cold_wave_freq": 3.25, "radiative_freq": 0.0, "years_used": 20}}, {"type": "Feature", "geometry": {"type": "Point", "coordinates": [116.5, 41.5]}, "properties": {"fdd": 2404.1, "max_consec_freeze_days": 163.4, "cold_wave_freq": 8.4, "radiative_freq": 0.0, "years_used": 20}}, {"type": "Feature", "geometry": {"type": "Point", "coordinates": [116.5, 42.5]}, "properties": {"fdd": 2597.5, "max_consec_freeze_days": 165.7, "cold_wave_freq": 10.4, "radiative_freq": 0.0, "years_used": 20}}, {"type": "Feature", "geometry": {"type": "Point", "coordinates": [116.5, 43.5]}, "properties": {"fdd": 2734.7, "max_consec_freeze_days": 166.4, "cold_wave_freq": 9.8, "radiative_freq": 0.0, "years_used": 20}}, {"type": "Feature", "geometry": {"type": "Point", "coordinates": [116.5, 44.5]}, "properties": {"fdd": 2679.9, "max_consec_freeze_days": 168.7, "cold_wave_freq": 6.95, "radiative_freq": 0.0, "years_used": 20}}, {"type": "Feature", "geometry": {"type": "Point", "coordinates": [116.5, 45.5]}, "properties": {"fdd": 2712.3, "max_consec_freeze_days": 172.3, "cold_wave_freq": 5.75, "radiative_freq": 0.0, "years_used": 20}}, {"type": "Feature", "geometry": {"type": "Point", "coordinates": [116.5, 46.5]}, "properties": {"fdd": 2703.9, "max_consec_freeze_days": 168.1, "cold_wave_freq": 4.85, "radiative_freq": 0.0, "years_used": 20}}, {"type": "Feature", "geometry": {"type": "Point", "coordinates": [116.5, 47.5]}, "properties": {"fdd": 2777.0, "max_consec_freeze_days": 175.6, "cold_wave_freq": 4.6, "radiative_freq": 0.0, "years_used": 20}}, {"type": "Feature", "geometry": {"type": "Point", "coordinates": [116.5, 48.5]}, "properties": {"fdd": 2966.4, "max_consec_freeze_days": 177.4, "cold_wave_freq": 4.35, "radiative_freq": 0.0, "years_used": 20}}, {"type": "Feature", "geometry": {"type": "Point", "coordinates": [116.5, 49.5]}, "properties": {"fdd": 3160.9, "max_consec_freeze_days": 180.2, "cold_wave_freq": 5.9, "radiative_freq": 0.0, "years_used": 20}}, {"type": "Feature", "geometry": {"type": "Point", "coordinates": [117.5, 23.5]}, "properties": {"fdd": 0.0, "max_consec_freeze_days": 0.0, "cold_wave_freq": 0.0, "radiative_freq": 0.0, "years_used": 20}}, {"type": "Feature", "geometry": {"type": "Point", "coordinates": [117.5, 24.5]}, "properties": {"fdd": 2.8, "max_consec_freeze_days": 1.4, "cold_wave_freq": 0.65, "radiative_freq": 0.0, "years_used": 20}}, {"type": "Feature", "geometry": {"type": "Point", "coordinates": [117.5, 25.5]}, "properties": {"fdd": 34.9, "max_consec_freeze_days": 5.8, "cold_wave_freq": 2.6, "radiative_freq": 0.0, "years_used": 20}}, {"type": "Feature", "geometry": {"type": "Point", "coordinates": [117.5, 26.5]}, "properties": {"fdd": 57.7, "max_consec_freeze_days": 7.5, "cold_wave_freq": 3.4, "radiative_freq": 0.0, "years_used": 20}}, {"type": "Feature", "geometry": {"type": "Point", "coordinates": [117.5, 27.5]}, "properties": {"fdd": 92.5, "max_consec_freeze_days": 9.8, "cold_wave_freq": 4.4, "radiative_freq": 0.0, "years_used": 20}}, {"type": "Feature", "geometry": {"type": "Point", "coordinates": [117.5, 28.5]}, "properties": {"fdd": 62.8, "max_consec_freeze_days": 8.3, "cold_wave_freq": 3.7, "radiative_freq": 0.0, "years_used": 20}}, {"type": "Feature", "geometry": {"type": "Point", "coordinates": [117.5, 29.5]}, "properties": {"fdd": 118.1, "max_consec_freeze_days": 11.3, "cold_wave_freq": 4.1, "radiative_freq": 0.0, "years_used": 20}}, {"type": "Feature", "geometry": {"type": "Point", "coordinates": [117.5, 30.5]}, "properties": {"fdd": 138.2, "max_consec_freeze_days": 14.8, "cold_wave_freq": 4.0, "radiative_freq": 0.0, "years_used": 20}}, {"type": "Feature", "geometry": {"type": "Point", "coordinates": [117.5, 31.5]}, "properties": {"fdd": 130.8, "max_consec_freeze_days": 15.6, "cold_wave_freq": 3.0, "radiative_freq": 0.0, "years_used": 20}}, {"type": "Feature", "geometry": {"type": "Point", "coordinates": [117.5, 32.5]}, "properties": {"fdd": 233.4, "max_consec_freeze_days": 23.0, "cold_wave_freq": 3.9, "radiative_freq": 0.0, "years_used": 20}}, {"type": "Feature", "geometry": {"type": "Point", "coordinates": [117.5, 33.5]}, "properties": {"fdd": 282.6, "max_consec_freeze_days": 29.6, "cold_wave_freq": 3.7, "radiative_freq": 0.0, "years_used": 20}}, {"type": "Feature", "geometry": {"type": "Point", "coordinates": [117.5, 34.5]}, "properties": {"fdd": 332.3, "max_consec_freeze_days": 40.2, "cold_wave_freq": 2.95, "radiative_freq": 0.0, "years_used": 20}}, {"type": "Feature", "geometry": {"type": "Point", "coordinates": [117.5, 35.5]}, "properties": {"fdd": 496.8, "max_consec_freeze_days": 52.5, "cold_wave_freq": 4.0, "radiative_freq": 0.0, "years_used": 20}}, {"type": "Feature", "geometry": {"type": "Point", "coordinates": [117.5, 36.5]}, "properties": {"fdd": 604.8, "max_consec_freeze_days": 68.5, "cold_wave_freq": 4.9, "radiative_freq": 0.0, "years_used": 20}}, {"type": "Feature", "geometry": {"type": "Point", "coordinates": [117.5, 37.5]}, "properties": {"fdd": 576.8, "max_consec_freeze_days": 77.8, "cold_wave_freq": 2.85, "radiative_freq": 0.0, "years_used": 20}}, {"type": "Feature", "geometry": {"type": "Point", "coordinates": [117.5, 38.5]}, "properties": {"fdd": 428.0, "max_consec_freeze_days": 62.0, "cold_wave_freq": 0.7, "radiative_freq": 0.0, "years_used": 20}}, {"type": "Feature", "geometry": {"type": "Point", "coordinates": [117.5, 39.5]}, "properties": {"fdd": 840.2, "max_consec_freeze_days": 99.1, "cold_wave_freq": 2.85, "radiative_freq": 0.0, "years_used": 20}}, {"type": "Feature", "geometry": {"type": "Point", "coordinates": [117.5, 40.5]}, "properties": {"fdd": 1413.1, "max_consec_freeze_days": 122.8, "cold_wave_freq": 4.75, "radiative_freq": 0.0, "years_used": 20}}, {"type": "Feature", "geometry": {"type": "Point", "coordinates": [117.5, 41.5]}, "properties": {"fdd": 1965.5, "max_consec_freeze_days": 148.2, "cold_wave_freq": 4.5, "radiative_freq": 0.0, "years_used": 20}}, {"type": "Feature", "geometry": {"type": "Point", "coordinates": [117.5, 42.5]}, "properties": {"fdd": 2734.6, "max_consec_freeze_days": 173.3, "cold_wave_freq": 9.05, "radiative_freq": 0.0, "years_used": 20}}, {"type": "Feature", "geometry": {"type": "Point", "coordinates": [117.5, 43.5]}, "properties": {"fdd": 2725.3, "max_consec_freeze_days": 173.2, "cold_wave_freq": 8.15, "radiative_freq": 0.0, "years_used": 20}}, {"type": "Feature", "geometry": {"type": "Point", "coordinates": [117.5, 44.5]}, "properties": {"fdd": 2776.9, "max_consec_freeze_days": 166.7, "cold_wave_freq": 9.25, "radiative_freq": 0.0, "years_used": 20}}, {"type": "Feature", "geometry": {"type": "Point", "coordinates": [117.5, 45.5]}, "properties": {"fdd": 2845.4, "max_consec_freeze_days": 175.5, "cold_wave_freq": 5.95, "radiative_freq": 0.0, "years_used": 20}}, {"type": "Feature", "geometry": {"type": "Point", "coordinates": [117.5, 46.5]}, "properties": {"fdd": 2935.6, "max_consec_freeze_days": 179.2, "cold_wave_freq": 6.15, "radiative_freq": 0.0, "years_used": 20}}, {"type": "Feature", "geometry": {"type": "Point", "coordinates": [117.5, 47.5]}, "properties": {"fdd": 2948.2, "max_consec_freeze_days": 173.4, "cold_wave_freq": 6.35, "radiative_freq": 0.0, "years_used": 20}}, {"type": "Feature", "geometry": {"type": "Point", "coordinates": [117.5, 48.5]}, "properties": {"fdd": 3088.0, "max_consec_freeze_days": 173.4, "cold_wave_freq": 6.1, "radiative_freq": 0.0, "years_used": 20}}, {"type": "Feature", "geometry": {"type": "Point", "coordinates": [117.5, 49.5]}, "properties": {"fdd": 3281.5, "max_consec_freeze_days": 183.1, "cold_wave_freq": 6.45, "radiative_freq": 0.0, "years_used": 20}}, {"type": "Feature", "geometry": {"type": "Point", "coordinates": [118.5, 24.5]}, "properties": {"fdd": 0.0, "max_consec_freeze_days": 0.0, "cold_wave_freq": 0.0, "radiative_freq": 0.0, "years_used": 20}}, {"type": "Feature", "geometry": {"type": "Point", "coordinates": [118.5, 25.5]}, "properties": {"fdd": 11.6, "max_consec_freeze_days": 3.0, "cold_wave_freq": 1.3, "radiative_freq": 0.0, "years_used": 20}}, {"type": "Feature", "geometry": {"type": "Point", "coordinates": [118.5, 26.5]}, "properties": {"fdd": 58.8, "max_consec_freeze_days": 6.7, "cold_wave_freq": 4.0, "radiative_freq": 0.0, "years_used": 20}}, {"type": "Feature", "geometry": {"type": "Point", "coordinates": [118.5, 27.5]}, "properties": {"fdd": 82.5, "max_consec_freeze_days": 8.1, "cold_wave_freq": 5.45, "radiative_freq": 0.0, "years_used": 20}}, {"type": "Feature", "geometry": {"type": "Point", "coordinates": [118.5, 28.5]}, "properties": {"fdd": 135.7, "max_consec_freeze_days": 12.3, "cold_wave_freq": 6.05, "radiative_freq": 0.0, "years_used": 20}}, {"type": "Feature", "geometry": {"type": "Point", "coordinates": [118.5, 29.5]}, "properties": {"fdd": 113.7, "max_consec_freeze_days": 11.8, "cold_wave_freq": 4.25, "radiative_freq": 0.0, "years_used": 20}}, {"type": "Feature", "geometry": {"type": "Point", "coordinates": [118.5, 30.5]}, "properties": {"fdd": 199.8, "max_consec_freeze_days": 18.1, "cold_wave_freq": 5.3, "radiative_freq": 0.0, "years_used": 20}}, {"type": "Feature", "geometry": {"type": "Point", "coordinates": [118.5, 31.5]}, "properties": {"fdd": 145.2, "max_consec_freeze_days": 14.6, "cold_wave_freq": 3.7, "radiative_freq": 0.0, "years_used": 20}}, {"type": "Feature", "geometry": {"type": "Point", "coordinates": [118.5, 32.5]}, "properties": {"fdd": 221.4, "max_consec_freeze_days": 21.8, "cold_wave_freq": 3.75, "radiative_freq": 0.0, "years_used": 20}}, {"type": "Feature", "geometry": {"type": "Point", "coordinates": [118.5, 33.5]}, "properties": {"fdd": 212.0, "max_consec_freeze_days": 23.9, "cold_wave_freq": 2.75, "radiative_freq": 0.0, "years_used": 20}}, {"type": "Feature", "geometry": {"type": "Point", "coordinates": [118.5, 34.5]}, "properties": {"fdd": 364.1, "max_consec_freeze_days": 40.0, "cold_wave_freq": 3.7, "radiative_freq": 0.0, "years_used": 20}}, {"type": "Feature", "geometry": {"type": "Point", "coordinates": [118.5, 35.5]}, "properties": {"fdd": 498.7, "max_consec_freeze_days": 53.0, "cold_wave_freq": 3.75, "radiative_freq": 0.0, "years_used": 20}}, {"type": "Feature", "geometry": {"type": "Point", "coordinates": [118.5, 36.5]}, "properties": {"fdd": 550.1, "max_consec_freeze_days": 66.2, "cold_wave_freq": 3.75, "radiative_freq": 0.0, "years_used": 20}}, {"type": "Feature", "geometry": {"type": "Point", "coordinates": [118.5, 37.5]}, "properties": {"fdd": 513.2, "max_consec_freeze_days": 70.5, "cold_wave_freq": 1.85, "radiative_freq": 0.0, "years_used": 20}}, {"type": "Feature", "geometry": {"type": "Point", "coordinates": [118.5, 38.5]}, "properties": {"fdd": 97.2, "max_consec_freeze_days": 17.2, "cold_wave_freq": 0.4, "radiative_freq": 0.0, "years_used": 20}}, {"type": "Feature", "geometry": {"type": "Point", "coordinates": [118.5, 39.5]}, "properties": {"fdd": 802.6, "max_consec_freeze_days": 92.1, "cold_wave_freq": 2.45, "radiative_freq": 0.0, "years_used": 20}}, {"type": "Feature", "geometry": {"type": "Point", "coordinates": [118.5, 40.5]}, "properties": {"fdd": 1395.3, "max_consec_freeze_days": 124.0, "cold_wave_freq": 3.7, "radiative_freq": 0.0, "years_used": 20}}, {"type": "Feature", "geometry": {"type": "Point", "coordinates": [118.5, 41.5]}, "properties": {"fdd": 1967.3, "max_consec_freeze_days": 146.2, "cold_wave_freq": 6.45, "radiative_freq": 0.0, "years_used": 20}}, {"type": "Feature", "geometry": {"type": "Point", "coordinates": [118.5, 42.5]}, "properties": {"fdd": 1887.4, "max_consec_freeze_days": 139.5, "cold_wave_freq": 5.85, "radiative_freq": 0.0, "years_used": 20}}, {"type": "Feature", "geometry": {"type": "Point", "coordinates": [118.5, 43.5]}, "properties": {"fdd": 2150.3, "max_consec_freeze_days": 149.8, "cold_wave_freq": 3.15, "radiative_freq": 0.0, "years_used": 20}}, {"type": "Feature", "geometry": {"type": "Point", "coordinates": [118.5, 44.5]}, "properties": {"fdd": 2773.6, "max_consec_freeze_days": 173.1, "cold_wave_freq": 6.35, "radiative_freq": 0.0, "years_used": 20}}, {"type": "Feature", "geometry": {"type": "Point", "coordinates": [118.5, 45.5]}, "properties": {"fdd": 2950.2, "max_consec_freeze_days": 177.9, "cold_wave_freq": 6.45, "radiative_freq": 0.0, "years_used": 20}}, {"type": "Feature", "geometry": {"type": "Point", "coordinates": [118.5, 46.5]}, "properties": {"fdd": 3204.2, "max_consec_freeze_days": 182.6, "cold_wave_freq": 8.2, "radiative_freq": 0.0, "years_used": 20}}, {"type": "Feature", "geometry": {"type": "Point", "coordinates": [118.5, 47.5]}, "properties": {"fdd": 3254.5, "max_consec_freeze_days": 177.9, "cold_wave_freq": 9.95, "radiative_freq": 0.0, "years_used": 20}}, {"type": "Feature", "geometry": {"type": "Point", "coordinates": [118.5, 48.5]}, "properties": {"fdd": 3306.8, "max_consec_freeze_days": 177.9, "cold_wave_freq": 8.75, "radiative_freq": 0.0, "years_used": 20}}, {"type": "Feature", "geometry": {"type": "Point", "coordinates": [118.5, 49.5]}, "properties": {"fdd": 3394.7, "max_consec_freeze_days": 183.8, "cold_wave_freq": 8.1, "radiative_freq": 0.0, "years_used": 20}}, {"type": "Feature", "geometry": {"type": "Point", "coordinates": [119.5, 23.5]}, "properties": {"fdd": 0.0, "max_consec_freeze_days": 0.0, "cold_wave_freq": 0.0, "radiative_freq": 0.0, "years_used": 20}}, {"type": "Feature", "geometry": {"type": "Point", "coordinates": [119.5, 24.5]}, "properties": {"fdd": 0.0, "max_consec_freeze_days": 0.0, "cold_wave_freq": 0.0, "radiative_freq": 0.0, "years_used": 20}}, {"type": "Feature", "geometry": {"type": "Point", "coordinates": [119.5, 25.5]}, "properties": {"fdd": 0.0, "max_consec_freeze_days": 0.1, "cold_wave_freq": 0.15, "radiative_freq": 0.0, "years_used": 20}}, {"type": "Feature", "geometry": {"type": "Point", "coordinates": [119.5, 26.5]}, "properties": {"fdd": 23.6, "max_consec_freeze_days": 4.6, "cold_wave_freq": 2.85, "radiative_freq": 0.0, "years_used": 20}}, {"type": "Feature", "geometry": {"type": "Point", "coordinates": [119.5, 27.5]}, "properties": {"fdd": 129.8, "max_consec_freeze_days": 11.8, "cold_wave_freq": 7.1, "radiative_freq": 0.0, "years_used": 20}}, {"type": "Feature", "geometry": {"type": "Point", "coordinates": [119.5, 28.5]}, "properties": {"fdd": 133.4, "max_consec_freeze_days": 12.4, "cold_wave_freq": 5.8, "radiative_freq": 0.0, "years_used": 20}}, {"type": "Feature", "geometry": {"type": "Point", "coordinates": [119.5, 29.5]}, "properties": {"fdd": 124.7, "max_consec_freeze_days": 12.6, "cold_wave_freq": 4.4, "radiative_freq": 0.0, "years_used": 20}}, {"type": "Feature", "geometry": {"type": "Point", "coordinates": [119.5, 30.5]}, "properties": {"fdd": 179.6, "max_consec_freeze_days": 15.5, "cold_wave_freq": 5.65, "radiative_freq": 0.0, "years_used": 20}}, {"type": "Feature", "geometry": {"type": "Point", "coordinates": [119.5, 31.5]}, "properties": {"fdd": 170.4, "max_consec_freeze_days": 15.1, "cold_wave_freq": 4.2, "radiative_freq": 0.0, "years_used": 20}}, {"type": "Feature", "geometry": {"type": "Point", "coordinates": [119.5, 32.5]}, "properties": {"fdd": 184.9, "max_consec_freeze_days": 18.6, "cold_wave_freq": 3.45, "radiative_freq": 0.0, "years_used": 20}}, {"type": "Feature", "geometry": {"type": "Point", "coordinates": [119.5, 33.5]}, "properties": {"fdd": 269.7, "max_consec_freeze_days": 25.6, "cold_wave_freq": 4.2, "radiative_freq": 0.0, "years_used": 20}}, {"type": "Feature", "geometry": {"type": "Point", "coordinates": [119.5, 34.5]}, "properties": {"fdd": 202.1, "max_consec_freeze_days": 24.3, "cold_wave_freq": 1.95, "radiative_freq": 0.0, "years_used": 20}}, {"type": "Feature", "geometry": {"type": "Point", "coordinates": [119.5, 35.5]}, "properties": {"fdd": 269.3, "max_consec_freeze_days": 24.4, "cold_wave_freq": 2.5, "radiative_freq": 0.0, "years_used": 20}}, {"type": "Feature", "geometry": {"type": "Point", "coordinates": [119.5, 36.5]}, "properties": {"fdd": 507.9, "max_consec_freeze_days": 61.6, "cold_wave_freq": 2.85, "radiative_freq": 0.0, "years_used": 20}}, {"type": "Feature", "geometry": {"type": "Point", "coordinates": [119.5, 37.5]}, "properties": {"fdd": 101.4, "max_consec_freeze_days": 20.1, "cold_wave_freq": 0.05, "radiative_freq": 0.0, "years_used": 20}}, {"type": "Feature", "geometry": {"type": "Point", "coordinates": [119.5, 39.5]}, "properties": {"fdd": 394.6, "max_consec_freeze_days": 54.0, "cold_wave_freq": 0.8, "radiative_freq": 0.0, "years_used": 20}}, {"type": "Feature", "geometry": {"type": "Point", "coordinates": [119.5, 40.5]}, "properties": {"fdd": 1432.6, "max_consec_freeze_days": 128.8, "cold_wave_freq": 3.5, "radiative_freq": 0.0, "years_used": 20}}, {"type": "Feature", "geometry": {"type": "Point", "coordinates": [119.5, 41.5]}, "properties": {"fdd": 1682.4, "max_consec_freeze_days": 134.6, "cold_wave_freq": 4.0, "radiative_freq": 0.0, "years_used": 20}}, {"type": "Feature", "geometry": {"type": "Point", "coordinates": [119.5, 42.5]}, "properties": {"fdd": 1818.3, "max_consec_freeze_days": 137.4, "cold_wave_freq": 4.1, "radiative_freq": 0.0, "years_used": 20}}, {"type": "Feature", "geometry": {"type": "Point", "coordinates": [119.5, 43.5]}, "properties": {"fdd": 2059.6, "max_consec_freeze_days": 146.4, "cold_wave_freq": 3.1, "radiative_freq": 0.0, "years_used": 20}}, {"type": "Feature", "geometry": {"type": "Point", "coordinates": [119.5, 44.5]}, "properties": {"fdd": 2483.0, "max_consec_freeze_days": 157.9, "cold_wave_freq": 4.0, "radiative_freq": 0.0, "years_used": 20}}, {"type": "Feature", "geometry": {"type": "Point", "coordinates": [119.5, 45.5]}, "properties": {"fdd": 2973.2, "max_consec_freeze_days": 177.4, "cold_wave_freq": 6.8, "radiative_freq": 0.0, "years_used": 20}}, {"type": "Feature", "geometry": {"type": "Point", "coordinates": [119.5, 46.5]}, "properties": {"fdd": 3342.9, "max_consec_freeze_days": 186.3, "cold_wave_freq": 8.3, "radiative_freq": 0.0, "years_used": 20}}, {"type": "Feature", "geometry": {"type": "Point", "coordinates": [119.5, 47.5]}, "properties": {"fdd": 3447.3, "max_consec_freeze_days": 181.7, "cold_wave_freq": 10.5, "radiative_freq": 0.0, "years_used": 20}}, {"type": "Feature", "geometry": {"type": "Point", "coordinates": [119.5, 48.5]}, "properties": {"fdd": 3390.7, "max_consec_freeze_days": 180.1, "cold_wave_freq": 10.4, "radiative_freq": 0.0, "years_used": 20}}, {"type": "Feature", "geometry": {"type": "Point", "coordinates": [119.5, 49.5]}, "properties": {"fdd": 3510.1, "max_consec_freeze_days": 185.8, "cold_wave_freq": 9.35, "radiative_freq": 0.0, "years_used": 20}}, {"type": "Feature", "geometry": {"type": "Point", "coordinates": [120.5, 21.5]}, "properties": {"fdd": 0.0, "max_consec_freeze_days": 0.0, "cold_wave_freq": 0.0, "radiative_freq": 0.0, "years_used": 20}}, {"type": "Feature", "geometry": {"type": "Point", "coordinates": [120.5, 22.5]}, "properties": {"fdd": 0.0, "max_consec_freeze_days": 0.0, "cold_wave_freq": 0.0, "radiative_freq": 0.0, "years_used": 20}}, {"type": "Feature", "geometry": {"type": "Point", "coordinates": [120.5, 23.5]}, "properties": {"fdd": 0.0, "max_consec_freeze_days": 0.0, "cold_wave_freq": 0.1, "radiative_freq": 0.0, "years_used": 20}}, {"type": "Feature", "geometry": {"type": "Point", "coordinates": [120.5, 24.5]}, "properties": {"fdd": 0.0, "max_consec_freeze_days": 0.0, "cold_wave_freq": 0.0, "radiative_freq": 0.0, "years_used": 20}}, {"type": "Feature", "geometry": {"type": "Point", "coordinates": [120.5, 25.5]}, "properties": {"fdd": 0.0, "max_consec_freeze_days": 0.0, "cold_wave_freq": 0.0, "radiative_freq": 0.0, "years_used": 20}}, {"type": "Feature", "geometry": {"type": "Point", "coordinates": [120.5, 26.5]}, "properties": {"fdd": 0.0, "max_consec_freeze_days": 0.0, "cold_wave_freq": 0.0, "radiative_freq": 0.0, "years_used": 20}}, {"type": "Feature", "geometry": {"type": "Point", "coordinates": [120.5, 27.5]}, "properties": {"fdd": 1.6, "max_consec_freeze_days": 1.1, "cold_wave_freq": 0.65, "radiative_freq": 0.0, "years_used": 20}}, {"type": "Feature", "geometry": {"type": "Point", "coordinates": [120.5, 28.5]}, "properties": {"fdd": 130.0, "max_consec_freeze_days": 11.8, "cold_wave_freq": 6.05, "radiative_freq": 0.0, "years_used": 20}}, {"type": "Feature", "geometry": {"type": "Point", "coordinates": [120.5, 29.5]}, "properties": {"fdd": 136.0, "max_consec_freeze_days": 13.1, "cold_wave_freq": 4.95, "radiative_freq": 0.0, "years_used": 20}}, {"type": "Feature", "geometry": {"type": "Point", "coordinates": [120.5, 30.5]}, "properties": {"fdd": 65.9, "max_consec_freeze_days": 9.6, "cold_wave_freq": 2.5, "radiative_freq": 0.0, "years_used": 20}}, {"type": "Feature", "geometry": {"type": "Point", "coordinates": [120.5, 31.5]}, "properties": {"fdd": 119.2, "max_consec_freeze_days": 12.9, "cold_wave_freq": 3.85, "radiative_freq": 0.0, "years_used": 20}}, {"type": "Feature", "geometry": {"type": "Point", "coordinates": [120.5, 32.5]}, "properties": {"fdd": 171.1, "max_consec_freeze_days": 15.6, "cold_wave_freq": 4.3, "radiative_freq": 0.0, "years_used": 20}}, {"type": "Feature", "geometry": {"type": "Point", "coordinates": [120.5, 33.5]}, "properties": {"fdd": 39.8, "max_consec_freeze_days": 7.2, "cold_wave_freq": 0.5, "radiative_freq": 0.0, "years_used": 20}}, {"type": "Feature", "geometry": {"type": "Point", "coordinates": [120.5, 34.5]}, "properties": {"fdd": 7.6, "max_consec_freeze_days": 2.4, "cold_wave_freq": 0.25, "radiative_freq": 0.0, "years_used": 20}}, {"type": "Feature", "geometry": {"type": "Point", "coordinates": [120.5, 35.5]}, "properties": {"fdd": 16.9, "max_consec_freeze_days": 3.5, "cold_wave_freq": 0.55, "radiative_freq": 0.0, "years_used": 20}}, {"type": "Feature", "geometry": {"type": "Point", "coordinates": [120.5, 36.5]}, "properties": {"fdd": 332.2, "max_consec_freeze_days": 32.5, "cold_wave_freq": 1.3, "radiative_freq": 0.0, "years_used": 20}}, {"type": "Feature", "geometry": {"type": "Point", "coordinates": [120.5, 37.5]}, "properties": {"fdd": 406.9, "max_consec_freeze_days": 51.1, "cold_wave_freq": 0.65, "radiative_freq": 0.0, "years_used": 20}}, {"type": "Feature", "geometry": {"type": "Point", "coordinates": [120.5, 38.5]}, "properties": {"fdd": 89.3, "max_consec_freeze_days": 10.8, "cold_wave_freq": 0.25, "radiative_freq": 0.0, "years_used": 20}}, {"type": "Feature", "geometry": {"type": "Point", "coordinates": [120.5, 40.5]}, "properties": {"fdd": 767.7, "max_consec_freeze_days": 95.4, "cold_wave_freq": 1.0, "radiative_freq": 0.0, "years_used": 20}}, {"type": "Feature", "geometry": {"type": "Point", "coordinates": [120.5, 41.5]}, "properties": {"fdd": 1510.9, "max_consec_freeze_days": 129.8, "cold_wave_freq": 3.45, "radiative_freq": 0.0, "years_used": 20}}, {"type": "Feature", "geometry": {"type": "Point", "coordinates": [120.5, 42.5]}, "properties": {"fdd": 1806.2, "max_consec_freeze_days": 134.4, "cold_wave_freq": 5.2, "radiative_freq": 0.0, "years_used": 20}}, {"type": "Feature", "geometry": {"type": "Point", "coordinates": [120.5, 43.5]}, "properties": {"fdd": 1928.2, "max_consec_freeze_days": 140.7, "cold_wave_freq": 3.0, "radiative_freq": 0.0, "years_used": 20}}, {"type": "Feature", "geometry": {"type": "Point", "coordinates": [120.5, 44.5]}, "properties": {"fdd": 2120.2, "max_consec_freeze_days": 147.6, "cold_wave_freq": 2.45, "radiative_freq": 0.0, "years_used": 20}}, {"type": "Feature", "geometry": {"type": "Point", "coordinates": [120.5, 45.5]}, "properties": {"fdd": 2602.4, "max_consec_freeze_days": 163.1, "cold_wave_freq": 3.7, "radiative_freq": 0.0, "years_used": 20}}, {"type": "Feature", "geometry": {"type": "Point", "coordinates": [120.5, 46.5]}, "properties": {"fdd": 3079.1, "max_consec_freeze_days": 180.2, "cold_wave_freq": 4.4, "radiative_freq": 0.0, "years_used": 20}}, {"type": "Feature", "geometry": {"type": "Point", "coordinates": [120.5, 47.5]}, "properties": {"fdd": 3621.8, "max_consec_freeze_days": 189.6, "cold_wave_freq": 7.5, "radiative_freq": 0.0, "years_used": 20}}, {"type": "Feature", "geometry": {"type": "Point", "coordinates": [120.5, 48.5]}, "properties": {"fdd": 3677.2, "max_consec_freeze_days": 186.8, "cold_wave_freq": 11.0, "radiative_freq": 0.0, "years_used": 20}}, {"type": "Feature", "geometry": {"type": "Point", "coordinates": [120.5, 49.5]}, "properties": {"fdd": 3741.2, "max_consec_freeze_days": 189.9, "cold_wave_freq": 11.2, "radiative_freq": 0.0, "years_used": 20}}, {"type": "Feature", "geometry": {"type": "Point", "coordinates": [120.5, 50.5]}, "properties": {"fdd": 3900.6, "max_consec_freeze_days": 194.4, "cold_wave_freq": 11.1, "radiative_freq": 0.0, "years_used": 20}}, {"type": "Feature", "geometry": {"type": "Point", "coordinates": [120.5, 51.5]}, "properties": {"fdd": 4055.1, "max_consec_freeze_days": 198.2, "cold_wave_freq": 13.7, "radiative_freq": 0.0, "years_used": 20}}, {"type": "Feature", "geometry": {"type": "Point", "coordinates": [120.5, 52.5]}, "properties": {"fdd": 4219.3, "max_consec_freeze_days": 201.2, "cold_wave_freq": 15.55, "radiative_freq": 0.0, "years_used": 20}}, {"type": "Feature", "geometry": {"type": "Point", "coordinates": [120.5, 53.5]}, "properties": {"fdd": 4443.0, "max_consec_freeze_days": 201.1, "cold_wave_freq": 16.15, "radiative_freq": 0.0, "years_used": 20}}, {"type": "Feature", "geometry": {"type": "Point", "coordinates": [121.5, 20.5]}, "properties": {"fdd": 0.0, "max_consec_freeze_days": 0.0, "cold_wave_freq": 0.0, "radiative_freq": 0.0, "years_used": 20}}, {"type": "Feature", "geometry": {"type": "Point", "coordinates": [121.5, 21.5]}, "properties": {"fdd": 0.0, "max_consec_freeze_days": 0.0, "cold_wave_freq": 0.0, "radiative_freq": 0.0, "years_used": 20}}, {"type": "Feature", "geometry": {"type": "Point", "coordinates": [121.5, 22.5]}, "properties": {"fdd": 0.0, "max_consec_freeze_days": 0.0, "cold_wave_freq": 0.0, "radiative_freq": 0.0, "years_used": 20}}, {"type": "Feature", "geometry": {"type": "Point", "coordinates": [121.5, 23.5]}, "properties": {"fdd": 0.0, "max_consec_freeze_days": 0.0, "cold_wave_freq": 0.0, "radiative_freq": 0.0, "years_used": 20}}, {"type": "Feature", "geometry": {"type": "Point", "coordinates": [121.5, 24.5]}, "properties": {"fdd": 3.0, "max_consec_freeze_days": 1.6, "cold_wave_freq": 1.25, "radiative_freq": 0.0, "years_used": 20}}, {"type": "Feature", "geometry": {"type": "Point", "coordinates": [121.5, 25.5]}, "properties": {"fdd": 0.0, "max_consec_freeze_days": 0.0, "cold_wave_freq": 0.0, "radiative_freq": 0.0, "years_used": 20}}, {"type": "Feature", "geometry": {"type": "Point", "coordinates": [121.5, 27.5]}, "properties": {"fdd": 0.0, "max_consec_freeze_days": 0.0, "cold_wave_freq": 0.1, "radiative_freq": 0.0, "years_used": 20}}, {"type": "Feature", "geometry": {"type": "Point", "coordinates": [121.5, 28.5]}, "properties": {"fdd": 25.5, "max_consec_freeze_days": 5.1, "cold_wave_freq": 2.65, "radiative_freq": 0.0, "years_used": 20}}, {"type": "Feature", "geometry": {"type": "Point", "coordinates": [121.5, 29.5]}, "properties": {"fdd": 88.0, "max_consec_freeze_days": 9.8, "cold_wave_freq": 4.1, "radiative_freq": 0.0, "years_used": 20}}, {"type": "Feature", "geometry": {"type": "Point", "coordinates": [121.5, 30.5]}, "properties": {"fdd": 12.5, "max_consec_freeze_days": 3.1, "cold_wave_freq": 0.85, "radiative_freq": 0.0, "years_used": 20}}, {"type": "Feature", "geometry": {"type": "Point", "coordinates": [121.5, 31.5]}, "properties": {"fdd": 44.5, "max_consec_freeze_days": 7.0, "cold_wave_freq": 2.2, "radiative_freq": 0.0, "years_used": 20}}, {"type": "Feature", "geometry": {"type": "Point", "coordinates": [121.5, 32.5]}, "properties": {"fdd": 11.8, "max_consec_freeze_days": 3.5, "cold_wave_freq": 0.25, "radiative_freq": 0.0, "years_used": 20}}, {"type": "Feature", "geometry": {"type": "Point", "coordinates": [121.5, 36.5]}, "properties": {"fdd": 97.9, "max_consec_freeze_days": 13.3, "cold_wave_freq": 0.55, "radiative_freq": 0.0, "years_used": 20}}, {"type": "Feature", "geometry": {"type": "Point", "coordinates": [121.5, 37.5]}, "properties": {"fdd": 312.9, "max_consec_freeze_days": 39.2, "cold_wave_freq": 0.5, "radiative_freq": 0.0, "years_used": 20}}, {"type": "Feature", "geometry": {"type": "Point", "coordinates": [121.5, 38.5]}, "properties": {"fdd": 95.7, "max_consec_freeze_days": 10.3, "cold_wave_freq": 0.55, "radiative_freq": 0.0, "years_used": 20}}, {"type": "Feature", "geometry": {"type": "Point", "coordinates": [121.5, 39.5]}, "properties": {"fdd": 348.2, "max_consec_freeze_days": 38.8, "cold_wave_freq": 0.5, "radiative_freq": 0.0, "years_used": 20}}, {"type": "Feature", "geometry": {"type": "Point", "coordinates": [121.5, 40.5]}, "properties": {"fdd": 481.2, "max_consec_freeze_days": 66.7, "cold_wave_freq": 1.2, "radiative_freq": 0.0, "years_used": 20}}, {"type": "Feature", "geometry": {"type": "Point", "coordinates": [121.5, 41.5]}, "properties": {"fdd": 1507.5, "max_consec_freeze_days": 129.2, "cold_wave_freq": 3.75, "radiative_freq": 0.0, "years_used": 20}}, {"type": "Feature", "geometry": {"type": "Point", "coordinates": [121.5, 42.5]}, "properties": {"fdd": 1827.8, "max_consec_freeze_days": 135.9, "cold_wave_freq": 5.05, "radiative_freq": 0.0, "years_used": 20}}, {"type": "Feature", "geometry": {"type": "Point", "coordinates": [121.5, 43.5]}, "properties": {"fdd": 1933.5, "max_consec_freeze_days": 139.4, "cold_wave_freq": 3.35, "radiative_freq": 0.0, "years_used": 20}}, {"type": "Feature", "geometry": {"type": "Point", "coordinates": [121.5, 44.5]}, "properties": {"fdd": 2041.8, "max_consec_freeze_days": 146.2, "cold_wave_freq": 1.95, "radiative_freq": 0.0, "years_used": 20}}, {"type": "Feature", "geometry": {"type": "Point", "coordinates": [121.5, 45.5]}, "properties": {"fdd": 2408.7, "max_consec_freeze_days": 158.4, "cold_wave_freq": 2.45, "radiative_freq": 0.0, "years_used": 20}}, {"type": "Feature", "geometry": {"type": "Point", "coordinates": [121.5, 46.5]}, "properties": {"fdd": 2844.0, "max_consec_freeze_days": 175.7, "cold_wave_freq": 2.7, "radiative_freq": 0.0, "years_used": 20}}, {"type": "Feature", "geometry": {"type": "Point", "coordinates": [121.5, 47.5]}, "properties": {"fdd": 3206.1, "max_consec_freeze_days": 180.8, "cold_wave_freq": 4.75, "radiative_freq": 0.0, "years_used": 20}}, {"type": "Feature", "geometry": {"type": "Point", "coordinates": [121.5, 48.5]}, "properties": {"fdd": 3626.7, "max_consec_freeze_days": 190.6, "cold_wave_freq": 8.6, "radiative_freq": 0.0, "years_used": 20}}, {"type": "Feature", "geometry": {"type": "Point", "coordinates": [121.5, 49.5]}, "properties": {"fdd": 3835.3, "max_consec_freeze_days": 192.8, "cold_wave_freq": 12.3, "radiative_freq": 0.0, "years_used": 20}}, {"type": "Feature", "geometry": {"type": "Point", "coordinates": [121.5, 50.5]}, "properties": {"fdd": 4016.2, "max_consec_freeze_days": 196.4, "cold_wave_freq": 12.55, "radiative_freq": 0.0, "years_used": 20}}, {"type": "Feature", "geometry": {"type": "Point", "coordinates": [121.5, 51.5]}, "properties": {"fdd": 4133.6, "max_consec_freeze_days": 199.9, "cold_wave_freq": 14.15, "radiative_freq": 0.0, "years_used": 20}}, {"type": "Feature", "geometry": {"type": "Point", "coordinates": [121.5, 52.5]}, "properties": {"fdd": 4359.6, "max_consec_freeze_days": 204.2, "cold_wave_freq": 18.5, "radiative_freq": 0.0, "years_used": 20}}, {"type": "Feature", "geometry": {"type": "Point", "coordinates": [121.5, 53.5]}, "properties": {"fdd": 4483.7, "max_consec_freeze_days": 203.0, "cold_wave_freq": 18.2, "radiative_freq": 0.0, "years_used": 20}}, {"type": "Feature", "geometry": {"type": "Point", "coordinates": [122.5, 20.5]}, "properties": {"fdd": 0.0, "max_consec_freeze_days": 0.0, "cold_wave_freq": 0.0, "radiative_freq": 0.0, "years_used": 20}}, {"type": "Feature", "geometry": {"type": "Point", "coordinates": [122.5, 24.5]}, "properties": {"fdd": 0.0, "max_consec_freeze_days": 0.0, "cold_wave_freq": 0.0, "radiative_freq": 0.0, "years_used": 20}}, {"type": "Feature", "geometry": {"type": "Point", "coordinates": [122.5, 25.5]}, "properties": {"fdd": 0.0, "max_consec_freeze_days": 0.0, "cold_wave_freq": 0.0, "radiative_freq": 0.0, "years_used": 20}}, {"type": "Feature", "geometry": {"type": "Point", "coordinates": [122.5, 28.5]}, "properties": {"fdd": 0.0, "max_consec_freeze_days": 0.0, "cold_wave_freq": 0.1, "radiative_freq": 0.0, "years_used": 20}}, {"type": "Feature", "geometry": {"type": "Point", "coordinates": [122.5, 29.5]}, "properties": {"fdd": 0.1, "max_consec_freeze_days": 0.1, "cold_wave_freq": 0.1, "radiative_freq": 0.0, "years_used": 20}}, {"type": "Feature", "geometry": {"type": "Point", "coordinates": [122.5, 30.5]}, "properties": {"fdd": 0.4, "max_consec_freeze_days": 0.3, "cold_wave_freq": 0.1, "radiative_freq": 0.0, "years_used": 20}}, {"type": "Feature", "geometry": {"type": "Point", "coordinates": [122.5, 31.5]}, "properties": {"fdd": 0.6, "max_consec_freeze_days": 0.5, "cold_wave_freq": 0.1, "radiative_freq": 0.0, "years_used": 20}}, {"type": "Feature", "geometry": {"type": "Point", "coordinates": [122.5, 36.5]}, "properties": {"fdd": 30.4, "max_consec_freeze_days": 6.3, "cold_wave_freq": 0.55, "radiative_freq": 0.0, "years_used": 20}}, {"type": "Feature", "geometry": {"type": "Point", "coordinates": [122.5, 37.5]}, "properties": {"fdd": 102.1, "max_consec_freeze_days": 14.3, "cold_wave_freq": 0.6, "radiative_freq": 0.0, "years_used": 20}}, {"type": "Feature", "geometry": {"type": "Point", "coordinates": [122.5, 39.5]}, "properties": {"fdd": 812.3, "max_consec_freeze_days": 70.0, "cold_wave_freq": 4.45, "radiative_freq": 0.0, "years_used": 20}}, {"type": "Feature", "geometry": {"type": "Point", "coordinates": [122.5, 40.5]}, "properties": {"fdd": 1174.7, "max_consec_freeze_days": 97.5, "cold_wave_freq": 5.4, "radiative_freq": 0.0, "years_used": 20}}, {"type": "Feature", "geometry": {"type": "Point", "coordinates": [122.5, 41.5]}, "properties": {"fdd": 1552.7, "max_consec_freeze_days": 117.7, "cold_wave_freq": 7.05, "radiative_freq": 0.0, "years_used": 20}}, {"type": "Feature", "geometry": {"type": "Point", "coordinates": [122.5, 42.5]}, "properties": {"fdd": 1821.7, "max_consec_freeze_days": 135.4, "cold_wave_freq": 5.35, "radiative_freq": 0.0, "years_used": 20}}, {"type": "Feature", "geometry": {"type": "Point", "coordinates": [122.5, 43.5]}, "properties": {"fdd": 2004.5, "max_consec_freeze_days": 140.5, "cold_wave_freq": 4.85, "radiative_freq": 0.0, "years_used": 20}}, {"type": "Feature", "geometry": {"type": "Point", "coordinates": [122.5, 44.5]}, "properties": {"fdd": 2180.4, "max_consec_freeze_days": 149.3, "cold_wave_freq": 3.1, "radiative_freq": 0.0, "years_used": 20}}, {"type": "Feature", "geometry": {"type": "Point", "coordinates": [122.5, 45.5]}, "properties": {"fdd": 2306.0, "max_consec_freeze_days": 153.5, "cold_wave_freq": 2.85, "radiative_freq": 0.0, "years_used": 20}}, {"type": "Feature", "geometry": {"type": "Point", "coordinates": [122.5, 46.5]}, "properties": {"fdd": 2511.7, "max_consec_freeze_days": 162.1, "cold_wave_freq": 2.05, "radiative_freq": 0.0, "years_used": 20}}, {"type": "Feature", "geometry": {"type": "Point", "coordinates": [122.5, 47.5]}, "properties": {"fdd": 2782.6, "max_consec_freeze_days": 169.4, "cold_wave_freq": 2.45, "radiative_freq": 0.0, "years_used": 20}}, {"type": "Feature", "geometry": {"type": "Point", "coordinates": [122.5, 48.5]}, "properties": {"fdd": 3189.5, "max_consec_freeze_days": 182.1, "cold_wave_freq": 4.0, "radiative_freq": 0.0, "years_used": 20}}, {"type": "Feature", "geometry": {"type": "Point", "coordinates": [122.5, 49.5]}, "properties": {"fdd": 3619.7, "max_consec_freeze_days": 190.6, "cold_wave_freq": 8.65, "radiative_freq": 0.0, "years_used": 20}}, {"type": "Feature", "geometry": {"type": "Point", "coordinates": [122.5, 50.5]}, "properties": {"fdd": 3967.0, "max_consec_freeze_days": 197.1, "cold_wave_freq": 11.05, "radiative_freq": 0.0, "years_used": 20}}, {"type": "Feature", "geometry": {"type": "Point", "coordinates": [122.5, 51.5]}, "properties": {"fdd": 4256.4, "max_consec_freeze_days": 204.4, "cold_wave_freq": 13.25, "radiative_freq": 0.0, "years_used": 20}}, {"type": "Feature", "geometry": {"type": "Point", "coordinates": [122.5, 52.5]}, "properties": {"fdd": 4309.8, "max_consec_freeze_days": 201.5, "cold_wave_freq": 17.55, "radiative_freq": 0.0, "years_used": 20}}, {"type": "Feature", "geometry": {"type": "Point", "coordinates": [122.5, 53.5]}, "properties": {"fdd": 4459.0, "max_consec_freeze_days": 200.9, "cold_wave_freq": 17.55, "radiative_freq": 0.0, "years_used": 20}}, {"type": "Feature", "geometry": {"type": "Point", "coordinates": [123.5, 24.5]}, "properties": {"fdd": 0.0, "max_consec_freeze_days": 0.0, "cold_wave_freq": 0.0, "radiative_freq": 0.0, "years_used": 20}}, {"type": "Feature", "geometry": {"type": "Point", "coordinates": [123.5, 25.5]}, "properties": {"fdd": 0.0, "max_consec_freeze_days": 0.0, "cold_wave_freq": 0.0, "radiative_freq": 0.0, "years_used": 20}}, {"type": "Feature", "geometry": {"type": "Point", "coordinates": [123.5, 39.5]}, "properties": {"fdd": 337.2, "max_consec_freeze_days": 30.7, "cold_wave_freq": 2.35, "radiative_freq": 0.0, "years_used": 20}}, {"type": "Feature", "geometry": {"type": "Point", "coordinates": [123.5, 40.5]}, "properties": {"fdd": 1605.2, "max_consec_freeze_days": 116.5, "cold_wave_freq": 9.75, "radiative_freq": 0.0, "years_used": 20}}, {"type": "Feature", "geometry": {"type": "Point", "coordinates": [123.5, 41.5]}, "properties": {"fdd": 1715.4, "max_consec_freeze_days": 123.9, "cold_wave_freq": 11.3, "radiative_freq": 0.0, "years_used": 20}}, {"type": "Feature", "geometry": {"type": "Point", "coordinates": [123.5, 42.5]}, "properties": {"fdd": 1887.7, "max_consec_freeze_days": 127.8, "cold_wave_freq": 10.0, "radiative_freq": 0.0, "years_used": 20}}, {"type": "Feature", "geometry": {"type": "Point", "coordinates": [123.5, 43.5]}, "properties": {"fdd": 2115.1, "max_consec_freeze_days": 137.5, "cold_wave_freq": 7.3, "radiative_freq": 0.0, "years_used": 20}}, {"type": "Feature", "geometry": {"type": "Point", "coordinates": [123.5, 44.5]}, "properties": {"fdd": 2302.9, "max_consec_freeze_days": 145.4, "cold_wave_freq": 6.05, "radiative_freq": 0.0, "years_used": 20}}, {"type": "Feature", "geometry": {"type": "Point", "coordinates": [123.5, 45.5]}, "properties": {"fdd": 2428.4, "max_consec_freeze_days": 151.5, "cold_wave_freq": 4.05, "radiative_freq": 0.0, "years_used": 20}}, {"type": "Feature", "geometry": {"type": "Point", "coordinates": [123.5, 46.5]}, "properties": {"fdd": 2548.7, "max_consec_freeze_days": 157.9, "cold_wave_freq": 3.35, "radiative_freq": 0.0, "years_used": 20}}, {"type": "Feature", "geometry": {"type": "Point", "coordinates": [123.5, 47.5]}, "properties": {"fdd": 2716.5, "max_consec_freeze_days": 162.4, "cold_wave_freq": 3.65, "radiative_freq": 0.0, "years_used": 20}}, {"type": "Feature", "geometry": {"type": "Point", "coordinates": [123.5, 48.5]}, "properties": {"fdd": 3039.3, "max_consec_freeze_days": 174.4, "cold_wave_freq": 4.0, "radiative_freq": 0.0, "years_used": 20}}, {"type": "Feature", "geometry": {"type": "Point", "coordinates": [123.5, 49.5]}, "properties": {"fdd": 3330.2, "max_consec_freeze_days": 184.8, "cold_wave_freq": 6.25, "radiative_freq": 0.0, "years_used": 20}}, {"type": "Feature", "geometry": {"type": "Point", "coordinates": [123.5, 50.5]}, "properties": {"fdd": 3749.5, "max_consec_freeze_days": 191.6, "cold_wave_freq": 9.85, "radiative_freq": 0.0, "years_used": 20}}, {"type": "Feature", "geometry": {"type": "Point", "coordinates": [123.5, 51.5]}, "properties": {"fdd": 4127.8, "max_consec_freeze_days": 202.2, "cold_wave_freq": 11.55, "radiative_freq": 0.0, "years_used": 20}}, {"type": "Feature", "geometry": {"type": "Point", "coordinates": [123.5, 52.5]}, "properties": {"fdd": 4172.6, "max_consec_freeze_days": 200.2, "cold_wave_freq": 13.25, "radiative_freq": 0.0, "years_used": 20}}, {"type": "Feature", "geometry": {"type": "Point", "coordinates": [123.5, 53.5]}, "properties": {"fdd": 4495.3, "max_consec_freeze_days": 199.8, "cold_wave_freq": 18.6, "radiative_freq": 0.0, "years_used": 20}}, {"type": "Feature", "geometry": {"type": "Point", "coordinates": [124.5, 24.5]}, "properties": {"fdd": 0.0, "max_consec_freeze_days": 0.0, "cold_wave_freq": 0.0, "radiative_freq": 0.0, "years_used": 20}}, {"type": "Feature", "geometry": {"type": "Point", "coordinates": [124.5, 25.5]}, "properties": {"fdd": 0.0, "max_consec_freeze_days": 0.0, "cold_wave_freq": 0.0, "radiative_freq": 0.0, "years_used": 20}}, {"type": "Feature", "geometry": {"type": "Point", "coordinates": [124.5, 37.5]}, "properties": {"fdd": 38.7, "max_consec_freeze_days": 5.1, "cold_wave_freq": 0.85, "radiative_freq": 0.0, "years_used": 20}}, {"type": "Feature", "geometry": {"type": "Point", "coordinates": [124.5, 38.5]}, "properties": {"fdd": 97.6, "max_consec_freeze_days": 11.1, "cold_wave_freq": 1.7, "radiative_freq": 0.0, "years_used": 20}}, {"type": "Feature", "geometry": {"type": "Point", "coordinates": [124.5, 39.5]}, "properties": {"fdd": 352.3, "max_consec_freeze_days": 35.6, "cold_wave_freq": 2.4, "radiative_freq": 0.0, "years_used": 20}}, {"type": "Feature", "geometry": {"type": "Point", "coordinates": [124.5, 40.5]}, "properties": {"fdd": 1609.7, "max_consec_freeze_days": 108.8, "cold_wave_freq": 10.95, "radiative_freq": 0.0, "years_used": 20}}, {"type": "Feature", "geometry": {"type": "Point", "coordinates": [124.5, 41.5]}, "properties": {"fdd": 1976.4, "max_consec_freeze_days": 128.0, "cold_wave_freq": 14.0, "radiative_freq": 0.0, "years_used": 20}}, {"type": "Feature", "geometry": {"type": "Point", "coordinates": [124.5, 42.5]}, "properties": {"fdd": 1966.4, "max_consec_freeze_days": 125.1, "cold_wave_freq": 12.55, "radiative_freq": 0.0, "years_used": 20}}, {"type": "Feature", "geometry": {"type": "Point", "coordinates": [124.5, 43.5]}, "properties": {"fdd": 2151.8, "max_consec_freeze_days": 136.7, "cold_wave_freq": 9.6, "radiative_freq": 0.0, "years_used": 20}}, {"type": "Feature", "geometry": {"type": "Point", "coordinates": [124.5, 44.5]}, "properties": {"fdd": 2355.0, "max_consec_freeze_days": 144.8, "cold_wave_freq": 7.85, "radiative_freq": 0.0, "years_used": 20}}, {"type": "Feature", "geometry": {"type": "Point", "coordinates": [124.5, 45.5]}, "properties": {"fdd": 2466.9, "max_consec_freeze_days": 151.4, "cold_wave_freq": 5.65, "radiative_freq": 0.0, "years_used": 20}}, {"type": "Feature", "geometry": {"type": "Point", "coordinates": [124.5, 46.5]}, "properties": {"fdd": 2611.5, "max_consec_freeze_days": 155.9, "cold_wave_freq": 4.45, "radiative_freq": 0.0, "years_used": 20}}, {"type": "Feature", "geometry": {"type": "Point", "coordinates": [124.5, 47.5]}, "properties": {"fdd": 2790.7, "max_consec_freeze_days": 163.8, "cold_wave_freq": 5.1, "radiative_freq": 0.0, "years_used": 20}}, {"type": "Feature", "geometry": {"type": "Point", "coordinates": [124.5, 48.5]}, "properties": {"fdd": 3057.7, "max_consec_freeze_days": 172.2, "cold_wave_freq": 4.9, "radiative_freq": 0.0, "years_used": 20}}, {"type": "Feature", "geometry": {"type": "Point", "coordinates": [124.5, 49.5]}, "properties": {"fdd": 3383.2, "max_consec_freeze_days": 181.6, "cold_wave_freq": 7.9, "radiative_freq": 0.0, "years_used": 20}}, {"type": "Feature", "geometry": {"type": "Point", "coordinates": [124.5, 50.5]}, "properties": {"fdd": 3718.8, "max_consec_freeze_days": 190.2, "cold_wave_freq": 10.65, "radiative_freq": 0.0, "years_used": 20}}, {"type": "Feature", "geometry": {"type": "Point", "coordinates": [124.5, 51.5]}, "properties": {"fdd": 3986.0, "max_consec_freeze_days": 199.3, "cold_wave_freq": 9.8, "radiative_freq": 0.0, "years_used": 20}}, {"type": "Feature", "geometry": {"type": "Point", "coordinates": [124.5, 52.5]}, "properties": {"fdd": 4055.3, "max_consec_freeze_days": 198.8, "cold_wave_freq": 11.0, "radiative_freq": 0.0, "years_used": 20}}, {"type": "Feature", "geometry": {"type": "Point", "coordinates": [124.5, 53.5]}, "properties": {"fdd": 4509.1, "max_consec_freeze_days": 199.6, "cold_wave_freq": 18.95, "radiative_freq": 0.0, "years_used": 20}}, {"type": "Feature", "geometry": {"type": "Point", "coordinates": [125.5, 24.5]}, "properties": {"fdd": 0.0, "max_consec_freeze_days": 0.0, "cold_wave_freq": 0.0, "radiative_freq": 0.0, "years_used": 20}}, {"type": "Feature", "geometry": {"type": "Point", "coordinates": [125.5, 25.5]}, "properties": {"fdd": 0.0, "max_consec_freeze_days": 0.0, "cold_wave_freq": 0.0, "radiative_freq": 0.0, "years_used": 20}}, {"type": "Feature", "geometry": {"type": "Point", "coordinates": [125.5, 34.5]}, "properties": {"fdd": 1.2, "max_consec_freeze_days": 0.8, "cold_wave_freq": 0.0, "radiative_freq": 0.0, "years_used": 20}}, {"type": "Feature", "geometry": {"type": "Point", "coordinates": [125.5, 35.5]}, "properties": {"fdd": 4.4, "max_consec_freeze_days": 1.7, "cold_wave_freq": 0.1, "radiative_freq": 0.0, "years_used": 20}}, {"type": "Feature", "geometry": {"type": "Point", "coordinates": [125.5, 36.5]}, "properties": {"fdd": 20.3, "max_consec_freeze_days": 4.4, "cold_wave_freq": 0.3, "radiative_freq": 0.0, "years_used": 20}}, {"type": "Feature", "geometry": {"type": "Point", "coordinates": [125.5, 37.5]}, "properties": {"fdd": 99.0, "max_consec_freeze_days": 11.8, "cold_wave_freq": 0.95, "radiative_freq": 0.0, "years_used": 20}}, {"type": "Feature", "geometry": {"type": "Point", "coordinates": [125.5, 38.5]}, "properties": {"fdd": 823.1, "max_consec_freeze_days": 73.2, "cold_wave_freq": 4.15, "radiative_freq": 0.0, "years_used": 20}}, {"type": "Feature", "geometry": {"type": "Point", "coordinates": [125.5, 39.5]}, "properties": {"fdd": 958.3, "max_consec_freeze_days": 82.8, "cold_wave_freq": 6.45, "radiative_freq": 0.0, "years_used": 20}}, {"type": "Feature", "geometry": {"type": "Point", "coordinates": [125.5, 40.5]}, "properties": {"fdd": 1805.3, "max_consec_freeze_days": 114.5, "cold_wave_freq": 13.25, "radiative_freq": 0.0, "years_used": 20}}, {"type": "Feature", "geometry": {"type": "Point", "coordinates": [125.5, 41.5]}, "properties": {"fdd": 2201.4, "max_consec_freeze_days": 135.3, "cold_wave_freq": 15.1, "radiative_freq": 0.0, "years_used": 20}}, {"type": "Feature", "geometry": {"type": "Point", "coordinates": [125.5, 42.5]}, "properties": {"fdd": 2130.9, "max_consec_freeze_days": 132.8, "cold_wave_freq": 13.1, "radiative_freq": 0.0, "years_used": 20}}, {"type": "Feature", "geometry": {"type": "Point", "coordinates": [125.5, 43.5]}, "properties": {"fdd": 2231.2, "max_consec_freeze_days": 137.2, "cold_wave_freq": 11.85, "radiative_freq": 0.0, "years_used": 20}}, {"type": "Feature", "geometry": {"type": "Point", "coordinates": [125.5, 44.5]}, "properties": {"fdd": 2370.7, "max_consec_freeze_days": 138.4, "cold_wave_freq": 9.25, "radiative_freq": 0.0, "years_used": 20}}, {"type": "Feature", "geometry": {"type": "Point", "coordinates": [125.5, 45.5]}, "properties": {"fdd": 2520.5, "max_consec_freeze_days": 150.9, "cold_wave_freq": 7.2, "radiative_freq": 0.0, "years_used": 20}}, {"type": "Feature", "geometry": {"type": "Point", "coordinates": [125.5, 46.5]}, "properties": {"fdd": 2704.2, "max_consec_freeze_days": 157.5, "cold_wave_freq": 6.1, "radiative_freq": 0.0, "years_used": 20}}, {"type": "Feature", "geometry": {"type": "Point", "coordinates": [125.5, 47.5]}, "properties": {"fdd": 2950.9, "max_consec_freeze_days": 166.2, "cold_wave_freq": 7.3, "radiative_freq": 0.0, "years_used": 20}}, {"type": "Feature", "geometry": {"type": "Point", "coordinates": [125.5, 48.5]}, "properties": {"fdd": 3208.0, "max_consec_freeze_days": 170.6, "cold_wave_freq": 8.2, "radiative_freq": 0.0, "years_used": 20}}, {"type": "Feature", "geometry": {"type": "Point", "coordinates": [125.5, 49.5]}, "properties": {"fdd": 3500.0, "max_consec_freeze_days": 179.0, "cold_wave_freq": 10.05, "radiative_freq": 0.0, "years_used": 20}}, {"type": "Feature", "geometry": {"type": "Point", "coordinates": [125.5, 50.5]}, "properties": {"fdd": 3729.4, "max_consec_freeze_days": 188.2, "cold_wave_freq": 10.95, "radiative_freq": 0.0, "years_used": 20}}, {"type": "Feature", "geometry": {"type": "Point", "coordinates": [125.5, 51.5]}, "properties": {"fdd": 3778.2, "max_consec_freeze_days": 194.8, "cold_wave_freq": 9.55, "radiative_freq": 0.0, "years_used": 20}}, {"type": "Feature", "geometry": {"type": "Point", "coordinates": [125.5, 52.5]}, "properties": {"fdd": 4004.0, "max_consec_freeze_days": 194.2, "cold_wave_freq": 12.05, "radiative_freq": 0.0, "years_used": 20}}, {"type": "Feature", "geometry": {"type": "Point", "coordinates": [125.5, 53.5]}, "properties": {"fdd": 4507.0, "max_consec_freeze_days": 198.6, "cold_wave_freq": 18.4, "radiative_freq": 0.0, "years_used": 20}}, {"type": "Feature", "geometry": {"type": "Point", "coordinates": [126.5, 26.5]}, "properties": {"fdd": 0.0, "max_consec_freeze_days": 0.0, "cold_wave_freq": 0.0, "radiative_freq": 0.0, "years_used": 20}}, {"type": "Feature", "geometry": {"type": "Point", "coordinates": [126.5, 33.5]}, "properties": {"fdd": 0.2, "max_consec_freeze_days": 0.2, "cold_wave_freq": 0.05, "radiative_freq": 0.0, "years_used": 20}}, {"type": "Feature", "geometry": {"type": "Point", "coordinates": [126.5, 34.5]}, "properties": {"fdd": 9.7, "max_consec_freeze_days": 3.4, "cold_wave_freq": 0.2, "radiative_freq": 0.0, "years_used": 20}}, {"type": "Feature", "geometry": {"type": "Point", "coordinates": [126.5, 35.5]}, "properties": {"fdd": 14.7, "max_consec_freeze_days": 4.2, "cold_wave_freq": 0.0, "radiative_freq": 0.0, "years_used": 20}}, {"type": "Feature", "geometry": {"type": "Point", "coordinates": [126.5, 36.5]}, "properties": {"fdd": 62.0, "max_consec_freeze_days": 9.2, "cold_wave_freq": 0.15, "radiative_freq": 0.0, "years_used": 20}}, {"type": "Feature", "geometry": {"type": "Point", "coordinates": [126.5, 37.5]}, "properties": {"fdd": 198.3, "max_consec_freeze_days": 19.4, "cold_wave_freq": 1.55, "radiative_freq": 0.0, "years_used": 20}}, {"type": "Feature", "geometry": {"type": "Point", "coordinates": [126.5, 38.5]}, "properties": {"fdd": 1043.7, "max_consec_freeze_days": 87.3, "cold_wave_freq": 7.95, "radiative_freq": 0.0, "years_used": 20}}, {"type": "Feature", "geometry": {"type": "Point", "coordinates": [126.5, 39.5]}, "properties": {"fdd": 1326.1, "max_consec_freeze_days": 96.0, "cold_wave_freq": 11.85, "radiative_freq": 0.0, "years_used": 20}}, {"type": "Feature", "geometry": {"type": "Point", "coordinates": [126.5, 40.5]}, "properties": {"fdd": 1973.2, "max_consec_freeze_days": 126.0, "cold_wave_freq": 14.75, "radiative_freq": 0.0, "years_used": 20}}, {"type": "Feature", "geometry": {"type": "Point", "coordinates": [126.5, 41.5]}, "properties": {"fdd": 2271.0, "max_consec_freeze_days": 140.7, "cold_wave_freq": 14.6, "radiative_freq": 0.0, "years_used": 20}}, {"type": "Feature", "geometry": {"type": "Point", "coordinates": [126.5, 42.5]}, "properties": {"fdd": 2192.9, "max_consec_freeze_days": 136.0, "cold_wave_freq": 13.45, "radiative_freq": 0.0, "years_used": 20}}, {"type": "Feature", "geometry": {"type": "Point", "coordinates": [126.5, 43.5]}, "properties": {"fdd": 2388.1, "max_consec_freeze_days": 140.7, "cold_wave_freq": 11.8, "radiative_freq": 0.0, "years_used": 20}}, {"type": "Feature", "geometry": {"type": "Point", "coordinates": [126.5, 44.5]}, "properties": {"fdd": 2392.2, "max_consec_freeze_days": 141.0, "cold_wave_freq": 10.0, "radiative_freq": 0.0, "years_used": 20}}, {"type": "Feature", "geometry": {"type": "Point", "coordinates": [126.5, 45.5]}, "properties": {"fdd": 2565.8, "max_consec_freeze_days": 147.2, "cold_wave_freq": 9.0, "radiative_freq": 0.0, "years_used": 20}}, {"type": "Feature", "geometry": {"type": "Point", "coordinates": [126.5, 46.5]}, "properties": {"fdd": 2763.6, "max_consec_freeze_days": 157.8, "cold_wave_freq": 6.45, "radiative_freq": 0.0, "years_used": 20}}, {"type": "Feature", "geometry": {"type": "Point", "coordinates": [126.5, 47.5]}, "properties": {"fdd": 3008.9, "max_consec_freeze_days": 165.9, "cold_wave_freq": 8.0, "radiative_freq": 0.0, "years_used": 20}}, {"type": "Feature", "geometry": {"type": "Point", "coordinates": [126.5, 48.5]}, "properties": {"fdd": 3288.1, "max_consec_freeze_days": 173.3, "cold_wave_freq": 9.4, "radiative_freq": 0.0, "years_used": 20}}, {"type": "Feature", "geometry": {"type": "Point", "coordinates": [126.5, 49.5]}, "properties": {"fdd": 3568.8, "max_consec_freeze_days": 182.3, "cold_wave_freq": 10.2, "radiative_freq": 0.0, "years_used": 20}}, {"type": "Feature", "geometry": {"type": "Point", "coordinates": [126.5, 50.5]}, "properties": {"fdd": 3713.8, "max_consec_freeze_days": 186.2, "cold_wave_freq": 10.85, "radiative_freq": 0.0, "years_used": 20}}, {"type": "Feature", "geometry": {"type": "Point", "coordinates": [126.5, 51.5]}, "properties": {"fdd": 3775.4, "max_consec_freeze_days": 190.5, "cold_wave_freq": 11.45, "radiative_freq": 0.0, "years_used": 20}}, {"type": "Feature", "geometry": {"type": "Point", "coordinates": [126.5, 52.5]}, "properties": {"fdd": 4117.1, "max_consec_freeze_days": 192.2, "cold_wave_freq": 15.6, "radiative_freq": 0.0, "years_used": 20}}, {"type": "Feature", "geometry": {"type": "Point", "coordinates": [126.5, 53.5]}, "properties": {"fdd": 4443.1, "max_consec_freeze_days": 196.5, "cold_wave_freq": 17.85, "radiative_freq": 0.0, "years_used": 20}}, {"type": "Feature", "geometry": {"type": "Point", "coordinates": [127.5, 26.5]}, "properties": {"fdd": 0.0, "max_consec_freeze_days": 0.0, "cold_wave_freq": 0.0, "radiative_freq": 0.0, "years_used": 20}}, {"type": "Feature", "geometry": {"type": "Point", "coordinates": [127.5, 27.5]}, "properties": {"fdd": 0.0, "max_consec_freeze_days": 0.0, "cold_wave_freq": 0.0, "radiative_freq": 0.0, "years_used": 20}}, {"type": "Feature", "geometry": {"type": "Point", "coordinates": [127.5, 34.5]}, "properties": {"fdd": 20.7, "max_consec_freeze_days": 4.0, "cold_wave_freq": 1.0, "radiative_freq": 0.0, "years_used": 20}}, {"type": "Feature", "geometry": {"type": "Point", "coordinates": [127.5, 35.5]}, "properties": {"fdd": 656.8, "max_consec_freeze_days": 53.1, "cold_wave_freq": 4.55, "radiative_freq": 0.0, "years_used": 20}}, {"type": "Feature", "geometry": {"type": "Point", "coordinates": [127.5, 36.5]}, "properties": {"fdd": 662.1, "max_consec_freeze_days": 53.0, "cold_wave_freq": 4.9, "radiative_freq": 0.0, "years_used": 20}}, {"type": "Feature", "geometry": {"type": "Point", "coordinates": [127.5, 37.5]}, "properties": {"fdd": 890.4, "max_consec_freeze_days": 63.0, "cold_wave_freq": 9.25, "radiative_freq": 0.0, "years_used": 20}}, {"type": "Feature", "geometry": {"type": "Point", "coordinates": [127.5, 38.5]}, "properties": {"fdd": 1295.1, "max_consec_freeze_days": 94.8, "cold_wave_freq": 12.9, "radiative_freq": 0.0, "years_used": 20}}, {"type": "Feature", "geometry": {"type": "Point", "coordinates": [127.5, 39.5]}, "properties": {"fdd": 529.8, "max_consec_freeze_days": 46.7, "cold_wave_freq": 3.55, "radiative_freq": 0.0, "years_used": 20}}, {"type": "Feature", "geometry": {"type": "Point", "coordinates": [127.5, 40.5]}, "properties": {"fdd": 2424.6, "max_consec_freeze_days": 156.9, "cold_wave_freq": 14.3, "radiative_freq": 0.0, "years_used": 20}}, {"type": "Feature", "geometry": {"type": "Point", "coordinates": [127.5, 41.5]}, "properties": {"fdd": 2404.6, "max_consec_freeze_days": 149.8, "cold_wave_freq": 11.65, "radiative_freq": 0.0, "years_used": 20}}, {"type": "Feature", "geometry": {"type": "Point", "coordinates": [127.5, 42.5]}, "properties": {"fdd": 2298.0, "max_consec_freeze_days": 138.2, "cold_wave_freq": 13.95, "radiative_freq": 0.0, "years_used": 20}}, {"type": "Feature", "geometry": {"type": "Point", "coordinates": [127.5, 43.5]}, "properties": {"fdd": 2418.1, "max_consec_freeze_days": 140.2, "cold_wave_freq": 11.6, "radiative_freq": 0.0, "years_used": 20}}, {"type": "Feature", "geometry": {"type": "Point", "coordinates": [127.5, 44.5]}, "properties": {"fdd": 2430.7, "max_consec_freeze_days": 139.0, "cold_wave_freq": 12.25, "radiative_freq": 0.0, "years_used": 20}}, {"type": "Feature", "geometry": {"type": "Point", "coordinates": [127.5, 45.5]}, "properties": {"fdd": 2694.8, "max_consec_freeze_days": 150.9, "cold_wave_freq": 10.85, "radiative_freq": 0.0, "years_used": 20}}, {"type": "Feature", "geometry": {"type": "Point", "coordinates": [127.5, 46.5]}, "properties": {"fdd": 2896.7, "max_consec_freeze_days": 160.6, "cold_wave_freq": 9.85, "radiative_freq": 0.0, "years_used": 20}}, {"type": "Feature", "geometry": {"type": "Point", "coordinates": [127.5, 47.5]}, "properties": {"fdd": 3154.1, "max_consec_freeze_days": 169.5, "cold_wave_freq": 10.45, "radiative_freq": 0.0, "years_used": 20}}, {"type": "Feature", "geometry": {"type": "Point", "coordinates": [127.5, 48.5]}, "properties": {"fdd": 3450.7, "max_consec_freeze_days": 175.4, "cold_wave_freq": 13.2, "radiative_freq": 0.0, "years_used": 20}}, {"type": "Feature", "geometry": {"type": "Point", "coordinates": [127.5, 49.5]}, "properties": {"fdd": 3430.2, "max_consec_freeze_days": 176.3, "cold_wave_freq": 9.4, "radiative_freq": 0.0, "years_used": 20}}, {"type": "Feature", "geometry": {"type": "Point", "coordinates": [127.5, 50.5]}, "properties": {"fdd": 3548.7, "max_consec_freeze_days": 177.1, "cold_wave_freq": 8.75, "radiative_freq": 0.0, "years_used": 20}}, {"type": "Feature", "geometry": {"type": "Point", "coordinates": [127.5, 51.5]}, "properties": {"fdd": 3872.4, "max_consec_freeze_days": 187.5, "cold_wave_freq": 12.75, "radiative_freq": 0.0, "years_used": 20}}, {"type": "Feature", "geometry": {"type": "Point", "coordinates": [127.5, 52.5]}, "properties": {"fdd": 4249.8, "max_consec_freeze_days": 190.9, "cold_wave_freq": 17.6, "radiative_freq": 0.0, "years_used": 20}}, {"type": "Feature", "geometry": {"type": "Point", "coordinates": [127.5, 53.5]}, "properties": {"fdd": 4447.8, "max_consec_freeze_days": 197.2, "cold_wave_freq": 16.5, "radiative_freq": 0.0, "years_used": 20}}, {"type": "Feature", "geometry": {"type": "Point", "coordinates": [128.5, 26.5]}, "properties": {"fdd": 0.0, "max_consec_freeze_days": 0.0, "cold_wave_freq": 0.0, "radiative_freq": 0.0, "years_used": 20}}, {"type": "Feature", "geometry": {"type": "Point", "coordinates": [128.5, 27.5]}, "properties": {"fdd": 0.0, "max_consec_freeze_days": 0.0, "cold_wave_freq": 0.0, "radiative_freq": 0.0, "years_used": 20}}, {"type": "Feature", "geometry": {"type": "Point", "coordinates": [128.5, 28.5]}, "properties": {"fdd": 0.0, "max_consec_freeze_days": 0.0, "cold_wave_freq": 0.0, "radiative_freq": 0.0, "years_used": 20}}, {"type": "Feature", "geometry": {"type": "Point", "coordinates": [128.5, 31.5]}, "properties": {"fdd": 0.0, "max_consec_freeze_days": 0.0, "cold_wave_freq": 0.0, "radiative_freq": 0.0, "years_used": 20}}, {"type": "Feature", "geometry": {"type": "Point", "coordinates": [128.5, 32.5]}, "properties": {"fdd": 0.0, "max_consec_freeze_days": 0.0, "cold_wave_freq": 0.05, "radiative_freq": 0.0, "years_used": 20}}, {"type": "Feature", "geometry": {"type": "Point", "coordinates": [128.5, 33.5]}, "properties": {"fdd": 0.0, "max_consec_freeze_days": 0.1, "cold_wave_freq": 0.3, "radiative_freq": 0.0, "years_used": 20}}, {"type": "Feature", "geometry": {"type": "Point", "coordinates": [128.5, 34.5]}, "properties": {"fdd": 3.2, "max_consec_freeze_days": 1.7, "cold_wave_freq": 1.75, "radiative_freq": 0.0, "years_used": 20}}, {"type": "Feature", "geometry": {"type": "Point", "coordinates": [128.5, 35.5]}, "properties": {"fdd": 544.8, "max_consec_freeze_days": 37.5, "cold_wave_freq": 6.15, "radiative_freq": 0.0, "years_used": 20}}, {"type": "Feature", "geometry": {"type": "Point", "coordinates": [128.5, 36.5]}, "properties": {"fdd": 741.0, "max_consec_freeze_days": 53.9, "cold_wave_freq": 7.5, "radiative_freq": 0.0, "years_used": 20}}, {"type": "Feature", "geometry": {"type": "Point", "coordinates": [128.5, 37.5]}, "properties": {"fdd": 920.3, "max_consec_freeze_days": 68.2, "cold_wave_freq": 9.65, "radiative_freq": 0.0, "years_used": 20}}, {"type": "Feature", "geometry": {"type": "Point", "coordinates": [128.5, 38.5]}, "properties": {"fdd": 68.2, "max_consec_freeze_days": 6.8, "cold_wave_freq": 2.95, "radiative_freq": 0.0, "years_used": 20}}, {"type": "Feature", "geometry": {"type": "Point", "coordinates": [128.5, 39.5]}, "properties": {"fdd": 57.7, "max_consec_freeze_days": 7.4, "cold_wave_freq": 0.85, "radiative_freq": 0.0, "years_used": 20}}, {"type": "Feature", "geometry": {"type": "Point", "coordinates": [128.5, 40.5]}, "properties": {"fdd": 1035.0, "max_consec_freeze_days": 91.8, "cold_wave_freq": 6.1, "radiative_freq": 0.0, "years_used": 20}}, {"type": "Feature", "geometry": {"type": "Point", "coordinates": [128.5, 41.5]}, "properties": {"fdd": 2831.7, "max_consec_freeze_days": 166.7, "cold_wave_freq": 14.55, "radiative_freq": 0.0, "years_used": 20}}, {"type": "Feature", "geometry": {"type": "Point", "coordinates": [128.5, 42.5]}, "properties": {"fdd": 2313.4, "max_consec_freeze_days": 149.7, "cold_wave_freq": 9.55, "radiative_freq": 0.0, "years_used": 20}}, {"type": "Feature", "geometry": {"type": "Point", "coordinates": [128.5, 43.5]}, "properties": {"fdd": 2522.8, "max_consec_freeze_days": 155.4, "cold_wave_freq": 9.7, "radiative_freq": 0.0, "years_used": 20}}, {"type": "Feature", "geometry": {"type": "Point", "coordinates": [128.5, 44.5]}, "properties": {"fdd": 2726.7, "max_consec_freeze_days": 159.9, "cold_wave_freq": 9.0, "radiative_freq": 0.0, "years_used": 20}}, {"type": "Feature", "geometry": {"type": "Point", "coordinates": [128.5, 45.5]}, "properties": {"fdd": 2688.7, "max_consec_freeze_days": 150.3, "cold_wave_freq": 11.75, "radiative_freq": 0.0, "years_used": 20}}, {"type": "Feature", "geometry": {"type": "Point", "coordinates": [128.5, 46.5]}, "properties": {"fdd": 3031.2, "max_consec_freeze_days": 164.8, "cold_wave_freq": 10.45, "radiative_freq": 0.0, "years_used": 20}}, {"type": "Feature", "geometry": {"type": "Point", "coordinates": [128.5, 47.5]}, "properties": {"fdd": 3265.0, "max_consec_freeze_days": 170.7, "cold_wave_freq": 12.1, "radiative_freq": 0.0, "years_used": 20}}, {"type": "Feature", "geometry": {"type": "Point", "coordinates": [128.5, 48.5]}, "properties": {"fdd": 3441.1, "max_consec_freeze_days": 175.5, "cold_wave_freq": 12.35, "radiative_freq": 0.0, "years_used": 20}}, {"type": "Feature", "geometry": {"type": "Point", "coordinates": [128.5, 49.5]}, "properties": {"fdd": 3459.4, "max_consec_freeze_days": 168.7, "cold_wave_freq": 13.25, "radiative_freq": 0.0, "years_used": 20}}, {"type": "Feature", "geometry": {"type": "Point", "coordinates": [128.5, 50.5]}, "properties": {"fdd": 3777.8, "max_consec_freeze_days": 178.8, "cold_wave_freq": 16.75, "radiative_freq": 0.0, "years_used": 20}}, {"type": "Feature", "geometry": {"type": "Point", "coordinates": [128.5, 51.5]}, "properties": {"fdd": 3979.5, "max_consec_freeze_days": 182.3, "cold_wave_freq": 18.05, "radiative_freq": 0.0, "years_used": 20}}, {"type": "Feature", "geometry": {"type": "Point", "coordinates": [128.5, 52.5]}, "properties": {"fdd": 4269.7, "max_consec_freeze_days": 191.3, "cold_wave_freq": 19.25, "radiative_freq": 0.0, "years_used": 20}}, {"type": "Feature", "geometry": {"type": "Point", "coordinates": [128.5, 53.5]}, "properties": {"fdd": 4469.1, "max_consec_freeze_days": 198.3, "cold_wave_freq": 16.05, "radiative_freq": 0.0, "years_used": 20}}, {"type": "Feature", "geometry": {"type": "Point", "coordinates": [129.5, 27.5]}, "properties": {"fdd": 0.0, "max_consec_freeze_days": 0.0, "cold_wave_freq": 0.0, "radiative_freq": 0.0, "years_used": 20}}, {"type": "Feature", "geometry": {"type": "Point", "coordinates": [129.5, 28.5]}, "properties": {"fdd": 0.0, "max_consec_freeze_days": 0.0, "cold_wave_freq": 0.0, "radiative_freq": 0.0, "years_used": 20}}, {"type": "Feature", "geometry": {"type": "Point", "coordinates": [129.5, 29.5]}, "properties": {"fdd": 0.0, "max_consec_freeze_days": 0.0, "cold_wave_freq": 0.0, "radiative_freq": 0.0, "years_used": 20}}, {"type": "Feature", "geometry": {"type": "Point", "coordinates": [129.5, 30.5]}, "properties": {"fdd": 0.0, "max_consec_freeze_days": 0.0, "cold_wave_freq": 0.0, "radiative_freq": 0.0, "years_used": 20}}, {"type": "Feature", "geometry": {"type": "Point", "coordinates": [129.5, 31.5]}, "properties": {"fdd": 0.0, "max_consec_freeze_days": 0.0, "cold_wave_freq": 0.0, "radiative_freq": 0.0, "years_used": 20}}, {"type": "Feature", "geometry": {"type": "Point", "coordinates": [129.5, 32.5]}, "properties": {"fdd": 0.0, "max_consec_freeze_days": 0.0, "cold_wave_freq": 0.0, "radiative_freq": 0.0, "years_used": 20}}, {"type": "Feature", "geometry": {"type": "Point", "coordinates": [129.5, 33.5]}, "properties": {"fdd": 0.1, "max_consec_freeze_days": 0.2, "cold_wave_freq": 0.35, "radiative_freq": 0.0, "years_used": 20}}, {"type": "Feature", "geometry": {"type": "Point", "coordinates": [129.5, 34.5]}, "properties": {"fdd": 3.7, "max_consec_freeze_days": 1.7, "cold_wave_freq": 1.7, "radiative_freq": 0.0, "years_used": 20}}, {"type": "Feature", "geometry": {"type": "Point", "coordinates": [129.5, 35.5]}, "properties": {"fdd": 97.0, "max_consec_freeze_days": 9.1, "cold_wave_freq": 4.6, "radiative_freq": 0.0, "years_used": 20}}, {"type": "Feature", "geometry": {"type": "Point", "coordinates": [129.5, 36.5]}, "properties": {"fdd": 178.4, "max_consec_freeze_days": 13.1, "cold_wave_freq": 4.7, "radiative_freq": 0.0, "years_used": 20}}, {"type": "Feature", "geometry": {"type": "Point", "coordinates": [129.5, 37.5]}, "properties": {"fdd": 100.5, "max_consec_freeze_days": 8.8, "cold_wave_freq": 4.0, "radiative_freq": 0.0, "years_used": 20}}, {"type": "Feature", "geometry": {"type": "Point", "coordinates": [129.5, 40.5]}, "properties": {"fdd": 303.7, "max_consec_freeze_days": 28.2, "cold_wave_freq": 2.05, "radiative_freq": 0.0, "years_used": 20}}, {"type": "Feature", "geometry": {"type": "Point", "coordinates": [129.5, 41.5]}, "properties": {"fdd": 1828.6, "max_consec_freeze_days": 136.8, "cold_wave_freq": 7.6, "radiative_freq": 0.0, "years_used": 20}}, {"type": "Feature", "geometry": {"type": "Point", "coordinates": [129.5, 42.5]}, "properties": {"fdd": 2117.4, "max_consec_freeze_days": 147.5, "cold_wave_freq": 6.1, "radiative_freq": 0.0, "years_used": 20}}, {"type": "Feature", "geometry": {"type": "Point", "coordinates": [129.5, 43.5]}, "properties": {"fdd": 2490.5, "max_consec_freeze_days": 155.6, "cold_wave_freq": 8.7, "radiative_freq": 0.0, "years_used": 20}}, {"type": "Feature", "geometry": {"type": "Point", "coordinates": [129.5, 44.5]}, "properties": {"fdd": 2623.2, "max_consec_freeze_days": 156.2, "cold_wave_freq": 8.95, "radiative_freq": 0.0, "years_used": 20}}, {"type": "Feature", "geometry": {"type": "Point", "coordinates": [129.5, 45.5]}, "properties": {"fdd": 2767.3, "max_consec_freeze_days": 154.4, "cold_wave_freq": 9.7, "radiative_freq": 0.0, "years_used": 20}}, {"type": "Feature", "geometry": {"type": "Point", "coordinates": [129.5, 46.5]}, "properties": {"fdd": 2927.7, "max_consec_freeze_days": 159.2, "cold_wave_freq": 8.6, "radiative_freq": 0.0, "years_used": 20}}, {"type": "Feature", "geometry": {"type": "Point", "coordinates": [129.5, 47.5]}, "properties": {"fdd": 3169.4, "max_consec_freeze_days": 170.3, "cold_wave_freq": 9.35, "radiative_freq": 0.0, "years_used": 20}}, {"type": "Feature", "geometry": {"type": "Point", "coordinates": [129.5, 48.5]}, "properties": {"fdd": 3368.3, "max_consec_freeze_days": 175.9, "cold_wave_freq": 11.6, "radiative_freq": 0.0, "years_used": 20}}, {"type": "Feature", "geometry": {"type": "Point", "coordinates": [129.5, 49.5]}, "properties": {"fdd": 3533.8, "max_consec_freeze_days": 172.3, "cold_wave_freq": 15.25, "radiative_freq": 0.0, "years_used": 20}}, {"type": "Feature", "geometry": {"type": "Point", "coordinates": [129.5, 50.5]}, "properties": {"fdd": 3832.9, "max_consec_freeze_days": 178.7, "cold_wave_freq": 17.5, "radiative_freq": 0.0, "years_used": 20}}, {"type": "Feature", "geometry": {"type": "Point", "coordinates": [129.5, 51.5]}, "properties": {"fdd": 4008.6, "max_consec_freeze_days": 180.6, "cold_wave_freq": 19.4, "radiative_freq": 0.0, "years_used": 20}}, {"type": "Feature", "geometry": {"type": "Point", "coordinates": [129.5, 52.5]}, "properties": {"fdd": 4262.0, "max_consec_freeze_days": 191.2, "cold_wave_freq": 20.25, "radiative_freq": 0.0, "years_used": 20}}, {"type": "Feature", "geometry": {"type": "Point", "coordinates": [129.5, 53.5]}, "properties": {"fdd": 4514.0, "max_consec_freeze_days": 197.3, "cold_wave_freq": 17.55, "radiative_freq": 0.0, "years_used": 20}}, {"type": "Feature", "geometry": {"type": "Point", "coordinates": [130.5, 28.5]}, "properties": {"fdd": 0.0, "max_consec_freeze_days": 0.0, "cold_wave_freq": 0.0, "radiative_freq": 0.0, "years_used": 20}}, {"type": "Feature", "geometry": {"type": "Point", "coordinates": [130.5, 30.5]}, "properties": {"fdd": 0.0, "max_consec_freeze_days": 0.0, "cold_wave_freq": 0.0, "radiative_freq": 0.0, "years_used": 20}}, {"type": "Feature", "geometry": {"type": "Point", "coordinates": [130.5, 31.5]}, "properties": {"fdd": 0.6, "max_consec_freeze_days": 0.6, "cold_wave_freq": 1.1, "radiative_freq": 0.0, "years_used": 20}}, {"type": "Feature", "geometry": {"type": "Point", "coordinates": [130.5, 32.5]}, "properties": {"fdd": 26.9, "max_consec_freeze_days": 5.1, "cold_wave_freq": 1.6, "radiative_freq": 0.0, "years_used": 20}}, {"type": "Feature", "geometry": {"type": "Point", "coordinates": [130.5, 33.5]}, "properties": {"fdd": 55.0, "max_consec_freeze_days": 8.2, "cold_wave_freq": 1.1, "radiative_freq": 0.0, "years_used": 20}}, {"type": "Feature", "geometry": {"type": "Point", "coordinates": [130.5, 34.5]}, "properties": {"fdd": 0.5, "max_consec_freeze_days": 0.5, "cold_wave_freq": 0.6, "radiative_freq": 0.0, "years_used": 20}}, {"type": "Feature", "geometry": {"type": "Point", "coordinates": [130.5, 37.5]}, "properties": {"fdd": 5.0, "max_consec_freeze_days": 1.8, "cold_wave_freq": 1.15, "radiative_freq": 0.0, "years_used": 20}}, {"type": "Feature", "geometry": {"type": "Point", "coordinates": [130.5, 41.5]}, "properties": {"fdd": 275.6, "max_consec_freeze_days": 23.4, "cold_wave_freq": 2.25, "radiative_freq": 0.0, "years_used": 20}}, {"type": "Feature", "geometry": {"type": "Point", "coordinates": [130.5, 42.5]}, "properties": {"fdd": 1368.0, "max_consec_freeze_days": 117.7, "cold_wave_freq": 3.3, "radiative_freq": 0.0, "years_used": 20}}, {"type": "Feature", "geometry": {"type": "Point", "coordinates": [130.5, 43.5]}, "properties": {"fdd": 2637.3, "max_consec_freeze_days": 158.3, "cold_wave_freq": 10.95, "radiative_freq": 0.0, "years_used": 20}}, {"type": "Feature", "geometry": {"type": "Point", "coordinates": [130.5, 44.5]}, "properties": {"fdd": 2635.0, "max_consec_freeze_days": 157.8, "cold_wave_freq": 8.8, "radiative_freq": 0.0, "years_used": 20}}, {"type": "Feature", "geometry": {"type": "Point", "coordinates": [130.5, 45.5]}, "properties": {"fdd": 2743.2, "max_consec_freeze_days": 156.3, "cold_wave_freq": 9.25, "radiative_freq": 0.0, "years_used": 20}}, {"type": "Feature", "geometry": {"type": "Point", "coordinates": [130.5, 46.5]}, "properties": {"fdd": 2845.0, "max_consec_freeze_days": 155.7, "cold_wave_freq": 9.9, "radiative_freq": 0.0, "years_used": 20}}, {"type": "Feature", "geometry": {"type": "Point", "coordinates": [130.5, 47.5]}, "properties": {"fdd": 3056.0, "max_consec_freeze_days": 164.9, "cold_wave_freq": 8.35, "radiative_freq": 0.0, "years_used": 20}}, {"type": "Feature", "geometry": {"type": "Point", "coordinates": [130.5, 48.5]}, "properties": {"fdd": 3360.9, "max_consec_freeze_days": 173.8, "cold_wave_freq": 10.4, "radiative_freq": 0.0, "years_used": 20}}, {"type": "Feature", "geometry": {"type": "Point", "coordinates": [130.5, 49.5]}, "properties": {"fdd": 3737.9, "max_consec_freeze_days": 176.9, "cold_wave_freq": 18.7, "radiative_freq": 0.0, "years_used": 20}}, {"type": "Feature", "geometry": {"type": "Point", "coordinates": [131.5, 25.5]}, "properties": {"fdd": 0.0, "max_consec_freeze_days": 0.0, "cold_wave_freq": 0.0, "radiative_freq": 0.0, "years_used": 20}}, {"type": "Feature", "geometry": {"type": "Point", "coordinates": [131.5, 30.5]}, "properties": {"fdd": 0.0, "max_consec_freeze_days": 0.0, "cold_wave_freq": 0.0, "radiative_freq": 0.0, "years_used": 20}}, {"type": "Feature", "geometry": {"type": "Point", "coordinates": [131.5, 31.5]}, "properties": {"fdd": 1.9, "max_consec_freeze_days": 1.8, "cold_wave_freq": 2.2, "radiative_freq": 0.0, "years_used": 20}}, {"type": "Feature", "geometry": {"type": "Point", "coordinates": [131.5, 32.5]}, "properties": {"fdd": 275.1, "max_consec_freeze_days": 23.1, "cold_wave_freq": 5.35, "radiative_freq": 0.0, "years_used": 20}}, {"type": "Feature", "geometry": {"type": "Point", "coordinates": [131.5, 33.5]}, "properties": {"fdd": 13.5, "max_consec_freeze_days": 3.7, "cold_wave_freq": 0.8, "radiative_freq": 0.0, "years_used": 20}}, {"type": "Feature", "geometry": {"type": "Point", "coordinates": [131.5, 34.5]}, "properties": {"fdd": 0.9, "max_consec_freeze_days": 0.7, "cold_wave_freq": 0.15, "radiative_freq": 0.0, "years_used": 20}}, {"type": "Feature", "geometry": {"type": "Point", "coordinates": [131.5, 37.5]}, "properties": {"fdd": 2.8, "max_consec_freeze_days": 1.4, "cold_wave_freq": 0.8, "radiative_freq": 0.0, "years_used": 20}}, {"type": "Feature", "geometry": {"type": "Point", "coordinates": [131.5, 42.5]}, "properties": {"fdd": 817.4, "max_consec_freeze_days": 87.5, "cold_wave_freq": 1.35, "radiative_freq": 0.0, "years_used": 20}}, {"type": "Feature", "geometry": {"type": "Point", "coordinates": [131.5, 43.5]}, "properties": {"fdd": 2253.5, "max_consec_freeze_days": 145.7, "cold_wave_freq": 6.75, "radiative_freq": 0.0, "years_used": 20}}, {"type": "Feature", "geometry": {"type": "Point", "coordinates": [131.5, 44.5]}, "properties": {"fdd": 2503.3, "max_consec_freeze_days": 156.3, "cold_wave_freq": 7.15, "radiative_freq": 0.0, "years_used": 20}}, {"type": "Feature", "geometry": {"type": "Point", "coordinates": [131.5, 45.5]}, "properties": {"fdd": 2664.7, "max_consec_freeze_days": 155.7, "cold_wave_freq": 7.85, "radiative_freq": 0.0, "years_used": 20}}, {"type": "Feature", "geometry": {"type": "Point", "coordinates": [131.5, 46.5]}, "properties": {"fdd": 2805.7, "max_consec_freeze_days": 155.3, "cold_wave_freq": 9.45, "radiative_freq": 0.0, "years_used": 20}}, {"type": "Feature", "geometry": {"type": "Point", "coordinates": [131.5, 47.5]}, "properties": {"fdd": 3068.2, "max_consec_freeze_days": 160.0, "cold_wave_freq": 10.45, "radiative_freq": 0.0, "years_used": 20}}, {"type": "Feature", "geometry": {"type": "Point", "coordinates": [131.5, 48.5]}, "properties": {"fdd": 3401.9, "max_consec_freeze_days": 175.8, "cold_wave_freq": 9.55, "radiative_freq": 0.0, "years_used": 20}}, {"type": "Feature", "geometry": {"type": "Point", "coordinates": [131.5, 49.5]}, "properties": {"fdd": 3776.2, "max_consec_freeze_days": 178.1, "cold_wave_freq": 17.4, "radiative_freq": 0.0, "years_used": 20}}, {"type": "Feature", "geometry": {"type": "Point", "coordinates": [132.5, 32.5]}, "properties": {"fdd": 0.0, "max_consec_freeze_days": 0.0, "cold_wave_freq": 0.05, "radiative_freq": 0.0, "years_used": 20}}, {"type": "Feature", "geometry": {"type": "Point", "coordinates": [132.5, 33.5]}, "properties": {"fdd": 2.1, "max_consec_freeze_days": 1.6, "cold_wave_freq": 0.15, "radiative_freq": 0.0, "years_used": 20}}, {"type": "Feature", "geometry": {"type": "Point", "coordinates": [132.5, 34.5]}, "properties": {"fdd": 151.1, "max_consec_freeze_days": 18.4, "cold_wave_freq": 1.4, "radiative_freq": 0.0, "years_used": 20}}, {"type": "Feature", "geometry": {"type": "Point", "coordinates": [132.5, 35.5]}, "properties": {"fdd": 0.2, "max_consec_freeze_days": 0.3, "cold_wave_freq": 0.05, "radiative_freq": 0.0, "years_used": 20}}, {"type": "Feature", "geometry": {"type": "Point", "coordinates": [132.5, 36.5]}, "properties": {"fdd": 0.4, "max_consec_freeze_days": 0.3, "cold_wave_freq": 0.25, "radiative_freq": 0.0, "years_used": 20}}, {"type": "Feature", "geometry": {"type": "Point", "coordinates": [132.5, 42.5]}, "properties": {"fdd": 619.2, "max_consec_freeze_days": 57.9, "cold_wave_freq": 1.95, "radiative_freq": 0.0, "years_used": 20}}, {"type": "Feature", "geometry": {"type": "Point", "coordinates": [132.5, 43.5]}, "properties": {"fdd": 2303.1, "max_consec_freeze_days": 141.0, "cold_wave_freq": 10.15, "radiative_freq": 0.0, "years_used": 20}}, {"type": "Feature", "geometry": {"type": "Point", "coordinates": [132.5, 44.5]}, "properties": {"fdd": 2377.7, "max_consec_freeze_days": 136.8, "cold_wave_freq": 9.05, "radiative_freq": 0.0, "years_used": 20}}, {"type": "Feature", "geometry": {"type": "Point", "coordinates": [132.5, 45.5]}, "properties": {"fdd": 2640.7, "max_consec_freeze_days": 144.8, "cold_wave_freq": 9.85, "radiative_freq": 0.0, "years_used": 20}}, {"type": "Feature", "geometry": {"type": "Point", "coordinates": [132.5, 46.5]}, "properties": {"fdd": 2806.2, "max_consec_freeze_days": 153.2, "cold_wave_freq": 9.6, "radiative_freq": 0.0, "years_used": 20}}, {"type": "Feature", "geometry": {"type": "Point", "coordinates": [132.5, 47.5]}, "properties": {"fdd": 3038.4, "max_consec_freeze_days": 159.0, "cold_wave_freq": 10.1, "radiative_freq": 0.0, "years_used": 20}}, {"type": "Feature", "geometry": {"type": "Point", "coordinates": [132.5, 48.5]}, "properties": {"fdd": 3338.0, "max_consec_freeze_days": 172.2, "cold_wave_freq": 11.5, "radiative_freq": 0.0, "years_used": 20}}, {"type": "Feature", "geometry": {"type": "Point", "coordinates": [132.5, 49.5]}, "properties": {"fdd": 3761.3, "max_consec_freeze_days": 186.8, "cold_wave_freq": 11.0, "radiative_freq": 0.0, "years_used": 20}}, {"type": "Feature", "geometry": {"type": "Point", "coordinates": [133.5, 32.5]}, "properties": {"fdd": 0.0, "max_consec_freeze_days": 0.0, "cold_wave_freq": 0.05, "radiative_freq": 0.0, "years_used": 20}}, {"type": "Feature", "geometry": {"type": "Point", "coordinates": [133.5, 33.5]}, "properties": {"fdd": 4.4, "max_consec_freeze_days": 2.2, "cold_wave_freq": 1.0, "radiative_freq": 0.0, "years_used": 20}}, {"type": "Feature", "geometry": {"type": "Point", "coordinates": [133.5, 34.5]}, "properties": {"fdd": 16.4, "max_consec_freeze_days": 4.9, "cold_wave_freq": 0.25, "radiative_freq": 0.0, "years_used": 20}}, {"type": "Feature", "geometry": {"type": "Point", "coordinates": [133.5, 35.5]}, "properties": {"fdd": 7.3, "max_consec_freeze_days": 2.8, "cold_wave_freq": 0.15, "radiative_freq": 0.0, "years_used": 20}}, {"type": "Feature", "geometry": {"type": "Point", "coordinates": [133.5, 36.5]}, "properties": {"fdd": 0.1, "max_consec_freeze_days": 0.3, "cold_wave_freq": 0.15, "radiative_freq": 0.0, "years_used": 20}}, {"type": "Feature", "geometry": {"type": "Point", "coordinates": [133.5, 42.5]}, "properties": {"fdd": 576.9, "max_consec_freeze_days": 50.4, "cold_wave_freq": 3.0, "radiative_freq": 0.0, "years_used": 20}}, {"type": "Feature", "geometry": {"type": "Point", "coordinates": [133.5, 43.5]}, "properties": {"fdd": 2630.4, "max_consec_freeze_days": 156.8, "cold_wave_freq": 11.05, "radiative_freq": 0.0, "years_used": 20}}, {"type": "Feature", "geometry": {"type": "Point", "coordinates": [133.5, 44.5]}, "properties": {"fdd": 2625.4, "max_consec_freeze_days": 155.2, "cold_wave_freq": 11.75, "radiative_freq": 0.0, "years_used": 20}}, {"type": "Feature", "geometry": {"type": "Point", "coordinates": [133.5, 45.5]}, "properties": {"fdd": 2764.2, "max_consec_freeze_days": 151.9, "cold_wave_freq": 13.75, "radiative_freq": 0.0, "years_used": 20}}, {"type": "Feature", "geometry": {"type": "Point", "coordinates": [133.5, 46.5]}, "properties": {"fdd": 3007.8, "max_consec_freeze_days": 161.5, "cold_wave_freq": 11.3, "radiative_freq": 0.0, "years_used": 20}}, {"type": "Feature", "geometry": {"type": "Point", "coordinates": [133.5, 47.5]}, "properties": {"fdd": 3092.1, "max_consec_freeze_days": 159.8, "cold_wave_freq": 13.15, "radiative_freq": 0.0, "years_used": 20}}, {"type": "Feature", "geometry": {"type": "Point", "coordinates": [133.5, 48.5]}, "properties": {"fdd": 3261.7, "max_consec_freeze_days": 168.6, "cold_wave_freq": 13.0, "radiative_freq": 0.0, "years_used": 20}}, {"type": "Feature", "geometry": {"type": "Point", "coordinates": [133.5, 49.5]}, "properties": {"fdd": 3529.2, "max_consec_freeze_days": 182.7, "cold_wave_freq": 9.45, "radiative_freq": 0.0, "years_used": 20}}, {"type": "Feature", "geometry": {"type": "Point", "coordinates": [134.5, 33.5]}, "properties": {"fdd": 0.1, "max_consec_freeze_days": 0.3, "cold_wave_freq": 0.5, "radiative_freq": 0.0, "years_used": 20}}, {"type": "Feature", "geometry": {"type": "Point", "coordinates": [134.5, 34.5]}, "properties": {"fdd": 1.5, "max_consec_freeze_days": 1.3, "cold_wave_freq": 0.1, "radiative_freq": 0.0, "years_used": 20}}, {"type": "Feature", "geometry": {"type": "Point", "coordinates": [134.5, 35.5]}, "properties": {"fdd": 11.2, "max_consec_freeze_days": 3.5, "cold_wave_freq": 0.05, "radiative_freq": 0.0, "years_used": 20}}, {"type": "Feature", "geometry": {"type": "Point", "coordinates": [134.5, 42.5]}, "properties": {"fdd": 479.1, "max_consec_freeze_days": 42.5, "cold_wave_freq": 2.4, "radiative_freq": 0.0, "years_used": 20}}, {"type": "Feature", "geometry": {"type": "Point", "coordinates": [134.5, 43.5]}, "properties": {"fdd": 2378.8, "max_consec_freeze_days": 149.1, "cold_wave_freq": 8.9, "radiative_freq": 0.0, "years_used": 20}}, {"type": "Feature", "geometry": {"type": "Point", "coordinates": [134.5, 44.5]}, "properties": {"fdd": 2770.3, "max_consec_freeze_days": 165.2, "cold_wave_freq": 10.7, "radiative_freq": 0.0, "years_used": 20}}, {"type": "Feature", "geometry": {"type": "Point", "coordinates": [134.5, 45.5]}, "properties": {"fdd": 2819.0, "max_consec_freeze_days": 158.1, "cold_wave_freq": 12.75, "radiative_freq": 0.0, "years_used": 20}}, {"type": "Feature", "geometry": {"type": "Point", "coordinates": [134.5, 46.5]}, "properties": {"fdd": 3009.7, "max_consec_freeze_days": 160.3, "cold_wave_freq": 13.45, "radiative_freq": 0.0, "years_used": 20}}, {"type": "Feature", "geometry": {"type": "Point", "coordinates": [134.5, 47.5]}, "properties": {"fdd": 3071.8, "max_consec_freeze_days": 160.0, "cold_wave_freq": 12.55, "radiative_freq": 0.0, "years_used": 20}}, {"type": "Feature", "geometry": {"type": "Point", "coordinates": [134.5, 48.5]}, "properties": {"fdd": 3219.7, "max_consec_freeze_days": 163.9, "cold_wave_freq": 12.65, "radiative_freq": 0.0, "years_used": 20}}, {"type": "Feature", "geometry": {"type": "Point", "coordinates": [134.5, 49.5]}, "properties": {"fdd": 3435.5, "max_consec_freeze_days": 182.7, "cold_wave_freq": 9.25, "radiative_freq": 0.0, "years_used": 20}}]}