{"type": "FeatureCollection", "features": [{"type": "Feature", "geometry": {"type": "Point", "coordinates": [73.0, 18.0]}, "properties": {"no_data": true}}, {"type": "Feature", "geometry": {"type": "Point", "coordinates": [74.0, 18.0]}, "properties": {"risk": 0.33, "years_used": 5, "gumbel_mu": 54.121, "gumbel_beta": 15.341}}, {"type": "Feature", "geometry": {"type": "Point", "coordinates": [75.0, 18.0]}, "properties": {"risk": 0.0, "years_used": 5, "gumbel_mu": 38.684, "gumbel_beta": 12.042}}, {"type": "Feature", "geometry": {"type": "Point", "coordinates": [76.0, 18.0]}, "properties": {"risk": 0.33, "years_used": 5, "gumbel_mu": 41.341, "gumbel_beta": 6.611}}, {"type": "Feature", "geometry": {"type": "Point", "coordinates": [77.0, 18.0]}, "properties": {"risk": 0.33, "years_used": 5, "gumbel_mu": 43.463, "gumbel_beta": 7.525}}, {"type": "Feature", "geometry": {"type": "Point", "coordinates": [78.0, 18.0]}, "properties": {"risk": 0.33, "years_used": 5, "gumbel_mu": 41.312, "gumbel_beta": 15.911}}, {"type": "Feature", "geometry": {"type": "Point", "coordinates": [79.0, 18.0]}, "properties": {"risk": 0.33, "years_used": 5, "gumbel_mu": 40.465, "gumbel_beta": 6.981}}, {"type": "Feature", "geometry": {"type": "Point", "coordinates": [80.0, 18.0]}, "properties": {"risk": 0.33, "years_used": 5, "gumbel_mu": 55.252, "gumbel_beta": 7.479}}, {"type": "Feature", "geometry": {"type": "Point", "coordinates": [81.0, 18.0]}, "properties": {"risk": 0.33, "years_used": 5, "gumbel_mu": 62.863, "gumbel_beta": 5.061}}, {"type": "Feature", "geometry": {"type": "Point", "coordinates": [82.0, 18.0]}, "properties": {"risk": 0.33, "years_used": 5, "gumbel_mu": 54.349, "gumbel_beta": 17.214}}, {"type": "Feature", "geometry": {"type": "Point", "coordinates": [83.0, 18.0]}, "properties": {"risk": 0.33, "years_used": 5, "gumbel_mu": 54.551, "gumbel_beta": 16.109}}, {"type": "Feature", "geometry": {"type": "Point", "coordinates": [84.0, 18.0]}, "properties": {"no_data": true}}, {"type": "Feature", "geometry": {"type": "Point", "coordinates": [85.0, 18.0]}, "properties": {"no_data": true}}, {"type": "Feature", "geometry": {"type": "Point", "coordinates": [86.0, 18.0]}, "properties": {"no_data": true}}, {"type": "Feature", "geometry": {"type": "Point", "coordinates": [87.0, 18.0]}, "properties": {"no_data": true}}, {"type": "Feature", "geometry": {"type": "Point", "coordinates": [88.0, 18.0]}, "properties": {"no_data": true}}, {"type": "Feature", "geometry": {"type": "Point", "coordinates": [89.0, 18.0]}, "properties": {"no_data": true}}, {"type": "Feature", "geometry": {"type": "Point", "coordinates": [90.0, 18.0]}, "properties": {"no_data": true}}, {"type": "Feature", "geometry": {"type": "Point", "coordinates": [91.0, 18.0]}, "properties": {"no_data": true}}, {"type": "Feature", "geometry": {"type": "Point", "coordinates": [92.0, 18.0]}, "properties": {"no_data": true}}, {"type": "Feature", "geometry": {"type": "Point", "coordinates": [93.0, 18.0]}, "properties": {"no_data": true}}, {"type": "Feature", "geometry": {"type": "Point", "coordinates": [94.0, 18.0]}, "properties": {"no_data": true}}, {"type": "Feature", "geometry": {"type": "Point", "coordinates": [95.0, 18.0]}, "properties": {"risk": 0.33, "years_used": 5, "gumbel_mu": 66.674, "gumbel_beta": 8.234}}, {"type": "Feature", "geometry": {"type": "Point", "coordinates": [96.0, 18.0]}, "properties": {"risk": 0.33, "years_used": 5, "gumbel_mu": 90.664, "gumbel_beta": 27.465}}, {"type": "Feature", "geometry": {"type": "Point", "coordinates": [97.0, 18.0]}, "properties": {"risk": 0.66, "years_used": 5, "gumbel_mu": 121.691, "gumbel_beta": 11.999}}, {"type": "Feature", "geometry": {"type": "Point", "coordinates": [98.0, 18.0]}, "properties": {"risk": 0.0, "years_used": 5, "gumbel_mu": 49.581, "gumbel_beta": 28.76}}, {"type": "Feature", "geometry": {"type": "Point", "coordinates": [99.0, 18.0]}, "properties": {"risk": 0.0, "years_used": 5, "gumbel_mu": 51.929, "gumbel_beta": 12.57}}, {"type": "Feature", "geometry": {"type": "Point", "coordinates": [100.0, 18.0]}, "properties": {"risk": 0.33, "years_used": 5, "gumbel_mu": 53.488, "gumbel_beta": 15.124}}, {"type": "Feature", "geometry": {"type": "Point", "coordinates": [101.0, 18.0]}, "properties": {"risk": 0.33, "years_used": 5, "gumbel_mu": 50.145, "gumbel_beta": 3.917}}, {"type": "Feature", "geometry": {"type": "Point", "coordinates": [102.0, 18.0]}, "properties": {"risk": 0.33, "years_used": 5, "gumbel_mu": 66.653, "gumbel_beta": 10.863}}, {"type": "Feature", "geometry": {"type": "Point", "coordinates": [103.0, 18.0]}, "properties": {"risk": 0.33, "years_used": 5, "gumbel_mu": 62.391, "gumbel_beta": 15.512}}, {"type": "Feature", "geometry": {"type": "Point", "coordinates": [104.0, 18.0]}, "properties": {"risk": 0.33, "years_used": 5, "gumbel_mu": 70.745, "gumbel_beta": 11.84}}, {"type": "Feature", "geometry": {"type": "Point", "coordinates": [105.0, 18.0]}, "properties": {"risk": 0.66, "years_used": 5, "gumbel_mu": 105.919, "gumbel_beta": 8.178}}, {"type": "Feature", "geometry": {"type": "Point", "coordinates": [106.0, 18.0]}, "properties": {"risk": 1.0, "years_used": 5, "gumbel_mu": 166.792, "gumbel_beta": 44.549}}, {"type": "Feature", "geometry": {"type": "Point", "coordinates": [107.0, 18.0]}, "properties": {"no_data": true}}, {"type": "Feature", "geometry": {"type": "Point", "coordinates": [108.0, 18.0]}, "properties": {"no_data": true}}, {"type": "Feature", "geometry": {"type": "Point", "coordinates": [109.0, 18.0]}, "properties": {"no_data": true}}, {"type": "Feature", "geometry": {"type": "Point", "coordinates": [110.0, 18.0]}, "properties": {"no_data": true}}, {"type": "Feature", "geometry": {"type": "Point", "coordinates": [111.0, 18.0]}, "properties": {"no_data": true}}, {"type": "Feature", "geometry": {"type": "Point", "coordinates": [112.0, 18.0]}, "properties": {"no_data": true}}, {"type": "Feature", "geometry": {"type": "Point", "coordinates": [113.0, 18.0]}, "properties": {"no_data": true}}, {"type": "Feature", "geometry": {"type": "Point", "coordinates": [114.0, 18.0]}, "properties": {"no_data": true}}, {"type": "Feature", "geometry": {"type": "Point", "coordinates": [115.0, 18.0]}, "properties": {"no_data": true}}, {"type": "Feature", "geometry": {"type": "Point", "coordinates": [116.0, 18.0]}, "properties": {"no_data": true}}, {"type": "Feature", "geometry": {"type": "Point", "coordinates": [117.0, 18.0]}, "properties": {"no_data": true}}, {"type": "Feature", "geometry": {"type": "Point", "coordinates": [118.0, 18.0]}, "properties": {"no_data": true}}, {"type": "Feature", "geometry": {"type": "Point", "coordinates": [119.0, 18.0]}, "properties": {"no_data": true}}, {"type": "Feature", "geometry": {"type": "Point", "coordinates": [120.0, 18.0]}, "properties": {"no_data": true}}, {"type": "Feature", "geometry": {"type": "Point", "coordinates": [121.0, 18.0]}, "properties": {"risk": 0.66, "years_used": 5, "gumbel_mu": 121.648, "gumbel_beta": 48.175}}, {"type": "Feature", "geometry": {"type": "Point", "coordinates": [122.0, 18.0]}, "properties": {"risk": 0.66, "years_used": 5, "gumbel_mu": 165.758, "gumbel_beta": 12.733}}, {"type": "Feature", "geometry": {"type": "Point", "coordinates": [123.0, 18.0]}, "properties": {"no_data": true}}, {"type": "Feature", "geometry": {"type": "Point", "coordinates": [124.0, 18.0]}, "properties": {"no_data": true}}, {"type": "Feature", "geometry": {"type": "Point", "coordinates": [125.0, 18.0]}, "properties": {"no_data": true}}, {"type": "Feature", "geometry": {"type": "Point", "coordinates": [126.0, 18.0]}, "properties": {"no_data": true}}, {"type": "Feature", "geometry": {"type": "Point", "coordinates": [127.0, 18.0]}, "properties": {"no_data": true}}, {"type": "Feature", "geometry": {"type": "Point", "coordinates": [128.0, 18.0]}, "properties": {"no_data": true}}, {"type": "Feature", "geometry": {"type": "Point", "coordinates": [129.0, 18.0]}, "properties": {"no_data": true}}, {"type": "Feature", "geometry": {"type": "Point", "coordinates": [130.0, 18.0]}, "properties": {"no_data": true}}, {"type": "Feature", "geometry": {"type": "Point", "coordinates": [131.0, 18.0]}, "properties": {"no_data": true}}, {"type": "Feature", "geometry": {"type": "Point", "coordinates": [132.0, 18.0]}, "properties": {"no_data": true}}, {"type": "Feature", "geometry": {"type": "Point", "coordinates": [133.0, 18.0]}, "properties": {"no_data": true}}, {"type": "Feature", "geometry": {"type": "Point", "coordinates": [134.0, 18.0]}, "properties": {"no_data": true}}, {"type": "Feature", "geometry": {"type": "Point", "coordinates": [135.0, 18.0]}, "properties": {"no_data": true}}, {"type": "Feature", "geometry": {"type": "Point", "coordinates": [73.0, 19.0]}, "properties": {"no_data": true}}, {"type": "Feature", "geometry": {"type": "Point", "coordinates": [74.0, 19.0]}, "properties": {"risk": 0.33, "years_used": 5, "gumbel_mu": 68.405, "gumbel_beta": 6.542}}, {"type": "Feature", "geometry": {"type": "Point", "coordinates": [75.0, 19.0]}, "properties": {"risk": 0.0, "years_used": 5, "gumbel_mu": 43.847, "gumbel_beta": 11.935}}, {"type": "Feature", "geometry": {"type": "Point", "coordinates": [76.0, 19.0]}, "properties": {"risk": 0.33, "years_used": 5, "gumbel_mu": 53.78, "gumbel_beta": 4.171}}, {"type": "Feature", "geometry": {"type": "Point", "coordinates": [77.0, 19.0]}, "properties": {"risk": 0.0, "years_used": 5, "gumbel_mu": 46.931, "gumbel_beta": 13.991}}, {"type": "Feature", "geometry": {"type": "Point", "coordinates": [78.0, 19.0]}, "properties": {"risk": 0.33, "years_used": 5, "gumbel_mu": 52.808, "gumbel_beta": 3.775}}, {"type": "Feature", "geometry": {"type": "Point", "coordinates": [79.0, 19.0]}, "properties": {"risk": 0.0, "years_used": 5, "gumbel_mu": 46.645, "gumbel_beta": 6.085}}, {"type": "Feature", "geometry": {"type": "Point", "coordinates": [80.0, 19.0]}, "properties": {"risk": 0.33, "years_used": 5, "gumbel_mu": 72.24, "gumbel_beta": 15.644}}, {"type": "Feature", "geometry": {"type": "Point", "coordinates": [81.0, 19.0]}, "properties": {"risk": 0.33, "years_used": 5, "gumbel_mu": 60.215, "gumbel_beta": 12.231}}, {"type": "Feature", "geometry": {"type": "Point", "coordinates": [82.0, 19.0]}, "properties": {"risk": 0.0, "years_used": 5, "gumbel_mu": 50.02, "gumbel_beta": 12.206}}, {"type": "Feature", "geometry": {"type": "Point", "coordinates": [83.0, 19.0]}, "properties": {"risk": 0.33, "years_used": 5, "gumbel_mu": 61.149, "gumbel_beta": 9.336}}, {"type": "Feature", "geometry": {"type": "Point", "coordinates": [84.0, 19.0]}, "properties": {"risk": 0.33, "years_used": 5, "gumbel_mu": 54.722, "gumbel_beta": 7.048}}, {"type": "Feature", "geometry": {"type": "Point", "coordinates": [85.0, 19.0]}, "properties": {"no_data": true}}, {"type": "Feature", "geometry": {"type": "Point", "coordinates": [86.0, 19.0]}, "properties": {"no_data": true}}, {"type": "Feature", "geometry": {"type": "Point", "coordinates": [87.0, 19.0]}, "properties": {"no_data": true}}, {"type": "Feature", "geometry": {"type": "Point", "coordinates": [88.0, 19.0]}, "properties": {"no_data": true}}, {"type": "Feature", "geometry": {"type": "Point", "coordinates": [89.0, 19.0]}, "properties": {"no_data": true}}, {"type": "Feature", "geometry": {"type": "Point", "coordinates": [90.0, 19.0]}, "properties": {"no_data": true}}, {"type": "Feature", "geometry": {"type": "Point", "coordinates": [91.0, 19.0]}, "properties": {"no_data": true}}, {"type": "Feature", "geometry": {"type": "Point", "coordinates": [92.0, 19.0]}, "properties": {"no_data": true}}, {"type": "Feature", "geometry": {"type": "Point", "coordinates": [93.0, 19.0]}, "properties": {"no_data": true}}, {"type": "Feature", "geometry": {"type": "Point", "coordinates": [94.0, 19.0]}, "properties": {"risk": 0.66, "years_used": 5, "gumbel_mu": 164.74, "gumbel_beta": 38.812}}, {"type": "Feature", "geometry": {"type": "Point", "coordinates": [95.0, 19.0]}, "properties": {"risk": 0.33, "years_used": 5, "gumbel_mu": 73.167, "gumbel_beta": 10.196}}, {"type": "Feature", "geometry": {"type": "Point", "coordinates": [96.0, 19.0]}, "properties": {"risk": 0.66, "years_used": 5, "gumbel_mu": 108.179, "gumbel_beta": 39.66}}, {"type": "Feature", "geometry": {"type": "Point", "coordinates": [97.0, 19.0]}, "properties": {"risk": 0.33, "years_used": 5, "gumbel_mu": 66.03, "gumbel_beta": 13.496}}, {"type": "Feature", "geometry": {"type": "Point", "coordinates": [98.0, 19.0]}, "properties": {"risk": 0.0, "years_used": 5, "gumbel_mu": 52.975, "gumbel_beta": 12.076}}, {"type": "Feature", "geometry": {"type": "Point", "coordinates": [99.0, 19.0]}, "properties": {"risk": 0.0, "years_used": 5, "gumbel_mu": 53.347, "gumbel_beta": 8.219}}, {"type": "Feature", "geometry": {"type": "Point", "coordinates": [100.0, 19.0]}, "properties": {"risk": 0.33, "years_used": 5, "gumbel_mu": 56.515, "gumbel_beta": 9.968}}, {"type": "Feature", "geometry": {"type": "Point", "coordinates": [101.0, 19.0]}, "properties": {"risk": 0.33, "years_used": 5, "gumbel_mu": 66.603, "gumbel_beta": 14.494}}, {"type": "Feature", "geometry": {"type": "Point", "coordinates": [102.0, 19.0]}, "properties": {"risk": 0.33, "years_used": 5, "gumbel_mu": 76.091, "gumbel_beta": 8.313}}, {"type": "Feature", "geometry": {"type": "Point", "coordinates": [103.0, 19.0]}, "properties": {"risk": 0.33, "years_used": 5, "gumbel_mu": 75.667, "gumbel_beta": 6.046}}, {"type": "Feature", "geometry": {"type": "Point", "coordinates": [104.0, 19.0]}, "properties": {"risk": 0.33, "years_used": 5, "gumbel_mu": 75.923, "gumbel_beta": 8.437}}, {"type": "Feature", "geometry": {"type": "Point", "coordinates": [105.0, 19.0]}, "properties": {"risk": 0.66, "years_used": 5, "gumbel_mu": 83.779, "gumbel_beta": 20.863}}, {"type": "Feature", "geometry": {"type": "Point", "coordinates": [106.0, 19.0]}, "properties": {"no_data": true}}, {"type": "Feature", "geometry": {"type": "Point", "coordinates": [107.0, 19.0]}, "properties": {"no_data": true}}, {"type": "Feature", "geometry": {"type": "Point", "coordinates": [108.0, 19.0]}, "properties": {"no_data": true}}, {"type": "Feature", "geometry": {"type": "Point", "coordinates": [109.0, 19.0]}, "properties": {"risk": 0.33, "years_used": 5, "gumbel_mu": 76.221, "gumbel_beta": 14.776}}, {"type": "Feature", "geometry": {"type": "Point", "coordinates": [110.0, 19.0]}, "properties": {"risk": 0.33, "years_used": 5, "gumbel_mu": 89.884, "gumbel_beta": 15.43}}, {"type": "Feature", "geometry": {"type": "Point", "coordinates": [111.0, 19.0]}, "properties": {"no_data": true}}, {"type": "Feature", "geometry": {"type": "Point", "coordinates": [112.0, 19.0]}, "properties": {"no_data": true}}, {"type": "Feature", "geometry": {"type": "Point", "coordinates": [113.0, 19.0]}, "properties": {"no_data": true}}, {"type": "Feature", "geometry": {"type": "Point", "coordinates": [114.0, 19.0]}, "properties": {"no_data": true}}, {"type": "Feature", "geometry": {"type": "Point", "coordinates": [115.0, 19.0]}, "properties": {"no_data": true}}, {"type": "Feature", "geometry": {"type": "Point", "coordinates": [116.0, 19.0]}, "properties": {"no_data": true}}, {"type": "Feature", "geometry": {"type": "Point", "coordinates": [117.0, 19.0]}, "properties": {"no_data": true}}, {"type": "Feature", "geometry": {"type": "Point", "coordinates": [118.0, 19.0]}, "properties": {"no_data": true}}, {"type": "Feature", "geometry": {"type": "Point", "coordinates": [119.0, 19.0]}, "properties": {"no_data": true}}, {"type": "Feature", "geometry": {"type": "Point", "coordinates": [120.0, 19.0]}, "properties": {"no_data": true}}, {"type": "Feature", "geometry": {"type": "Point", "coordinates": [121.0, 19.0]}, "properties": {"no_data": true}}, {"type": "Feature", "geometry": {"type": "Point", "coordinates": [122.0, 19.0]}, "properties": {"no_data": true}}, {"type": "Feature", "geometry": {"type": "Point", "coordinates": [123.0, 19.0]}, "properties": {"no_data": true}}, {"type": "Feature", "geometry": {"type": "Point", "coordinates": [124.0, 19.0]}, "properties": {"no_data": true}}, {"type": "Feature", "geometry": {"type": "Point", "coordinates": [125.0, 19.0]}, "properties": {"no_data": true}}, {"type": "Feature", "geometry": {"type": "Point", "coordinates": [126.0, 19.0]}, "properties": {"no_data": true}}, {"type": "Feature", "geometry": {"type": "Point", "coordinates": [127.0, 19.0]}, "properties": {"no_data": true}}, {"type": "Feature", "geometry": {"type": "Point", "coordinates": [128.0, 19.0]}, "properties": {"no_data": true}}, {"type": "Feature", "geometry": {"type": "Point", "coordinates": [129.0, 19.0]}, "properties": {"no_data": true}}, {"type": "Feature", "geometry": {"type": "Point", "coordinates": [130.0, 19.0]}, "properties": {"no_data": true}}, {"type": "Feature", "geometry": {"type": "Point", "coordinates": [131.0, 19.0]}, "properties": {"no_data": true}}, {"type": "Feature", "geometry": {"type": "Point", "coordinates": [132.0, 19.0]}, "properties": {"no_data": true}}, {"type": "Feature", "geometry": {"type": "Point", "coordinates": [133.0, 19.0]}, "properties": {"no_data": true}}, {"type": "Feature", "geometry": {"type": "Point", "coordinates": [134.0, 19.0]}, "properties": {"no_data": true}}, {"type": "Feature", "geometry": {"type": "Point", "coordinates": [135.0, 19.0]}, "properties": {"no_data": true}}, {"type": "Feature", "geometry": {"type": "Point", "coordinates": [73.0, 20.0]}, "properties": {"risk": 0.66, "years_used": 5, "gumbel_mu": 172.366, "gumbel_beta": 32.169}}, {"type": "Feature", "geometry": {"type": "Point", "coordinates": [74.0, 20.0]}, "properties": {"risk": 0.0, "years_used": 5, "gumbel_mu": 40.359, "gumbel_beta": 2.845}}, {"type": "Feature", "geometry": {"type": "Point", "coordinates": [75.0, 20.0]}, "properties": {"risk": 0.0, "years_used": 5, "gumbel_mu": 41.886, "gumbel_beta": 6.597}}, {"type": "Feature", "geometry": {"type": "Point", "coordinates": [76.0, 20.0]}, "properties": {"risk": 0.33, "years_used": 5, "gumbel_mu": 43.107, "gumbel_beta": 16.283}}, {"type": "Feature", "geometry": {"type": "Point", "coordinates": [77.0, 20.0]}, "properties": {"risk": 0.0, "years_used": 5, "gumbel_mu": 40.17, "gumbel_beta": 10.039}}, {"type": "Feature", "geometry": {"type": "Point", "coordinates": [78.0, 20.0]}, "properties": {"risk": 0.0, "years_used": 5, "gumbel_mu": 50.734, "gumbel_beta": 5.353}}, {"type": "Feature", "geometry": {"type": "Point", "coordinates": [79.0, 20.0]}, "properties": {"risk": 0.33, "years_used": 5, "gumbel_mu": 56.636, "gumbel_beta": 4.928}}, {"type": "Feature", "geometry": {"type": "Point", "coordinates": [80.0, 20.0]}, "properties": {"risk": 0.33, "years_used": 5, "gumbel_mu": 53.844, "gumbel_beta": 14.521}}, {"type": "Feature", "geometry": {"type": "Point", "coordinates": [81.0, 20.0]}, "properties": {"risk": 0.33, "years_used": 5, "gumbel_mu": 53.571, "gumbel_beta": 12.306}}, {"type": "Feature", "geometry": {"type": "Point", "coordinates": [82.0, 20.0]}, "properties": {"risk": 0.33, "years_used": 5, "gumbel_mu": 52.125, "gumbel_beta": 16.18}}, {"type": "Feature", "geometry": {"type": "Point", "coordinates": [83.0, 20.0]}, "properties": {"risk": 0.33, "years_used": 5, "gumbel_mu": 51.994, "gumbel_beta": 25.967}}, {"type": "Feature", "geometry": {"type": "Point", "coordinates": [84.0, 20.0]}, "properties": {"risk": 0.33, "years_used": 5, "gumbel_mu": 49.154, "gumbel_beta": 14.941}}, {"type": "Feature", "geometry": {"type": "Point", "coordinates": [85.0, 20.0]}, "properties": {"risk": 0.66, "years_used": 5, "gumbel_mu": 54.976, "gumbel_beta": 20.668}}, {"type": "Feature", "geometry": {"type": "Point", "coordinates": [86.0, 20.0]}, "properties": {"risk": 0.33, "years_used": 5, "gumbel_mu": 58.509, "gumbel_beta": 16.069}}, {"type": "Feature", "geometry": {"type": "Point", "coordinates": [87.0, 20.0]}, "properties": {"no_data": true}}, {"type": "Feature", "geometry": {"type": "Point", "coordinates": [88.0, 20.0]}, "properties": {"no_data": true}}, {"type": "Feature", "geometry": {"type": "Point", "coordinates": [89.0, 20.0]}, "properties": {"no_data": true}}, {"type": "Feature", "geometry": {"type": "Point", "coordinates": [90.0, 20.0]}, "properties": {"no_data": true}}, {"type": "Feature", "geometry": {"type": "Point", "coordinates": [91.0, 20.0]}, "properties": {"no_data": true}}, {"type": "Feature", "geometry": {"type": "Point", "coordinates": [92.0, 20.0]}, "properties": {"no_data": true}}, {"type": "Feature", "geometry": {"type": "Point", "coordinates": [93.0, 20.0]}, "properties": {"risk": 0.66, "years_used": 5, "gumbel_mu": 147.71, "gumbel_beta": 35.742}}, {"type": "Feature", "geometry": {"type": "Point", "coordinates": [94.0, 20.0]}, "properties": {"risk": 0.66, "years_used": 5, "gumbel_mu": 154.97, "gumbel_beta": 24.615}}, {"type": "Feature", "geometry": {"type": "Point", "coordinates": [95.0, 20.0]}, "properties": {"risk": 0.0, "years_used": 5, "gumbel_mu": 48.084, "gumbel_beta": 4.634}}, {"type": "Feature", "geometry": {"type": "Point", "coordinates": [96.0, 20.0]}, "properties": {"risk": 0.33, "years_used": 5, "gumbel_mu": 66.388, "gumbel_beta": 5.787}}, {"type": "Feature", "geometry": {"type": "Point", "coordinates": [97.0, 20.0]}, "properties": {"risk": 0.33, "years_used": 5, "gumbel_mu": 61.459, "gumbel_beta": 18.032}}, {"type": "Feature", "geometry": {"type": "Point", "coordinates": [98.0, 20.0]}, "properties": {"risk": 0.33, "years_used": 5, "gumbel_mu": 74.842, "gumbel_beta": 13.489}}, {"type": "Feature", "geometry": {"type": "Point", "coordinates": [99.0, 20.0]}, "properties": {"risk": 0.33, "years_used": 5, "gumbel_mu": 67.446, "gumbel_beta": 8.807}}, {"type": "Feature", "geometry": {"type": "Point", "coordinates": [100.0, 20.0]}, "properties": {"risk": 0.33, "years_used": 5, "gumbel_mu": 63.045, "gumbel_beta": 6.67}}, {"type": "Feature", "geometry": {"type": "Point", "coordinates": [101.0, 20.0]}, "properties": {"risk": 0.33, "years_used": 5, "gumbel_mu": 61.984, "gumbel_beta": 11.107}}, {"type": "Feature", "geometry": {"type": "Point", "coordinates": [102.0, 20.0]}, "properties": {"risk": 0.33, "years_used": 5, "gumbel_mu": 59.155, "gumbel_beta": 13.908}}, {"type": "Feature", "geometry": {"type": "Point", "coordinates": [103.0, 20.0]}, "properties": {"risk": 0.33, "years_used": 5, "gumbel_mu": 57.674, "gumbel_beta": 7.134}}, {"type": "Feature", "geometry": {"type": "Point", "coordinates": [104.0, 20.0]}, "properties": {"risk": 0.0, "years_used": 5, "gumbel_mu": 51.836, "gumbel_beta": 11.277}}, {"type": "Feature", "geometry": {"type": "Point", "coordinates": [105.0, 20.0]}, "properties": {"risk": 0.0, "years_used": 5, "gumbel_mu": 58.518, "gumbel_beta": 23.681}}, {"type": "Feature", "geometry": {"type": "Point", "coordinates": [106.0, 20.0]}, "properties": {"risk": 0.33, "years_used": 5, "gumbel_mu": 75.517, "gumbel_beta": 20.235}}, {"type": "Feature", "geometry": {"type": "Point", "coordinates": [107.0, 20.0]}, "properties": {"no_data": true}}, {"type": "Feature", "geometry": {"type": "Point", "coordinates": [108.0, 20.0]}, "properties": {"no_data": true}}, {"type": "Feature", "geometry": {"type": "Point", "coordinates": [109.0, 20.0]}, "properties": {"no_data": true}}, {"type": "Feature", "geometry": {"type": "Point", "coordinates": [110.0, 20.0]}, "properties": {"no_data": true}}, {"type": "Feature", "geometry": {"type": "Point", "coordinates": [111.0, 20.0]}, "properties": {"no_data": true}}, {"type": "Feature", "geometry": {"type": "Point", "coordinates": [112.0, 20.0]}, "properties": {"no_data": true}}, {"type": "Feature", "geometry": {"type": "Point", "coordinates": [113.0, 20.0]}, "properties": {"no_data": true}}, {"type": "Feature", "geometry": {"type": "Point", "coordinates": [114.0, 20.0]}, "properties": {"no_data": true}}, {"type": "Feature", "geometry": {"type": "Point", "coordinates": [115.0, 20.0]}, "properties": {"no_data": true}}, {"type": "Feature", "geometry": {"type": "Point", "coordinates": [116.0, 20.0]}, "properties": {"no_data": true}}, {"type": "Feature", "geometry": {"type": "Point", "coordinates": [117.0, 20.0]}, "properties": {"no_data": true}}, {"type": "Feature", "geometry": {"type": "Point", "coordinates": [118.0, 20.0]}, "properties": {"no_data": true}}, {"type": "Feature", "geometry": {"type": "Point", "coordinates": [119.0, 20.0]}, "properties": {"no_data": true}}, {"type": "Feature", "geometry": {"type": "Point", "coordinates": [120.0, 20.0]}, "properties": {"no_data": true}}, {"type": "Feature", "geometry": {"type": "Point", "coordinates": [121.0, 20.0]}, "properties": {"no_data": true}}, {"type": "Feature", "geometry": {"type": "Point", "coordinates": [122.0, 20.0]}, "properties": {"no_data": true}}, {"type": "Feature", "geometry": {"type": "Point", "coordinates": [123.0, 20.0]}, "properties": {"no_data": true}}, {"type": "Feature", "geometry": {"type": "Point", "coordinates": [124.0, 20.0]}, "properties": {"no_data": true}}, {"type": "Feature", "geometry": {"type": "Point", "coordinates": [125.0, 20.0]}, "properties": {"no_data": true}}, {"type": "Feature", "geometry": {"type": "Point", "coordinates": [126.0, 20.0]}, "properties": {"no_data": true}}, {"type": "Feature", "geometry": {"type": "Point", "coordinates": [127.0, 20.0]}, "properties": {"no_data": true}}, {"type": "Feature", "geometry": {"type": "Point", "coordinates": [128.0, 20.0]}, "properties": {"no_data": true}}, {"type": "Feature", "geometry": {"type": "Point", "coordinates": [129.0, 20.0]}, "properties": {"no_data": true}}, {"type": "Feature", "geometry": {"type": "Point", "coordinates": [130.0, 20.0]}, "properties": {"no_data": true}}, {"type": "Feature", "geometry": {"type": "Point", "coordinates": [131.0, 20.0]}, "properties": {"no_data": true}}, {"type": "Feature", "geometry": {"type": "Point", "coordinates": [132.0, 20.0]}, "properties": {"no_data": true}}, {"type": "Feature", "geometry": {"type": "Point", "coordinates": [133.0, 20.0]}, "properties": {"no_data": true}}, {"type": "Feature", "geometry": {"type": "Point", "coordinates": [134.0, 20.0]}, "properties": {"no_data": true}}, {"type": "Feature", "geometry": {"type": "Point", "coordinates": [135.0, 20.0]}, "properties": {"no_data": true}}, {"type": "Feature", "geometry": {"type": "Point", "coordinates": [73.0, 21.0]}, "properties": {"risk": 0.66, "years_used": 5, "gumbel_mu": 106.598, "gumbel_beta": 38.34}}, {"type": "Feature", "geometry": {"type": "Point", "coordinates": [74.0, 21.0]}, "properties": {"risk": 0.33, "years_used": 5, "gumbel_mu": 51.914, "gumbel_beta": 16.8}}, {"type": "Feature", "geometry": {"type": "Point", "coordinates": [75.0, 21.0]}, "properties": {"risk": 0.0, "years_used": 5, "gumbel_mu": 44.923, "gumbel_beta": 5.925}}, {"type": "Feature", "geometry": {"type": "Point", "coordinates": [76.0, 21.0]}, "properties": {"risk": 0.33, "years_used": 5, "gumbel_mu": 42.943, "gumbel_beta": 5.517}}, {"type": "Feature", "geometry": {"type": "Point", "coordinates": [77.0, 21.0]}, "properties": {"risk": 0.0, "years_used": 5, "gumbel_mu": 39.356, "gumbel_beta": 4.194}}, {"type": "Feature", "geometry": {"type": "Point", "coordinates": [78.0, 21.0]}, "properties": {"risk": 0.33, "years_used": 5, "gumbel_mu": 46.457, "gumbel_beta": 12.191}}, {"type": "Feature", "geometry": {"type": "Point", "coordinates": [79.0, 21.0]}, "properties": {"risk": 0.33, "years_used": 5, "gumbel_mu": 44.346, "gumbel_beta": 5.919}}, {"type": "Feature", "geometry": {"type": "Point", "coordinates": [80.0, 21.0]}, "properties": {"risk": 0.33, "years_used": 5, "gumbel_mu": 43.966, "gumbel_beta": 9.937}}, {"type": "Feature", "geometry": {"type": "Point", "coordinates": [81.0, 21.0]}, "properties": {"risk": 0.33, "years_used": 5, "gumbel_mu": 44.565, "gumbel_beta": 9.648}}, {"type": "Feature", "geometry": {"type": "Point", "coordinates": [82.0, 21.0]}, "properties": {"risk": 0.33, "years_used": 5, "gumbel_mu": 49.532, "gumbel_beta": 16.911}}, {"type": "Feature", "geometry": {"type": "Point", "coordinates": [83.0, 21.0]}, "properties": {"risk": 0.66, "years_used": 5, "gumbel_mu": 57.048, "gumbel_beta": 21.936}}, {"type": "Feature", "geometry": {"type": "Point", "coordinates": [84.0, 21.0]}, "properties": {"risk": 0.66, "years_used": 5, "gumbel_mu": 59.495, "gumbel_beta": 25.633}}, {"type": "Feature", "geometry": {"type": "Point", "coordinates": [85.0, 21.0]}, "properties": {"risk": 0.33, "years_used": 5, "gumbel_mu": 48.5, "gumbel_beta": 9.965}}, {"type": "Feature", "geometry": {"type": "Point", "coordinates": [86.0, 21.0]}, "properties": {"risk": 0.33, "years_used": 5, "gumbel_mu": 52.082, "gumbel_beta": 16.446}}, {"type": "Feature", "geometry": {"type": "Point", "coordinates": [87.0, 21.0]}, "properties": {"no_data": true}}, {"type": "Feature", "geometry": {"type": "Point", "coordinates": [88.0, 21.0]}, "properties": {"no_data": true}}, {"type": "Feature", "geometry": {"type": "Point", "coordinates": [89.0, 21.0]}, "properties": {"no_data": true}}, {"type": "Feature", "geometry": {"type": "Point", "coordinates": [90.0, 21.0]}, "properties": {"no_data": true}}, {"type": "Feature", "geometry": {"type": "Point", "coordinates": [91.0, 21.0]}, "properties": {"no_data": true}}, {"type": "Feature", "geometry": {"type": "Point", "coordinates": [92.0, 21.0]}, "properties": {"no_data": true}}, {"type": "Feature", "geometry": {"type": "Point", "coordinates": [93.0, 21.0]}, "properties": {"risk": 0.66, "years_used": 5, "gumbel_mu": 146.657, "gumbel_beta": 25.992}}, {"type": "Feature", "geometry": {"type": "Point", "coordinates": [94.0, 21.0]}, "properties": {"risk": 0.66, "years_used": 5, "gumbel_mu": 98.651, "gumbel_beta": 21.889}}, {"type": "Feature", "geometry": {"type": "Point", "coordinates": [95.0, 21.0]}, "properties": {"risk": 0.0, "years_used": 5, "gumbel_mu": 49.17, "gumbel_beta": 10.934}}, {"type": "Feature", "geometry": {"type": "Point", "coordinates": [96.0, 21.0]}, "properties": {"risk": 0.0, "years_used": 5, "gumbel_mu": 41.139, "gumbel_beta": 20.556}}, {"type": "Feature", "geometry": {"type": "Point", "coordinates": [97.0, 21.0]}, "properties": {"risk": 0.33, "years_used": 5, "gumbel_mu": 67.72, "gumbel_beta": 27.297}}, {"type": "Feature", "geometry": {"type": "Point", "coordinates": [98.0, 21.0]}, "properties": {"risk": 0.33, "years_used": 5, "gumbel_mu": 68.202, "gumbel_beta": 16.078}}, {"type": "Feature", "geometry": {"type": "Point", "coordinates": [99.0, 21.0]}, "properties": {"risk": 0.33, "years_used": 5, "gumbel_mu": 77.667, "gumbel_beta": 3.44}}, {"type": "Feature", "geometry": {"type": "Point", "coordinates": [100.0, 21.0]}, "properties": {"risk": 0.33, "years_used": 5, "gumbel_mu": 63.898, "gumbel_beta": 18.426}}, {"type": "Feature", "geometry": {"type": "Point", "coordinates": [101.0, 21.0]}, "properties": {"risk": 0.66, "years_used": 5, "gumbel_mu": 74.473, "gumbel_beta": 10.993}}, {"type": "Feature", "geometry": {"type": "Point", "coordinates": [102.0, 21.0]}, "properties": {"risk": 0.33, "years_used": 5, "gumbel_mu": 72.008, "gumbel_beta": 10.11}}, {"type": "Feature", "geometry": {"type": "Point", "coordinates": [103.0, 21.0]}, "properties": {"risk": 0.33, "years_used": 5, "gumbel_mu": 54.797, "gumbel_beta": 9.684}}, {"type": "Feature", "geometry": {"type": "Point", "coordinates": [104.0, 21.0]}, "properties": {"risk": 0.0, "years_used": 5, "gumbel_mu": 46.366, "gumbel_beta": 7.737}}, {"type": "Feature", "geometry": {"type": "Point", "coordinates": [105.0, 21.0]}, "properties": {"risk": 0.33, "years_used": 5, "gumbel_mu": 72.464, "gumbel_beta": 6.54}}, {"type": "Feature", "geometry": {"type": "Point", "coordinates": [106.0, 21.0]}, "properties": {"risk": 0.33, "years_used": 5, "gumbel_mu": 64.565, "gumbel_beta": 9.24}}, {"type": "Feature", "geometry": {"type": "Point", "coordinates": [107.0, 21.0]}, "properties": {"risk": 0.33, "years_used": 5, "gumbel_mu": 73.655, "gumbel_beta": 13.316}}, {"type": "Feature", "geometry": {"type": "Point", "coordinates": [108.0, 21.0]}, "properties": {"no_data": true}}, {"type": "Feature", "geometry": {"type": "Point", "coordinates": [109.0, 21.0]}, "properties": {"no_data": true}}, {"type": "Feature", "geometry": {"type": "Point", "coordinates": [110.0, 21.0]}, "properties": {"risk": 0.33, "years_used": 5, "gumbel_mu": 97.292, "gumbel_beta": 14.344}}, {"type": "Feature", "geometry": {"type": "Point", "coordinates": [111.0, 21.0]}, "properties": {"no_data": true}}, {"type": "Feature", "geometry": {"type": "Point", "coordinates": [112.0, 21.0]}, "properties": {"no_data": true}}, {"type": "Feature", "geometry": {"type": "Point", "coordinates": [113.0, 21.0]}, "properties": {"no_data": true}}, {"type": "Feature", "geometry": {"type": "Point", "coordinates": [114.0, 21.0]}, "properties": {"no_data": true}}, {"type": "Feature", "geometry": {"type": "Point", "coordinates": [115.0, 21.0]}, "properties": {"no_data": true}}, {"type": "Feature", "geometry": {"type": "Point", "coordinates": [116.0, 21.0]}, "properties": {"no_data": true}}, {"type": "Feature", "geometry": {"type": "Point", "coordinates": [117.0, 21.0]}, "properties": {"no_data": true}}, {"type": "Feature", "geometry": {"type": "Point", "coordinates": [118.0, 21.0]}, "properties": {"no_data": true}}, {"type": "Feature", "geometry": {"type": "Point", "coordinates": [119.0, 21.0]}, "properties": {"no_data": true}}, {"type": "Feature", "geometry": {"type": "Point", "coordinates": [120.0, 21.0]}, "properties": {"no_data": true}}, {"type": "Feature", "geometry": {"type": "Point", "coordinates": [121.0, 21.0]}, "properties": {"no_data": true}}, {"type": "Feature", "geometry": {"type": "Point", "coordinates": [122.0, 21.0]}, "properties": {"no_data": true}}, {"type": "Feature", "geometry": {"type": "Point", "coordinates": [123.0, 21.0]}, "properties": {"no_data": true}}, {"type": "Feature", "geometry": {"type": "Point", "coordinates": [124.0, 21.0]}, "properties": {"no_data": true}}, {"type": "Feature", "geometry": {"type": "Point", "coordinates": [125.0, 21.0]}, "properties": {"no_data": true}}, {"type": "Feature", "geometry": {"type": "Point", "coordinates": [126.0, 21.0]}, "properties": {"no_data": true}}, {"type": "Feature", "geometry": {"type": "Point", "coordinates": [127.0, 21.0]}, "properties": {"no_data": true}}, {"type": "Feature", "geometry": {"type": "Point", "coordinates": [128.0, 21.0]}, "properties": {"no_data": true}}, {"type": "Feature", "geometry": {"type": "Point", "coordinates": [129.0, 21.0]}, "properties": {"no_data": true}}, {"type": "Feature", "geometry": {"type": "Point", "coordinates": [130.0, 21.0]}, "properties": {"no_data": true}}, {"type": "Feature", "geometry": {"type": "Point", "coordinates": [131.0, 21.0]}, "properties": {"no_data": true}}, {"type": "Feature", "geometry": {"type": "Point", "coordinates": [132.0, 21.0]}, "properties": {"no_data": true}}, {"type": "Feature", "geometry": {"type": "Point", "coordinates": [133.0, 21.0]}, "properties": {"no_data": true}}, {"type": "Feature", "geometry": {"type": "Point", "coordinates": [134.0, 21.0]}, "properties": {"no_data": true}}, {"type": "Feature", "geometry": {"type": "Point", "coordinates": [135.0, 21.0]}, "properties": {"no_data": true}}, {"type": "Feature", "geometry": {"type": "Point", "coordinates": [73.0, 22.0]}, "properties": {"risk": 0.33, "years_used": 5, "gumbel_mu": 75.078, "gumbel_beta": 12.224}}, {"type": "Feature", "geometry": {"type": "Point", "coordinates": [74.0, 22.0]}, "properties": {"risk": 0.66, "years_used": 5, "gumbel_mu": 61.419, "gumbel_beta": 19.838}}, {"type": "Feature", "geometry": {"type": "Point", "coordinates": [75.0, 22.0]}, "properties": {"risk": 0.33, "years_used": 5, "gumbel_mu": 48.318, "gumbel_beta": 9.3}}, {"type": "Feature", "geometry": {"type": "Point", "coordinates": [76.0, 22.0]}, "properties": {"risk": 0.33, "years_used": 5, "gumbel_mu": 48.185, "gumbel_beta": 12.157}}, {"type": "Feature", "geometry": {"type": "Point", "coordinates": [77.0, 22.0]}, "properties": {"risk": 0.33, "years_used": 5, "gumbel_mu": 63.073, "gumbel_beta": 8.05}}, {"type": "Feature", "geometry": {"type": "Point", "coordinates": [78.0, 22.0]}, "properties": {"risk": 0.66, "years_used": 5, "gumbel_mu": 80.441, "gumbel_beta": 14.978}}, {"type": "Feature", "geometry": {"type": "Point", "coordinates": [79.0, 22.0]}, "properties": {"risk": 0.33, "years_used": 5, "gumbel_mu": 56.244, "gumbel_beta": 11.075}}, {"type": "Feature", "geometry": {"type": "Point", "coordinates": [80.0, 22.0]}, "properties": {"risk": 0.66, "years_used": 5, "gumbel_mu": 68.269, "gumbel_beta": 15.54}}, {"type": "Feature", "geometry": {"type": "Point", "coordinates": [81.0, 22.0]}, "properties": {"risk": 0.33, "years_used": 5, "gumbel_mu": 47.326, "gumbel_beta": 9.913}}, {"type": "Feature", "geometry": {"type": "Point", "coordinates": [82.0, 22.0]}, "properties": {"risk": 0.33, "years_used": 5, "gumbel_mu": 51.658, "gumbel_beta": 15.211}}, {"type": "Feature", "geometry": {"type": "Point", "coordinates": [83.0, 22.0]}, "properties": {"risk": 0.66, "years_used": 5, "gumbel_mu": 56.431, "gumbel_beta": 23.714}}, {"type": "Feature", "geometry": {"type": "Point", "coordinates": [84.0, 22.0]}, "properties": {"risk": 0.66, "years_used": 5, "gumbel_mu": 54.598, "gumbel_beta": 23.082}}, {"type": "Feature", "geometry": {"type": "Point", "coordinates": [85.0, 22.0]}, "properties": {"risk": 0.33, "years_used": 5, "gumbel_mu": 58.488, "gumbel_beta": 10.397}}, {"type": "Feature", "geometry": {"type": "Point", "coordinates": [86.0, 22.0]}, "properties": {"risk": 0.0, "years_used": 5, "gumbel_mu": 53.637, "gumbel_beta": 14.144}}, {"type": "Feature", "geometry": {"type": "Point", "coordinates": [87.0, 22.0]}, "properties": {"risk": 0.33, "years_used": 5, "gumbel_mu": 66.209, "gumbel_beta": 11.628}}, {"type": "Feature", "geometry": {"type": "Point", "coordinates": [88.0, 22.0]}, "properties": {"risk": 0.33, "years_used": 5, "gumbel_mu": 68.784, "gumbel_beta": 17.508}}, {"type": "Feature", "geometry": {"type": "Point", "coordinates": [89.0, 22.0]}, "properties": {"risk": 0.33, "years_used": 5, "gumbel_mu": 75.976, "gumbel_beta": 26.621}}, {"type": "Feature", "geometry": {"type": "Point", "coordinates": [90.0, 22.0]}, "properties": {"risk": 0.33, "years_used": 5, "gumbel_mu": 78.277, "gumbel_beta": 27.821}}, {"type": "Feature", "geometry": {"type": "Point", "coordinates": [91.0, 22.0]}, "properties": {"no_data": true}}, {"type": "Feature", "geometry": {"type": "Point", "coordinates": [92.0, 22.0]}, "properties": {"risk": 0.66, "years_used": 5, "gumbel_mu": 168.775, "gumbel_beta": 39.146}}, {"type": "Feature", "geometry": {"type": "Point", "coordinates": [93.0, 22.0]}, "properties": {"risk": 0.66, "years_used": 5, "gumbel_mu": 107.964, "gumbel_beta": 27.519}}, {"type": "Feature", "geometry": {"type": "Point", "coordinates": [94.0, 22.0]}, "properties": {"risk": 0.33, "years_used": 5, "gumbel_mu": 61.82, "gumbel_beta": 6.382}}, {"type": "Feature", "geometry": {"type": "Point", "coordinates": [95.0, 22.0]}, "properties": {"risk": 0.0, "years_used": 5, "gumbel_mu": 37.051, "gumbel_beta": 9.717}}, {"type": "Feature", "geometry": {"type": "Point", "coordinates": [96.0, 22.0]}, "properties": {"risk": 0.33, "years_used": 5, "gumbel_mu": 48.085, "gumbel_beta": 4.916}}, {"type": "Feature", "geometry": {"type": "Point", "coordinates": [97.0, 22.0]}, "properties": {"risk": 0.33, "years_used": 5, "gumbel_mu": 79.076, "gumbel_beta": 8.029}}, {"type": "Feature", "geometry": {"type": "Point", "coordinates": [98.0, 22.0]}, "properties": {"risk": 0.66, "years_used": 5, "gumbel_mu": 76.939, "gumbel_beta": 15.578}}, {"type": "Feature", "geometry": {"type": "Point", "coordinates": [99.0, 22.0]}, "properties": {"risk": 0.33, "years_used": 5, "gumbel_mu": 76.27, "gumbel_beta": 9.646}}, {"type": "Feature", "geometry": {"type": "Point", "coordinates": [100.0, 22.0]}, "properties": {"risk": 0.33, "years_used": 5, "gumbel_mu": 78.948, "gumbel_beta": 27.834}}, {"type": "Feature", "geometry": {"type": "Point", "coordinates": [101.0, 22.0]}, "properties": {"risk": 0.33, "years_used": 5, "gumbel_mu": 78.936, "gumbel_beta": 38.723}}, {"type": "Feature", "geometry": {"type": "Point", "coordinates": [102.0, 22.0]}, "properties": {"risk": 0.33, "years_used": 5, "gumbel_mu": 83.761, "gumbel_beta": 9.362}}, {"type": "Feature", "geometry": {"type": "Point", "coordinates": [103.0, 22.0]}, "properties": {"risk": 0.33, "years_used": 5, "gumbel_mu": 69.453, "gumbel_beta": 6.244}}, {"type": "Feature", "geometry": {"type": "Point", "coordinates": [104.0, 22.0]}, "properties": {"risk": 0.33, "years_used": 5, "gumbel_mu": 69.182, "gumbel_beta": 4.911}}, {"type": "Feature", "geometry": {"type": "Point", "coordinates": [105.0, 22.0]}, "properties": {"risk": 0.33, "years_used": 5, "gumbel_mu": 70.044, "gumbel_beta": 10.896}}, {"type": "Feature", "geometry": {"type": "Point", "coordinates": [106.0, 22.0]}, "properties": {"risk": 0.33, "years_used": 5, "gumbel_mu": 62.724, "gumbel_beta": 10.427}}, {"type": "Feature", "geometry": {"type": "Point", "coordinates": [107.0, 22.0]}, "properties": {"risk": 0.33, "years_used": 5, "gumbel_mu": 61.592, "gumbel_beta": 10.621}}, {"type": "Feature", "geometry": {"type": "Point", "coordinates": [108.0, 22.0]}, "properties": {"risk": 0.33, "years_used": 5, "gumbel_mu": 88.836, "gumbel_beta": 12.6}}, {"type": "Feature", "geometry": {"type": "Point", "coordinates": [109.0, 22.0]}, "properties": {"risk": 0.66, "years_used": 5, "gumbel_mu": 86.725, "gumbel_beta": 20.151}}, {"type": "Feature", "geometry": {"type": "Point", "coordinates": [110.0, 22.0]}, "properties": {"risk": 0.33, "years_used": 5, "gumbel_mu": 82.509, "gumbel_beta": 35.823}}, {"type": "Feature", "geometry": {"type": "Point", "coordinates": [111.0, 22.0]}, "properties": {"risk": 0.33, "years_used": 5, "gumbel_mu": 81.546, "gumbel_beta": 37.509}}, {"type": "Feature", "geometry": {"type": "Point", "coordinates": [112.0, 22.0]}, "properties": {"risk": 0.33, "years_used": 5, "gumbel_mu": 108.322, "gumbel_beta": 22.39}}, {"type": "Feature", "geometry": {"type": "Point", "coordinates": [113.0, 22.0]}, "properties": {"risk": 0.33, "years_used": 5, "gumbel_mu": 89.96, "gumbel_beta": 24.825}}, {"type": "Feature", "geometry": {"type": "Point", "coordinates": [114.0, 22.0]}, "properties": {"no_data": true}}, {"type": "Feature", "geometry": {"type": "Point", "coordinates": [115.0, 22.0]}, "properties": {"no_data": true}}, {"type": "Feature", "geometry": {"type": "Point", "coordinates": [116.0, 22.0]}, "properties": {"no_data": true}}, {"type": "Feature", "geometry": {"type": "Point", "coordinates": [117.0, 22.0]}, "properties": {"no_data": true}}, {"type": "Feature", "geometry": {"type": "Point", "coordinates": [118.0, 22.0]}, "properties": {"no_data": true}}, {"type": "Feature", "geometry": {"type": "Point", "coordinates": [119.0, 22.0]}, "properties": {"no_data": true}}, {"type": "Feature", "geometry": {"type": "Point", "coordinates": [120.0, 22.0]}, "properties": {"no_data": true}}, {"type": "Feature", "geometry": {"type": "Point", "coordinates": [121.0, 22.0]}, "properties": {"no_data": true}}, {"type": "Feature", "geometry": {"type": "Point", "coordinates": [122.0, 22.0]}, "properties": {"no_data": true}}, {"type": "Feature", "geometry": {"type": "Point", "coordinates": [123.0, 22.0]}, "properties": {"no_data": true}}, {"type": "Feature", "geometry": {"type": "Point", "coordinates": [124.0, 22.0]}, "properties": {"no_data": true}}, {"type": "Feature", "geometry": {"type": "Point", "coordinates": [125.0, 22.0]}, "properties": {"no_data": true}}, {"type": "Feature", "geometry": {"type": "Point", "coordinates": [126.0, 22.0]}, "properties": {"no_data": true}}, {"type": "Feature", "geometry": {"type": "Point", "coordinates": [127.0, 22.0]}, "properties": {"no_data": true}}, {"type": "Feature", "geometry": {"type": "Point", "coordinates": [128.0, 22.0]}, "properties": {"no_data": true}}, {"type": "Feature", "geometry": {"type": "Point", "coordinates": [129.0, 22.0]}, "properties": {"no_data": true}}, {"type": "Feature", "geometry": {"type": "Point", "coordinates": [130.0, 22.0]}, "properties": {"no_data": true}}, {"type": "Feature", "geometry": {"type": "Point", "coordinates": [131.0, 22.0]}, "properties": {"no_data": true}}, {"type": "Feature", "geometry": {"type": "Point", "coordinates": [132.0, 22.0]}, "properties": {"no_data": true}}, {"type": "Feature", "geometry": {"type": "Point", "coordinates": [133.0, 22.0]}, "properties": {"no_data": true}}, {"type": "Feature", "geometry": {"type": "Point", "coordinates": [134.0, 22.0]}, "properties": {"no_data": true}}, {"type": "Feature", "geometry": {"type": "Point", "coordinates": [135.0, 22.0]}, "properties": {"no_data": true}}, {"type": "Feature", "geometry": {"type": "Point", "coordinates": [73.0, 23.0]}, "properties": {"risk": 0.66, "years_used": 5, "gumbel_mu": 96.653, "gumbel_beta": 25.683}}, {"type": "Feature", "geometry": {"type": "Point", "coordinates": [74.0, 23.0]}, "properties": {"risk": 0.33, "years_used": 5, "gumbel_mu": 66.005, "gumbel_beta": 15.026}}, {"type": "Feature", "geometry": {"type": "Point", "coordinates": [75.0, 23.0]}, "properties": {"risk": 0.66, "years_used": 5, "gumbel_mu": 62.256, "gumbel_beta": 30.015}}, {"type": "Feature", "geometry": {"type": "Point", "coordinates": [76.0, 23.0]}, "properties": {"risk": 0.66, "years_used": 5, "gumbel_mu": 53.452, "gumbel_beta": 21.412}}, {"type": "Feature", "geometry": {"type": "Point", "coordinates": [77.0, 23.0]}, "properties": {"risk": 0.66, "years_used": 5, "gumbel_mu": 86.76, "gumbel_beta": 11.935}}, {"type": "Feature", "geometry": {"type": "Point", "coordinates": [78.0, 23.0]}, "properties": {"risk": 0.66, "years_used": 5, "gumbel_mu": 101.917, "gumbel_beta": 10.57}}, {"type": "Feature", "geometry": {"type": "Point", "coordinates": [79.0, 23.0]}, "properties": {"risk": 0.33, "years_used": 5, "gumbel_mu": 68.269, "gumbel_beta": 9.653}}, {"type": "Feature", "geometry": {"type": "Point", "coordinates": [80.0, 23.0]}, "properties": {"risk": 0.33, "years_used": 5, "gumbel_mu": 63.591, "gumbel_beta": 16.341}}, {"type": "Feature", "geometry": {"type": "Point", "coordinates": [81.0, 23.0]}, "properties": {"risk": 0.66, "years_used": 5, "gumbel_mu": 48.586, "gumbel_beta": 20.563}}, {"type": "Feature", "geometry": {"type": "Point", "coordinates": [82.0, 23.0]}, "properties": {"risk": 0.33, "years_used": 5, "gumbel_mu": 50.651, "gumbel_beta": 13.996}}, {"type": "Feature", "geometry": {"type": "Point", "coordinates": [83.0, 23.0]}, "properties": {"risk": 0.66, "years_used": 5, "gumbel_mu": 57.93, "gumbel_beta": 18.0}}, {"type": "Feature", "geometry": {"type": "Point", "coordinates": [84.0, 23.0]}, "properties": {"risk": 0.33, "years_used": 5, "gumbel_mu": 53.822, "gumbel_beta": 7.305}}, {"type": "Feature", "geometry": {"type": "Point", "coordinates": [85.0, 23.0]}, "properties": {"risk": 0.0, "years_used": 5, "gumbel_mu": 54.444, "gumbel_beta": 10.854}}, {"type": "Feature", "geometry": {"type": "Point", "coordinates": [86.0, 23.0]}, "properties": {"risk": 0.33, "years_used": 5, "gumbel_mu": 51.857, "gumbel_beta": 16.624}}, {"type": "Feature", "geometry": {"type": "Point", "coordinates": [87.0, 23.0]}, "properties": {"risk": 0.33, "years_used": 5, "gumbel_mu": 55.072, "gumbel_beta": 14.08}}, {"type": "Feature", "geometry": {"type": "Point", "coordinates": [88.0, 23.0]}, "properties": {"risk": 0.33, "years_used": 5, "gumbel_mu": 66.163, "gumbel_beta": 23.995}}, {"type": "Feature", "geometry": {"type": "Point", "coordinates": [89.0, 23.0]}, "properties": {"risk": 0.33, "years_used": 5, "gumbel_mu": 63.991, "gumbel_beta": 26.56}}, {"type": "Feature", "geometry": {"type": "Point", "coordinates": [90.0, 23.0]}, "properties": {"risk": 0.33, "years_used": 5, "gumbel_mu": 79.614, "gumbel_beta": 32.2}}, {"type": "Feature", "geometry": {"type": "Point", "coordinates": [91.0, 23.0]}, "properties": {"risk": 0.66, "years_used": 5, "gumbel_mu": 103.727, "gumbel_beta": 14.818}}, {"type": "Feature", "geometry": {"type": "Point", "coordinates": [92.0, 23.0]}, "properties": {"risk": 0.66, "years_used": 5, "gumbel_mu": 148.12, "gumbel_beta": 19.224}}, {"type": "Feature", "geometry": {"type": "Point", "coordinates": [93.0, 23.0]}, "properties": {"risk": 0.33, "years_used": 5, "gumbel_mu": 89.937, "gumbel_beta": 15.531}}, {"type": "Feature", "geometry": {"type": "Point", "coordinates": [94.0, 23.0]}, "properties": {"risk": 0.33, "years_used": 5, "gumbel_mu": 82.562, "gumbel_beta": 23.365}}, {"type": "Feature", "geometry": {"type": "Point", "coordinates": [95.0, 23.0]}, "properties": {"risk": 0.0, "years_used": 5, "gumbel_mu": 43.193, "gumbel_beta": 14.622}}, {"type": "Feature", "geometry": {"type": "Point", "coordinates": [96.0, 23.0]}, "properties": {"risk": 0.33, "years_used": 5, "gumbel_mu": 72.049, "gumbel_beta": 15.454}}, {"type": "Feature", "geometry": {"type": "Point", "coordinates": [97.0, 23.0]}, "properties": {"risk": 0.33, "years_used": 5, "gumbel_mu": 75.75, "gumbel_beta": 18.098}}, {"type": "Feature", "geometry": {"type": "Point", "coordinates": [98.0, 23.0]}, "properties": {"risk": 0.33, "years_used": 5, "gumbel_mu": 73.966, "gumbel_beta": 7.86}}, {"type": "Feature", "geometry": {"type": "Point", "coordinates": [99.0, 23.0]}, "properties": {"risk": 0.33, "years_used": 5, "gumbel_mu": 88.448, "gumbel_beta": 29.663}}, {"type": "Feature", "geometry": {"type": "Point", "coordinates": [100.0, 23.0]}, "properties": {"risk": 0.33, "years_used": 5, "gumbel_mu": 77.075, "gumbel_beta": 31.755}}, {"type": "Feature", "geometry": {"type": "Point", "coordinates": [101.0, 23.0]}, "properties": {"risk": 0.33, "years_used": 5, "gumbel_mu": 83.777, "gumbel_beta": 17.281}}, {"type": "Feature", "geometry": {"type": "Point", "coordinates": [102.0, 23.0]}, "properties": {"risk": 0.33, "years_used": 5, "gumbel_mu": 67.195, "gumbel_beta": 20.067}}, {"type": "Feature", "geometry": {"type": "Point", "coordinates": [103.0, 23.0]}, "properties": {"risk": 0.33, "years_used": 5, "gumbel_mu": 65.437, "gumbel_beta": 20.314}}, {"type": "Feature", "geometry": {"type": "Point", "coordinates": [104.0, 23.0]}, "properties": {"risk": 0.33, "years_used": 5, "gumbel_mu": 65.723, "gumbel_beta": 15.994}}, {"type": "Feature", "geometry": {"type": "Point", "coordinates": [105.0, 23.0]}, "properties": {"risk": 0.33, "years_used": 5, "gumbel_mu": 66.442, "gumbel_beta": 5.975}}, {"type": "Feature", "geometry": {"type": "Point", "coordinates": [106.0, 23.0]}, "properties": {"risk": 0.33, "years_used": 5, "gumbel_mu": 66.648, "gumbel_beta": 10.782}}, {"type": "Feature", "geometry": {"type": "Point", "coordinates": [107.0, 23.0]}, "properties": {"risk": 0.33, "years_used": 5, "gumbel_mu": 79.701, "gumbel_beta": 12.686}}, {"type": "Feature", "geometry": {"type": "Point", "coordinates": [108.0, 23.0]}, "properties": {"risk": 0.33, "years_used": 5, "gumbel_mu": 93.923, "gumbel_beta": 8.848}}, {"type": "Feature", "geometry": {"type": "Point", "coordinates": [109.0, 23.0]}, "properties": {"risk": 0.66, "years_used": 5, "gumbel_mu": 90.581, "gumbel_beta": 19.956}}, {"type": "Feature", "geometry": {"type": "Point", "coordinates": [110.0, 23.0]}, "properties": {"risk": 0.66, "years_used": 5, "gumbel_mu": 94.944, "gumbel_beta": 38.703}}, {"type": "Feature", "geometry": {"type": "Point", "coordinates": [111.0, 23.0]}, "properties": {"risk": 0.66, "years_used": 5, "gumbel_mu": 116.486, "gumbel_beta": 42.494}}, {"type": "Feature", "geometry": {"type": "Point", "coordinates": [112.0, 23.0]}, "properties": {"risk": 0.33, "years_used": 5, "gumbel_mu": 78.366, "gumbel_beta": 15.388}}, {"type": "Feature", "geometry": {"type": "Point", "coordinates": [113.0, 23.0]}, "properties": {"risk": 0.66, "years_used": 5, "gumbel_mu": 99.387, "gumbel_beta": 26.078}}, {"type": "Feature", "geometry": {"type": "Point", "coordinates": [114.0, 23.0]}, "properties": {"risk": 0.66, "years_used": 5, "gumbel_mu": 92.721, "gumbel_beta": 33.369}}, {"type": "Feature", "geometry": {"type": "Point", "coordinates": [115.0, 23.0]}, "properties": {"risk": 0.33, "years_used": 5, "gumbel_mu": 89.637, "gumbel_beta": 14.548}}, {"type": "Feature", "geometry": {"type": "Point", "coordinates": [116.0, 23.0]}, "properties": {"risk": 0.33, "years_used": 5, "gumbel_mu": 92.86, "gumbel_beta": 30.621}}, {"type": "Feature", "geometry": {"type": "Point", "coordinates": [117.0, 23.0]}, "properties": {"no_data": true}}, {"type": "Feature", "geometry": {"type": "Point", "coordinates": [118.0, 23.0]}, "properties": {"no_data": true}}, {"type": "Feature", "geometry": {"type": "Point", "coordinates": [119.0, 23.0]}, "properties": {"no_data": true}}, {"type": "Feature", "geometry": {"type": "Point", "coordinates": [120.0, 23.0]}, "properties": {"no_data": true}}, {"type": "Feature", "geometry": {"type": "Point", "coordinates": [121.0, 23.0]}, "properties": {"risk": 0.66, "years_used": 5, "gumbel_mu": 128.009, "gumbel_beta": 31.901}}, {"type": "Feature", "geometry": {"type": "Point", "coordinates": [122.0, 23.0]}, "properties": {"no_data": true}}, {"type": "Feature", "geometry": {"type": "Point", "coordinates": [123.0, 23.0]}, "properties": {"no_data": true}}, {"type": "Feature", "geometry": {"type": "Point", "coordinates": [124.0, 23.0]}, "properties": {"no_data": true}}, {"type": "Feature", "geometry": {"type": "Point", "coordinates": [125.0, 23.0]}, "properties": {"no_data": true}}, {"type": "Feature", "geometry": {"type": "Point", "coordinates": [126.0, 23.0]}, "properties": {"no_data": true}}, {"type": "Feature", "geometry": {"type": "Point", "coordinates": [127.0, 23.0]}, "properties": {"no_data": true}}, {"type": "Feature", "geometry": {"type": "Point", "coordinates": [128.0, 23.0]}, "properties": {"no_data": true}}, {"type": "Feature", "geometry": {"type": "Point", "coordinates": [129.0, 23.0]}, "properties": {"no_data": true}}, {"type": "Feature", "geometry": {"type": "Point", "coordinates": [130.0, 23.0]}, "properties": {"no_data": true}}, {"type": "Feature", "geometry": {"type": "Point", "coordinates": [131.0, 23.0]}, "properties": {"no_data": true}}, {"type": "Feature", "geometry": {"type": "Point", "coordinates": [132.0, 23.0]}, "properties": {"no_data": true}}, {"type": "Feature", "geometry": {"type": "Point", "coordinates": [133.0, 23.0]}, "properties": {"no_data": true}}, {"type": "Feature", "geometry": {"type": "Point", "coordinates": [134.0, 23.0]}, "properties": {"no_data": true}}, {"type": "Feature", "geometry": {"type": "Point", "coordinates": [135.0, 23.0]}, "properties": {"no_data": true}}, {"type": "Feature", "geometry": {"type": "Point", "coordinates": [73.0, 24.0]}, "properties": {"risk": 0.66, "years_used": 5, "gumbel_mu": 96.881, "gumbel_beta": 12.318}}, {"type": "Feature", "geometry": {"type": "Point", "coordinates": [74.0, 24.0]}, "properties": {"risk": 0.33, "years_used": 5, "gumbel_mu": 63.574, "gumbel_beta": 5.848}}, {"type": "Feature", "geometry": {"type": "Point", "coordinates": [75.0, 24.0]}, "properties": {"risk": 0.66, "years_used": 5, "gumbel_mu": 63.882, "gumbel_beta": 17.178}}, {"type": "Feature", "geometry": {"type": "Point", "coordinates": [76.0, 24.0]}, "properties": {"risk": 0.66, "years_used": 5, "gumbel_mu": 58.915, "gumbel_beta": 28.643}}, {"type": "Feature", "geometry": {"type": "Point", "coordinates": [77.0, 24.0]}, "properties": {"risk": 0.33, "years_used": 5, "gumbel_mu": 56.335, "gumbel_beta": 8.848}}, {"type": "Feature", "geometry": {"type": "Point", "coordinates": [78.0, 24.0]}, "properties": {"risk": 0.33, "years_used": 5, "gumbel_mu": 72.747, "gumbel_beta": 2.6}}, {"type": "Feature", "geometry": {"type": "Point", "coordinates": [79.0, 24.0]}, "properties": {"risk": 0.33, "years_used": 5, "gumbel_mu": 62.429, "gumbel_beta": 15.151}}, {"type": "Feature", "geometry": {"type": "Point", "coordinates": [80.0, 24.0]}, "properties": {"risk": 0.33, "years_used": 5, "gumbel_mu": 66.188, "gumbel_beta": 15.569}}, {"type": "Feature", "geometry": {"type": "Point", "coordinates": [81.0, 24.0]}, "properties": {"risk": 0.33, "years_used": 5, "gumbel_mu": 56.263, "gumbel_beta": 9.738}}, {"type": "Feature", "geometry": {"type": "Point", "coordinates": [82.0, 24.0]}, "properties": {"risk": 0.33, "years_used": 5, "gumbel_mu": 49.824, "gumbel_beta": 9.666}}, {"type": "Feature", "geometry": {"type": "Point", "coordinates": [83.0, 24.0]}, "properties": {"risk": 0.33, "years_used": 5, "gumbel_mu": 49.476, "gumbel_beta": 2.157}}, {"type": "Feature", "geometry": {"type": "Point", "coordinates": [84.0, 24.0]}, "properties": {"risk": 0.0, "years_used": 5, "gumbel_mu": 44.963, "gumbel_beta": 7.211}}, {"type": "Feature", "geometry": {"type": "Point", "coordinates": [85.0, 24.0]}, "properties": {"risk": 0.0, "years_used": 5, "gumbel_mu": 47.282, "gumbel_beta": 7.946}}, {"type": "Feature", "geometry": {"type": "Point", "coordinates": [86.0, 24.0]}, "properties": {"risk": 0.33, "years_used": 5, "gumbel_mu": 57.584, "gumbel_beta": 11.656}}, {"type": "Feature", "geometry": {"type": "Point", "coordinates": [87.0, 24.0]}, "properties": {"risk": 0.33, "years_used": 5, "gumbel_mu": 52.719, "gumbel_beta": 12.197}}, {"type": "Feature", "geometry": {"type": "Point", "coordinates": [88.0, 24.0]}, "properties": {"risk": 0.0, "years_used": 5, "gumbel_mu": 46.542, "gumbel_beta": 24.472}}, {"type": "Feature", "geometry": {"type": "Point", "coordinates": [89.0, 24.0]}, "properties": {"risk": 0.33, "years_used": 5, "gumbel_mu": 68.188, "gumbel_beta": 51.812}}, {"type": "Feature", "geometry": {"type": "Point", "coordinates": [90.0, 24.0]}, "properties": {"risk": 0.33, "years_used": 5, "gumbel_mu": 69.464, "gumbel_beta": 26.102}}, {"type": "Feature", "geometry": {"type": "Point", "coordinates": [91.0, 24.0]}, "properties": {"risk": 0.33, "years_used": 5, "gumbel_mu": 85.842, "gumbel_beta": 36.987}}, {"type": "Feature", "geometry": {"type": "Point", "coordinates": [92.0, 24.0]}, "properties": {"risk": 0.66, "years_used": 5, "gumbel_mu": 104.519, "gumbel_beta": 13.785}}, {"type": "Feature", "geometry": {"type": "Point", "coordinates": [93.0, 24.0]}, "properties": {"risk": 0.33, "years_used": 5, "gumbel_mu": 90.712, "gumbel_beta": 30.141}}, {"type": "Feature", "geometry": {"type": "Point", "coordinates": [94.0, 24.0]}, "properties": {"risk": 0.33, "years_used": 5, "gumbel_mu": 93.866, "gumbel_beta": 27.994}}, {"type": "Feature", "geometry": {"type": "Point", "coordinates": [95.0, 24.0]}, "properties": {"risk": 0.0, "years_used": 5, "gumbel_mu": 61.052, "gumbel_beta": 18.638}}, {"type": "Feature", "geometry": {"type": "Point", "coordinates": [96.0, 24.0]}, "properties": {"risk": 0.0, "years_used": 5, "gumbel_mu": 52.906, "gumbel_beta": 15.303}}, {"type": "Feature", "geometry": {"type": "Point", "coordinates": [97.0, 24.0]}, "properties": {"risk": 0.33, "years_used": 5, "gumbel_mu": 80.736, "gumbel_beta": 21.659}}, {"type": "Feature", "geometry": {"type": "Point", "coordinates": [98.0, 24.0]}, "properties": {"risk": 0.33, "years_used": 5, "gumbel_mu": 82.767, "gumbel_beta": 18.084}}, {"type": "Feature", "geometry": {"type": "Point", "coordinates": [99.0, 24.0]}, "properties": {"risk": 0.33, "years_used": 5, "gumbel_mu": 89.883, "gumbel_beta": 36.055}}, {"type": "Feature", "geometry": {"type": "Point", "coordinates": [100.0, 24.0]}, "properties": {"risk": 0.33, "years_used": 5, "gumbel_mu": 69.22, "gumbel_beta": 26.179}}, {"type": "Feature", "geometry": {"type": "Point", "coordinates": [101.0, 24.0]}, "properties": {"risk": 0.33, "years_used": 5, "gumbel_mu": 71.236, "gumbel_beta": 31.539}}, {"type": "Feature", "geometry": {"type": "Point", "coordinates": [102.0, 24.0]}, "properties": {"risk": 0.0, "years_used": 5, "gumbel_mu": 52.77, "gumbel_beta": 20.113}}, {"type": "Feature", "geometry": {"type": "Point", "coordinates": [103.0, 24.0]}, "properties": {"risk": 0.33, "years_used": 5, "gumbel_mu": 55.334, "gumbel_beta": 11.201}}, {"type": "Feature", "geometry": {"type": "Point", "coordinates": [104.0, 24.0]}, "properties": {"risk": 0.0, "years_used": 5, "gumbel_mu": 63.582, "gumbel_beta": 21.015}}, {"type": "Feature", "geometry": {"type": "Point", "coordinates": [105.0, 24.0]}, "properties": {"risk": 0.33, "years_used": 5, "gumbel_mu": 62.383, "gumbel_beta": 14.602}}, {"type": "Feature", "geometry": {"type": "Point", "coordinates": [106.0, 24.0]}, "properties": {"risk": 0.33, "years_used": 5, "gumbel_mu": 85.287, "gumbel_beta": 9.961}}, {"type": "Feature", "geometry": {"type": "Point", "coordinates": [107.0, 24.0]}, "properties": {"risk": 0.33, "years_used": 5, "gumbel_mu": 82.399, "gumbel_beta": 12.054}}, {"type": "Feature", "geometry": {"type": "Point", "coordinates": [108.0, 24.0]}, "properties": {"risk": 0.33, "years_used": 5, "gumbel_mu": 77.957, "gumbel_beta": 21.844}}, {"type": "Feature", "geometry": {"type": "Point", "coordinates": [109.0, 24.0]}, "properties": {"risk": 0.33, "years_used": 5, "gumbel_mu": 89.415, "gumbel_beta": 17.957}}, {"type": "Feature", "geometry": {"type": "Point", "coordinates": [110.0, 24.0]}, "properties": {"risk": 0.66, "years_used": 5, "gumbel_mu": 85.241, "gumbel_beta": 28.099}}, {"type": "Feature", "geometry": {"type": "Point", "coordinates": [111.0, 24.0]}, "properties": {"risk": 0.33, "years_used": 5, "gumbel_mu": 82.694, "gumbel_beta": 25.138}}, {"type": "Feature", "geometry": {"type": "Point", "coordinates": [112.0, 24.0]}, "properties": {"risk": 0.33, "years_used": 5, "gumbel_mu": 81.447, "gumbel_beta": 32.509}}, {"type": "Feature", "geometry": {"type": "Point", "coordinates": [113.0, 24.0]}, "properties": {"risk": 0.66, "years_used": 5, "gumbel_mu": 110.941, "gumbel_beta": 15.205}}, {"type": "Feature", "geometry": {"type": "Point", "coordinates": [114.0, 24.0]}, "properties": {"risk": 0.66, "years_used": 5, "gumbel_mu": 131.617, "gumbel_beta": 39.392}}, {"type": "Feature", "geometry": {"type": "Point", "coordinates": [115.0, 24.0]}, "properties": {"risk": 0.33, "years_used": 5, "gumbel_mu": 106.493, "gumbel_beta": 40.129}}, {"type": "Feature", "geometry": {"type": "Point", "coordinates": [116.0, 24.0]}, "properties": {"risk": 0.66, "years_used": 5, "gumbel_mu": 90.936, "gumbel_beta": 22.366}}, {"type": "Feature", "geometry": {"type": "Point", "coordinates": [117.0, 24.0]}, "properties": {"risk": 0.66, "years_used": 5, "gumbel_mu": 93.878, "gumbel_beta": 13.047}}, {"type": "Feature", "geometry": {"type": "Point", "coordinates": [118.0, 24.0]}, "properties": {"no_data": true}}, {"type": "Feature", "geometry": {"type": "Point", "coordinates": [119.0, 24.0]}, "properties": {"no_data": true}}, {"type": "Feature", "geometry": {"type": "Point", "coordinates": [120.0, 24.0]}, "properties": {"no_data": true}}, {"type": "Feature", "geometry": {"type": "Point", "coordinates": [121.0, 24.0]}, "properties": {"risk": 0.33, "years_used": 5, "gumbel_mu": 120.597, "gumbel_beta": 41.335}}, {"type": "Feature", "geometry": {"type": "Point", "coordinates": [122.0, 24.0]}, "properties": {"no_data": true}}, {"type": "Feature", "geometry": {"type": "Point", "coordinates": [123.0, 24.0]}, "properties": {"no_data": true}}, {"type": "Feature", "geometry": {"type": "Point", "coordinates": [124.0, 24.0]}, "properties": {"no_data": true}}, {"type": "Feature", "geometry": {"type": "Point", "coordinates": [125.0, 24.0]}, "properties": {"no_data": true}}, {"type": "Feature", "geometry": {"type": "Point", "coordinates": [126.0, 24.0]}, "properties": {"no_data": true}}, {"type": "Feature", "geometry": {"type": "Point", "coordinates": [127.0, 24.0]}, "properties": {"no_data": true}}, {"type": "Feature", "geometry": {"type": "Point", "coordinates": [128.0, 24.0]}, "properties": {"no_data": true}}, {"type": "Feature", "geometry": {"type": "Point", "coordinates": [129.0, 24.0]}, "properties": {"no_data": true}}, {"type": "Feature", "geometry": {"type": "Point", "coordinates": [130.0, 24.0]}, "properties": {"no_data": true}}, {"type": "Feature", "geometry": {"type": "Point", "coordinates": [131.0, 24.0]}, "properties": {"no_data": true}}, {"type": "Feature", "geometry": {"type": "Point", "coordinates": [132.0, 24.0]}, "properties": {"no_data": true}}, {"type": "Feature", "geometry": {"type": "Point", "coordinates": [133.0, 24.0]}, "properties": {"no_data": true}}, {"type": "Feature", "geometry": {"type": "Point", "coordinates": [134.0, 24.0]}, "properties": {"no_data": true}}, {"type": "Feature", "geometry": {"type": "Point", "coordinates": [135.0, 24.0]}, "properties": {"no_data": true}}, {"type": "Feature", "geometry": {"type": "Point", "coordinates": [73.0, 25.0]}, "properties": {"risk": 0.0, "years_used": 5, "gumbel_mu": 51.835, "gumbel_beta": 8.57}}, {"type": "Feature", "geometry": {"type": "Point", "coordinates": [74.0, 25.0]}, "properties": {"risk": 0.33, "years_used": 5, "gumbel_mu": 56.307, "gumbel_beta": 5.968}}, {"type": "Feature", "geometry": {"type": "Point", "coordinates": [75.0, 25.0]}, "properties": {"risk": 0.33, "years_used": 5, "gumbel_mu": 52.318, "gumbel_beta": 11.296}}, {"type": "Feature", "geometry": {"type": "Point", "coordinates": [76.0, 25.0]}, "properties": {"risk": 0.33, "years_used": 5, "gumbel_mu": 52.913, "gumbel_beta": 13.372}}, {"type": "Feature", "geometry": {"type": "Point", "coordinates": [77.0, 25.0]}, "properties": {"risk": 0.0, "years_used": 5, "gumbel_mu": 48.823, "gumbel_beta": 11.217}}, {"type": "Feature", "geometry": {"type": "Point", "coordinates": [78.0, 25.0]}, "properties": {"risk": 0.33, "years_used": 5, "gumbel_mu": 58.03, "gumbel_beta": 6.859}}, {"type": "Feature", "geometry": {"type": "Point", "coordinates": [79.0, 25.0]}, "properties": {"risk": 0.0, "years_used": 5, "gumbel_mu": 61.055, "gumbel_beta": 14.603}}, {"type": "Feature", "geometry": {"type": "Point", "coordinates": [80.0, 25.0]}, "properties": {"risk": 0.33, "years_used": 5, "gumbel_mu": 52.705, "gumbel_beta": 10.394}}, {"type": "Feature", "geometry": {"type": "Point", "coordinates": [81.0, 25.0]}, "properties": {"risk": 0.33, "years_used": 5, "gumbel_mu": 47.853, "gumbel_beta": 11.319}}, {"type": "Feature", "geometry": {"type": "Point", "coordinates": [82.0, 25.0]}, "properties": {"risk": 0.0, "years_used": 5, "gumbel_mu": 46.283, "gumbel_beta": 10.578}}, {"type": "Feature", "geometry": {"type": "Point", "coordinates": [83.0, 25.0]}, "properties": {"risk": 0.0, "years_used": 5, "gumbel_mu": 52.843, "gumbel_beta": 5.523}}, {"type": "Feature", "geometry": {"type": "Point", "coordinates": [84.0, 25.0]}, "properties": {"risk": 0.33, "years_used": 5, "gumbel_mu": 49.534, "gumbel_beta": 5.92}}, {"type": "Feature", "geometry": {"type": "Point", "coordinates": [85.0, 25.0]}, "properties": {"risk": 0.0, "years_used": 5, "gumbel_mu": 52.67, "gumbel_beta": 5.624}}, {"type": "Feature", "geometry": {"type": "Point", "coordinates": [86.0, 25.0]}, "properties": {"risk": 0.33, "years_used": 5, "gumbel_mu": 61.091, "gumbel_beta": 8.436}}, {"type": "Feature", "geometry": {"type": "Point", "coordinates": [87.0, 25.0]}, "properties": {"risk": 0.0, "years_used": 5, "gumbel_mu": 57.923, "gumbel_beta": 32.079}}, {"type": "Feature", "geometry": {"type": "Point", "coordinates": [88.0, 25.0]}, "properties": {"risk": 0.0, "years_used": 5, "gumbel_mu": 60.767, "gumbel_beta": 8.119}}, {"type": "Feature", "geometry": {"type": "Point", "coordinates": [89.0, 25.0]}, "properties": {"risk": 0.33, "years_used": 5, "gumbel_mu": 62.379, "gumbel_beta": 87.594}}, {"type": "Feature", "geometry": {"type": "Point", "coordinates": [90.0, 25.0]}, "properties": {"risk": 0.33, "years_used": 5, "gumbel_mu": 82.543, "gumbel_beta": 39.54}}, {"type": "Feature", "geometry": {"type": "Point", "coordinates": [91.0, 25.0]}, "properties": {"risk": 0.66, "years_used": 5, "gumbel_mu": 128.693, "gumbel_beta": 27.851}}, {"type": "Feature", "geometry": {"type": "Point", "coordinates": [92.0, 25.0]}, "properties": {"risk": 0.66, "years_used": 5, "gumbel_mu": 144.5, "gumbel_beta": 18.354}}, {"type": "Feature", "geometry": {"type": "Point", "coordinates": [93.0, 25.0]}, "properties": {"risk": 0.66, "years_used": 5, "gumbel_mu": 152.356, "gumbel_beta": 44.091}}, {"type": "Feature", "geometry": {"type": "Point", "coordinates": [94.0, 25.0]}, "properties": {"risk": 0.33, "years_used": 5, "gumbel_mu": 78.187, "gumbel_beta": 21.997}}, {"type": "Feature", "geometry": {"type": "Point", "coordinates": [95.0, 25.0]}, "properties": {"risk": 0.33, "years_used": 5, "gumbel_mu": 103.528, "gumbel_beta": 28.917}}, {"type": "Feature", "geometry": {"type": "Point", "coordinates": [96.0, 25.0]}, "properties": {"risk": 0.33, "years_used": 5, "gumbel_mu": 78.489, "gumbel_beta": 18.763}}, {"type": "Feature", "geometry": {"type": "Point", "coordinates": [97.0, 25.0]}, "properties": {"risk": 0.33, "years_used": 5, "gumbel_mu": 94.952, "gumbel_beta": 8.671}}, {"type": "Feature", "geometry": {"type": "Point", "coordinates": [98.0, 25.0]}, "properties": {"risk": 0.33, "years_used": 5, "gumbel_mu": 81.729, "gumbel_beta": 23.86}}, {"type": "Feature", "geometry": {"type": "Point", "coordinates": [99.0, 25.0]}, "properties": {"risk": 0.33, "years_used": 5, "gumbel_mu": 73.906, "gumbel_beta": 28.293}}, {"type": "Feature", "geometry": {"type": "Point", "coordinates": [100.0, 25.0]}, "properties": {"risk": 0.33, "years_used": 5, "gumbel_mu": 84.558, "gumbel_beta": 21.238}}, {"type": "Feature", "geometry": {"type": "Point", "coordinates": [101.0, 25.0]}, "properties": {"risk": 0.33, "years_used": 5, "gumbel_mu": 63.205, "gumbel_beta": 14.843}}, {"type": "Feature", "geometry": {"type": "Point", "coordinates": [102.0, 25.0]}, "properties": {"risk": 0.33, "years_used": 5, "gumbel_mu": 71.785, "gumbel_beta": 12.986}}, {"type": "Feature", "geometry": {"type": "Point", "coordinates": [103.0, 25.0]}, "properties": {"risk": 0.33, "years_used": 5, "gumbel_mu": 79.31, "gumbel_beta": 22.399}}, {"type": "Feature", "geometry": {"type": "Point", "coordinates": [104.0, 25.0]}, "properties": {"risk": 0.33, "years_used": 5, "gumbel_mu": 74.116, "gumbel_beta": 13.642}}, {"type": "Feature", "geometry": {"type": "Point", "coordinates": [105.0, 25.0]}, "properties": {"risk": 0.33, "years_used": 5, "gumbel_mu": 78.621, "gumbel_beta": 11.295}}, {"type": "Feature", "geometry": {"type": "Point", "coordinates": [106.0, 25.0]}, "properties": {"risk": 0.33, "years_used": 5, "gumbel_mu": 80.778, "gumbel_beta": 7.874}}, {"type": "Feature", "geometry": {"type": "Point", "coordinates": [107.0, 25.0]}, "properties": {"risk": 0.33, "years_used": 5, "gumbel_mu": 82.739, "gumbel_beta": 10.425}}, {"type": "Feature", "geometry": {"type": "Point", "coordinates": [108.0, 25.0]}, "properties": {"risk": 0.33, "years_used": 5, "gumbel_mu": 98.59, "gumbel_beta": 17.941}}, {"type": "Feature", "geometry": {"type": "Point", "coordinates": [109.0, 25.0]}, "properties": {"risk": 0.66, "years_used": 5, "gumbel_mu": 102.723, "gumbel_beta": 29.603}}, {"type": "Feature", "geometry": {"type": "Point", "coordinates": [110.0, 25.0]}, "properties": {"risk": 0.66, "years_used": 5, "gumbel_mu": 143.539, "gumbel_beta": 47.072}}, {"type": "Feature", "geometry": {"type": "Point", "coordinates": [111.0, 25.0]}, "properties": {"risk": 0.66, "years_used": 5, "gumbel_mu": 108.712, "gumbel_beta": 53.879}}, {"type": "Feature", "geometry": {"type": "Point", "coordinates": [112.0, 25.0]}, "properties": {"risk": 0.66, "years_used": 5, "gumbel_mu": 127.261, "gumbel_beta": 17.675}}, {"type": "Feature", "geometry": {"type": "Point", "coordinates": [113.0, 25.0]}, "properties": {"risk": 0.66, "years_used": 5, "gumbel_mu": 114.412, "gumbel_beta": 49.333}}, {"type": "Feature", "geometry": {"type": "Point", "coordinates": [114.0, 25.0]}, "properties": {"risk": 0.33, "years_used": 5, "gumbel_mu": 109.798, "gumbel_beta": 27.646}}, {"type": "Feature", "geometry": {"type": "Point", "coordinates": [115.0, 25.0]}, "properties": {"risk": 0.66, "years_used": 5, "gumbel_mu": 118.404, "gumbel_beta": 25.728}}, {"type": "Feature", "geometry": {"type": "Point", "coordinates": [116.0, 25.0]}, "properties": {"risk": 0.33, "years_used": 5, "gumbel_mu": 101.672, "gumbel_beta": 29.683}}, {"type": "Feature", "geometry": {"type": "Point", "coordinates": [117.0, 25.0]}, "properties": {"risk": 0.66, "years_used": 5, "gumbel_mu": 159.196, "gumbel_beta": 55.727}}, {"type": "Feature", "geometry": {"type": "Point", "coordinates": [118.0, 25.0]}, "properties": {"risk": 0.33, "years_used": 5, "gumbel_mu": 105.04, "gumbel_beta": 28.232}}, {"type": "Feature", "geometry": {"type": "Point", "coordinates": [119.0, 25.0]}, "properties": {"risk": 0.33, "years_used": 5, "gumbel_mu": 74.49, "gumbel_beta": 34.473}}, {"type": "Feature", "geometry": {"type": "Point", "coordinates": [120.0, 25.0]}, "properties": {"no_data": true}}, {"type": "Feature", "geometry": {"type": "Point", "coordinates": [121.0, 25.0]}, "properties": {"no_data": true}}, {"type": "Feature", "geometry": {"type": "Point", "coordinates": [122.0, 25.0]}, "properties": {"risk": 0.66, "years_used": 5, "gumbel_mu": 103.744, "gumbel_beta": 34.958}}, {"type": "Feature", "geometry": {"type": "Point", "coordinates": [123.0, 25.0]}, "properties": {"no_data": true}}, {"type": "Feature", "geometry": {"type": "Point", "coordinates": [124.0, 25.0]}, "properties": {"no_data": true}}, {"type": "Feature", "geometry": {"type": "Point", "coordinates": [125.0, 25.0]}, "properties": {"no_data": true}}, {"type": "Feature", "geometry": {"type": "Point", "coordinates": [126.0, 25.0]}, "properties": {"no_data": true}}, {"type": "Feature", "geometry": {"type": "Point", "coordinates": [127.0, 25.0]}, "properties": {"no_data": true}}, {"type": "Feature", "geometry": {"type": "Point", "coordinates": [128.0, 25.0]}, "properties": {"no_data": true}}, {"type": "Feature", "geometry": {"type": "Point", "coordinates": [129.0, 25.0]}, "properties": {"no_data": true}}, {"type": "Feature", "geometry": {"type": "Point", "coordinates": [130.0, 25.0]}, "properties": {"no_data": true}}, {"type": "Feature", "geometry": {"type": "Point", "coordinates": [131.0, 25.0]}, "properties": {"no_data": true}}, {"type": "Feature", "geometry": {"type": "Point", "coordinates": [132.0, 25.0]}, "properties": {"no_data": true}}, {"type": "Feature", "geometry": {"type": "Point", "coordinates": [133.0, 25.0]}, "properties": {"no_data": true}}, {"type": "Feature", "geometry": {"type": "Point", "coordinates": [134.0, 25.0]}, "properties": {"no_data": true}}, {"type": "Feature", "geometry": {"type": "Point", "coordinates": [135.0, 25.0]}, "properties": {"no_data": true}}, {"type": "Feature", "geometry": {"type": "Point", "coordinates": [73.0, 26.0]}, "properties": {"risk": 0.0, "years_used": 5, "gumbel_mu": 37.707, "gumbel_beta": 6.222}}, {"type": "Feature", "geometry": {"type": "Point", "coordinates": [74.0, 26.0]}, "properties": {"risk": 0.0, "years_used": 5, "gumbel_mu": 45.835, "gumbel_beta": 7.307}}, {"type": "Feature", "geometry": {"type": "Point", "coordinates": [75.0, 26.0]}, "properties": {"risk": 0.0, "years_used": 5, "gumbel_mu": 43.094, "gumbel_beta": 7.187}}, {"type": "Feature", "geometry": {"type": "Point", "coordinates": [76.0, 26.0]}, "properties": {"risk": 0.33, "years_used": 5, "gumbel_mu": 55.091, "gumbel_beta": 5.199}}, {"type": "Feature", "geometry": {"type": "Point", "coordinates": [77.0, 26.0]}, "properties": {"risk": 0.0, "years_used": 5, "gumbel_mu": 49.733, "gumbel_beta": 7.088}}, {"type": "Feature", "geometry": {"type": "Point", "coordinates": [78.0, 26.0]}, "properties": {"risk": 0.0, "years_used": 5, "gumbel_mu": 46.529, "gumbel_beta": 4.141}}, {"type": "Feature", "geometry": {"type": "Point", "coordinates": [79.0, 26.0]}, "properties": {"risk": 0.0, "years_used": 5, "gumbel_mu": 43.594, "gumbel_beta": 5.717}}, {"type": "Feature", "geometry": {"type": "Point", "coordinates": [80.0, 26.0]}, "properties": {"risk": 0.33, "years_used": 5, "gumbel_mu": 54.176, "gumbel_beta": 9.656}}, {"type": "Feature", "geometry": {"type": "Point", "coordinates": [81.0, 26.0]}, "properties": {"risk": 0.33, "years_used": 5, "gumbel_mu": 54.181, "gumbel_beta": 7.807}}, {"type": "Feature", "geometry": {"type": "Point", "coordinates": [82.0, 26.0]}, "properties": {"risk": 0.33, "years_used": 5, "gumbel_mu": 58.745, "gumbel_beta": 11.914}}, {"type": "Feature", "geometry": {"type": "Point", "coordinates": [83.0, 26.0]}, "properties": {"risk": 0.33, "years_used": 5, "gumbel_mu": 62.722, "gumbel_beta": 4.43}}, {"type": "Feature", "geometry": {"type": "Point", "coordinates": [84.0, 26.0]}, "properties": {"risk": 0.33, "years_used": 5, "gumbel_mu": 56.184, "gumbel_beta": 8.144}}, {"type": "Feature", "geometry": {"type": "Point", "coordinates": [85.0, 26.0]}, "properties": {"risk": 0.33, "years_used": 5, "gumbel_mu": 63.412, "gumbel_beta": 9.349}}, {"type": "Feature", "geometry": {"type": "Point", "coordinates": [86.0, 26.0]}, "properties": {"risk": 0.33, "years_used": 5, "gumbel_mu": 60.283, "gumbel_beta": 17.745}}, {"type": "Feature", "geometry": {"type": "Point", "coordinates": [87.0, 26.0]}, "properties": {"risk": 0.33, "years_used": 5, "gumbel_mu": 74.71, "gumbel_beta": 21.216}}, {"type": "Feature", "geometry": {"type": "Point", "coordinates": [88.0, 26.0]}, "properties": {"risk": 0.66, "years_used": 5, "gumbel_mu": 100.465, "gumbel_beta": 25.174}}, {"type": "Feature", "geometry": {"type": "Point", "coordinates": [89.0, 26.0]}, "properties": {"risk": 0.66, "years_used": 5, "gumbel_mu": 98.964, "gumbel_beta": 21.413}}, {"type": "Feature", "geometry": {"type": "Point", "coordinates": [90.0, 26.0]}, "properties": {"risk": 0.66, "years_used": 5, "gumbel_mu": 95.185, "gumbel_beta": 30.102}}, {"type": "Feature", "geometry": {"type": "Point", "coordinates": [91.0, 26.0]}, "properties": {"risk": 0.66, "years_used": 5, "gumbel_mu": 122.642, "gumbel_beta": 15.493}}, {"type": "Feature", "geometry": {"type": "Point", "coordinates": [92.0, 26.0]}, "properties": {"risk": 0.66, "years_used": 5, "gumbel_mu": 87.192, "gumbel_beta": 23.834}}, {"type": "Feature", "geometry": {"type": "Point", "coordinates": [93.0, 26.0]}, "properties": {"risk": 0.66, "years_used": 5, "gumbel_mu": 90.562, "gumbel_beta": 14.001}}, {"type": "Feature", "geometry": {"type": "Point", "coordinates": [94.0, 26.0]}, "properties": {"risk": 0.66, "years_used": 5, "gumbel_mu": 96.078, "gumbel_beta": 24.838}}, {"type": "Feature", "geometry": {"type": "Point", "coordinates": [95.0, 26.0]}, "properties": {"risk": 0.33, "years_used": 5, "gumbel_mu": 83.765, "gumbel_beta": 17.334}}, {"type": "Feature", "geometry": {"type": "Point", "coordinates": [96.0, 26.0]}, "properties": {"risk": 0.33, "years_used": 5, "gumbel_mu": 115.306, "gumbel_beta": 29.849}}, {"type": "Feature", "geometry": {"type": "Point", "coordinates": [97.0, 26.0]}, "properties": {"risk": 0.33, "years_used": 5, "gumbel_mu": 108.947, "gumbel_beta": 25.955}}, {"type": "Feature", "geometry": {"type": "Point", "coordinates": [98.0, 26.0]}, "properties": {"risk": 0.66, "years_used": 5, "gumbel_mu": 106.202, "gumbel_beta": 21.553}}, {"type": "Feature", "geometry": {"type": "Point", "coordinates": [99.0, 26.0]}, "properties": {"risk": 0.33, "years_used": 5, "gumbel_mu": 96.004, "gumbel_beta": 25.455}}, {"type": "Feature", "geometry": {"type": "Point", "coordinates": [100.0, 26.0]}, "properties": {"risk": 0.33, "years_used": 5, "gumbel_mu": 84.805, "gumbel_beta": 8.926}}, {"type": "Feature", "geometry": {"type": "Point", "coordinates": [101.0, 26.0]}, "properties": {"risk": 0.33, "years_used": 5, "gumbel_mu": 61.99, "gumbel_beta": 9.434}}, {"type": "Feature", "geometry": {"type": "Point", "coordinates": [102.0, 26.0]}, "properties": {"risk": 0.33, "years_used": 5, "gumbel_mu": 62.529, "gumbel_beta": 16.565}}, {"type": "Feature", "geometry": {"type": "Point", "coordinates": [103.0, 26.0]}, "properties": {"risk": 0.33, "years_used": 5, "gumbel_mu": 62.144, "gumbel_beta": 20.243}}, {"type": "Feature", "geometry": {"type": "Point", "coordinates": [104.0, 26.0]}, "properties": {"risk": 0.33, "years_used": 5, "gumbel_mu": 72.901, "gumbel_beta": 14.534}}, {"type": "Feature", "geometry": {"type": "Point", "coordinates": [105.0, 26.0]}, "properties": {"risk": 0.33, "years_used": 5, "gumbel_mu": 75.24, "gumbel_beta": 23.51}}, {"type": "Feature", "geometry": {"type": "Point", "coordinates": [106.0, 26.0]}, "properties": {"risk": 0.33, "years_used": 5, "gumbel_mu": 83.229, "gumbel_beta": 16.035}}, {"type": "Feature", "geometry": {"type": "Point", "coordinates": [107.0, 26.0]}, "properties": {"risk": 0.33, "years_used": 5, "gumbel_mu": 81.333, "gumbel_beta": 16.058}}, {"type": "Feature", "geometry": {"type": "Point", "coordinates": [108.0, 26.0]}, "properties": {"risk": 0.33, "years_used": 5, "gumbel_mu": 67.989, "gumbel_beta": 9.031}}, {"type": "Feature", "geometry": {"type": "Point", "coordinates": [109.0, 26.0]}, "properties": {"risk": 0.66, "years_used": 5, "gumbel_mu": 88.615, "gumbel_beta": 14.027}}, {"type": "Feature", "geometry": {"type": "Point", "coordinates": [110.0, 26.0]}, "properties": {"risk": 0.66, "years_used": 5, "gumbel_mu": 108.155, "gumbel_beta": 24.603}}, {"type": "Feature", "geometry": {"type": "Point", "coordinates": [111.0, 26.0]}, "properties": {"risk": 0.66, "years_used": 5, "gumbel_mu": 113.193, "gumbel_beta": 55.145}}, {"type": "Feature", "geometry": {"type": "Point", "coordinates": [112.0, 26.0]}, "properties": {"risk": 0.33, "years_used": 5, "gumbel_mu": 126.836, "gumbel_beta": 41.657}}, {"type": "Feature", "geometry": {"type": "Point", "coordinates": [113.0, 26.0]}, "properties": {"risk": 0.66, "years_used": 5, "gumbel_mu": 126.507, "gumbel_beta": 44.103}}, {"type": "Feature", "geometry": {"type": "Point", "coordinates": [114.0, 26.0]}, "properties": {"risk": 0.66, "years_used": 5, "gumbel_mu": 116.654, "gumbel_beta": 53.552}}, {"type": "Feature", "geometry": {"type": "Point", "coordinates": [115.0, 26.0]}, "properties": {"risk": 0.33, "years_used": 5, "gumbel_mu": 116.044, "gumbel_beta": 53.654}}, {"type": "Feature", "geometry": {"type": "Point", "coordinates": [116.0, 26.0]}, "properties": {"risk": 0.33, "years_used": 5, "gumbel_mu": 118.768, "gumbel_beta": 56.629}}, {"type": "Feature", "geometry": {"type": "Point", "coordinates": [117.0, 26.0]}, "properties": {"risk": 0.66, "years_used": 5, "gumbel_mu": 141.465, "gumbel_beta": 23.918}}, {"type": "Feature", "geometry": {"type": "Point", "coordinates": [118.0, 26.0]}, "properties": {"risk": 0.66, "years_used": 5, "gumbel_mu": 137.029, "gumbel_beta": 18.552}}, {"type": "Feature", "geometry": {"type": "Point", "coordinates": [119.0, 26.0]}, "properties": {"risk": 0.66, "years_used": 5, "gumbel_mu": 109.864, "gumbel_beta": 40.633}}, {"type": "Feature", "geometry": {"type": "Point", "coordinates": [120.0, 26.0]}, "properties": {"no_data": true}}, {"type": "Feature", "geometry": {"type": "Point", "coordinates": [121.0, 26.0]}, "properties": {"no_data": true}}, {"type": "Feature", "geometry": {"type": "Point", "coordinates": [122.0, 26.0]}, "properties": {"no_data": true}}, {"type": "Feature", "geometry": {"type": "Point", "coordinates": [123.0, 26.0]}, "properties": {"no_data": true}}, {"type": "Feature", "geometry": {"type": "Point", "coordinates": [124.0, 26.0]}, "properties": {"no_data": true}}, {"type": "Feature", "geometry": {"type": "Point", "coordinates": [125.0, 26.0]}, "properties": {"no_data": true}}, {"type": "Feature", "geometry": {"type": "Point", "coordinates": [126.0, 26.0]}, "properties": {"no_data": true}}, {"type": "Feature", "geometry": {"type": "Point", "coordinates": [127.0, 26.0]}, "properties": {"no_data": true}}, {"type": "Feature", "geometry": {"type": "Point", "coordinates": [128.0, 26.0]}, "properties": {"no_data": true}}, {"type": "Feature", "geometry": {"type": "Point", "coordinates": [129.0, 26.0]}, "properties": {"no_data": true}}, {"type": "Feature", "geometry": {"type": "Point", "coordinates": [130.0, 26.0]}, "properties": {"no_data": true}}, {"type": "Feature", "geometry": {"type": "Point", "coordinates": [131.0, 26.0]}, "properties": {"no_data": true}}, {"type": "Feature", "geometry": {"type": "Point", "coordinates": [132.0, 26.0]}, "properties": {"no_data": true}}, {"type": "Feature", "geometry": {"type": "Point", "coordinates": [133.0, 26.0]}, "properties": {"no_data": true}}, {"type": "Feature", "geometry": {"type": "Point", "coordinates": [134.0, 26.0]}, "properties": {"no_data": true}}, {"type": "Feature", "geometry": {"type": "Point", "coordinates": [135.0, 26.0]}, "properties": {"no_data": true}}, {"type": "Feature", "geometry": {"type": "Point", "coordinates": [73.0, 27.0]}, "properties": {"risk": 0.0, "years_used": 5, "gumbel_mu": 26.319, "gumbel_beta": 7.522}}, {"type": "Feature", "geometry": {"type": "Point", "coordinates": [74.0, 27.0]}, "properties": {"risk": 0.0, "years_used": 5, "gumbel_mu": 34.524, "gumbel_beta": 7.26}}, {"type": "Feature", "geometry": {"type": "Point", "coordinates": [75.0, 27.0]}, "properties": {"risk": 0.33, "years_used": 5, "gumbel_mu": 44.074, "gumbel_beta": 7.476}}, {"type": "Feature", "geometry": {"type": "Point", "coordinates": [76.0, 27.0]}, "properties": {"risk": 0.0, "years_used": 5, "gumbel_mu": 40.443, "gumbel_beta": 9.467}}, {"type": "Feature", "geometry": {"type": "Point", "coordinates": [77.0, 27.0]}, "properties": {"risk": 0.0, "years_used": 5, "gumbel_mu": 43.956, "gumbel_beta": 9.049}}, {"type": "Feature", "geometry": {"type": "Point", "coordinates": [78.0, 27.0]}, "properties": {"risk": 0.0, "years_used": 5, "gumbel_mu": 39.49, "gumbel_beta": 3.834}}, {"type": "Feature", "geometry": {"type": "Point", "coordinates": [79.0, 27.0]}, "properties": {"risk": 0.33, "years_used": 5, "gumbel_mu": 50.755, "gumbel_beta": 9.112}}, {"type": "Feature", "geometry": {"type": "Point", "coordinates": [80.0, 27.0]}, "properties": {"risk": 0.0, "years_used": 5, "gumbel_mu": 46.053, "gumbel_beta": 13.293}}, {"type": "Feature", "geometry": {"type": "Point", "coordinates": [81.0, 27.0]}, "properties": {"risk": 0.33, "years_used": 5, "gumbel_mu": 57.8, "gumbel_beta": 3.429}}, {"type": "Feature", "geometry": {"type": "Point", "coordinates": [82.0, 27.0]}, "properties": {"risk": 0.33, "years_used": 5, "gumbel_mu": 66.267, "gumbel_beta": 7.291}}, {"type": "Feature", "geometry": {"type": "Point", "coordinates": [83.0, 27.0]}, "properties": {"risk": 0.33, "years_used": 5, "gumbel_mu": 62.7, "gumbel_beta": 13.891}}, {"type": "Feature", "geometry": {"type": "Point", "coordinates": [84.0, 27.0]}, "properties": {"risk": 0.33, "years_used": 5, "gumbel_mu": 63.67, "gumbel_beta": 13.279}}, {"type": "Feature", "geometry": {"type": "Point", "coordinates": [85.0, 27.0]}, "properties": {"risk": 0.33, "years_used": 5, "gumbel_mu": 59.705, "gumbel_beta": 16.065}}, {"type": "Feature", "geometry": {"type": "Point", "coordinates": [86.0, 27.0]}, "properties": {"risk": 0.33, "years_used": 5, "gumbel_mu": 68.126, "gumbel_beta": 12.556}}, {"type": "Feature", "geometry": {"type": "Point", "coordinates": [87.0, 27.0]}, "properties": {"risk": 0.33, "years_used": 5, "gumbel_mu": 68.682, "gumbel_beta": 14.818}}, {"type": "Feature", "geometry": {"type": "Point", "coordinates": [88.0, 27.0]}, "properties": {"risk": 0.66, "years_used": 5, "gumbel_mu": 105.182, "gumbel_beta": 3.816}}, {"type": "Feature", "geometry": {"type": "Point", "coordinates": [89.0, 27.0]}, "properties": {"risk": 0.66, "years_used": 5, "gumbel_mu": 93.762, "gumbel_beta": 26.769}}, {"type": "Feature", "geometry": {"type": "Point", "coordinates": [90.0, 27.0]}, "properties": {"risk": 0.33, "years_used": 5, "gumbel_mu": 82.506, "gumbel_beta": 21.243}}, {"type": "Feature", "geometry": {"type": "Point", "coordinates": [91.0, 27.0]}, "properties": {"risk": 0.33, "years_used": 5, "gumbel_mu": 77.254, "gumbel_beta": 12.233}}, {"type": "Feature", "geometry": {"type": "Point", "coordinates": [92.0, 27.0]}, "properties": {"risk": 0.33, "years_used": 5, "gumbel_mu": 76.424, "gumbel_beta": 12.869}}, {"type": "Feature", "geometry": {"type": "Point", "coordinates": [93.0, 27.0]}, "properties": {"risk": 0.33, "years_used": 5, "gumbel_mu": 84.494, "gumbel_beta": 31.169}}, {"type": "Feature", "geometry": {"type": "Point", "coordinates": [94.0, 27.0]}, "properties": {"risk": 0.66, "years_used": 5, "gumbel_mu": 117.302, "gumbel_beta": 43.987}}, {"type": "Feature", "geometry": {"type": "Point", "coordinates": [95.0, 27.0]}, "properties": {"risk": 0.33, "years_used": 5, "gumbel_mu": 103.377, "gumbel_beta": 47.614}}, {"type": "Feature", "geometry": {"type": "Point", "coordinates": [96.0, 27.0]}, "properties": {"risk": 0.66, "years_used": 5, "gumbel_mu": 135.494, "gumbel_beta": 24.005}}, {"type": "Feature", "geometry": {"type": "Point", "coordinates": [97.0, 27.0]}, "properties": {"risk": 0.66, "years_used": 5, "gumbel_mu": 146.335, "gumbel_beta": 20.582}}, {"type": "Feature", "geometry": {"type": "Point", "coordinates": [98.0, 27.0]}, "properties": {"risk": 0.33, "years_used": 5, "gumbel_mu": 117.452, "gumbel_beta": 38.544}}, {"type": "Feature", "geometry": {"type": "Point", "coordinates": [99.0, 27.0]}, "properties": {"risk": 0.33, "years_used": 5, "gumbel_mu": 68.666, "gumbel_beta": 20.854}}, {"type": "Feature", "geometry": {"type": "Point", "coordinates": [100.0, 27.0]}, "properties": {"risk": 0.33, "years_used": 5, "gumbel_mu": 60.484, "gumbel_beta": 12.712}}, {"type": "Feature", "geometry": {"type": "Point", "coordinates": [101.0, 27.0]}, "properties": {"risk": 0.33, "years_used": 5, "gumbel_mu": 65.633, "gumbel_beta": 24.936}}, {"type": "Feature", "geometry": {"type": "Point", "coordinates": [102.0, 27.0]}, "properties": {"risk": 0.33, "years_used": 5, "gumbel_mu": 81.372, "gumbel_beta": 16.607}}, {"type": "Feature", "geometry": {"type": "Point", "coordinates": [103.0, 27.0]}, "properties": {"risk": 0.33, "years_used": 5, "gumbel_mu": 52.487, "gumbel_beta": 12.378}}, {"type": "Feature", "geometry": {"type": "Point", "coordinates": [104.0, 27.0]}, "properties": {"risk": 0.33, "years_used": 5, "gumbel_mu": 54.983, "gumbel_beta": 15.038}}, {"type": "Feature", "geometry": {"type": "Point", "coordinates": [105.0, 27.0]}, "properties": {"risk": 0.33, "years_used": 5, "gumbel_mu": 69.436, "gumbel_beta": 22.091}}, {"type": "Feature", "geometry": {"type": "Point", "coordinates": [106.0, 27.0]}, "properties": {"risk": 0.33, "years_used": 5, "gumbel_mu": 87.15, "gumbel_beta": 32.38}}, {"type": "Feature", "geometry": {"type": "Point", "coordinates": [107.0, 27.0]}, "properties": {"risk": 0.33, "years_used": 5, "gumbel_mu": 85.665, "gumbel_beta": 14.424}}, {"type": "Feature", "geometry": {"type": "Point", "coordinates": [108.0, 27.0]}, "properties": {"risk": 0.33, "years_used": 5, "gumbel_mu": 70.426, "gumbel_beta": 16.049}}, {"type": "Feature", "geometry": {"type": "Point", "coordinates": [109.0, 27.0]}, "properties": {"risk": 0.66, "years_used": 5, "gumbel_mu": 79.932, "gumbel_beta": 17.102}}, {"type": "Feature", "geometry": {"type": "Point", "coordinates": [110.0, 27.0]}, "properties": {"risk": 0.66, "years_used": 5, "gumbel_mu": 99.116, "gumbel_beta": 14.568}}, {"type": "Feature", "geometry": {"type": "Point", "coordinates": [111.0, 27.0]}, "properties": {"risk": 0.66, "years_used": 5, "gumbel_mu": 92.087, "gumbel_beta": 21.154}}, {"type": "Feature", "geometry": {"type": "Point", "coordinates": [112.0, 27.0]}, "properties": {"risk": 0.33, "years_used": 5, "gumbel_mu": 111.404, "gumbel_beta": 34.877}}, {"type": "Feature", "geometry": {"type": "Point", "coordinates": [113.0, 27.0]}, "properties": {"risk": 0.66, "years_used": 5, "gumbel_mu": 126.491, "gumbel_beta": 31.551}}, {"type": "Feature", "geometry": {"type": "Point", "coordinates": [114.0, 27.0]}, "properties": {"risk": 0.66, "years_used": 5, "gumbel_mu": 104.305, "gumbel_beta": 49.021}}, {"type": "Feature", "geometry": {"type": "Point", "coordinates": [115.0, 27.0]}, "properties": {"risk": 0.66, "years_used": 5, "gumbel_mu": 104.042, "gumbel_beta": 47.439}}, {"type": "Feature", "geometry": {"type": "Point", "coordinates": [116.0, 27.0]}, "properties": {"risk": 0.66, "years_used": 5, "gumbel_mu": 181.967, "gumbel_beta": 59.106}}, {"type": "Feature", "geometry": {"type": "Point", "coordinates": [117.0, 27.0]}, "properties": {"risk": 0.66, "years_used": 5, "gumbel_mu": 119.063, "gumbel_beta": 56.178}}, {"type": "Feature", "geometry": {"type": "Point", "coordinates": [118.0, 27.0]}, "properties": {"risk": 0.66, "years_used": 5, "gumbel_mu": 114.472, "gumbel_beta": 37.116}}, {"type": "Feature", "geometry": {"type": "Point", "coordinates": [119.0, 27.0]}, "properties": {"risk": 0.66, "years_used": 5, "gumbel_mu": 102.977, "gumbel_beta": 21.018}}, {"type": "Feature", "geometry": {"type": "Point", "coordinates": [120.0, 27.0]}, "properties": {"risk": 0.66, "years_used": 5, "gumbel_mu": 140.877, "gumbel_beta": 15.959}}, {"type": "Feature", "geometry": {"type": "Point", "coordinates": [121.0, 27.0]}, "properties": {"no_data": true}}, {"type": "Feature", "geometry": {"type": "Point", "coordinates": [122.0, 27.0]}, "properties": {"no_data": true}}, {"type": "Feature", "geometry": {"type": "Point", "coordinates": [123.0, 27.0]}, "properties": {"no_data": true}}, {"type": "Feature", "geometry": {"type": "Point", "coordinates": [124.0, 27.0]}, "properties": {"no_data": true}}, {"type": "Feature", "geometry": {"type": "Point", "coordinates": [125.0, 27.0]}, "properties": {"no_data": true}}, {"type": "Feature", "geometry": {"type": "Point", "coordinates": [126.0, 27.0]}, "properties": {"no_data": true}}, {"type": "Feature", "geometry": {"type": "Point", "coordinates": [127.0, 27.0]}, "properties": {"no_data": true}}, {"type": "Feature", "geometry": {"type": "Point", "coordinates": [128.0, 27.0]}, "properties": {"risk": 0.66, "years_used": 5, "gumbel_mu": 108.296, "gumbel_beta": 12.495}}, {"type": "Feature", "geometry": {"type": "Point", "coordinates": [129.0, 27.0]}, "properties": {"no_data": true}}, {"type": "Feature", "geometry": {"type": "Point", "coordinates": [130.0, 27.0]}, "properties": {"no_data": true}}, {"type": "Feature", "geometry": {"type": "Point", "coordinates": [131.0, 27.0]}, "properties": {"no_data": true}}, {"type": "Feature", "geometry": {"type": "Point", "coordinates": [132.0, 27.0]}, "properties": {"no_data": true}}, {"type": "Feature", "geometry": {"type": "Point", "coordinates": [133.0, 27.0]}, "properties": {"no_data": true}}, {"type": "Feature", "geometry": {"type": "Point", "coordinates": [134.0, 27.0]}, "properties": {"no_data": true}}, {"type": "Feature", "geometry": {"type": "Point", "coordinates": [135.0, 27.0]}, "properties": {"no_data": true}}, {"type": "Feature", "geometry": {"type": "Point", "coordinates": [73.0, 28.0]}, "properties": {"risk": 0.0, "years_used": 5, "gumbel_mu": 29.295, "gumbel_beta": 7.465}}, {"type": "Feature", "geometry": {"type": "Point", "coordinates": [74.0, 28.0]}, "properties": {"risk": 0.33, "years_used": 5, "gumbel_mu": 36.494, "gumbel_beta": 10.058}}, {"type": "Feature", "geometry": {"type": "Point", "coordinates": [75.0, 28.0]}, "properties": {"risk": 0.33, "years_used": 5, "gumbel_mu": 40.961, "gumbel_beta": 5.232}}, {"type": "Feature", "geometry": {"type": "Point", "coordinates": [76.0, 28.0]}, "properties": {"risk": 0.33, "years_used": 5, "gumbel_mu": 36.917, "gumbel_beta": 8.194}}, {"type": "Feature", "geometry": {"type": "Point", "coordinates": [77.0, 28.0]}, "properties": {"risk": 0.0, "years_used": 5, "gumbel_mu": 49.451, "gumbel_beta": 12.837}}, {"type": "Feature", "geometry": {"type": "Point", "coordinates": [78.0, 28.0]}, "properties": {"risk": 0.0, "years_used": 5, "gumbel_mu": 58.052, "gumbel_beta": 28.732}}, {"type": "Feature", "geometry": {"type": "Point", "coordinates": [79.0, 28.0]}, "properties": {"risk": 0.0, "years_used": 5, "gumbel_mu": 59.553, "gumbel_beta": 25.295}}, {"type": "Feature", "geometry": {"type": "Point", "coordinates": [80.0, 28.0]}, "properties": {"risk": 0.33, "years_used": 5, "gumbel_mu": 72.213, "gumbel_beta": 17.957}}, {"type": "Feature", "geometry": {"type": "Point", "coordinates": [81.0, 28.0]}, "properties": {"risk": 0.33, "years_used": 5, "gumbel_mu": 68.348, "gumbel_beta": 21.994}}, {"type": "Feature", "geometry": {"type": "Point", "coordinates": [82.0, 28.0]}, "properties": {"risk": 0.33, "years_used": 5, "gumbel_mu": 70.411, "gumbel_beta": 8.979}}, {"type": "Feature", "geometry": {"type": "Point", "coordinates": [83.0, 28.0]}, "properties": {"risk": 0.33, "years_used": 5, "gumbel_mu": 77.801, "gumbel_beta": 2.996}}, {"type": "Feature", "geometry": {"type": "Point", "coordinates": [84.0, 28.0]}, "properties": {"risk": 0.33, "years_used": 5, "gumbel_mu": 70.093, "gumbel_beta": 7.644}}, {"type": "Feature", "geometry": {"type": "Point", "coordinates": [85.0, 28.0]}, "properties": {"risk": 0.33, "years_used": 5, "gumbel_mu": 64.562, "gumbel_beta": 11.32}}, {"type": "Feature", "geometry": {"type": "Point", "coordinates": [86.0, 28.0]}, "properties": {"risk": 0.33, "years_used": 5, "gumbel_mu": 79.662, "gumbel_beta": 16.574}}, {"type": "Feature", "geometry": {"type": "Point", "coordinates": [87.0, 28.0]}, "properties": {"risk": 0.33, "years_used": 5, "gumbel_mu": 78.298, "gumbel_beta": 11.326}}, {"type": "Feature", "geometry": {"type": "Point", "coordinates": [88.0, 28.0]}, "properties": {"risk": 0.33, "years_used": 5, "gumbel_mu": 71.104, "gumbel_beta": 20.518}}, {"type": "Feature", "geometry": {"type": "Point", "coordinates": [89.0, 28.0]}, "properties": {"risk": 0.0, "years_used": 5, "gumbel_mu": 32.621, "gumbel_beta": 7.135}}, {"type": "Feature", "geometry": {"type": "Point", "coordinates": [90.0, 28.0]}, "properties": {"risk": 0.0, "years_used": 5, "gumbel_mu": 29.758, "gumbel_beta": 7.847}}, {"type": "Feature", "geometry": {"type": "Point", "coordinates": [91.0, 28.0]}, "properties": {"risk": 0.0, "years_used": 5, "gumbel_mu": 11.955, "gumbel_beta": 3.831}}, {"type": "Feature", "geometry": {"type": "Point", "coordinates": [92.0, 28.0]}, "properties": {"risk": 0.0, "years_used": 5, "gumbel_mu": 16.239, "gumbel_beta": 4.739}}, {"type": "Feature", "geometry": {"type": "Point", "coordinates": [93.0, 28.0]}, "properties": {"risk": 0.0, "years_used": 5, "gumbel_mu": 43.983, "gumbel_beta": 5.654}}, {"type": "Feature", "geometry": {"type": "Point", "coordinates": [94.0, 28.0]}, "properties": {"risk": 0.66, "years_used": 5, "gumbel_mu": 109.058, "gumbel_beta": 21.799}}, {"type": "Feature", "geometry": {"type": "Point", "coordinates": [95.0, 28.0]}, "properties": {"risk": 0.66, "years_used": 5, "gumbel_mu": 170.286, "gumbel_beta": 19.613}}, {"type": "Feature", "geometry": {"type": "Point", "coordinates": [96.0, 28.0]}, "properties": {"risk": 0.66, "years_used": 5, "gumbel_mu": 173.204, "gumbel_beta": 49.529}}, {"type": "Feature", "geometry": {"type": "Point", "coordinates": [97.0, 28.0]}, "properties": {"risk": 0.33, "years_used": 5, "gumbel_mu": 122.274, "gumbel_beta": 45.597}}, {"type": "Feature", "geometry": {"type": "Point", "coordinates": [98.0, 28.0]}, "properties": {"risk": 0.0, "years_used": 5, "gumbel_mu": 89.98, "gumbel_beta": 48.147}}, {"type": "Feature", "geometry": {"type": "Point", "coordinates": [99.0, 28.0]}, "properties": {"risk": 0.0, "years_used": 5, "gumbel_mu": 42.131, "gumbel_beta": 30.799}}, {"type": "Feature", "geometry": {"type": "Point", "coordinates": [100.0, 28.0]}, "properties": {"risk": 0.0, "years_used": 5, "gumbel_mu": 49.19, "gumbel_beta": 13.894}}, {"type": "Feature", "geometry": {"type": "Point", "coordinates": [101.0, 28.0]}, "properties": {"risk": 0.0, "years_used": 5, "gumbel_mu": 58.046, "gumbel_beta": 20.855}}, {"type": "Feature", "geometry": {"type": "Point", "coordinates": [102.0, 28.0]}, "properties": {"risk": 0.33, "years_used": 5, "gumbel_mu": 62.775, "gumbel_beta": 26.277}}, {"type": "Feature", "geometry": {"type": "Point", "coordinates": [103.0, 28.0]}, "properties": {"risk": 0.0, "years_used": 5, "gumbel_mu": 48.464, "gumbel_beta": 6.452}}, {"type": "Feature", "geometry": {"type": "Point", "coordinates": [104.0, 28.0]}, "properties": {"risk": 0.33, "years_used": 5, "gumbel_mu": 60.73, "gumbel_beta": 12.797}}, {"type": "Feature", "geometry": {"type": "Point", "coordinates": [105.0, 28.0]}, "properties": {"risk": 0.33, "years_used": 5, "gumbel_mu": 100.046, "gumbel_beta": 12.975}}, {"type": "Feature", "geometry": {"type": "Point", "coordinates": [106.0, 28.0]}, "properties": {"risk": 0.33, "years_used": 5, "gumbel_mu": 76.802, "gumbel_beta": 25.657}}, {"type": "Feature", "geometry": {"type": "Point", "coordinates": [107.0, 28.0]}, "properties": {"risk": 0.33, "years_used": 5, "gumbel_mu": 82.128, "gumbel_beta": 25.301}}, {"type": "Feature", "geometry": {"type": "Point", "coordinates": [108.0, 28.0]}, "properties": {"risk": 0.66, "years_used": 5, "gumbel_mu": 100.56, "gumbel_beta": 12.31}}, {"type": "Feature", "geometry": {"type": "Point", "coordinates": [109.0, 28.0]}, "properties": {"risk": 0.66, "years_used": 5, "gumbel_mu": 94.159, "gumbel_beta": 20.864}}, {"type": "Feature", "geometry": {"type": "Point", "coordinates": [110.0, 28.0]}, "properties": {"risk": 0.66, "years_used": 5, "gumbel_mu": 81.5, "gumbel_beta": 22.828}}, {"type": "Feature", "geometry": {"type": "Point", "coordinates": [111.0, 28.0]}, "properties": {"risk": 0.66, "years_used": 5, "gumbel_mu": 100.542, "gumbel_beta": 12.233}}, {"type": "Feature", "geometry": {"type": "Point", "coordinates": [112.0, 28.0]}, "properties": {"risk": 0.66, "years_used": 5, "gumbel_mu": 119.692, "gumbel_beta": 9.619}}, {"type": "Feature", "geometry": {"type": "Point", "coordinates": [113.0, 28.0]}, "properties": {"risk": 0.33, "years_used": 5, "gumbel_mu": 100.263, "gumbel_beta": 50.987}}, {"type": "Feature", "geometry": {"type": "Point", "coordinates": [114.0, 28.0]}, "properties": {"risk": 0.33, "years_used": 5, "gumbel_mu": 102.102, "gumbel_beta": 17.884}}, {"type": "Feature", "geometry": {"type": "Point", "coordinates": [115.0, 28.0]}, "properties": {"risk": 0.33, "years_used": 5, "gumbel_mu": 105.516, "gumbel_beta": 19.545}}, {"type": "Feature", "geometry": {"type": "Point", "coordinates": [116.0, 28.0]}, "properties": {"risk": 0.33, "years_used": 5, "gumbel_mu": 99.106, "gumbel_beta": 12.061}}, {"type": "Feature", "geometry": {"type": "Point", "coordinates": [117.0, 28.0]}, "properties": {"risk": 0.33, "years_used": 5, "gumbel_mu": 106.645, "gumbel_beta": 26.163}}, {"type": "Feature", "geometry": {"type": "Point", "coordinates": [118.0, 28.0]}, "properties": {"risk": 0.66, "years_used": 5, "gumbel_mu": 121.668, "gumbel_beta": 47.113}}, {"type": "Feature", "geometry": {"type": "Point", "coordinates": [119.0, 28.0]}, "properties": {"risk": 0.66, "years_used": 5, "gumbel_mu": 93.308, "gumbel_beta": 18.045}}, {"type": "Feature", "geometry": {"type": "Point", "coordinates": [120.0, 28.0]}, "properties": {"risk": 0.66, "years_used": 5, "gumbel_mu": 140.76, "gumbel_beta": 19.981}}, {"type": "Feature", "geometry": {"type": "Point", "coordinates": [121.0, 28.0]}, "properties": {"risk": 0.33, "years_used": 5, "gumbel_mu": 96.456, "gumbel_beta": 20.272}}, {"type": "Feature", "geometry": {"type": "Point", "coordinates": [122.0, 28.0]}, "properties": {"no_data": true}}, {"type": "Feature", "geometry": {"type": "Point", "coordinates": [123.0, 28.0]}, "properties": {"no_data": true}}, {"type": "Feature", "geometry": {"type": "Point", "coordinates": [124.0, 28.0]}, "properties": {"no_data": true}}, {"type": "Feature", "geometry": {"type": "Point", "coordinates": [125.0, 28.0]}, "properties": {"no_data": true}}, {"type": "Feature", "geometry": {"type": "Point", "coordinates": [126.0, 28.0]}, "properties": {"no_data": true}}, {"type": "Feature", "geometry": {"type": "Point", "coordinates": [127.0, 28.0]}, "properties": {"no_data": true}}, {"type": "Feature", "geometry": {"type": "Point", "coordinates": [128.0, 28.0]}, "properties": {"no_data": true}}, {"type": "Feature", "geometry": {"type": "Point", "coordinates": [129.0, 28.0]}, "properties": {"no_data": true}}, {"type": "Feature", "geometry": {"type": "Point", "coordinates": [130.0, 28.0]}, "properties": {"no_data": true}}, {"type": "Feature", "geometry": {"type": "Point", "coordinates": [131.0, 28.0]}, "properties": {"no_data": true}}, {"type": "Feature", "geometry": {"type": "Point", "coordinates": [132.0, 28.0]}, "properties": {"no_data": true}}, {"type": "Feature", "geometry": {"type": "Point", "coordinates": [133.0, 28.0]}, "properties": {"no_data": true}}, {"type": "Feature", "geometry": {"type": "Point", "coordinates": [134.0, 28.0]}, "properties": {"no_data": true}}, {"type": "Feature", "geometry": {"type": "Point", "coordinates": [135.0, 28.0]}, "properties": {"no_data": true}}, {"type": "Feature", "geometry": {"type": "Point", "coordinates": [73.0, 29.0]}, "properties": {"risk": 0.0, "years_used": 5, "gumbel_mu": 21.006, "gumbel_beta": 3.114}}, {"type": "Feature", "geometry": {"type": "Point", "coordinates": [74.0, 29.0]}, "properties": {"risk": 0.0, "years_used": 5, "gumbel_mu": 23.648, "gumbel_beta": 9.35}}, {"type": "Feature", "geometry": {"type": "Point", "coordinates": [75.0, 29.0]}, "properties": {"risk": 0.0, "years_used": 5, "gumbel_mu": 31.982, "gumbel_beta": 4.238}}, {"type": "Feature", "geometry": {"type": "Point", "coordinates": [76.0, 29.0]}, "properties": {"risk": 0.0, "years_used": 5, "gumbel_mu": 47.225, "gumbel_beta": 8.7}}, {"type": "Feature", "geometry": {"type": "Point", "coordinates": [77.0, 29.0]}, "properties": {"risk": 0.0, "years_used": 5, "gumbel_mu": 54.832, "gumbel_beta": 26.274}}, {"type": "Feature", "geometry": {"type": "Point", "coordinates": [78.0, 29.0]}, "properties": {"risk": 0.33, "years_used": 5, "gumbel_mu": 84.899, "gumbel_beta": 27.165}}, {"type": "Feature", "geometry": {"type": "Point", "coordinates": [79.0, 29.0]}, "properties": {"risk": 0.33, "years_used": 5, "gumbel_mu": 90.373, "gumbel_beta": 8.878}}, {"type": "Feature", "geometry": {"type": "Point", "coordinates": [80.0, 29.0]}, "properties": {"risk": 0.33, "years_used": 5, "gumbel_mu": 83.715, "gumbel_beta": 25.154}}, {"type": "Feature", "geometry": {"type": "Point", "coordinates": [81.0, 29.0]}, "properties": {"risk": 0.33, "years_used": 5, "gumbel_mu": 78.597, "gumbel_beta": 15.113}}, {"type": "Feature", "geometry": {"type": "Point", "coordinates": [82.0, 29.0]}, "properties": {"risk": 0.33, "years_used": 5, "gumbel_mu": 71.067, "gumbel_beta": 21.702}}, {"type": "Feature", "geometry": {"type": "Point", "coordinates": [83.0, 29.0]}, "properties": {"risk": 0.33, "years_used": 5, "gumbel_mu": 55.484, "gumbel_beta": 11.781}}, {"type": "Feature", "geometry": {"type": "Point", "coordinates": [84.0, 29.0]}, "properties": {"risk": 0.33, "years_used": 5, "gumbel_mu": 49.285, "gumbel_beta": 13.611}}, {"type": "Feature", "geometry": {"type": "Point", "coordinates": [85.0, 29.0]}, "properties": {"risk": 0.33, "years_used": 5, "gumbel_mu": 53.912, "gumbel_beta": 6.385}}, {"type": "Feature", "geometry": {"type": "Point", "coordinates": [86.0, 29.0]}, "properties": {"risk": 0.0, "years_used": 5, "gumbel_mu": 37.811, "gumbel_beta": 4.868}}, {"type": "Feature", "geometry": {"type": "Point", "coordinates": [87.0, 29.0]}, "properties": {"risk": 0.0, "years_used": 5, "gumbel_mu": 32.647, "gumbel_beta": 5.822}}, {"type": "Feature", "geometry": {"type": "Point", "coordinates": [88.0, 29.0]}, "properties": {"risk": 0.0, "years_used": 5, "gumbel_mu": 37.701, "gumbel_beta": 10.017}}, {"type": "Feature", "geometry": {"type": "Point", "coordinates": [89.0, 29.0]}, "properties": {"risk": 0.0, "years_used": 5, "gumbel_mu": 26.927, "gumbel_beta": 4.093}}, {"type": "Feature", "geometry": {"type": "Point", "coordinates": [90.0, 29.0]}, "properties": {"risk": 0.0, "years_used": 5, "gumbel_mu": 18.646, "gumbel_beta": 3.98}}, {"type": "Feature", "geometry": {"type": "Point", "coordinates": [91.0, 29.0]}, "properties": {"risk": 0.0, "years_used": 5, "gumbel_mu": 15.701, "gumbel_beta": 2.394}}, {"type": "Feature", "geometry": {"type": "Point", "coordinates": [92.0, 29.0]}, "properties": {"risk": 0.0, "years_used": 5, "gumbel_mu": 11.832, "gumbel_beta": 2.858}}, {"type": "Feature", "geometry": {"type": "Point", "coordinates": [93.0, 29.0]}, "properties": {"risk": 0.0, "years_used": 5, "gumbel_mu": 24.539, "gumbel_beta": 9.697}}, {"type": "Feature", "geometry": {"type": "Point", "coordinates": [94.0, 29.0]}, "properties": {"risk": 0.0, "years_used": 5, "gumbel_mu": 33.642, "gumbel_beta": 11.278}}, {"type": "Feature", "geometry": {"type": "Point", "coordinates": [95.0, 29.0]}, "properties": {"risk": 0.66, "years_used": 5, "gumbel_mu": 123.53, "gumbel_beta": 17.735}}, {"type": "Feature", "geometry": {"type": "Point", "coordinates": [96.0, 29.0]}, "properties": {"risk": 0.33, "years_used": 5, "gumbel_mu": 66.183, "gumbel_beta": 35.792}}, {"type": "Feature", "geometry": {"type": "Point", "coordinates": [97.0, 29.0]}, "properties": {"risk": 0.0, "years_used": 5, "gumbel_mu": 23.631, "gumbel_beta": 15.391}}, {"type": "Feature", "geometry": {"type": "Point", "coordinates": [98.0, 29.0]}, "properties": {"risk": 0.0, "years_used": 5, "gumbel_mu": 38.088, "gumbel_beta": 19.401}}, {"type": "Feature", "geometry": {"type": "Point", "coordinates": [99.0, 29.0]}, "properties": {"risk": 0.0, "years_used": 5, "gumbel_mu": 23.328, "gumbel_beta": 7.641}}, {"type": "Feature", "geometry": {"type": "Point", "coordinates": [100.0, 29.0]}, "properties": {"risk": 0.0, "years_used": 5, "gumbel_mu": 25.241, "gumbel_beta": 7.491}}, {"type": "Feature", "geometry": {"type": "Point", "coordinates": [101.0, 29.0]}, "properties": {"risk": 0.0, "years_used": 5, "gumbel_mu": 40.72, "gumbel_beta": 9.448}}, {"type": "Feature", "geometry": {"type": "Point", "coordinates": [102.0, 29.0]}, "properties": {"risk": 0.0, "years_used": 5, "gumbel_mu": 61.024, "gumbel_beta": 26.756}}, {"type": "Feature", "geometry": {"type": "Point", "coordinates": [103.0, 29.0]}, "properties": {"risk": 0.33, "years_used": 5, "gumbel_mu": 60.194, "gumbel_beta": 9.401}}, {"type": "Feature", "geometry": {"type": "Point", "coordinates": [104.0, 29.0]}, "properties": {"risk": 0.33, "years_used": 5, "gumbel_mu": 82.404, "gumbel_beta": 24.84}}, {"type": "Feature", "geometry": {"type": "Point", "coordinates": [105.0, 29.0]}, "properties": {"risk": 0.33, "years_used": 5, "gumbel_mu": 60.409, "gumbel_beta": 25.548}}, {"type": "Feature", "geometry": {"type": "Point", "coordinates": [106.0, 29.0]}, "properties": {"risk": 0.33, "years_used": 5, "gumbel_mu": 94.209, "gumbel_beta": 24.195}}, {"type": "Feature", "geometry": {"type": "Point", "coordinates": [107.0, 29.0]}, "properties": {"risk": 0.33, "years_used": 5, "gumbel_mu": 103.327, "gumbel_beta": 36.2}}, {"type": "Feature", "geometry": {"type": "Point", "coordinates": [108.0, 29.0]}, "properties": {"risk": 0.33, "years_used": 5, "gumbel_mu": 73.959, "gumbel_beta": 13.751}}, {"type": "Feature", "geometry": {"type": "Point", "coordinates": [109.0, 29.0]}, "properties": {"risk": 0.33, "years_used": 5, "gumbel_mu": 95.418, "gumbel_beta": 8.786}}, {"type": "Feature", "geometry": {"type": "Point", "coordinates": [110.0, 29.0]}, "properties": {"risk": 0.33, "years_used": 5, "gumbel_mu": 87.552, "gumbel_beta": 11.799}}, {"type": "Feature", "geometry": {"type": "Point", "coordinates": [111.0, 29.0]}, "properties": {"risk": 0.33, "years_used": 5, "gumbel_mu": 98.338, "gumbel_beta": 6.308}}, {"type": "Feature", "geometry": {"type": "Point", "coordinates": [112.0, 29.0]}, "properties": {"risk": 0.66, "years_used": 5, "gumbel_mu": 90.571, "gumbel_beta": 12.825}}, {"type": "Feature", "geometry": {"type": "Point", "coordinates": [113.0, 29.0]}, "properties": {"risk": 0.33, "years_used": 5, "gumbel_mu": 88.491, "gumbel_beta": 15.219}}, {"type": "Feature", "geometry": {"type": "Point", "coordinates": [114.0, 29.0]}, "properties": {"risk": 0.66, "years_used": 5, "gumbel_mu": 116.808, "gumbel_beta": 20.957}}, {"type": "Feature", "geometry": {"type": "Point", "coordinates": [115.0, 29.0]}, "properties": {"risk": 0.66, "years_used": 5, "gumbel_mu": 100.419, "gumbel_beta": 22.141}}, {"type": "Feature", "geometry": {"type": "Point", "coordinates": [116.0, 29.0]}, "properties": {"risk": 0.33, "years_used": 5, "gumbel_mu": 94.987, "gumbel_beta": 13.371}}, {"type": "Feature", "geometry": {"type": "Point", "coordinates": [117.0, 29.0]}, "properties": {"risk": 0.33, "years_used": 5, "gumbel_mu": 88.389, "gumbel_beta": 40.535}}, {"type": "Feature", "geometry": {"type": "Point", "coordinates": [118.0, 29.0]}, "properties": {"risk": 0.33, "years_used": 5, "gumbel_mu": 97.847, "gumbel_beta": 17.965}}, {"type": "Feature", "geometry": {"type": "Point", "coordinates": [119.0, 29.0]}, "properties": {"risk": 0.33, "years_used": 5, "gumbel_mu": 101.167, "gumbel_beta": 17.358}}, {"type": "Feature", "geometry": {"type": "Point", "coordinates": [120.0, 29.0]}, "properties": {"risk": 0.66, "years_used": 5, "gumbel_mu": 108.808, "gumbel_beta": 6.523}}, {"type": "Feature", "geometry": {"type": "Point", "coordinates": [121.0, 29.0]}, "properties": {"risk": 0.33, "years_used": 5, "gumbel_mu": 120.03, "gumbel_beta": 31.29}}, {"type": "Feature", "geometry": {"type": "Point", "coordinates": [122.0, 29.0]}, "properties": {"no_data": true}}, {"type": "Feature", "geometry": {"type": "Point", "coordinates": [123.0, 29.0]}, "properties": {"no_data": true}}, {"type": "Feature", "geometry": {"type": "Point", "coordinates": [124.0, 29.0]}, "properties": {"no_data": true}}, {"type": "Feature", "geometry": {"type": "Point", "coordinates": [125.0, 29.0]}, "properties": {"no_data": true}}, {"type": "Feature", "geometry": {"type": "Point", "coordinates": [126.0, 29.0]}, "properties": {"no_data": true}}, {"type": "Feature", "geometry": {"type": "Point", "coordinates": [127.0, 29.0]}, "properties": {"no_data": true}}, {"type": "Feature", "geometry": {"type": "Point", "coordinates": [128.0, 29.0]}, "properties": {"no_data": true}}, {"type": "Feature", "geometry": {"type": "Point", "coordinates": [129.0, 29.0]}, "properties": {"no_data": true}}, {"type": "Feature", "geometry": {"type": "Point", "coordinates": [130.0, 29.0]}, "properties": {"no_data": true}}, {"type": "Feature", "geometry": {"type": "Point", "coordinates": [131.0, 29.0]}, "properties": {"no_data": true}}, {"type": "Feature", "geometry": {"type": "Point", "coordinates": [132.0, 29.0]}, "properties": {"no_data": true}}, {"type": "Feature", "geometry": {"type": "Point", "coordinates": [133.0, 29.0]}, "properties": {"no_data": true}}, {"type": "Feature", "geometry": {"type": "Point", "coordinates": [134.0, 29.0]}, "properties": {"no_data": true}}, {"type": "Feature", "geometry": {"type": "Point", "coordinates": [135.0, 29.0]}, "properties": {"no_data": true}}, {"type": "Feature", "geometry": {"type": "Point", "coordinates": [73.0, 30.0]}, "properties": {"risk": 0.0, "years_used": 5, "gumbel_mu": 18.128, "gumbel_beta": 1.799}}, {"type": "Feature", "geometry": {"type": "Point", "coordinates": [74.0, 30.0]}, "properties": {"risk": 0.0, "years_used": 5, "gumbel_mu": 28.856, "gumbel_beta": 6.11}}, {"type": "Feature", "geometry": {"type": "Point", "coordinates": [75.0, 30.0]}, "properties": {"risk": 0.0, "years_used": 5, "gumbel_mu": 44.009, "gumbel_beta": 18.906}}, {"type": "Feature", "geometry": {"type": "Point", "coordinates": [76.0, 30.0]}, "properties": {"risk": 0.33, "years_used": 5, "gumbel_mu": 64.503, "gumbel_beta": 18.585}}, {"type": "Feature", "geometry": {"type": "Point", "coordinates": [77.0, 30.0]}, "properties": {"risk": 0.33, "years_used": 5, "gumbel_mu": 77.591, "gumbel_beta": 33.103}}, {"type": "Feature", "geometry": {"type": "Point", "coordinates": [78.0, 30.0]}, "properties": {"risk": 0.33, "years_used": 5, "gumbel_mu": 98.528, "gumbel_beta": 23.223}}, {"type": "Feature", "geometry": {"type": "Point", "coordinates": [79.0, 30.0]}, "properties": {"risk": 0.33, "years_used": 5, "gumbel_mu": 83.865, "gumbel_beta": 21.904}}, {"type": "Feature", "geometry": {"type": "Point", "coordinates": [80.0, 30.0]}, "properties": {"risk": 0.33, "years_used": 5, "gumbel_mu": 96.515, "gumbel_beta": 17.852}}, {"type": "Feature", "geometry": {"type": "Point", "coordinates": [81.0, 30.0]}, "properties": {"risk": 0.33, "years_used": 5, "gumbel_mu": 85.388, "gumbel_beta": 24.507}}, {"type": "Feature", "geometry": {"type": "Point", "coordinates": [82.0, 30.0]}, "properties": {"risk": 0.33, "years_used": 5, "gumbel_mu": 82.783, "gumbel_beta": 16.02}}, {"type": "Feature", "geometry": {"type": "Point", "coordinates": [83.0, 30.0]}, "properties": {"risk": 0.33, "years_used": 5, "gumbel_mu": 37.797, "gumbel_beta": 6.701}}, {"type": "Feature", "geometry": {"type": "Point", "coordinates": [84.0, 30.0]}, "properties": {"risk": 0.0, "years_used": 5, "gumbel_mu": 33.486, "gumbel_beta": 7.643}}, {"type": "Feature", "geometry": {"type": "Point", "coordinates": [85.0, 30.0]}, "properties": {"risk": 0.0, "years_used": 5, "gumbel_mu": 44.68, "gumbel_beta": 4.562}}, {"type": "Feature", "geometry": {"type": "Point", "coordinates": [86.0, 30.0]}, "properties": {"risk": 0.0, "years_used": 5, "gumbel_mu": 35.548, "gumbel_beta": 15.739}}, {"type": "Feature", "geometry": {"type": "Point", "coordinates": [87.0, 30.0]}, "properties": {"risk": 0.33, "years_used": 5, "gumbel_mu": 40.495, "gumbel_beta": 5.322}}, {"type": "Feature", "geometry": {"type": "Point", "coordinates": [88.0, 30.0]}, "properties": {"risk": 0.0, "years_used": 5, "gumbel_mu": 35.167, "gumbel_beta": 5.548}}, {"type": "Feature", "geometry": {"type": "Point", "coordinates": [89.0, 30.0]}, "properties": {"risk": 0.0, "years_used": 5, "gumbel_mu": 28.388, "gumbel_beta": 5.502}}, {"type": "Feature", "geometry": {"type": "Point", "coordinates": [90.0, 30.0]}, "properties": {"risk": 0.0, "years_used": 5, "gumbel_mu": 30.531, "gumbel_beta": 5.395}}, {"type": "Feature", "geometry": {"type": "Point", "coordinates": [91.0, 30.0]}, "properties": {"risk": 0.0, "years_used": 5, "gumbel_mu": 23.794, "gumbel_beta": 4.338}}, {"type": "Feature", "geometry": {"type": "Point", "coordinates": [92.0, 30.0]}, "properties": {"risk": 0.0, "years_used": 5, "gumbel_mu": 21.751, "gumbel_beta": 5.868}}, {"type": "Feature", "geometry": {"type": "Point", "coordinates": [93.0, 30.0]}, "properties": {"risk": 0.0, "years_used": 5, "gumbel_mu": 24.488, "gumbel_beta": 2.82}}, {"type": "Feature", "geometry": {"type": "Point", "coordinates": [94.0, 30.0]}, "properties": {"risk": 0.0, "years_used": 5, "gumbel_mu": 27.967, "gumbel_beta": 2.734}}, {"type": "Feature", "geometry": {"type": "Point", "coordinates": [95.0, 30.0]}, "properties": {"risk": 0.33, "years_used": 5, "gumbel_mu": 62.643, "gumbel_beta": 8.691}}, {"type": "Feature", "geometry": {"type": "Point", "coordinates": [96.0, 30.0]}, "properties": {"risk": 0.0, "years_used": 5, "gumbel_mu": 21.237, "gumbel_beta": 10.02}}, {"type": "Feature", "geometry": {"type": "Point", "coordinates": [97.0, 30.0]}, "properties": {"risk": 0.0, "years_used": 5, "gumbel_mu": 22.625, "gumbel_beta": 8.349}}, {"type": "Feature", "geometry": {"type": "Point", "coordinates": [98.0, 30.0]}, "properties": {"risk": 0.0, "years_used": 5, "gumbel_mu": 28.221, "gumbel_beta": 5.099}}, {"type": "Feature", "geometry": {"type": "Point", "coordinates": [99.0, 30.0]}, "properties": {"risk": 0.0, "years_used": 5, "gumbel_mu": 21.728, "gumbel_beta": 4.013}}, {"type": "Feature", "geometry": {"type": "Point", "coordinates": [100.0, 30.0]}, "properties": {"risk": 0.0, "years_used": 5, "gumbel_mu": 30.778, "gumbel_beta": 7.685}}, {"type": "Feature", "geometry": {"type": "Point", "coordinates": [101.0, 30.0]}, "properties": {"risk": 0.0, "years_used": 5, "gumbel_mu": 46.575, "gumbel_beta": 9.482}}, {"type": "Feature", "geometry": {"type": "Point", "coordinates": [102.0, 30.0]}, "properties": {"risk": 0.0, "years_used": 5, "gumbel_mu": 50.251, "gumbel_beta": 6.595}}, {"type": "Feature", "geometry": {"type": "Point", "coordinates": [103.0, 30.0]}, "properties": {"risk": 0.66, "years_used": 5, "gumbel_mu": 100.369, "gumbel_beta": 40.541}}, {"type": "Feature", "geometry": {"type": "Point", "coordinates": [104.0, 30.0]}, "properties": {"risk": 0.66, "years_used": 5, "gumbel_mu": 68.04, "gumbel_beta": 24.179}}, {"type": "Feature", "geometry": {"type": "Point", "coordinates": [105.0, 30.0]}, "properties": {"risk": 0.33, "years_used": 5, "gumbel_mu": 56.267, "gumbel_beta": 9.935}}, {"type": "Feature", "geometry": {"type": "Point", "coordinates": [106.0, 30.0]}, "properties": {"risk": 0.33, "years_used": 5, "gumbel_mu": 99.998, "gumbel_beta": 11.273}}, {"type": "Feature", "geometry": {"type": "Point", "coordinates": [107.0, 30.0]}, "properties": {"risk": 0.33, "years_used": 5, "gumbel_mu": 80.13, "gumbel_beta": 9.374}}, {"type": "Feature", "geometry": {"type": "Point", "coordinates": [108.0, 30.0]}, "properties": {"risk": 0.33, "years_used": 5, "gumbel_mu": 86.657, "gumbel_beta": 12.742}}, {"type": "Feature", "geometry": {"type": "Point", "coordinates": [109.0, 30.0]}, "properties": {"risk": 0.33, "years_used": 5, "gumbel_mu": 88.605, "gumbel_beta": 31.958}}, {"type": "Feature", "geometry": {"type": "Point", "coordinates": [110.0, 30.0]}, "properties": {"risk": 0.33, "years_used": 5, "gumbel_mu": 93.707, "gumbel_beta": 32.6}}, {"type": "Feature", "geometry": {"type": "Point", "coordinates": [111.0, 30.0]}, "properties": {"risk": 0.66, "years_used": 5, "gumbel_mu": 88.903, "gumbel_beta": 19.481}}, {"type": "Feature", "geometry": {"type": "Point", "coordinates": [112.0, 30.0]}, "properties": {"risk": 0.33, "years_used": 5, "gumbel_mu": 87.045, "gumbel_beta": 24.328}}, {"type": "Feature", "geometry": {"type": "Point", "coordinates": [113.0, 30.0]}, "properties": {"risk": 0.66, "years_used": 5, "gumbel_mu": 88.43, "gumbel_beta": 26.616}}, {"type": "Feature", "geometry": {"type": "Point", "coordinates": [114.0, 30.0]}, "properties": {"risk": 0.66, "years_used": 5, "gumbel_mu": 97.627, "gumbel_beta": 35.353}}, {"type": "Feature", "geometry": {"type": "Point", "coordinates": [115.0, 30.0]}, "properties": {"risk": 0.66, "years_used": 5, "gumbel_mu": 89.714, "gumbel_beta": 21.218}}, {"type": "Feature", "geometry": {"type": "Point", "coordinates": [116.0, 30.0]}, "properties": {"risk": 0.33, "years_used": 5, "gumbel_mu": 75.229, "gumbel_beta": 13.574}}, {"type": "Feature", "geometry": {"type": "Point", "coordinates": [117.0, 30.0]}, "properties": {"risk": 0.66, "years_used": 5, "gumbel_mu": 105.459, "gumbel_beta": 14.478}}, {"type": "Feature", "geometry": {"type": "Point", "coordinates": [118.0, 30.0]}, "properties": {"risk": 0.66, "years_used": 5, "gumbel_mu": 114.227, "gumbel_beta": 12.602}}, {"type": "Feature", "geometry": {"type": "Point", "coordinates": [119.0, 30.0]}, "properties": {"risk": 0.33, "years_used": 5, "gumbel_mu": 102.619, "gumbel_beta": 32.868}}, {"type": "Feature", "geometry": {"type": "Point", "coordinates": [120.0, 30.0]}, "properties": {"risk": 0.33, "years_used": 5, "gumbel_mu": 86.554, "gumbel_beta": 13.496}}, {"type": "Feature", "geometry": {"type": "Point", "coordinates": [121.0, 30.0]}, "properties": {"risk": 0.33, "years_used": 5, "gumbel_mu": 94.648, "gumbel_beta": 29.321}}, {"type": "Feature", "geometry": {"type": "Point", "coordinates": [122.0, 30.0]}, "properties": {"risk": 0.33, "years_used": 5, "gumbel_mu": 95.79, "gumbel_beta": 35.148}}, {"type": "Feature", "geometry": {"type": "Point", "coordinates": [123.0, 30.0]}, "properties": {"no_data": true}}, {"type": "Feature", "geometry": {"type": "Point", "coordinates": [124.0, 30.0]}, "properties": {"no_data": true}}, {"type": "Feature", "geometry": {"type": "Point", "coordinates": [125.0, 30.0]}, "properties": {"no_data": true}}, {"type": "Feature", "geometry": {"type": "Point", "coordinates": [126.0, 30.0]}, "properties": {"no_data": true}}, {"type": "Feature", "geometry": {"type": "Point", "coordinates": [127.0, 30.0]}, "properties": {"no_data": true}}, {"type": "Feature", "geometry": {"type": "Point", "coordinates": [128.0, 30.0]}, "properties": {"no_data": true}}, {"type": "Feature", "geometry": {"type": "Point", "coordinates": [129.0, 30.0]}, "properties": {"no_data": true}}, {"type": "Feature", "geometry": {"type": "Point", "coordinates": [130.0, 30.0]}, "properties": {"no_data": true}}, {"type": "Feature", "geometry": {"type": "Point", "coordinates": [131.0, 30.0]}, "properties": {"no_data": true}}, {"type": "Feature", "geometry": {"type": "Point", "coordinates": [132.0, 30.0]}, "properties": {"no_data": true}}, {"type": "Feature", "geometry": {"type": "Point", "coordinates": [133.0, 30.0]}, "properties": {"no_data": true}}, {"type": "Feature", "geometry": {"type": "Point", "coordinates": [134.0, 30.0]}, "properties": {"no_data": true}}, {"type": "Feature", "geometry": {"type": "Point", "coordinates": [135.0, 30.0]}, "properties": {"no_data": true}}, {"type": "Feature", "geometry": {"type": "Point", "coordinates": [73.0, 31.0]}, "properties": {"risk": 0.0, "years_used": 5, "gumbel_mu": 28.202, "gumbel_beta": 5.938}}, {"type": "Feature", "geometry": {"type": "Point", "coordinates": [74.0, 31.0]}, "properties": {"risk": 0.33, "years_used": 5, "gumbel_mu": 41.126, "gumbel_beta": 9.785}}, {"type": "Feature", "geometry": {"type": "Point", "coordinates": [75.0, 31.0]}, "properties": {"risk": 0.0, "years_used": 5, "gumbel_mu": 50.954, "gumbel_beta": 5.29}}, {"type": "Feature", "geometry": {"type": "Point", "coordinates": [76.0, 31.0]}, "properties": {"risk": 0.33, "years_used": 5, "gumbel_mu": 60.89, "gumbel_beta": 19.664}}, {"type": "Feature", "geometry": {"type": "Point", "coordinates": [77.0, 31.0]}, "properties": {"risk": 0.33, "years_used": 5, "gumbel_mu": 84.365, "gumbel_beta": 19.205}}, {"type": "Feature", "geometry": {"type": "Point", "coordinates": [78.0, 31.0]}, "properties": {"risk": 0.66, "years_used": 5, "gumbel_mu": 98.164, "gumbel_beta": 11.273}}, {"type": "Feature", "geometry": {"type": "Point", "coordinates": [79.0, 31.0]}, "properties": {"risk": 0.33, "years_used": 5, "gumbel_mu": 92.923, "gumbel_beta": 33.646}}, {"type": "Feature", "geometry": {"type": "Point", "coordinates": [80.0, 31.0]}, "properties": {"risk": 0.0, "years_used": 5, "gumbel_mu": 36.295, "gumbel_beta": 14.61}}, {"type": "Feature", "geometry": {"type": "Point", "coordinates": [81.0, 31.0]}, "properties": {"risk": 0.0, "years_used": 5, "gumbel_mu": 39.457, "gumbel_beta": 21.738}}, {"type": "Feature", "geometry": {"type": "Point", "coordinates": [82.0, 31.0]}, "properties": {"risk": 0.33, "years_used": 5, "gumbel_mu": 36.338, "gumbel_beta": 7.239}}, {"type": "Feature", "geometry": {"type": "Point", "coordinates": [83.0, 31.0]}, "properties": {"risk": 0.0, "years_used": 5, "gumbel_mu": 33.859, "gumbel_beta": 13.178}}, {"type": "Feature", "geometry": {"type": "Point", "coordinates": [84.0, 31.0]}, "properties": {"risk": 0.33, "years_used": 5, "gumbel_mu": 30.041, "gumbel_beta": 10.708}}, {"type": "Feature", "geometry": {"type": "Point", "coordinates": [85.0, 31.0]}, "properties": {"risk": 0.0, "years_used": 5, "gumbel_mu": 57.116, "gumbel_beta": 35.287}}, {"type": "Feature", "geometry": {"type": "Point", "coordinates": [86.0, 31.0]}, "properties": {"risk": 0.0, "years_used": 5, "gumbel_mu": 26.394, "gumbel_beta": 8.315}}, {"type": "Feature", "geometry": {"type": "Point", "coordinates": [87.0, 31.0]}, "properties": {"risk": 0.0, "years_used": 5, "gumbel_mu": 32.32, "gumbel_beta": 6.452}}, {"type": "Feature", "geometry": {"type": "Point", "coordinates": [88.0, 31.0]}, "properties": {"risk": 0.0, "years_used": 5, "gumbel_mu": 28.81, "gumbel_beta": 6.656}}, {"type": "Feature", "geometry": {"type": "Point", "coordinates": [89.0, 31.0]}, "properties": {"risk": 0.0, "years_used": 5, "gumbel_mu": 22.357, "gumbel_beta": 3.865}}, {"type": "Feature", "geometry": {"type": "Point", "coordinates": [90.0, 31.0]}, "properties": {"risk": 0.0, "years_used": 5, "gumbel_mu": 21.524, "gumbel_beta": 6.394}}, {"type": "Feature", "geometry": {"type": "Point", "coordinates": [91.0, 31.0]}, "properties": {"risk": 0.0, "years_used": 5, "gumbel_mu": 15.454, "gumbel_beta": 6.149}}, {"type": "Feature", "geometry": {"type": "Point", "coordinates": [92.0, 31.0]}, "properties": {"risk": 0.0, "years_used": 5, "gumbel_mu": 20.728, "gumbel_beta": 6.09}}, {"type": "Feature", "geometry": {"type": "Point", "coordinates": [93.0, 31.0]}, "properties": {"risk": 0.0, "years_used": 5, "gumbel_mu": 31.642, "gumbel_beta": 8.871}}, {"type": "Feature", "geometry": {"type": "Point", "coordinates": [94.0, 31.0]}, "properties": {"risk": 0.0, "years_used": 5, "gumbel_mu": 32.558, "gumbel_beta": 17.633}}, {"type": "Feature", "geometry": {"type": "Point", "coordinates": [95.0, 31.0]}, "properties": {"risk": 0.0, "years_used": 5, "gumbel_mu": 34.654, "gumbel_beta": 5.553}}, {"type": "Feature", "geometry": {"type": "Point", "coordinates": [96.0, 31.0]}, "properties": {"risk": 0.0, "years_used": 5, "gumbel_mu": 24.012, "gumbel_beta": 6.858}}, {"type": "Feature", "geometry": {"type": "Point", "coordinates": [97.0, 31.0]}, "properties": {"risk": 0.0, "years_used": 5, "gumbel_mu": 18.707, "gumbel_beta": 6.665}}, {"type": "Feature", "geometry": {"type": "Point", "coordinates": [98.0, 31.0]}, "properties": {"risk": 0.0, "years_used": 5, "gumbel_mu": 24.759, "gumbel_beta": 2.825}}, {"type": "Feature", "geometry": {"type": "Point", "coordinates": [99.0, 31.0]}, "properties": {"risk": 0.0, "years_used": 5, "gumbel_mu": 30.577, "gumbel_beta": 2.034}}, {"type": "Feature", "geometry": {"type": "Point", "coordinates": [100.0, 31.0]}, "properties": {"risk": 0.0, "years_used": 5, "gumbel_mu": 24.961, "gumbel_beta": 1.478}}, {"type": "Feature", "geometry": {"type": "Point", "coordinates": [101.0, 31.0]}, "properties": {"risk": 0.0, "years_used": 5, "gumbel_mu": 37.149, "gumbel_beta": 12.019}}, {"type": "Feature", "geometry": {"type": "Point", "coordinates": [102.0, 31.0]}, "properties": {"risk": 0.0, "years_used": 5, "gumbel_mu": 42.754, "gumbel_beta": 16.9}}, {"type": "Feature", "geometry": {"type": "Point", "coordinates": [103.0, 31.0]}, "properties": {"risk": 0.33, "years_used": 5, "gumbel_mu": 54.244, "gumbel_beta": 4.629}}, {"type": "Feature", "geometry": {"type": "Point", "coordinates": [104.0, 31.0]}, "properties": {"risk": 0.33, "years_used": 5, "gumbel_mu": 59.035, "gumbel_beta": 12.959}}, {"type": "Feature", "geometry": {"type": "Point", "coordinates": [105.0, 31.0]}, "properties": {"risk": 0.33, "years_used": 5, "gumbel_mu": 56.64, "gumbel_beta": 14.03}}, {"type": "Feature", "geometry": {"type": "Point", "coordinates": [106.0, 31.0]}, "properties": {"risk": 0.33, "years_used": 5, "gumbel_mu": 90.634, "gumbel_beta": 24.809}}, {"type": "Feature", "geometry": {"type": "Point", "coordinates": [107.0, 31.0]}, "properties": {"risk": 0.33, "years_used": 5, "gumbel_mu": 102.376, "gumbel_beta": 14.882}}, {"type": "Feature", "geometry": {"type": "Point", "coordinates": [108.0, 31.0]}, "properties": {"risk": 0.33, "years_used": 5, "gumbel_mu": 90.806, "gumbel_beta": 29.166}}, {"type": "Feature", "geometry": {"type": "Point", "coordinates": [109.0, 31.0]}, "properties": {"risk": 0.33, "years_used": 5, "gumbel_mu": 89.725, "gumbel_beta": 23.947}}, {"type": "Feature", "geometry": {"type": "Point", "coordinates": [110.0, 31.0]}, "properties": {"risk": 0.33, "years_used": 5, "gumbel_mu": 72.172, "gumbel_beta": 32.118}}, {"type": "Feature", "geometry": {"type": "Point", "coordinates": [111.0, 31.0]}, "properties": {"risk": 0.66, "years_used": 5, "gumbel_mu": 94.213, "gumbel_beta": 36.728}}, {"type": "Feature", "geometry": {"type": "Point", "coordinates": [112.0, 31.0]}, "properties": {"risk": 0.33, "years_used": 5, "gumbel_mu": 75.391, "gumbel_beta": 17.579}}, {"type": "Feature", "geometry": {"type": "Point", "coordinates": [113.0, 31.0]}, "properties": {"risk": 0.33, "years_used": 5, "gumbel_mu": 86.701, "gumbel_beta": 27.906}}, {"type": "Feature", "geometry": {"type": "Point", "coordinates": [114.0, 31.0]}, "properties": {"risk": 0.66, "years_used": 5, "gumbel_mu": 88.563, "gumbel_beta": 18.851}}, {"type": "Feature", "geometry": {"type": "Point", "coordinates": [115.0, 31.0]}, "properties": {"risk": 0.66, "years_used": 5, "gumbel_mu": 86.694, "gumbel_beta": 30.186}}, {"type": "Feature", "geometry": {"type": "Point", "coordinates": [116.0, 31.0]}, "properties": {"risk": 0.66, "years_used": 5, "gumbel_mu": 101.944, "gumbel_beta": 16.349}}, {"type": "Feature", "geometry": {"type": "Point", "coordinates": [117.0, 31.0]}, "properties": {"risk": 0.66, "years_used": 5, "gumbel_mu": 108.025, "gumbel_beta": 31.293}}, {"type": "Feature", "geometry": {"type": "Point", "coordinates": [118.0, 31.0]}, "properties": {"risk": 0.66, "years_used": 5, "gumbel_mu": 81.814, "gumbel_beta": 18.604}}, {"type": "Feature", "geometry": {"type": "Point", "coordinates": [119.0, 31.0]}, "properties": {"risk": 0.33, "years_used": 5, "gumbel_mu": 68.457, "gumbel_beta": 15.185}}, {"type": "Feature", "geometry": {"type": "Point", "coordinates": [120.0, 31.0]}, "properties": {"risk": 0.33, "years_used": 5, "gumbel_mu": 66.037, "gumbel_beta": 13.096}}, {"type": "Feature", "geometry": {"type": "Point", "coordinates": [121.0, 31.0]}, "properties": {"risk": 0.33, "years_used": 5, "gumbel_mu": 69.863, "gumbel_beta": 3.367}}, {"type": "Feature", "geometry": {"type": "Point", "coordinates": [122.0, 31.0]}, "properties": {"no_data": true}}, {"type": "Feature", "geometry": {"type": "Point", "coordinates": [123.0, 31.0]}, "properties": {"no_data": true}}, {"type": "Feature", "geometry": {"type": "Point", "coordinates": [124.0, 31.0]}, "properties": {"no_data": true}}, {"type": "Feature", "geometry": {"type": "Point", "coordinates": [125.0, 31.0]}, "properties": {"no_data": true}}, {"type": "Feature", "geometry": {"type": "Point", "coordinates": [126.0, 31.0]}, "properties": {"no_data": true}}, {"type": "Feature", "geometry": {"type": "Point", "coordinates": [127.0, 31.0]}, "properties": {"no_data": true}}, {"type": "Feature", "geometry": {"type": "Point", "coordinates": [128.0, 31.0]}, "properties": {"no_data": true}}, {"type": "Feature", "geometry": {"type": "Point", "coordinates": [129.0, 31.0]}, "properties": {"no_data": true}}, {"type": "Feature", "geometry": {"type": "Point", "coordinates": [130.0, 31.0]}, "properties": {"no_data": true}}, {"type": "Feature", "geometry": {"type": "Point", "coordinates": [131.0, 31.0]}, "properties": {"no_data": true}}, {"type": "Feature", "geometry": {"type": "Point", "coordinates": [132.0, 31.0]}, "properties": {"no_data": true}}, {"type": "Feature", "geometry": {"type": "Point", "coordinates": [133.0, 31.0]}, "properties": {"no_data": true}}, {"type": "Feature", "geometry": {"type": "Point", "coordinates": [134.0, 31.0]}, "properties": {"no_data": true}}, {"type": "Feature", "geometry": {"type": "Point", "coordinates": [135.0, 31.0]}, "properties": {"no_data": true}}, {"type": "Feature", "geometry": {"type": "Point", "coordinates": [73.0, 32.0]}, "properties": {"risk": 0.33, "years_used": 5, "gumbel_mu": 37.652, "gumbel_beta": 11.556}}, {"type": "Feature", "geometry": {"type": "Point", "coordinates": [74.0, 32.0]}, "properties": {"risk": 0.33, "years_used": 5, "gumbel_mu": 47.067, "gumbel_beta": 11.367}}, {"type": "Feature", "geometry": {"type": "Point", "coordinates": [75.0, 32.0]}, "properties": {"risk": 0.33, "years_used": 5, "gumbel_mu": 62.949, "gumbel_beta": 13.201}}, {"type": "Feature", "geometry": {"type": "Point", "coordinates": [76.0, 32.0]}, "properties": {"risk": 0.66, "years_used": 5, "gumbel_mu": 120.61, "gumbel_beta": 32.755}}, {"type": "Feature", "geometry": {"type": "Point", "coordinates": [77.0, 32.0]}, "properties": {"risk": 0.33, "years_used": 5, "gumbel_mu": 71.169, "gumbel_beta": 25.895}}, {"type": "Feature", "geometry": {"type": "Point", "coordinates": [78.0, 32.0]}, "properties": {"risk": 0.0, "years_used": 5, "gumbel_mu": 37.11, "gumbel_beta": 14.218}}, {"type": "Feature", "geometry": {"type": "Point", "coordinates": [79.0, 32.0]}, "properties": {"risk": 0.0, "years_used": 5, "gumbel_mu": 27.55, "gumbel_beta": 6.691}}, {"type": "Feature", "geometry": {"type": "Point", "coordinates": [80.0, 32.0]}, "properties": {"risk": 0.0, "years_used": 5, "gumbel_mu": 36.936, "gumbel_beta": 11.524}}, {"type": "Feature", "geometry": {"type": "Point", "coordinates": [81.0, 32.0]}, "properties": {"risk": 0.0, "years_used": 5, "gumbel_mu": 19.587, "gumbel_beta": 2.683}}, {"type": "Feature", "geometry": {"type": "Point", "coordinates": [82.0, 32.0]}, "properties": {"risk": 0.0, "years_used": 5, "gumbel_mu": 23.963, "gumbel_beta": 4.395}}, {"type": "Feature", "geometry": {"type": "Point", "coordinates": [83.0, 32.0]}, "properties": {"risk": 0.0, "years_used": 5, "gumbel_mu": 22.325, "gumbel_beta": 4.216}}, {"type": "Feature", "geometry": {"type": "Point", "coordinates": [84.0, 32.0]}, "properties": {"risk": 0.0, "years_used": 5, "gumbel_mu": 22.908, "gumbel_beta": 3.098}}, {"type": "Feature", "geometry": {"type": "Point", "coordinates": [85.0, 32.0]}, "properties": {"risk": 0.0, "years_used": 5, "gumbel_mu": 25.649, "gumbel_beta": 7.017}}, {"type": "Feature", "geometry": {"type": "Point", "coordinates": [86.0, 32.0]}, "properties": {"risk": 0.0, "years_used": 5, "gumbel_mu": 26.708, "gumbel_beta": 8.83}}, {"type": "Feature", "geometry": {"type": "Point", "coordinates": [87.0, 32.0]}, "properties": {"risk": 0.0, "years_used": 5, "gumbel_mu": 32.145, "gumbel_beta": 6.753}}, {"type": "Feature", "geometry": {"type": "Point", "coordinates": [88.0, 32.0]}, "properties": {"risk": 0.0, "years_used": 5, "gumbel_mu": 28.808, "gumbel_beta": 4.606}}, {"type": "Feature", "geometry": {"type": "Point", "coordinates": [89.0, 32.0]}, "properties": {"risk": 0.0, "years_used": 5, "gumbel_mu": 22.839, "gumbel_beta": 5.575}}, {"type": "Feature", "geometry": {"type": "Point", "coordinates": [90.0, 32.0]}, "properties": {"risk": 0.0, "years_used": 5, "gumbel_mu": 20.474, "gumbel_beta": 6.151}}, {"type": "Feature", "geometry": {"type": "Point", "coordinates": [91.0, 32.0]}, "properties": {"risk": 0.0, "years_used": 5, "gumbel_mu": 19.093, "gumbel_beta": 6.178}}, {"type": "Feature", "geometry": {"type": "Point", "coordinates": [92.0, 32.0]}, "properties": {"risk": 0.0, "years_used": 5, "gumbel_mu": 25.253, "gumbel_beta": 4.251}}, {"type": "Feature", "geometry": {"type": "Point", "coordinates": [93.0, 32.0]}, "properties": {"risk": 0.0, "years_used": 5, "gumbel_mu": 24.833, "gumbel_beta": 3.629}}, {"type": "Feature", "geometry": {"type": "Point", "coordinates": [94.0, 32.0]}, "properties": {"risk": 0.0, "years_used": 5, "gumbel_mu": 25.104, "gumbel_beta": 8.33}}, {"type": "Feature", "geometry": {"type": "Point", "coordinates": [95.0, 32.0]}, "properties": {"risk": 0.0, "years_used": 5, "gumbel_mu": 35.781, "gumbel_beta": 12.19}}, {"type": "Feature", "geometry": {"type": "Point", "coordinates": [96.0, 32.0]}, "properties": {"risk": 0.0, "years_used": 5, "gumbel_mu": 33.988, "gumbel_beta": 10.996}}, {"type": "Feature", "geometry": {"type": "Point", "coordinates": [97.0, 32.0]}, "properties": {"risk": 0.0, "years_used": 5, "gumbel_mu": 28.791, "gumbel_beta": 4.741}}, {"type": "Feature", "geometry": {"type": "Point", "coordinates": [98.0, 32.0]}, "properties": {"risk": 0.0, "years_used": 5, "gumbel_mu": 32.874, "gumbel_beta": 9.676}}, {"type": "Feature", "geometry": {"type": "Point", "coordinates": [99.0, 32.0]}, "properties": {"risk": 0.0, "years_used": 5, "gumbel_mu": 36.003, "gumbel_beta": 6.544}}, {"type": "Feature", "geometry": {"type": "Point", "coordinates": [100.0, 32.0]}, "properties": {"risk": 0.0, "years_used": 5, "gumbel_mu": 36.724, "gumbel_beta": 9.087}}, {"type": "Feature", "geometry": {"type": "Point", "coordinates": [101.0, 32.0]}, "properties": {"risk": 0.0, "years_used": 5, "gumbel_mu": 45.983, "gumbel_beta": 8.419}}, {"type": "Feature", "geometry": {"type": "Point", "coordinates": [102.0, 32.0]}, "properties": {"risk": 0.0, "years_used": 5, "gumbel_mu": 52.182, "gumbel_beta": 19.695}}, {"type": "Feature", "geometry": {"type": "Point", "coordinates": [103.0, 32.0]}, "properties": {"risk": 0.33, "years_used": 5, "gumbel_mu": 52.569, "gumbel_beta": 6.763}}, {"type": "Feature", "geometry": {"type": "Point", "coordinates": [104.0, 32.0]}, "properties": {"risk": 0.0, "years_used": 5, "gumbel_mu": 52.066, "gumbel_beta": 17.048}}, {"type": "Feature", "geometry": {"type": "Point", "coordinates": [105.0, 32.0]}, "properties": {"risk": 0.66, "years_used": 5, "gumbel_mu": 82.456, "gumbel_beta": 27.323}}, {"type": "Feature", "geometry": {"type": "Point", "coordinates": [106.0, 32.0]}, "properties": {"risk": 0.33, "years_used": 5, "gumbel_mu": 74.259, "gumbel_beta": 13.847}}, {"type": "Feature", "geometry": {"type": "Point", "coordinates": [107.0, 32.0]}, "properties": {"risk": 0.33, "years_used": 5, "gumbel_mu": 92.333, "gumbel_beta": 30.169}}, {"type": "Feature", "geometry": {"type": "Point", "coordinates": [108.0, 32.0]}, "properties": {"risk": 0.66, "years_used": 5, "gumbel_mu": 122.005, "gumbel_beta": 48.976}}, {"type": "Feature", "geometry": {"type": "Point", "coordinates": [109.0, 32.0]}, "properties": {"risk": 0.33, "years_used": 5, "gumbel_mu": 72.981, "gumbel_beta": 24.025}}, {"type": "Feature", "geometry": {"type": "Point", "coordinates": [110.0, 32.0]}, "properties": {"risk": 0.0, "years_used": 5, "gumbel_mu": 63.638, "gumbel_beta": 32.622}}, {"type": "Feature", "geometry": {"type": "Point", "coordinates": [111.0, 32.0]}, "properties": {"risk": 0.33, "years_used": 5, "gumbel_mu": 57.422, "gumbel_beta": 27.208}}, {"type": "Feature", "geometry": {"type": "Point", "coordinates": [112.0, 32.0]}, "properties": {"risk": 0.33, "years_used": 5, "gumbel_mu": 70.208, "gumbel_beta": 10.839}}, {"type": "Feature", "geometry": {"type": "Point", "coordinates": [113.0, 32.0]}, "properties": {"risk": 0.33, "years_used": 5, "gumbel_mu": 92.824, "gumbel_beta": 37.353}}, {"type": "Feature", "geometry": {"type": "Point", "coordinates": [114.0, 32.0]}, "properties": {"risk": 0.33, "years_used": 5, "gumbel_mu": 76.952, "gumbel_beta": 10.681}}, {"type": "Feature", "geometry": {"type": "Point", "coordinates": [115.0, 32.0]}, "properties": {"risk": 0.66, "years_used": 5, "gumbel_mu": 79.747, "gumbel_beta": 17.817}}, {"type": "Feature", "geometry": {"type": "Point", "coordinates": [116.0, 32.0]}, "properties": {"risk": 0.66, "years_used": 5, "gumbel_mu": 98.201, "gumbel_beta": 17.916}}, {"type": "Feature", "geometry": {"type": "Point", "coordinates": [117.0, 32.0]}, "properties": {"risk": 0.66, "years_used": 5, "gumbel_mu": 70.157, "gumbel_beta": 18.835}}, {"type": "Feature", "geometry": {"type": "Point", "coordinates": [118.0, 32.0]}, "properties": {"risk": 0.33, "years_used": 5, "gumbel_mu": 71.446, "gumbel_beta": 24.869}}, {"type": "Feature", "geometry": {"type": "Point", "coordinates": [119.0, 32.0]}, "properties": {"risk": 0.33, "years_used": 5, "gumbel_mu": 83.129, "gumbel_beta": 17.712}}, {"type": "Feature", "geometry": {"type": "Point", "coordinates": [120.0, 32.0]}, "properties": {"risk": 0.33, "years_used": 5, "gumbel_mu": 66.61, "gumbel_beta": 12.914}}, {"type": "Feature", "geometry": {"type": "Point", "coordinates": [121.0, 32.0]}, "properties": {"risk": 0.33, "years_used": 5, "gumbel_mu": 74.039, "gumbel_beta": 24.222}}, {"type": "Feature", "geometry": {"type": "Point", "coordinates": [122.0, 32.0]}, "properties": {"no_data": true}}, {"type": "Feature", "geometry": {"type": "Point", "coordinates": [123.0, 32.0]}, "properties": {"no_data": true}}, {"type": "Feature", "geometry": {"type": "Point", "coordinates": [124.0, 32.0]}, "properties": {"no_data": true}}, {"type": "Feature", "geometry": {"type": "Point", "coordinates": [125.0, 32.0]}, "properties": {"no_data": true}}, {"type": "Feature", "geometry": {"type": "Point", "coordinates": [126.0, 32.0]}, "properties": {"no_data": true}}, {"type": "Feature", "geometry": {"type": "Point", "coordinates": [127.0, 32.0]}, "properties": {"no_data": true}}, {"type": "Feature", "geometry": {"type": "Point", "coordinates": [128.0, 32.0]}, "properties": {"no_data": true}}, {"type": "Feature", "geometry": {"type": "Point", "coordinates": [129.0, 32.0]}, "properties": {"no_data": true}}, {"type": "Feature", "geometry": {"type": "Point", "coordinates": [130.0, 32.0]}, "properties": {"no_data": true}}, {"type": "Feature", "geometry": {"type": "Point", "coordinates": [131.0, 32.0]}, "properties": {"risk": 0.66, "years_used": 5, "gumbel_mu": 120.674, "gumbel_beta": 26.881}}, {"type": "Feature", "geometry": {"type": "Point", "coordinates": [132.0, 32.0]}, "properties": {"no_data": true}}, {"type": "Feature", "geometry": {"type": "Point", "coordinates": [133.0, 32.0]}, "properties": {"no_data": true}}, {"type": "Feature", "geometry": {"type": "Point", "coordinates": [134.0, 32.0]}, "properties": {"no_data": true}}, {"type": "Feature", "geometry": {"type": "Point", "coordinates": [135.0, 32.0]}, "properties": {"no_data": true}}, {"type": "Feature", "geometry": {"type": "Point", "coordinates": [73.0, 33.0]}, "properties": {"risk": 0.33, "years_used": 5, "gumbel_mu": 67.321, "gumbel_beta": 15.068}}, {"type": "Feature", "geometry": {"type": "Point", "coordinates": [74.0, 33.0]}, "properties": {"risk": 0.33, "years_used": 5, "gumbel_mu": 79.26, "gumbel_beta": 8.065}}, {"type": "Feature", "geometry": {"type": "Point", "coordinates": [75.0, 33.0]}, "properties": {"risk": 0.33, "years_used": 5, "gumbel_mu": 93.279, "gumbel_beta": 22.319}}, {"type": "Feature", "geometry": {"type": "Point", "coordinates": [76.0, 33.0]}, "properties": {"risk": 0.33, "years_used": 5, "gumbel_mu": 61.367, "gumbel_beta": 17.098}}, {"type": "Feature", "geometry": {"type": "Point", "coordinates": [77.0, 33.0]}, "properties": {"risk": 0.0, "years_used": 5, "gumbel_mu": 35.75, "gumbel_beta": 10.904}}, {"type": "Feature", "geometry": {"type": "Point", "coordinates": [78.0, 33.0]}, "properties": {"risk": 0.0, "years_used": 5, "gumbel_mu": 14.036, "gumbel_beta": 4.075}}, {"type": "Feature", "geometry": {"type": "Point", "coordinates": [79.0, 33.0]}, "properties": {"risk": 0.0, "years_used": 5, "gumbel_mu": 13.456, "gumbel_beta": 1.509}}, {"type": "Feature", "geometry": {"type": "Point", "coordinates": [80.0, 33.0]}, "properties": {"risk": 0.0, "years_used": 5, "gumbel_mu": 18.848, "gumbel_beta": 7.489}}, {"type": "Feature", "geometry": {"type": "Point", "coordinates": [81.0, 33.0]}, "properties": {"risk": 0.0, "years_used": 5, "gumbel_mu": 30.539, "gumbel_beta": 11.074}}, {"type": "Feature", "geometry": {"type": "Point", "coordinates": [82.0, 33.0]}, "properties": {"risk": 0.0, "years_used": 5, "gumbel_mu": 18.606, "gumbel_beta": 6.03}}, {"type": "Feature", "geometry": {"type": "Point", "coordinates": [83.0, 33.0]}, "properties": {"risk": 0.0, "years_used": 5, "gumbel_mu": 19.799, "gumbel_beta": 2.647}}, {"type": "Feature", "geometry": {"type": "Point", "coordinates": [84.0, 33.0]}, "properties": {"risk": 0.0, "years_used": 5, "gumbel_mu": 21.201, "gumbel_beta": 10.497}}, {"type": "Feature", "geometry": {"type": "Point", "coordinates": [85.0, 33.0]}, "properties": {"risk": 0.0, "years_used": 5, "gumbel_mu": 21.393, "gumbel_beta": 17.119}}, {"type": "Feature", "geometry": {"type": "Point", "coordinates": [86.0, 33.0]}, "properties": {"risk": 0.0, "years_used": 5, "gumbel_mu": 27.284, "gumbel_beta": 3.567}}, {"type": "Feature", "geometry": {"type": "Point", "coordinates": [87.0, 33.0]}, "properties": {"risk": 0.0, "years_used": 5, "gumbel_mu": 25.204, "gumbel_beta": 6.876}}, {"type": "Feature", "geometry": {"type": "Point", "coordinates": [88.0, 33.0]}, "properties": {"risk": 0.0, "years_used": 5, "gumbel_mu": 27.413, "gumbel_beta": 6.574}}, {"type": "Feature", "geometry": {"type": "Point", "coordinates": [89.0, 33.0]}, "properties": {"risk": 0.0, "years_used": 5, "gumbel_mu": 25.51, "gumbel_beta": 9.852}}, {"type": "Feature", "geometry": {"type": "Point", "coordinates": [90.0, 33.0]}, "properties": {"risk": 0.0, "years_used": 5, "gumbel_mu": 18.081, "gumbel_beta": 1.922}}, {"type": "Feature", "geometry": {"type": "Point", "coordinates": [91.0, 33.0]}, "properties": {"risk": 0.0, "years_used": 5, "gumbel_mu": 21.797, "gumbel_beta": 5.388}}, {"type": "Feature", "geometry": {"type": "Point", "coordinates": [92.0, 33.0]}, "properties": {"risk": 0.0, "years_used": 5, "gumbel_mu": 25.379, "gumbel_beta": 12.684}}, {"type": "Feature", "geometry": {"type": "Point", "coordinates": [93.0, 33.0]}, "properties": {"risk": 0.0, "years_used": 5, "gumbel_mu": 19.121, "gumbel_beta": 4.564}}, {"type": "Feature", "geometry": {"type": "Point", "coordinates": [94.0, 33.0]}, "properties": {"risk": 0.0, "years_used": 5, "gumbel_mu": 29.137, "gumbel_beta": 7.015}}, {"type": "Feature", "geometry": {"type": "Point", "coordinates": [95.0, 33.0]}, "properties": {"risk": 0.0, "years_used": 5, "gumbel_mu": 29.376, "gumbel_beta": 7.222}}, {"type": "Feature", "geometry": {"type": "Point", "coordinates": [96.0, 33.0]}, "properties": {"risk": 0.0, "years_used": 5, "gumbel_mu": 28.728, "gumbel_beta": 3.666}}, {"type": "Feature", "geometry": {"type": "Point", "coordinates": [97.0, 33.0]}, "properties": {"risk": 0.0, "years_used": 5, "gumbel_mu": 28.73, "gumbel_beta": 6.508}}, {"type": "Feature", "geometry": {"type": "Point", "coordinates": [98.0, 33.0]}, "properties": {"risk": 0.0, "years_used": 5, "gumbel_mu": 31.284, "gumbel_beta": 9.565}}, {"type": "Feature", "geometry": {"type": "Point", "coordinates": [99.0, 33.0]}, "properties": {"risk": 0.0, "years_used": 5, "gumbel_mu": 24.197, "gumbel_beta": 2.896}}, {"type": "Feature", "geometry": {"type": "Point", "coordinates": [100.0, 33.0]}, "properties": {"risk": 0.0, "years_used": 5, "gumbel_mu": 31.22, "gumbel_beta": 3.426}}, {"type": "Feature", "geometry": {"type": "Point", "coordinates": [101.0, 33.0]}, "properties": {"risk": 0.0, "years_used": 5, "gumbel_mu": 39.836, "gumbel_beta": 7.903}}, {"type": "Feature", "geometry": {"type": "Point", "coordinates": [102.0, 33.0]}, "properties": {"risk": 0.0, "years_used": 5, "gumbel_mu": 44.055, "gumbel_beta": 13.219}}, {"type": "Feature", "geometry": {"type": "Point", "coordinates": [103.0, 33.0]}, "properties": {"risk": 0.0, "years_used": 5, "gumbel_mu": 39.044, "gumbel_beta": 6.41}}, {"type": "Feature", "geometry": {"type": "Point", "coordinates": [104.0, 33.0]}, "properties": {"risk": 0.0, "years_used": 5, "gumbel_mu": 36.909, "gumbel_beta": 7.015}}, {"type": "Feature", "geometry": {"type": "Point", "coordinates": [105.0, 33.0]}, "properties": {"risk": 0.0, "years_used": 5, "gumbel_mu": 55.183, "gumbel_beta": 20.846}}, {"type": "Feature", "geometry": {"type": "Point", "coordinates": [106.0, 33.0]}, "properties": {"risk": 0.66, "years_used": 5, "gumbel_mu": 83.321, "gumbel_beta": 27.977}}, {"type": "Feature", "geometry": {"type": "Point", "coordinates": [107.0, 33.0]}, "properties": {"risk": 0.0, "years_used": 5, "gumbel_mu": 59.629, "gumbel_beta": 42.262}}, {"type": "Feature", "geometry": {"type": "Point", "coordinates": [108.0, 33.0]}, "properties": {"risk": 0.33, "years_used": 5, "gumbel_mu": 64.226, "gumbel_beta": 33.633}}, {"type": "Feature", "geometry": {"type": "Point", "coordinates": [109.0, 33.0]}, "properties": {"risk": 0.33, "years_used": 5, "gumbel_mu": 92.78, "gumbel_beta": 46.574}}, {"type": "Feature", "geometry": {"type": "Point", "coordinates": [110.0, 33.0]}, "properties": {"risk": 0.33, "years_used": 5, "gumbel_mu": 64.464, "gumbel_beta": 27.786}}, {"type": "Feature", "geometry": {"type": "Point", "coordinates": [111.0, 33.0]}, "properties": {"risk": 0.33, "years_used": 5, "gumbel_mu": 64.803, "gumbel_beta": 21.743}}, {"type": "Feature", "geometry": {"type": "Point", "coordinates": [112.0, 33.0]}, "properties": {"risk": 0.33, "years_used": 5, "gumbel_mu": 62.731, "gumbel_beta": 29.485}}, {"type": "Feature", "geometry": {"type": "Point", "coordinates": [113.0, 33.0]}, "properties": {"risk": 0.33, "years_used": 5, "gumbel_mu": 80.596, "gumbel_beta": 22.464}}, {"type": "Feature", "geometry": {"type": "Point", "coordinates": [114.0, 33.0]}, "properties": {"risk": 0.33, "years_used": 5, "gumbel_mu": 78.807, "gumbel_beta": 23.788}}, {"type": "Feature", "geometry": {"type": "Point", "coordinates": [115.0, 33.0]}, "properties": {"risk": 0.33, "years_used": 5, "gumbel_mu": 91.777, "gumbel_beta": 21.66}}, {"type": "Feature", "geometry": {"type": "Point", "coordinates": [116.0, 33.0]}, "properties": {"risk": 0.33, "years_used": 5, "gumbel_mu": 90.661, "gumbel_beta": 37.155}}, {"type": "Feature", "geometry": {"type": "Point", "coordinates": [117.0, 33.0]}, "properties": {"risk": 0.33, "years_used": 5, "gumbel_mu": 67.096, "gumbel_beta": 8.535}}, {"type": "Feature", "geometry": {"type": "Point", "coordinates": [118.0, 33.0]}, "properties": {"risk": 0.33, "years_used": 5, "gumbel_mu": 63.893, "gumbel_beta": 18.999}}, {"type": "Feature", "geometry": {"type": "Point", "coordinates": [119.0, 33.0]}, "properties": {"risk": 0.33, "years_used": 5, "gumbel_mu": 71.651, "gumbel_beta": 12.095}}, {"type": "Feature", "geometry": {"type": "Point", "coordinates": [120.0, 33.0]}, "properties": {"risk": 0.33, "years_used": 5, "gumbel_mu": 67.711, "gumbel_beta": 11.942}}, {"type": "Feature", "geometry": {"type": "Point", "coordinates": [121.0, 33.0]}, "properties": {"no_data": true}}, {"type": "Feature", "geometry": {"type": "Point", "coordinates": [122.0, 33.0]}, "properties": {"no_data": true}}, {"type": "Feature", "geometry": {"type": "Point", "coordinates": [123.0, 33.0]}, "properties": {"no_data": true}}, {"type": "Feature", "geometry": {"type": "Point", "coordinates": [124.0, 33.0]}, "properties": {"no_data": true}}, {"type": "Feature", "geometry": {"type": "Point", "coordinates": [125.0, 33.0]}, "properties": {"no_data": true}}, {"type": "Feature", "geometry": {"type": "Point", "coordinates": [126.0, 33.0]}, "properties": {"no_data": true}}, {"type": "Feature", "geometry": {"type": "Point", "coordinates": [127.0, 33.0]}, "properties": {"no_data": true}}, {"type": "Feature", "geometry": {"type": "Point", "coordinates": [128.0, 33.0]}, "properties": {"no_data": true}}, {"type": "Feature", "geometry": {"type": "Point", "coordinates": [129.0, 33.0]}, "properties": {"no_data": true}}, {"type": "Feature", "geometry": {"type": "Point", "coordinates": [130.0, 33.0]}, "properties": {"risk": 0.66, "years_used": 5, "gumbel_mu": 101.568, "gumbel_beta": 21.808}}, {"type": "Feature", "geometry": {"type": "Point", "coordinates": [131.0, 33.0]}, "properties": {"risk": 0.66, "years_used": 5, "gumbel_mu": 117.929, "gumbel_beta": 48.644}}, {"type": "Feature", "geometry": {"type": "Point", "coordinates": [132.0, 33.0]}, "properties": {"risk": 0.33, "years_used": 5, "gumbel_mu": 119.302, "gumbel_beta": 14.755}}, {"type": "Feature", "geometry": {"type": "Point", "coordinates": [133.0, 33.0]}, "properties": {"risk": 0.66, "years_used": 5, "gumbel_mu": 120.703, "gumbel_beta": 13.113}}, {"type": "Feature", "geometry": {"type": "Point", "coordinates": [134.0, 33.0]}, "properties": {"no_data": true}}, {"type": "Feature", "geometry": {"type": "Point", "coordinates": [135.0, 33.0]}, "properties": {"no_data": true}}, {"type": "Feature", "geometry": {"type": "Point", "coordinates": [73.0, 34.0]}, "properties": {"risk": 0.33, "years_used": 5, "gumbel_mu": 46.506, "gumbel_beta": 28.143}}, {"type": "Feature", "geometry": {"type": "Point", "coordinates": [74.0, 34.0]}, "properties": {"risk": 0.33, "years_used": 5, "gumbel_mu": 65.799, "gumbel_beta": 19.97}}, {"type": "Feature", "geometry": {"type": "Point", "coordinates": [75.0, 34.0]}, "properties": {"risk": 0.0, "years_used": 5, "gumbel_mu": 38.503, "gumbel_beta": 7.531}}, {"type": "Feature", "geometry": {"type": "Point", "coordinates": [76.0, 34.0]}, "properties": {"risk": 0.33, "years_used": 5, "gumbel_mu": 67.414, "gumbel_beta": 16.205}}, {"type": "Feature", "geometry": {"type": "Point", "coordinates": [77.0, 34.0]}, "properties": {"risk": 0.0, "years_used": 5, "gumbel_mu": 18.159, "gumbel_beta": 5.02}}, {"type": "Feature", "geometry": {"type": "Point", "coordinates": [78.0, 34.0]}, "properties": {"risk": 0.0, "years_used": 5, "gumbel_mu": 13.933, "gumbel_beta": 7.901}}, {"type": "Feature", "geometry": {"type": "Point", "coordinates": [79.0, 34.0]}, "properties": {"risk": 0.0, "years_used": 5, "gumbel_mu": 6.433, "gumbel_beta": 2.048}}, {"type": "Feature", "geometry": {"type": "Point", "coordinates": [80.0, 34.0]}, "properties": {"risk": 0.0, "years_used": 5, "gumbel_mu": 7.515, "gumbel_beta": 1.032}}, {"type": "Feature", "geometry": {"type": "Point", "coordinates": [81.0, 34.0]}, "properties": {"risk": 0.0, "years_used": 5, "gumbel_mu": 8.103, "gumbel_beta": 4.052}}, {"type": "Feature", "geometry": {"type": "Point", "coordinates": [82.0, 34.0]}, "properties": {"risk": 0.0, "years_used": 5, "gumbel_mu": 9.688, "gumbel_beta": 2.433}}, {"type": "Feature", "geometry": {"type": "Point", "coordinates": [83.0, 34.0]}, "properties": {"risk": 0.0, "years_used": 5, "gumbel_mu": 10.727, "gumbel_beta": 4.983}}, {"type": "Feature", "geometry": {"type": "Point", "coordinates": [84.0, 34.0]}, "properties": {"risk": 0.0, "years_used": 5, "gumbel_mu": 14.17, "gumbel_beta": 5.232}}, {"type": "Feature", "geometry": {"type": "Point", "coordinates": [85.0, 34.0]}, "properties": {"risk": 0.0, "years_used": 5, "gumbel_mu": 15.635, "gumbel_beta": 4.682}}, {"type": "Feature", "geometry": {"type": "Point", "coordinates": [86.0, 34.0]}, "properties": {"risk": 0.0, "years_used": 5, "gumbel_mu": 17.991, "gumbel_beta": 4.287}}, {"type": "Feature", "geometry": {"type": "Point", "coordinates": [87.0, 34.0]}, "properties": {"risk": 0.0, "years_used": 5, "gumbel_mu": 21.048, "gumbel_beta": 16.557}}, {"type": "Feature", "geometry": {"type": "Point", "coordinates": [88.0, 34.0]}, "properties": {"risk": 0.0, "years_used": 5, "gumbel_mu": 24.999, "gumbel_beta": 8.848}}, {"type": "Feature", "geometry": {"type": "Point", "coordinates": [89.0, 34.0]}, "properties": {"risk": 0.0, "years_used": 5, "gumbel_mu": 23.022, "gumbel_beta": 5.846}}, {"type": "Feature", "geometry": {"type": "Point", "coordinates": [90.0, 34.0]}, "properties": {"risk": 0.0, "years_used": 5, "gumbel_mu": 21.323, "gumbel_beta": 5.938}}, {"type": "Feature", "geometry": {"type": "Point", "coordinates": [91.0, 34.0]}, "properties": {"risk": 0.0, "years_used": 5, "gumbel_mu": 20.431, "gumbel_beta": 8.558}}, {"type": "Feature", "geometry": {"type": "Point", "coordinates": [92.0, 34.0]}, "properties": {"risk": 0.0, "years_used": 5, "gumbel_mu": 22.596, "gumbel_beta": 4.113}}, {"type": "Feature", "geometry": {"type": "Point", "coordinates": [93.0, 34.0]}, "properties": {"risk": 0.0, "years_used": 5, "gumbel_mu": 23.71, "gumbel_beta": 9.922}}, {"type": "Feature", "geometry": {"type": "Point", "coordinates": [94.0, 34.0]}, "properties": {"risk": 0.0, "years_used": 5, "gumbel_mu": 26.118, "gumbel_beta": 7.76}}, {"type": "Feature", "geometry": {"type": "Point", "coordinates": [95.0, 34.0]}, "properties": {"risk": 0.0, "years_used": 5, "gumbel_mu": 28.08, "gumbel_beta": 4.084}}, {"type": "Feature", "geometry": {"type": "Point", "coordinates": [96.0, 34.0]}, "properties": {"risk": 0.0, "years_used": 5, "gumbel_mu": 27.285, "gumbel_beta": 8.168}}, {"type": "Feature", "geometry": {"type": "Point", "coordinates": [97.0, 34.0]}, "properties": {"risk": 0.0, "years_used": 5, "gumbel_mu": 23.186, "gumbel_beta": 3.868}}, {"type": "Feature", "geometry": {"type": "Point", "coordinates": [98.0, 34.0]}, "properties": {"risk": 0.0, "years_used": 5, "gumbel_mu": 24.681, "gumbel_beta": 10.38}}, {"type": "Feature", "geometry": {"type": "Point", "coordinates": [99.0, 34.0]}, "properties": {"risk": 0.0, "years_used": 5, "gumbel_mu": 28.477, "gumbel_beta": 6.188}}, {"type": "Feature", "geometry": {"type": "Point", "coordinates": [100.0, 34.0]}, "properties": {"risk": 0.0, "years_used": 5, "gumbel_mu": 34.408, "gumbel_beta": 6.396}}, {"type": "Feature", "geometry": {"type": "Point", "coordinates": [101.0, 34.0]}, "properties": {"risk": 0.0, "years_used": 5, "gumbel_mu": 44.078, "gumbel_beta": 10.306}}, {"type": "Feature", "geometry": {"type": "Point", "coordinates": [102.0, 34.0]}, "properties": {"risk": 0.0, "years_used": 5, "gumbel_mu": 47.534, "gumbel_beta": 7.085}}, {"type": "Feature", "geometry": {"type": "Point", "coordinates": [103.0, 34.0]}, "properties": {"risk": 0.33, "years_used": 5, "gumbel_mu": 59.251, "gumbel_beta": 14.768}}, {"type": "Feature", "geometry": {"type": "Point", "coordinates": [104.0, 34.0]}, "properties": {"risk": 0.0, "years_used": 5, "gumbel_mu": 47.553, "gumbel_beta": 6.772}}, {"type": "Feature", "geometry": {"type": "Point", "coordinates": [105.0, 34.0]}, "properties": {"risk": 0.33, "years_used": 5, "gumbel_mu": 40.003, "gumbel_beta": 8.989}}, {"type": "Feature", "geometry": {"type": "Point", "coordinates": [106.0, 34.0]}, "properties": {"risk": 0.33, "years_used": 5, "gumbel_mu": 67.59, "gumbel_beta": 9.071}}, {"type": "Feature", "geometry": {"type": "Point", "coordinates": [107.0, 34.0]}, "properties": {"risk": 0.33, "years_used": 5, "gumbel_mu": 76.74, "gumbel_beta": 12.421}}, {"type": "Feature", "geometry": {"type": "Point", "coordinates": [108.0, 34.0]}, "properties": {"risk": 0.0, "years_used": 5, "gumbel_mu": 52.256, "gumbel_beta": 17.483}}, {"type": "Feature", "geometry": {"type": "Point", "coordinates": [109.0, 34.0]}, "properties": {"risk": 0.33, "years_used": 5, "gumbel_mu": 77.162, "gumbel_beta": 10.534}}, {"type": "Feature", "geometry": {"type": "Point", "coordinates": [110.0, 34.0]}, "properties": {"risk": 0.33, "years_used": 5, "gumbel_mu": 77.513, "gumbel_beta": 38.688}}, {"type": "Feature", "geometry": {"type": "Point", "coordinates": [111.0, 34.0]}, "properties": {"risk": 0.0, "years_used": 5, "gumbel_mu": 61.919, "gumbel_beta": 23.492}}, {"type": "Feature", "geometry": {"type": "Point", "coordinates": [112.0, 34.0]}, "properties": {"risk": 0.33, "years_used": 5, "gumbel_mu": 60.562, "gumbel_beta": 15.994}}, {"type": "Feature", "geometry": {"type": "Point", "coordinates": [113.0, 34.0]}, "properties": {"risk": 0.0, "years_used": 5, "gumbel_mu": 63.22, "gumbel_beta": 12.215}}, {"type": "Feature", "geometry": {"type": "Point", "coordinates": [114.0, 34.0]}, "properties": {"risk": 0.33, "years_used": 5, "gumbel_mu": 67.561, "gumbel_beta": 8.758}}, {"type": "Feature", "geometry": {"type": "Point", "coordinates": [115.0, 34.0]}, "properties": {"risk": 0.33, "years_used": 5, "gumbel_mu": 62.73, "gumbel_beta": 13.39}}, {"type": "Feature", "geometry": {"type": "Point", "coordinates": [116.0, 34.0]}, "properties": {"risk": 0.33, "years_used": 5, "gumbel_mu": 62.933, "gumbel_beta": 14.431}}, {"type": "Feature", "geometry": {"type": "Point", "coordinates": [117.0, 34.0]}, "properties": {"risk": 0.33, "years_used": 5, "gumbel_mu": 71.961, "gumbel_beta": 18.72}}, {"type": "Feature", "geometry": {"type": "Point", "coordinates": [118.0, 34.0]}, "properties": {"risk": 0.33, "years_used": 5, "gumbel_mu": 65.93, "gumbel_beta": 14.66}}, {"type": "Feature", "geometry": {"type": "Point", "coordinates": [119.0, 34.0]}, "properties": {"risk": 0.33, "years_used": 5, "gumbel_mu": 59.68, "gumbel_beta": 9.461}}, {"type": "Feature", "geometry": {"type": "Point", "coordinates": [120.0, 34.0]}, "properties": {"risk": 0.66, "years_used": 5, "gumbel_mu": 66.043, "gumbel_beta": 14.098}}, {"type": "Feature", "geometry": {"type": "Point", "coordinates": [121.0, 34.0]}, "properties": {"no_data": true}}, {"type": "Feature", "geometry": {"type": "Point", "coordinates": [122.0, 34.0]}, "properties": {"no_data": true}}, {"type": "Feature", "geometry": {"type": "Point", "coordinates": [123.0, 34.0]}, "properties": {"no_data": true}}, {"type": "Feature", "geometry": {"type": "Point", "coordinates": [124.0, 34.0]}, "properties": {"no_data": true}}, {"type": "Feature", "geometry": {"type": "Point", "coordinates": [125.0, 34.0]}, "properties": {"no_data": true}}, {"type": "Feature", "geometry": {"type": "Point", "coordinates": [126.0, 34.0]}, "properties": {"no_data": true}}, {"type": "Feature", "geometry": {"type": "Point", "coordinates": [127.0, 34.0]}, "properties": {"no_data": true}}, {"type": "Feature", "geometry": {"type": "Point", "coordinates": [128.0, 34.0]}, "properties": {"no_data": true}}, {"type": "Feature", "geometry": {"type": "Point", "coordinates": [129.0, 34.0]}, "properties": {"no_data": true}}, {"type": "Feature", "geometry": {"type": "Point", "coordinates": [130.0, 34.0]}, "properties": {"no_data": true}}, {"type": "Feature", "geometry": {"type": "Point", "coordinates": [131.0, 34.0]}, "properties": {"risk": 0.33, "years_used": 5, "gumbel_mu": 100.818, "gumbel_beta": 34.526}}, {"type": "Feature", "geometry": {"type": "Point", "coordinates": [132.0, 34.0]}, "properties": {"risk": 0.33, "years_used": 5, "gumbel_mu": 90.375, "gumbel_beta": 50.132}}, {"type": "Feature", "geometry": {"type": "Point", "coordinates": [133.0, 34.0]}, "properties": {"risk": 0.33, "years_used": 5, "gumbel_mu": 89.141, "gumbel_beta": 34.188}}, {"type": "Feature", "geometry": {"type": "Point", "coordinates": [134.0, 34.0]}, "properties": {"risk": 0.66, "years_used": 5, "gumbel_mu": 133.365, "gumbel_beta": 45.864}}, {"type": "Feature", "geometry": {"type": "Point", "coordinates": [135.0, 34.0]}, "properties": {"no_data": true}}, {"type": "Feature", "geometry": {"type": "Point", "coordinates": [73.0, 35.0]}, "properties": {"risk": 0.66, "years_used": 5, "gumbel_mu": 68.873, "gumbel_beta": 27.999}}, {"type": "Feature", "geometry": {"type": "Point", "coordinates": [74.0, 35.0]}, "properties": {"risk": 0.33, "years_used": 5, "gumbel_mu": 74.18, "gumbel_beta": 7.609}}, {"type": "Feature", "geometry": {"type": "Point", "coordinates": [75.0, 35.0]}, "properties": {"risk": 0.0, "years_used": 5, "gumbel_mu": 33.937, "gumbel_beta": 25.521}}, {"type": "Feature", "geometry": {"type": "Point", "coordinates": [76.0, 35.0]}, "properties": {"risk": 0.0, "years_used": 5, "gumbel_mu": 12.705, "gumbel_beta": 3.555}}, {"type": "Feature", "geometry": {"type": "Point", "coordinates": [77.0, 35.0]}, "properties": {"risk": 0.0, "years_used": 5, "gumbel_mu": 10.658, "gumbel_beta": 3.075}}, {"type": "Feature", "geometry": {"type": "Point", "coordinates": [78.0, 35.0]}, "properties": {"risk": 0.0, "years_used": 5, "gumbel_mu": 6.306, "gumbel_beta": 1.522}}, {"type": "Feature", "geometry": {"type": "Point", "coordinates": [79.0, 35.0]}, "properties": {"risk": 0.0, "years_used": 5, "gumbel_mu": 6.324, "gumbel_beta": 1.903}}, {"type": "Feature", "geometry": {"type": "Point", "coordinates": [80.0, 35.0]}, "properties": {"risk": 0.0, "years_used": 5, "gumbel_mu": 4.281, "gumbel_beta": 0.579}}, {"type": "Feature", "geometry": {"type": "Point", "coordinates": [81.0, 35.0]}, "properties": {"risk": 0.0, "years_used": 5, "gumbel_mu": 6.11, "gumbel_beta": 0.62}}, {"type": "Feature", "geometry": {"type": "Point", "coordinates": [82.0, 35.0]}, "properties": {"risk": 0.0, "years_used": 5, "gumbel_mu": 5.026, "gumbel_beta": 1.1}}, {"type": "Feature", "geometry": {"type": "Point", "coordinates": [83.0, 35.0]}, "properties": {"risk": 0.0, "years_used": 5, "gumbel_mu": 10.006, "gumbel_beta": 2.232}}, {"type": "Feature", "geometry": {"type": "Point", "coordinates": [84.0, 35.0]}, "properties": {"risk": 0.0, "years_used": 5, "gumbel_mu": 5.978, "gumbel_beta": 2.375}}, {"type": "Feature", "geometry": {"type": "Point", "coordinates": [85.0, 35.0]}, "properties": {"risk": 0.0, "years_used": 5, "gumbel_mu": 9.177, "gumbel_beta": 1.976}}, {"type": "Feature", "geometry": {"type": "Point", "coordinates": [86.0, 35.0]}, "properties": {"risk": 0.0, "years_used": 5, "gumbel_mu": 14.021, "gumbel_beta": 3.571}}, {"type": "Feature", "geometry": {"type": "Point", "coordinates": [87.0, 35.0]}, "properties": {"risk": 0.0, "years_used": 5, "gumbel_mu": 15.22, "gumbel_beta": 1.802}}, {"type": "Feature", "geometry": {"type": "Point", "coordinates": [88.0, 35.0]}, "properties": {"risk": 0.0, "years_used": 5, "gumbel_mu": 20.724, "gumbel_beta": 4.968}}, {"type": "Feature", "geometry": {"type": "Point", "coordinates": [89.0, 35.0]}, "properties": {"risk": 0.0, "years_used": 5, "gumbel_mu": 21.902, "gumbel_beta": 9.298}}, {"type": "Feature", "geometry": {"type": "Point", "coordinates": [90.0, 35.0]}, "properties": {"risk": 0.0, "years_used": 5, "gumbel_mu": 22.975, "gumbel_beta": 10.174}}, {"type": "Feature", "geometry": {"type": "Point", "coordinates": [91.0, 35.0]}, "properties": {"risk": 0.0, "years_used": 5, "gumbel_mu": 27.823, "gumbel_beta": 15.213}}, {"type": "Feature", "geometry": {"type": "Point", "coordinates": [92.0, 35.0]}, "properties": {"risk": 0.0, "years_used": 5, "gumbel_mu": 25.04, "gumbel_beta": 9.498}}, {"type": "Feature", "geometry": {"type": "Point", "coordinates": [93.0, 35.0]}, "properties": {"risk": 0.0, "years_used": 5, "gumbel_mu": 20.588, "gumbel_beta": 10.005}}, {"type": "Feature", "geometry": {"type": "Point", "coordinates": [94.0, 35.0]}, "properties": {"risk": 0.0, "years_used": 5, "gumbel_mu": 22.942, "gumbel_beta": 9.663}}, {"type": "Feature", "geometry": {"type": "Point", "coordinates": [95.0, 35.0]}, "properties": {"risk": 0.0, "years_used": 5, "gumbel_mu": 29.733, "gumbel_beta": 5.948}}, {"type": "Feature", "geometry": {"type": "Point", "coordinates": [96.0, 35.0]}, "properties": {"risk": 0.0, "years_used": 5, "gumbel_mu": 29.575, "gumbel_beta": 6.186}}, {"type": "Feature", "geometry": {"type": "Point", "coordinates": [97.0, 35.0]}, "properties": {"risk": 0.0, "years_used": 5, "gumbel_mu": 31.481, "gumbel_beta": 9.926}}, {"type": "Feature", "geometry": {"type": "Point", "coordinates": [98.0, 35.0]}, "properties": {"risk": 0.0, "years_used": 5, "gumbel_mu": 24.838, "gumbel_beta": 1.93}}, {"type": "Feature", "geometry": {"type": "Point", "coordinates": [99.0, 35.0]}, "properties": {"risk": 0.0, "years_used": 5, "gumbel_mu": 30.968, "gumbel_beta": 6.74}}, {"type": "Feature", "geometry": {"type": "Point", "coordinates": [100.0, 35.0]}, "properties": {"risk": 0.0, "years_used": 5, "gumbel_mu": 44.988, "gumbel_beta": 11.808}}, {"type": "Feature", "geometry": {"type": "Point", "coordinates": [101.0, 35.0]}, "properties": {"risk": 0.0, "years_used": 5, "gumbel_mu": 39.54, "gumbel_beta": 1.923}}, {"type": "Feature", "geometry": {"type": "Point", "coordinates": [102.0, 35.0]}, "properties": {"risk": 0.0, "years_used": 5, "gumbel_mu": 42.702, "gumbel_beta": 9.218}}, {"type": "Feature", "geometry": {"type": "Point", "coordinates": [103.0, 35.0]}, "properties": {"risk": 0.0, "years_used": 5, "gumbel_mu": 42.569, "gumbel_beta": 12.368}}, {"type": "Feature", "geometry": {"type": "Point", "coordinates": [104.0, 35.0]}, "properties": {"risk": 0.33, "years_used": 5, "gumbel_mu": 57.433, "gumbel_beta": 4.527}}, {"type": "Feature", "geometry": {"type": "Point", "coordinates": [105.0, 35.0]}, "properties": {"risk": 0.33, "years_used": 5, "gumbel_mu": 64.312, "gumbel_beta": 10.701}}, {"type": "Feature", "geometry": {"type": "Point", "coordinates": [106.0, 35.0]}, "properties": {"risk": 0.33, "years_used": 5, "gumbel_mu": 83.3, "gumbel_beta": 20.73}}, {"type": "Feature", "geometry": {"type": "Point", "coordinates": [107.0, 35.0]}, "properties": {"risk": 0.33, "years_used": 5, "gumbel_mu": 63.549, "gumbel_beta": 10.34}}, {"type": "Feature", "geometry": {"type": "Point", "coordinates": [108.0, 35.0]}, "properties": {"risk": 0.33, "years_used": 5, "gumbel_mu": 70.515, "gumbel_beta": 9.411}}, {"type": "Feature", "geometry": {"type": "Point", "coordinates": [109.0, 35.0]}, "properties": {"risk": 0.33, "years_used": 5, "gumbel_mu": 66.2, "gumbel_beta": 12.003}}, {"type": "Feature", "geometry": {"type": "Point", "coordinates": [110.0, 35.0]}, "properties": {"risk": 0.0, "years_used": 5, "gumbel_mu": 47.25, "gumbel_beta": 25.441}}, {"type": "Feature", "geometry": {"type": "Point", "coordinates": [111.0, 35.0]}, "properties": {"risk": 0.0, "years_used": 5, "gumbel_mu": 54.896, "gumbel_beta": 14.1}}, {"type": "Feature", "geometry": {"type": "Point", "coordinates": [112.0, 35.0]}, "properties": {"risk": 0.0, "years_used": 5, "gumbel_mu": 63.363, "gumbel_beta": 24.762}}, {"type": "Feature", "geometry": {"type": "Point", "coordinates": [113.0, 35.0]}, "properties": {"risk": 0.33, "years_used": 5, "gumbel_mu": 52.345, "gumbel_beta": 13.858}}, {"type": "Feature", "geometry": {"type": "Point", "coordinates": [114.0, 35.0]}, "properties": {"risk": 0.33, "years_used": 5, "gumbel_mu": 61.744, "gumbel_beta": 20.891}}, {"type": "Feature", "geometry": {"type": "Point", "coordinates": [115.0, 35.0]}, "properties": {"risk": 0.33, "years_used": 5, "gumbel_mu": 81.369, "gumbel_beta": 31.724}}, {"type": "Feature", "geometry": {"type": "Point", "coordinates": [116.0, 35.0]}, "properties": {"risk": 0.33, "years_used": 5, "gumbel_mu": 81.238, "gumbel_beta": 18.962}}, {"type": "Feature", "geometry": {"type": "Point", "coordinates": [117.0, 35.0]}, "properties": {"risk": 0.33, "years_used": 5, "gumbel_mu": 70.0, "gumbel_beta": 15.583}}, {"type": "Feature", "geometry": {"type": "Point", "coordinates": [118.0, 35.0]}, "properties": {"risk": 0.66, "years_used": 5, "gumbel_mu": 74.48, "gumbel_beta": 12.042}}, {"type": "Feature", "geometry": {"type": "Point", "coordinates": [119.0, 35.0]}, "properties": {"risk": 0.66, "years_used": 5, "gumbel_mu": 63.944, "gumbel_beta": 19.853}}, {"type": "Feature", "geometry": {"type": "Point", "coordinates": [120.0, 35.0]}, "properties": {"no_data": true}}, {"type": "Feature", "geometry": {"type": "Point", "coordinates": [121.0, 35.0]}, "properties": {"no_data": true}}, {"type": "Feature", "geometry": {"type": "Point", "coordinates": [122.0, 35.0]}, "properties": {"no_data": true}}, {"type": "Feature", "geometry": {"type": "Point", "coordinates": [123.0, 35.0]}, "properties": {"no_data": true}}, {"type": "Feature", "geometry": {"type": "Point", "coordinates": [124.0, 35.0]}, "properties": {"no_data": true}}, {"type": "Feature", "geometry": {"type": "Point", "coordinates": [125.0, 35.0]}, "properties": {"no_data": true}}, {"type": "Feature", "geometry": {"type": "Point", "coordinates": [126.0, 35.0]}, "properties": {"no_data": true}}, {"type": "Feature", "geometry": {"type": "Point", "coordinates": [127.0, 35.0]}, "properties": {"risk": 0.66, "years_used": 5, "gumbel_mu": 122.415, "gumbel_beta": 3.351}}, {"type": "Feature", "geometry": {"type": "Point", "coordinates": [128.0, 35.0]}, "properties": {"risk": 0.66, "years_used": 5, "gumbel_mu": 114.283, "gumbel_beta": 30.481}}, {"type": "Feature", "geometry": {"type": "Point", "coordinates": [129.0, 35.0]}, "properties": {"risk": 0.66, "years_used": 5, "gumbel_mu": 105.301, "gumbel_beta": 17.295}}, {"type": "Feature", "geometry": {"type": "Point", "coordinates": [130.0, 35.0]}, "properties": {"no_data": true}}, {"type": "Feature", "geometry": {"type": "Point", "coordinates": [131.0, 35.0]}, "properties": {"no_data": true}}, {"type": "Feature", "geometry": {"type": "Point", "coordinates": [132.0, 35.0]}, "properties": {"no_data": true}}, {"type": "Feature", "geometry": {"type": "Point", "coordinates": [133.0, 35.0]}, "properties": {"risk": 0.66, "years_used": 5, "gumbel_mu": 99.246, "gumbel_beta": 21.333}}, {"type": "Feature", "geometry": {"type": "Point", "coordinates": [134.0, 35.0]}, "properties": {"risk": 0.33, "years_used": 5, "gumbel_mu": 87.27, "gumbel_beta": 52.091}}, {"type": "Feature", "geometry": {"type": "Point", "coordinates": [135.0, 35.0]}, "properties": {"risk": 0.33, "years_used": 5, "gumbel_mu": 73.954, "gumbel_beta": 33.065}}, {"type": "Feature", "geometry": {"type": "Point", "coordinates": [73.0, 36.0]}, "properties": {"risk": 0.0, "years_used": 5, "gumbel_mu": 19.074, "gumbel_beta": 13.657}}, {"type": "Feature", "geometry": {"type": "Point", "coordinates": [74.0, 36.0]}, "properties": {"risk": 0.0, "years_used": 5, "gumbel_mu": 12.04, "gumbel_beta": 4.93}}, {"type": "Feature", "geometry": {"type": "Point", "coordinates": [75.0, 36.0]}, "properties": {"risk": 0.0, "years_used": 5, "gumbel_mu": 9.994, "gumbel_beta": 3.593}}, {"type": "Feature", "geometry": {"type": "Point", "coordinates": [76.0, 36.0]}, "properties": {"risk": 0.0, "years_used": 5, "gumbel_mu": 34.499, "gumbel_beta": 18.656}}, {"type": "Feature", "geometry": {"type": "Point", "coordinates": [77.0, 36.0]}, "properties": {"risk": 0.0, "years_used": 5, "gumbel_mu": 10.534, "gumbel_beta": 5.075}}, {"type": "Feature", "geometry": {"type": "Point", "coordinates": [78.0, 36.0]}, "properties": {"risk": 0.0, "years_used": 5, "gumbel_mu": 7.715, "gumbel_beta": 3.064}}, {"type": "Feature", "geometry": {"type": "Point", "coordinates": [79.0, 36.0]}, "properties": {"risk": 0.0, "years_used": 5, "gumbel_mu": 8.666, "gumbel_beta": 2.253}}, {"type": "Feature", "geometry": {"type": "Point", "coordinates": [80.0, 36.0]}, "properties": {"risk": 0.0, "years_used": 5, "gumbel_mu": 16.466, "gumbel_beta": 16.827}}, {"type": "Feature", "geometry": {"type": "Point", "coordinates": [81.0, 36.0]}, "properties": {"risk": 0.0, "years_used": 5, "gumbel_mu": 22.891, "gumbel_beta": 7.216}}, {"type": "Feature", "geometry": {"type": "Point", "coordinates": [82.0, 36.0]}, "properties": {"risk": 0.0, "years_used": 5, "gumbel_mu": 10.342, "gumbel_beta": 3.232}}, {"type": "Feature", "geometry": {"type": "Point", "coordinates": [83.0, 36.0]}, "properties": {"risk": 0.0, "years_used": 5, "gumbel_mu": 6.437, "gumbel_beta": 0.318}}, {"type": "Feature", "geometry": {"type": "Point", "coordinates": [84.0, 36.0]}, "properties": {"risk": 0.0, "years_used": 5, "gumbel_mu": 5.487, "gumbel_beta": 0.559}}, {"type": "Feature", "geometry": {"type": "Point", "coordinates": [85.0, 36.0]}, "properties": {"risk": 0.0, "years_used": 5, "gumbel_mu": 8.259, "gumbel_beta": 5.096}}, {"type": "Feature", "geometry": {"type": "Point", "coordinates": [86.0, 36.0]}, "properties": {"risk": 0.0, "years_used": 5, "gumbel_mu": 9.381, "gumbel_beta": 1.805}}, {"type": "Feature", "geometry": {"type": "Point", "coordinates": [87.0, 36.0]}, "properties": {"risk": 0.0, "years_used": 5, "gumbel_mu": 14.435, "gumbel_beta": 5.041}}, {"type": "Feature", "geometry": {"type": "Point", "coordinates": [88.0, 36.0]}, "properties": {"risk": 0.0, "years_used": 5, "gumbel_mu": 15.386, "gumbel_beta": 2.932}}, {"type": "Feature", "geometry": {"type": "Point", "coordinates": [89.0, 36.0]}, "properties": {"risk": 0.0, "years_used": 5, "gumbel_mu": 17.855, "gumbel_beta": 3.373}}, {"type": "Feature", "geometry": {"type": "Point", "coordinates": [90.0, 36.0]}, "properties": {"risk": 0.0, "years_used": 5, "gumbel_mu": 32.43, "gumbel_beta": 5.429}}, {"type": "Feature", "geometry": {"type": "Point", "coordinates": [91.0, 36.0]}, "properties": {"risk": 0.0, "years_used": 5, "gumbel_mu": 37.26, "gumbel_beta": 7.252}}, {"type": "Feature", "geometry": {"type": "Point", "coordinates": [92.0, 36.0]}, "properties": {"risk": 0.0, "years_used": 5, "gumbel_mu": 34.317, "gumbel_beta": 7.948}}, {"type": "Feature", "geometry": {"type": "Point", "coordinates": [93.0, 36.0]}, "properties": {"risk": 0.0, "years_used": 5, "gumbel_mu": 22.789, "gumbel_beta": 10.283}}, {"type": "Feature", "geometry": {"type": "Point", "coordinates": [94.0, 36.0]}, "properties": {"risk": 0.0, "years_used": 5, "gumbel_mu": 29.472, "gumbel_beta": 12.234}}, {"type": "Feature", "geometry": {"type": "Point", "coordinates": [95.0, 36.0]}, "properties": {"risk": 0.0, "years_used": 5, "gumbel_mu": 26.633, "gumbel_beta": 9.5}}, {"type": "Feature", "geometry": {"type": "Point", "coordinates": [96.0, 36.0]}, "properties": {"risk": 0.0, "years_used": 5, "gumbel_mu": 28.358, "gumbel_beta": 2.339}}, {"type": "Feature", "geometry": {"type": "Point", "coordinates": [97.0, 36.0]}, "properties": {"risk": 0.0, "years_used": 5, "gumbel_mu": 28.324, "gumbel_beta": 22.075}}, {"type": "Feature", "geometry": {"type": "Point", "coordinates": [98.0, 36.0]}, "properties": {"risk": 0.0, "years_used": 5, "gumbel_mu": 29.895, "gumbel_beta": 10.116}}, {"type": "Feature", "geometry": {"type": "Point", "coordinates": [99.0, 36.0]}, "properties": {"risk": 0.0, "years_used": 5, "gumbel_mu": 40.212, "gumbel_beta": 12.378}}, {"type": "Feature", "geometry": {"type": "Point", "coordinates": [100.0, 36.0]}, "properties": {"risk": 0.0, "years_used": 5, "gumbel_mu": 38.305, "gumbel_beta": 9.958}}, {"type": "Feature", "geometry": {"type": "Point", "coordinates": [101.0, 36.0]}, "properties": {"risk": 0.0, "years_used": 5, "gumbel_mu": 36.374, "gumbel_beta": 5.762}}, {"type": "Feature", "geometry": {"type": "Point", "coordinates": [102.0, 36.0]}, "properties": {"risk": 0.0, "years_used": 5, "gumbel_mu": 43.18, "gumbel_beta": 17.61}}, {"type": "Feature", "geometry": {"type": "Point", "coordinates": [103.0, 36.0]}, "properties": {"risk": 0.0, "years_used": 5, "gumbel_mu": 43.807, "gumbel_beta": 3.247}}, {"type": "Feature", "geometry": {"type": "Point", "coordinates": [104.0, 36.0]}, "properties": {"risk": 0.0, "years_used": 5, "gumbel_mu": 53.413, "gumbel_beta": 11.038}}, {"type": "Feature", "geometry": {"type": "Point", "coordinates": [105.0, 36.0]}, "properties": {"risk": 0.0, "years_used": 5, "gumbel_mu": 46.957, "gumbel_beta": 11.321}}, {"type": "Feature", "geometry": {"type": "Point", "coordinates": [106.0, 36.0]}, "properties": {"risk": 0.33, "years_used": 5, "gumbel_mu": 57.269, "gumbel_beta": 33.991}}, {"type": "Feature", "geometry": {"type": "Point", "coordinates": [107.0, 36.0]}, "properties": {"risk": 0.0, "years_used": 5, "gumbel_mu": 53.057, "gumbel_beta": 27.947}}, {"type": "Feature", "geometry": {"type": "Point", "coordinates": [108.0, 36.0]}, "properties": {"risk": 0.33, "years_used": 5, "gumbel_mu": 74.748, "gumbel_beta": 6.45}}, {"type": "Feature", "geometry": {"type": "Point", "coordinates": [109.0, 36.0]}, "properties": {"risk": 0.33, "years_used": 5, "gumbel_mu": 66.695, "gumbel_beta": 14.336}}, {"type": "Feature", "geometry": {"type": "Point", "coordinates": [110.0, 36.0]}, "properties": {"risk": 0.0, "years_used": 5, "gumbel_mu": 62.612, "gumbel_beta": 19.542}}, {"type": "Feature", "geometry": {"type": "Point", "coordinates": [111.0, 36.0]}, "properties": {"risk": 0.33, "years_used": 5, "gumbel_mu": 54.4, "gumbel_beta": 8.827}}, {"type": "Feature", "geometry": {"type": "Point", "coordinates": [112.0, 36.0]}, "properties": {"risk": 0.33, "years_used": 5, "gumbel_mu": 62.376, "gumbel_beta": 10.88}}, {"type": "Feature", "geometry": {"type": "Point", "coordinates": [113.0, 36.0]}, "properties": {"risk": 0.0, "years_used": 5, "gumbel_mu": 58.297, "gumbel_beta": 29.781}}, {"type": "Feature", "geometry": {"type": "Point", "coordinates": [114.0, 36.0]}, "properties": {"risk": 0.33, "years_used": 5, "gumbel_mu": 73.382, "gumbel_beta": 20.391}}, {"type": "Feature", "geometry": {"type": "Point", "coordinates": [115.0, 36.0]}, "properties": {"risk": 0.33, "years_used": 5, "gumbel_mu": 86.247, "gumbel_beta": 23.01}}, {"type": "Feature", "geometry": {"type": "Point", "coordinates": [116.0, 36.0]}, "properties": {"risk": 0.33, "years_used": 5, "gumbel_mu": 89.533, "gumbel_beta": 15.366}}, {"type": "Feature", "geometry": {"type": "Point", "coordinates": [117.0, 36.0]}, "properties": {"risk": 0.33, "years_used": 5, "gumbel_mu": 81.792, "gumbel_beta": 34.562}}, {"type": "Feature", "geometry": {"type": "Point", "coordinates": [118.0, 36.0]}, "properties": {"risk": 0.33, "years_used": 5, "gumbel_mu": 76.884, "gumbel_beta": 29.504}}, {"type": "Feature", "geometry": {"type": "Point", "coordinates": [119.0, 36.0]}, "properties": {"risk": 0.33, "years_used": 5, "gumbel_mu": 78.194, "gumbel_beta": 14.397}}, {"type": "Feature", "geometry": {"type": "Point", "coordinates": [120.0, 36.0]}, "properties": {"risk": 0.33, "years_used": 5, "gumbel_mu": 61.739, "gumbel_beta": 7.641}}, {"type": "Feature", "geometry": {"type": "Point", "coordinates": [121.0, 36.0]}, "properties": {"no_data": true}}, {"type": "Feature", "geometry": {"type": "Point", "coordinates": [122.0, 36.0]}, "properties": {"no_data": true}}, {"type": "Feature", "geometry": {"type": "Point", "coordinates": [123.0, 36.0]}, "properties": {"no_data": true}}, {"type": "Feature", "geometry": {"type": "Point", "coordinates": [124.0, 36.0]}, "properties": {"no_data": true}}, {"type": "Feature", "geometry": {"type": "Point", "coordinates": [125.0, 36.0]}, "properties": {"no_data": true}}, {"type": "Feature", "geometry": {"type": "Point", "coordinates": [126.0, 36.0]}, "properties": {"no_data": true}}, {"type": "Feature", "geometry": {"type": "Point", "coordinates": [127.0, 36.0]}, "properties": {"risk": 0.66, "years_used": 5, "gumbel_mu": 87.397, "gumbel_beta": 24.221}}, {"type": "Feature", "geometry": {"type": "Point", "coordinates": [128.0, 36.0]}, "properties": {"risk": 0.66, "years_used": 5, "gumbel_mu": 103.97, "gumbel_beta": 25.657}}, {"type": "Feature", "geometry": {"type": "Point", "coordinates": [129.0, 36.0]}, "properties": {"risk": 0.33, "years_used": 5, "gumbel_mu": 83.609, "gumbel_beta": 11.568}}, {"type": "Feature", "geometry": {"type": "Point", "coordinates": [130.0, 36.0]}, "properties": {"no_data": true}}, {"type": "Feature", "geometry": {"type": "Point", "coordinates": [131.0, 36.0]}, "properties": {"no_data": true}}, {"type": "Feature", "geometry": {"type": "Point", "coordinates": [132.0, 36.0]}, "properties": {"no_data": true}}, {"type": "Feature", "geometry": {"type": "Point", "coordinates": [133.0, 36.0]}, "properties": {"no_data": true}}, {"type": "Feature", "geometry": {"type": "Point", "coordinates": [134.0, 36.0]}, "properties": {"no_data": true}}, {"type": "Feature", "geometry": {"type": "Point", "coordinates": [135.0, 36.0]}, "properties": {"no_data": true}}, {"type": "Feature", "geometry": {"type": "Point", "coordinates": [73.0, 37.0]}, "properties": {"risk": 0.0, "years_used": 5, "gumbel_mu": 25.104, "gumbel_beta": 19.553}}, {"type": "Feature", "geometry": {"type": "Point", "coordinates": [74.0, 37.0]}, "properties": {"risk": 0.0, "years_used": 5, "gumbel_mu": 13.694, "gumbel_beta": 9.748}}, {"type": "Feature", "geometry": {"type": "Point", "coordinates": [75.0, 37.0]}, "properties": {"risk": 0.0, "years_used": 5, "gumbel_mu": 10.603, "gumbel_beta": 6.596}}, {"type": "Feature", "geometry": {"type": "Point", "coordinates": [76.0, 37.0]}, "properties": {"risk": 0.0, "years_used": 5, "gumbel_mu": 15.947, "gumbel_beta": 11.299}}, {"type": "Feature", "geometry": {"type": "Point", "coordinates": [77.0, 37.0]}, "properties": {"risk": 0.0, "years_used": 5, "gumbel_mu": 15.875, "gumbel_beta": 9.179}}, {"type": "Feature", "geometry": {"type": "Point", "coordinates": [78.0, 37.0]}, "properties": {"risk": 0.0, "years_used": 5, "gumbel_mu": 11.268, "gumbel_beta": 9.232}}, {"type": "Feature", "geometry": {"type": "Point", "coordinates": [79.0, 37.0]}, "properties": {"risk": 0.0, "years_used": 5, "gumbel_mu": 7.16, "gumbel_beta": 4.783}}, {"type": "Feature", "geometry": {"type": "Point", "coordinates": [80.0, 37.0]}, "properties": {"risk": 0.0, "years_used": 5, "gumbel_mu": 5.077, "gumbel_beta": 2.525}}, {"type": "Feature", "geometry": {"type": "Point", "coordinates": [81.0, 37.0]}, "properties": {"risk": 0.0, "years_used": 5, "gumbel_mu": 2.791, "gumbel_beta": 1.468}}, {"type": "Feature", "geometry": {"type": "Point", "coordinates": [82.0, 37.0]}, "properties": {"risk": 0.0, "years_used": 5, "gumbel_mu": 4.42, "gumbel_beta": 1.357}}, {"type": "Feature", "geometry": {"type": "Point", "coordinates": [83.0, 37.0]}, "properties": {"risk": 0.0, "years_used": 5, "gumbel_mu": 4.134, "gumbel_beta": 0.993}}, {"type": "Feature", "geometry": {"type": "Point", "coordinates": [84.0, 37.0]}, "properties": {"risk": 0.0, "years_used": 5, "gumbel_mu": 6.182, "gumbel_beta": 1.155}}, {"type": "Feature", "geometry": {"type": "Point", "coordinates": [85.0, 37.0]}, "properties": {"risk": 0.0, "years_used": 5, "gumbel_mu": 8.997, "gumbel_beta": 2.015}}, {"type": "Feature", "geometry": {"type": "Point", "coordinates": [86.0, 37.0]}, "properties": {"risk": 0.0, "years_used": 5, "gumbel_mu": 8.4, "gumbel_beta": 0.618}}, {"type": "Feature", "geometry": {"type": "Point", "coordinates": [87.0, 37.0]}, "properties": {"risk": 0.0, "years_used": 5, "gumbel_mu": 8.286, "gumbel_beta": 1.549}}, {"type": "Feature", "geometry": {"type": "Point", "coordinates": [88.0, 37.0]}, "properties": {"risk": 0.0, "years_used": 5, "gumbel_mu": 9.258, "gumbel_beta": 2.151}}, {"type": "Feature", "geometry": {"type": "Point", "coordinates": [89.0, 37.0]}, "properties": {"risk": 0.0, "years_used": 5, "gumbel_mu": 9.854, "gumbel_beta": 3.778}}, {"type": "Feature", "geometry": {"type": "Point", "coordinates": [90.0, 37.0]}, "properties": {"risk": 0.0, "years_used": 5, "gumbel_mu": 15.215, "gumbel_beta": 6.239}}, {"type": "Feature", "geometry": {"type": "Point", "coordinates": [91.0, 37.0]}, "properties": {"risk": 0.0, "years_used": 5, "gumbel_mu": 20.069, "gumbel_beta": 7.914}}, {"type": "Feature", "geometry": {"type": "Point", "coordinates": [92.0, 37.0]}, "properties": {"risk": 0.0, "years_used": 5, "gumbel_mu": 17.65, "gumbel_beta": 6.862}}, {"type": "Feature", "geometry": {"type": "Point", "coordinates": [93.0, 37.0]}, "properties": {"risk": 0.0, "years_used": 5, "gumbel_mu": 8.058, "gumbel_beta": 1.657}}, {"type": "Feature", "geometry": {"type": "Point", "coordinates": [94.0, 37.0]}, "properties": {"risk": 0.0, "years_used": 5, "gumbel_mu": 1.217, "gumbel_beta": 0.836}}, {"type": "Feature", "geometry": {"type": "Point", "coordinates": [95.0, 37.0]}, "properties": {"risk": 0.0, "years_used": 5, "gumbel_mu": 5.636, "gumbel_beta": 1.879}}, {"type": "Feature", "geometry": {"type": "Point", "coordinates": [96.0, 37.0]}, "properties": {"risk": 0.0, "years_used": 5, "gumbel_mu": 10.367, "gumbel_beta": 3.16}}, {"type": "Feature", "geometry": {"type": "Point", "coordinates": [97.0, 37.0]}, "properties": {"risk": 0.0, "years_used": 5, "gumbel_mu": 17.518, "gumbel_beta": 5.0}}, {"type": "Feature", "geometry": {"type": "Point", "coordinates": [98.0, 37.0]}, "properties": {"risk": 0.0, "years_used": 5, "gumbel_mu": 25.345, "gumbel_beta": 5.289}}, {"type": "Feature", "geometry": {"type": "Point", "coordinates": [99.0, 37.0]}, "properties": {"risk": 0.0, "years_used": 5, "gumbel_mu": 34.884, "gumbel_beta": 19.128}}, {"type": "Feature", "geometry": {"type": "Point", "coordinates": [100.0, 37.0]}, "properties": {"risk": 0.0, "years_used": 5, "gumbel_mu": 36.462, "gumbel_beta": 8.491}}, {"type": "Feature", "geometry": {"type": "Point", "coordinates": [101.0, 37.0]}, "properties": {"risk": 0.66, "years_used": 5, "gumbel_mu": 70.162, "gumbel_beta": 14.04}}, {"type": "Feature", "geometry": {"type": "Point", "coordinates": [102.0, 37.0]}, "properties": {"risk": 0.66, "years_used": 5, "gumbel_mu": 68.088, "gumbel_beta": 16.366}}, {"type": "Feature", "geometry": {"type": "Point", "coordinates": [103.0, 37.0]}, "properties": {"risk": 0.0, "years_used": 5, "gumbel_mu": 60.878, "gumbel_beta": 29.17}}, {"type": "Feature", "geometry": {"type": "Point", "coordinates": [104.0, 37.0]}, "properties": {"risk": 0.0, "years_used": 5, "gumbel_mu": 41.615, "gumbel_beta": 11.35}}, {"type": "Feature", "geometry": {"type": "Point", "coordinates": [105.0, 37.0]}, "properties": {"risk": 0.33, "years_used": 5, "gumbel_mu": 38.675, "gumbel_beta": 11.587}}, {"type": "Feature", "geometry": {"type": "Point", "coordinates": [106.0, 37.0]}, "properties": {"risk": 0.0, "years_used": 5, "gumbel_mu": 51.635, "gumbel_beta": 6.139}}, {"type": "Feature", "geometry": {"type": "Point", "coordinates": [107.0, 37.0]}, "properties": {"risk": 0.33, "years_used": 5, "gumbel_mu": 62.041, "gumbel_beta": 6.954}}, {"type": "Feature", "geometry": {"type": "Point", "coordinates": [108.0, 37.0]}, "properties": {"risk": 0.0, "years_used": 5, "gumbel_mu": 70.613, "gumbel_beta": 44.304}}, {"type": "Feature", "geometry": {"type": "Point", "coordinates": [109.0, 37.0]}, "properties": {"risk": 0.33, "years_used": 5, "gumbel_mu": 69.764, "gumbel_beta": 13.821}}, {"type": "Feature", "geometry": {"type": "Point", "coordinates": [110.0, 37.0]}, "properties": {"risk": 0.33, "years_used": 5, "gumbel_mu": 71.953, "gumbel_beta": 34.009}}, {"type": "Feature", "geometry": {"type": "Point", "coordinates": [111.0, 37.0]}, "properties": {"risk": 0.33, "years_used": 5, "gumbel_mu": 75.191, "gumbel_beta": 12.638}}, {"type": "Feature", "geometry": {"type": "Point", "coordinates": [112.0, 37.0]}, "properties": {"risk": 0.33, "years_used": 5, "gumbel_mu": 58.211, "gumbel_beta": 7.653}}, {"type": "Feature", "geometry": {"type": "Point", "coordinates": [113.0, 37.0]}, "properties": {"risk": 0.33, "years_used": 5, "gumbel_mu": 59.438, "gumbel_beta": 10.996}}, {"type": "Feature", "geometry": {"type": "Point", "coordinates": [114.0, 37.0]}, "properties": {"risk": 0.33, "years_used": 5, "gumbel_mu": 58.481, "gumbel_beta": 14.235}}, {"type": "Feature", "geometry": {"type": "Point", "coordinates": [115.0, 37.0]}, "properties": {"risk": 0.33, "years_used": 5, "gumbel_mu": 77.615, "gumbel_beta": 12.852}}, {"type": "Feature", "geometry": {"type": "Point", "coordinates": [116.0, 37.0]}, "properties": {"risk": 0.33, "years_used": 5, "gumbel_mu": 66.665, "gumbel_beta": 20.226}}, {"type": "Feature", "geometry": {"type": "Point", "coordinates": [117.0, 37.0]}, "properties": {"risk": 0.33, "years_used": 5, "gumbel_mu": 57.854, "gumbel_beta": 7.197}}, {"type": "Feature", "geometry": {"type": "Point", "coordinates": [118.0, 37.0]}, "properties": {"risk": 0.33, "years_used": 5, "gumbel_mu": 56.376, "gumbel_beta": 17.221}}, {"type": "Feature", "geometry": {"type": "Point", "coordinates": [119.0, 37.0]}, "properties": {"risk": 0.33, "years_used": 5, "gumbel_mu": 55.922, "gumbel_beta": 7.173}}, {"type": "Feature", "geometry": {"type": "Point", "coordinates": [120.0, 37.0]}, "properties": {"risk": 0.33, "years_used": 5, "gumbel_mu": 57.228, "gumbel_beta": 10.107}}, {"type": "Feature", "geometry": {"type": "Point", "coordinates": [121.0, 37.0]}, "properties": {"risk": 0.33, "years_used": 5, "gumbel_mu": 62.712, "gumbel_beta": 6.202}}, {"type": "Feature", "geometry": {"type": "Point", "coordinates": [122.0, 37.0]}, "properties": {"risk": 0.33, "years_used": 5, "gumbel_mu": 58.584, "gumbel_beta": 10.791}}, {"type": "Feature", "geometry": {"type": "Point", "coordinates": [123.0, 37.0]}, "properties": {"no_data": true}}, {"type": "Feature", "geometry": {"type": "Point", "coordinates": [124.0, 37.0]}, "properties": {"no_data": true}}, {"type": "Feature", "geometry": {"type": "Point", "coordinates": [125.0, 37.0]}, "properties": {"no_data": true}}, {"type": "Feature", "geometry": {"type": "Point", "coordinates": [126.0, 37.0]}, "properties": {"risk": 0.66, "years_used": 5, "gumbel_mu": 93.691, "gumbel_beta": 18.793}}, {"type": "Feature", "geometry": {"type": "Point", "coordinates": [127.0, 37.0]}, "properties": {"risk": 0.66, "years_used": 5, "gumbel_mu": 107.934, "gumbel_beta": 15.568}}, {"type": "Feature", "geometry": {"type": "Point", "coordinates": [128.0, 37.0]}, "properties": {"risk": 0.33, "years_used": 5, "gumbel_mu": 101.86, "gumbel_beta": 29.648}}, {"type": "Feature", "geometry": {"type": "Point", "coordinates": [129.0, 37.0]}, "properties": {"risk": 0.33, "years_used": 5, "gumbel_mu": 100.799, "gumbel_beta": 19.969}}, {"type": "Feature", "geometry": {"type": "Point", "coordinates": [130.0, 37.0]}, "properties": {"no_data": true}}, {"type": "Feature", "geometry": {"type": "Point", "coordinates": [131.0, 37.0]}, "properties": {"no_data": true}}, {"type": "Feature", "geometry": {"type": "Point", "coordinates": [132.0, 37.0]}, "properties": {"no_data": true}}, {"type": "Feature", "geometry": {"type": "Point", "coordinates": [133.0, 37.0]}, "properties": {"no_data": true}}, {"type": "Feature", "geometry": {"type": "Point", "coordinates": [134.0, 37.0]}, "properties": {"no_data": true}}, {"type": "Feature", "geometry": {"type": "Point", "coordinates": [135.0, 37.0]}, "properties": {"no_data": true}}, {"type": "Feature", "geometry": {"type": "Point", "coordinates": [73.0, 38.0]}, "properties": {"risk": 0.0, "years_used": 5, "gumbel_mu": 11.554, "gumbel_beta": 4.441}}, {"type": "Feature", "geometry": {"type": "Point", "coordinates": [74.0, 38.0]}, "properties": {"risk": 0.0, "years_used": 5, "gumbel_mu": 6.022, "gumbel_beta": 1.446}}, {"type": "Feature", "geometry": {"type": "Point", "coordinates": [75.0, 38.0]}, "properties": {"risk": 0.0, "years_used": 5, "gumbel_mu": 8.469, "gumbel_beta": 2.733}}, {"type": "Feature", "geometry": {"type": "Point", "coordinates": [76.0, 38.0]}, "properties": {"risk": 0.0, "years_used": 5, "gumbel_mu": 13.294, "gumbel_beta": 3.766}}, {"type": "Feature", "geometry": {"type": "Point", "coordinates": [77.0, 38.0]}, "properties": {"risk": 0.0, "years_used": 5, "gumbel_mu": 8.765, "gumbel_beta": 3.86}}, {"type": "Feature", "geometry": {"type": "Point", "coordinates": [78.0, 38.0]}, "properties": {"risk": 0.0, "years_used": 5, "gumbel_mu": 5.8, "gumbel_beta": 3.402}}, {"type": "Feature", "geometry": {"type": "Point", "coordinates": [79.0, 38.0]}, "properties": {"risk": 0.0, "years_used": 5, "gumbel_mu": 5.127, "gumbel_beta": 3.901}}, {"type": "Feature", "geometry": {"type": "Point", "coordinates": [80.0, 38.0]}, "properties": {"risk": 0.0, "years_used": 5, "gumbel_mu": 4.595, "gumbel_beta": 1.275}}, {"type": "Feature", "geometry": {"type": "Point", "coordinates": [81.0, 38.0]}, "properties": {"risk": 0.0, "years_used": 5, "gumbel_mu": 4.414, "gumbel_beta": 1.13}}, {"type": "Feature", "geometry": {"type": "Point", "coordinates": [82.0, 38.0]}, "properties": {"risk": 0.0, "years_used": 5, "gumbel_mu": 3.737, "gumbel_beta": 0.809}}, {"type": "Feature", "geometry": {"type": "Point", "coordinates": [83.0, 38.0]}, "properties": {"risk": 0.0, "years_used": 5, "gumbel_mu": 4.212, "gumbel_beta": 0.777}}, {"type": "Feature", "geometry": {"type": "Point", "coordinates": [84.0, 38.0]}, "properties": {"risk": 0.0, "years_used": 5, "gumbel_mu": 5.211, "gumbel_beta": 0.722}}, {"type": "Feature", "geometry": {"type": "Point", "coordinates": [85.0, 38.0]}, "properties": {"risk": 0.0, "years_used": 5, "gumbel_mu": 5.569, "gumbel_beta": 0.507}}, {"type": "Feature", "geometry": {"type": "Point", "coordinates": [86.0, 38.0]}, "properties": {"risk": 0.0, "years_used": 5, "gumbel_mu": 5.415, "gumbel_beta": 0.6}}, {"type": "Feature", "geometry": {"type": "Point", "coordinates": [87.0, 38.0]}, "properties": {"risk": 0.0, "years_used": 5, "gumbel_mu": 9.848, "gumbel_beta": 2.432}}, {"type": "Feature", "geometry": {"type": "Point", "coordinates": [88.0, 38.0]}, "properties": {"risk": 0.0, "years_used": 5, "gumbel_mu": 11.386, "gumbel_beta": 11.971}}, {"type": "Feature", "geometry": {"type": "Point", "coordinates": [89.0, 38.0]}, "properties": {"risk": 0.0, "years_used": 5, "gumbel_mu": 16.136, "gumbel_beta": 2.827}}, {"type": "Feature", "geometry": {"type": "Point", "coordinates": [90.0, 38.0]}, "properties": {"risk": 0.0, "years_used": 5, "gumbel_mu": 10.593, "gumbel_beta": 2.143}}, {"type": "Feature", "geometry": {"type": "Point", "coordinates": [91.0, 38.0]}, "properties": {"risk": 0.0, "years_used": 5, "gumbel_mu": 7.458, "gumbel_beta": 4.848}}, {"type": "Feature", "geometry": {"type": "Point", "coordinates": [92.0, 38.0]}, "properties": {"risk": 0.0, "years_used": 5, "gumbel_mu": 2.688, "gumbel_beta": 1.072}}, {"type": "Feature", "geometry": {"type": "Point", "coordinates": [93.0, 38.0]}, "properties": {"risk": 0.0, "years_used": 5, "gumbel_mu": 4.595, "gumbel_beta": 0.498}}, {"type": "Feature", "geometry": {"type": "Point", "coordinates": [94.0, 38.0]}, "properties": {"risk": 0.0, "years_used": 5, "gumbel_mu": 3.081, "gumbel_beta": 1.882}}, {"type": "Feature", "geometry": {"type": "Point", "coordinates": [95.0, 38.0]}, "properties": {"risk": 0.0, "years_used": 5, "gumbel_mu": 12.023, "gumbel_beta": 2.853}}, {"type": "Feature", "geometry": {"type": "Point", "coordinates": [96.0, 38.0]}, "properties": {"risk": 0.0, "years_used": 5, "gumbel_mu": 32.423, "gumbel_beta": 17.651}}, {"type": "Feature", "geometry": {"type": "Point", "coordinates": [97.0, 38.0]}, "properties": {"risk": 0.33, "years_used": 5, "gumbel_mu": 33.921, "gumbel_beta": 11.259}}, {"type": "Feature", "geometry": {"type": "Point", "coordinates": [98.0, 38.0]}, "properties": {"risk": 0.33, "years_used": 5, "gumbel_mu": 43.487, "gumbel_beta": 8.027}}, {"type": "Feature", "geometry": {"type": "Point", "coordinates": [99.0, 38.0]}, "properties": {"risk": 0.33, "years_used": 5, "gumbel_mu": 50.814, "gumbel_beta": 15.694}}, {"type": "Feature", "geometry": {"type": "Point", "coordinates": [100.0, 38.0]}, "properties": {"risk": 0.66, "years_used": 5, "gumbel_mu": 83.656, "gumbel_beta": 20.788}}, {"type": "Feature", "geometry": {"type": "Point", "coordinates": [101.0, 38.0]}, "properties": {"risk": 0.33, "years_used": 5, "gumbel_mu": 55.924, "gumbel_beta": 10.921}}, {"type": "Feature", "geometry": {"type": "Point", "coordinates": [102.0, 38.0]}, "properties": {"risk": 0.33, "years_used": 5, "gumbel_mu": 38.776, "gumbel_beta": 17.558}}, {"type": "Feature", "geometry": {"type": "Point", "coordinates": [103.0, 38.0]}, "properties": {"risk": 0.0, "years_used": 5, "gumbel_mu": 17.91, "gumbel_beta": 9.114}}, {"type": "Feature", "geometry": {"type": "Point", "coordinates": [104.0, 38.0]}, "properties": {"risk": 0.0, "years_used": 5, "gumbel_mu": 25.13, "gumbel_beta": 8.445}}, {"type": "Feature", "geometry": {"type": "Point", "coordinates": [105.0, 38.0]}, "properties": {"risk": 0.0, "years_used": 5, "gumbel_mu": 28.06, "gumbel_beta": 15.059}}, {"type": "Feature", "geometry": {"type": "Point", "coordinates": [106.0, 38.0]}, "properties": {"risk": 0.0, "years_used": 5, "gumbel_mu": 30.713, "gumbel_beta": 16.581}}, {"type": "Feature", "geometry": {"type": "Point", "coordinates": [107.0, 38.0]}, "properties": {"risk": 0.33, "years_used": 5, "gumbel_mu": 39.897, "gumbel_beta": 8.119}}, {"type": "Feature", "geometry": {"type": "Point", "coordinates": [108.0, 38.0]}, "properties": {"risk": 0.0, "years_used": 5, "gumbel_mu": 46.881, "gumbel_beta": 8.965}}, {"type": "Feature", "geometry": {"type": "Point", "coordinates": [109.0, 38.0]}, "properties": {"risk": 0.0, "years_used": 5, "gumbel_mu": 58.033, "gumbel_beta": 25.039}}, {"type": "Feature", "geometry": {"type": "Point", "coordinates": [110.0, 38.0]}, "properties": {"risk": 0.33, "years_used": 5, "gumbel_mu": 72.205, "gumbel_beta": 21.752}}, {"type": "Feature", "geometry": {"type": "Point", "coordinates": [111.0, 38.0]}, "properties": {"risk": 0.33, "years_used": 5, "gumbel_mu": 69.705, "gumbel_beta": 30.924}}, {"type": "Feature", "geometry": {"type": "Point", "coordinates": [112.0, 38.0]}, "properties": {"risk": 0.33, "years_used": 5, "gumbel_mu": 59.21, "gumbel_beta": 8.554}}, {"type": "Feature", "geometry": {"type": "Point", "coordinates": [113.0, 38.0]}, "properties": {"risk": 0.33, "years_used": 5, "gumbel_mu": 55.159, "gumbel_beta": 45.149}}, {"type": "Feature", "geometry": {"type": "Point", "coordinates": [114.0, 38.0]}, "properties": {"risk": 0.33, "years_used": 5, "gumbel_mu": 64.18, "gumbel_beta": 44.651}}, {"type": "Feature", "geometry": {"type": "Point", "coordinates": [115.0, 38.0]}, "properties": {"risk": 0.0, "years_used": 5, "gumbel_mu": 45.2, "gumbel_beta": 35.724}}, {"type": "Feature", "geometry": {"type": "Point", "coordinates": [116.0, 38.0]}, "properties": {"risk": 0.0, "years_used": 5, "gumbel_mu": 59.435, "gumbel_beta": 12.837}}, {"type": "Feature", "geometry": {"type": "Point", "coordinates": [117.0, 38.0]}, "properties": {"risk": 0.33, "years_used": 5, "gumbel_mu": 60.253, "gumbel_beta": 5.303}}, {"type": "Feature", "geometry": {"type": "Point", "coordinates": [118.0, 38.0]}, "properties": {"risk": 0.0, "years_used": 5, "gumbel_mu": 63.688, "gumbel_beta": 14.594}}, {"type": "Feature", "geometry": {"type": "Point", "coordinates": [119.0, 38.0]}, "properties": {"risk": 0.0, "years_used": 5, "gumbel_mu": 52.016, "gumbel_beta": 14.243}}, {"type": "Feature", "geometry": {"type": "Point", "coordinates": [120.0, 38.0]}, "properties": {"no_data": true}}, {"type": "Feature", "geometry": {"type": "Point", "coordinates": [121.0, 38.0]}, "properties": {"no_data": true}}, {"type": "Feature", "geometry": {"type": "Point", "coordinates": [122.0, 38.0]}, "properties": {"no_data": true}}, {"type": "Feature", "geometry": {"type": "Point", "coordinates": [123.0, 38.0]}, "properties": {"no_data": true}}, {"type": "Feature", "geometry": {"type": "Point", "coordinates": [124.0, 38.0]}, "properties": {"no_data": true}}, {"type": "Feature", "geometry": {"type": "Point", "coordinates": [125.0, 38.0]}, "properties": {"no_data": true}}, {"type": "Feature", "geometry": {"type": "Point", "coordinates": [126.0, 38.0]}, "properties": {"risk": 0.66, "years_used": 5, "gumbel_mu": 100.525, "gumbel_beta": 20.311}}, {"type": "Feature", "geometry": {"type": "Point", "coordinates": [127.0, 38.0]}, "properties": {"risk": 0.33, "years_used": 5, "gumbel_mu": 88.665, "gumbel_beta": 33.067}}, {"type": "Feature", "geometry": {"type": "Point", "coordinates": [128.0, 38.0]}, "properties": {"risk": 0.66, "years_used": 5, "gumbel_mu": 120.745, "gumbel_beta": 14.26}}, {"type": "Feature", "geometry": {"type": "Point", "coordinates": [129.0, 38.0]}, "properties": {"no_data": true}}, {"type": "Feature", "geometry": {"type": "Point", "coordinates": [130.0, 38.0]}, "properties": {"no_data": true}}, {"type": "Feature", "geometry": {"type": "Point", "coordinates": [131.0, 38.0]}, "properties": {"no_data": true}}, {"type": "Feature", "geometry": {"type": "Point", "coordinates": [132.0, 38.0]}, "properties": {"no_data": true}}, {"type": "Feature", "geometry": {"type": "Point", "coordinates": [133.0, 38.0]}, "properties": {"no_data": true}}, {"type": "Feature", "geometry": {"type": "Point", "coordinates": [134.0, 38.0]}, "properties": {"no_data": true}}, {"type": "Feature", "geometry": {"type": "Point", "coordinates": [135.0, 38.0]}, "properties": {"no_data": true}}, {"type": "Feature", "geometry": {"type": "Point", "coordinates": [73.0, 39.0]}, "properties": {"risk": 0.0, "years_used": 5, "gumbel_mu": 6.532, "gumbel_beta": 1.803}}, {"type": "Feature", "geometry": {"type": "Point", "coordinates": [74.0, 39.0]}, "properties": {"risk": 0.0, "years_used": 5, "gumbel_mu": 7.823, "gumbel_beta": 2.792}}, {"type": "Feature", "geometry": {"type": "Point", "coordinates": [75.0, 39.0]}, "properties": {"risk": 0.0, "years_used": 5, "gumbel_mu": 16.113, "gumbel_beta": 6.873}}, {"type": "Feature", "geometry": {"type": "Point", "coordinates": [76.0, 39.0]}, "properties": {"risk": 0.0, "years_used": 5, "gumbel_mu": 6.488, "gumbel_beta": 2.503}}, {"type": "Feature", "geometry": {"type": "Point", "coordinates": [77.0, 39.0]}, "properties": {"risk": 0.0, "years_used": 5, "gumbel_mu": 10.48, "gumbel_beta": 6.356}}, {"type": "Feature", "geometry": {"type": "Point", "coordinates": [78.0, 39.0]}, "properties": {"risk": 0.0, "years_used": 5, "gumbel_mu": 9.168, "gumbel_beta": 2.411}}, {"type": "Feature", "geometry": {"type": "Point", "coordinates": [79.0, 39.0]}, "properties": {"risk": 0.0, "years_used": 5, "gumbel_mu": 7.688, "gumbel_beta": 7.713}}, {"type": "Feature", "geometry": {"type": "Point", "coordinates": [80.0, 39.0]}, "properties": {"risk": 0.0, "years_used": 5, "gumbel_mu": 6.991, "gumbel_beta": 1.942}}, {"type": "Feature", "geometry": {"type": "Point", "coordinates": [81.0, 39.0]}, "properties": {"risk": 0.0, "years_used": 5, "gumbel_mu": 5.835, "gumbel_beta": 3.017}}, {"type": "Feature", "geometry": {"type": "Point", "coordinates": [82.0, 39.0]}, "properties": {"risk": 0.0, "years_used": 5, "gumbel_mu": 4.999, "gumbel_beta": 0.68}}, {"type": "Feature", "geometry": {"type": "Point", "coordinates": [83.0, 39.0]}, "properties": {"risk": 0.0, "years_used": 5, "gumbel_mu": 4.581, "gumbel_beta": 0.884}}, {"type": "Feature", "geometry": {"type": "Point", "coordinates": [84.0, 39.0]}, "properties": {"risk": 0.0, "years_used": 5, "gumbel_mu": 5.511, "gumbel_beta": 1.533}}, {"type": "Feature", "geometry": {"type": "Point", "coordinates": [85.0, 39.0]}, "properties": {"risk": 0.0, "years_used": 5, "gumbel_mu": 5.243, "gumbel_beta": 0.998}}, {"type": "Feature", "geometry": {"type": "Point", "coordinates": [86.0, 39.0]}, "properties": {"risk": 0.0, "years_used": 5, "gumbel_mu": 5.311, "gumbel_beta": 0.41}}, {"type": "Feature", "geometry": {"type": "Point", "coordinates": [87.0, 39.0]}, "properties": {"risk": 0.0, "years_used": 5, "gumbel_mu": 4.966, "gumbel_beta": 0.832}}, {"type": "Feature", "geometry": {"type": "Point", "coordinates": [88.0, 39.0]}, "properties": {"risk": 0.0, "years_used": 5, "gumbel_mu": 4.902, "gumbel_beta": 1.251}}, {"type": "Feature", "geometry": {"type": "Point", "coordinates": [89.0, 39.0]}, "properties": {"risk": 0.0, "years_used": 5, "gumbel_mu": 6.251, "gumbel_beta": 0.746}}, {"type": "Feature", "geometry": {"type": "Point", "coordinates": [90.0, 39.0]}, "properties": {"risk": 0.0, "years_used": 5, "gumbel_mu": 8.101, "gumbel_beta": 0.89}}, {"type": "Feature", "geometry": {"type": "Point", "coordinates": [91.0, 39.0]}, "properties": {"risk": 0.0, "years_used": 5, "gumbel_mu": 12.994, "gumbel_beta": 3.856}}, {"type": "Feature", "geometry": {"type": "Point", "coordinates": [92.0, 39.0]}, "properties": {"risk": 0.0, "years_used": 5, "gumbel_mu": 8.391, "gumbel_beta": 8.021}}, {"type": "Feature", "geometry": {"type": "Point", "coordinates": [93.0, 39.0]}, "properties": {"risk": 0.0, "years_used": 5, "gumbel_mu": 6.521, "gumbel_beta": 4.021}}, {"type": "Feature", "geometry": {"type": "Point", "coordinates": [94.0, 39.0]}, "properties": {"risk": 0.0, "years_used": 5, "gumbel_mu": 13.014, "gumbel_beta": 12.532}}, {"type": "Feature", "geometry": {"type": "Point", "coordinates": [95.0, 39.0]}, "properties": {"risk": 0.0, "years_used": 5, "gumbel_mu": 26.964, "gumbel_beta": 18.774}}, {"type": "Feature", "geometry": {"type": "Point", "coordinates": [96.0, 39.0]}, "properties": {"risk": 0.0, "years_used": 5, "gumbel_mu": 18.883, "gumbel_beta": 9.021}}, {"type": "Feature", "geometry": {"type": "Point", "coordinates": [97.0, 39.0]}, "properties": {"risk": 0.0, "years_used": 5, "gumbel_mu": 39.265, "gumbel_beta": 26.913}}, {"type": "Feature", "geometry": {"type": "Point", "coordinates": [98.0, 39.0]}, "properties": {"risk": 0.33, "years_used": 5, "gumbel_mu": 59.536, "gumbel_beta": 10.586}}, {"type": "Feature", "geometry": {"type": "Point", "coordinates": [99.0, 39.0]}, "properties": {"risk": 0.0, "years_used": 5, "gumbel_mu": 51.083, "gumbel_beta": 16.856}}, {"type": "Feature", "geometry": {"type": "Point", "coordinates": [100.0, 39.0]}, "properties": {"risk": 0.0, "years_used": 5, "gumbel_mu": 19.792, "gumbel_beta": 8.64}}, {"type": "Feature", "geometry": {"type": "Point", "coordinates": [101.0, 39.0]}, "properties": {"risk": 0.0, "years_used": 5, "gumbel_mu": 16.073, "gumbel_beta": 3.432}}, {"type": "Feature", "geometry": {"type": "Point", "coordinates": [102.0, 39.0]}, "properties": {"risk": 0.0, "years_used": 5, "gumbel_mu": 21.309, "gumbel_beta": 10.802}}, {"type": "Feature", "geometry": {"type": "Point", "coordinates": [103.0, 39.0]}, "properties": {"risk": 0.0, "years_used": 5, "gumbel_mu": 15.789, "gumbel_beta": 8.91}}, {"type": "Feature", "geometry": {"type": "Point", "coordinates": [104.0, 39.0]}, "properties": {"risk": 0.0, "years_used": 5, "gumbel_mu": 27.676, "gumbel_beta": 11.365}}, {"type": "Feature", "geometry": {"type": "Point", "coordinates": [105.0, 39.0]}, "properties": {"risk": 0.0, "years_used": 5, "gumbel_mu": 33.608, "gumbel_beta": 18.76}}, {"type": "Feature", "geometry": {"type": "Point", "coordinates": [106.0, 39.0]}, "properties": {"risk": 0.0, "years_used": 5, "gumbel_mu": 47.652, "gumbel_beta": 15.831}}, {"type": "Feature", "geometry": {"type": "Point", "coordinates": [107.0, 39.0]}, "properties": {"risk": 0.0, "years_used": 5, "gumbel_mu": 38.834, "gumbel_beta": 15.516}}, {"type": "Feature", "geometry": {"type": "Point", "coordinates": [108.0, 39.0]}, "properties": {"risk": 0.33, "years_used": 5, "gumbel_mu": 63.809, "gumbel_beta": 6.68}}, {"type": "Feature", "geometry": {"type": "Point", "coordinates": [109.0, 39.0]}, "properties": {"risk": 0.0, "years_used": 5, "gumbel_mu": 63.853, "gumbel_beta": 19.266}}, {"type": "Feature", "geometry": {"type": "Point", "coordinates": [110.0, 39.0]}, "properties": {"risk": 0.0, "years_used": 5, "gumbel_mu": 66.113, "gumbel_beta": 46.579}}, {"type": "Feature", "geometry": {"type": "Point", "coordinates": [111.0, 39.0]}, "properties": {"risk": 0.33, "years_used": 5, "gumbel_mu": 77.879, "gumbel_beta": 14.397}}, {"type": "Feature", "geometry": {"type": "Point", "coordinates": [112.0, 39.0]}, "properties": {"risk": 0.0, "years_used": 5, "gumbel_mu": 45.29, "gumbel_beta": 10.482}}, {"type": "Feature", "geometry": {"type": "Point", "coordinates": [113.0, 39.0]}, "properties": {"risk": 0.33, "years_used": 5, "gumbel_mu": 70.967, "gumbel_beta": 24.853}}, {"type": "Feature", "geometry": {"type": "Point", "coordinates": [114.0, 39.0]}, "properties": {"risk": 0.33, "years_used": 5, "gumbel_mu": 67.646, "gumbel_beta": 58.974}}, {"type": "Feature", "geometry": {"type": "Point", "coordinates": [115.0, 39.0]}, "properties": {"risk": 0.33, "years_used": 5, "gumbel_mu": 68.157, "gumbel_beta": 32.386}}, {"type": "Feature", "geometry": {"type": "Point", "coordinates": [116.0, 39.0]}, "properties": {"risk": 0.0, "years_used": 5, "gumbel_mu": 63.677, "gumbel_beta": 25.943}}, {"type": "Feature", "geometry": {"type": "Point", "coordinates": [117.0, 39.0]}, "properties": {"risk": 0.0, "years_used": 5, "gumbel_mu": 56.767, "gumbel_beta": 23.093}}, {"type": "Feature", "geometry": {"type": "Point", "coordinates": [118.0, 39.0]}, "properties": {"no_data": true}}, {"type": "Feature", "geometry": {"type": "Point", "coordinates": [119.0, 39.0]}, "properties": {"no_data": true}}, {"type": "Feature", "geometry": {"type": "Point", "coordinates": [120.0, 39.0]}, "properties": {"no_data": true}}, {"type": "Feature", "geometry": {"type": "Point", "coordinates": [121.0, 39.0]}, "properties": {"no_data": true}}, {"type": "Feature", "geometry": {"type": "Point", "coordinates": [122.0, 39.0]}, "properties": {"risk": 0.33, "years_used": 5, "gumbel_mu": 69.06, "gumbel_beta": 12.126}}, {"type": "Feature", "geometry": {"type": "Point", "coordinates": [123.0, 39.0]}, "properties": {"no_data": true}}, {"type": "Feature", "geometry": {"type": "Point", "coordinates": [124.0, 39.0]}, "properties": {"no_data": true}}, {"type": "Feature", "geometry": {"type": "Point", "coordinates": [125.0, 39.0]}, "properties": {"no_data": true}}, {"type": "Feature", "geometry": {"type": "Point", "coordinates": [126.0, 39.0]}, "properties": {"risk": 0.66, "years_used": 5, "gumbel_mu": 98.826, "gumbel_beta": 32.718}}, {"type": "Feature", "geometry": {"type": "Point", "coordinates": [127.0, 39.0]}, "properties": {"risk": 0.66, "years_used": 5, "gumbel_mu": 141.612, "gumbel_beta": 19.642}}, {"type": "Feature", "geometry": {"type": "Point", "coordinates": [128.0, 39.0]}, "properties": {"no_data": true}}, {"type": "Feature", "geometry": {"type": "Point", "coordinates": [129.0, 39.0]}, "properties": {"no_data": true}}, {"type": "Feature", "geometry": {"type": "Point", "coordinates": [130.0, 39.0]}, "properties": {"no_data": true}}, {"type": "Feature", "geometry": {"type": "Point", "coordinates": [131.0, 39.0]}, "properties": {"no_data": true}}, {"type": "Feature", "geometry": {"type": "Point", "coordinates": [132.0, 39.0]}, "properties": {"no_data": true}}, {"type": "Feature", "geometry": {"type": "Point", "coordinates": [133.0, 39.0]}, "properties": {"no_data": true}}, {"type": "Feature", "geometry": {"type": "Point", "coordinates": [134.0, 39.0]}, "properties": {"no_data": true}}, {"type": "Feature", "geometry": {"type": "Point", "coordinates": [135.0, 39.0]}, "properties": {"no_data": true}}, {"type": "Feature", "geometry": {"type": "Point", "coordinates": [73.0, 40.0]}, "properties": {"risk": 0.0, "years_used": 5, "gumbel_mu": 27.291, "gumbel_beta": 8.55}}, {"type": "Feature", "geometry": {"type": "Point", "coordinates": [74.0, 40.0]}, "properties": {"risk": 0.0, "years_used": 5, "gumbel_mu": 19.378, "gumbel_beta": 4.831}}, {"type": "Feature", "geometry": {"type": "Point", "coordinates": [75.0, 40.0]}, "properties": {"risk": 0.0, "years_used": 5, "gumbel_mu": 14.946, "gumbel_beta": 6.135}}, {"type": "Feature", "geometry": {"type": "Point", "coordinates": [76.0, 40.0]}, "properties": {"risk": 0.0, "years_used": 5, "gumbel_mu": 7.946, "gumbel_beta": 2.928}}, {"type": "Feature", "geometry": {"type": "Point", "coordinates": [77.0, 40.0]}, "properties": {"risk": 0.0, "years_used": 5, "gumbel_mu": 12.228, "gumbel_beta": 4.381}}, {"type": "Feature", "geometry": {"type": "Point", "coordinates": [78.0, 40.0]}, "properties": {"risk": 0.0, "years_used": 5, "gumbel_mu": 12.493, "gumbel_beta": 9.626}}, {"type": "Feature", "geometry": {"type": "Point", "coordinates": [79.0, 40.0]}, "properties": {"risk": 0.0, "years_used": 5, "gumbel_mu": 12.799, "gumbel_beta": 4.689}}, {"type": "Feature", "geometry": {"type": "Point", "coordinates": [80.0, 40.0]}, "properties": {"risk": 0.0, "years_used": 5, "gumbel_mu": 9.526, "gumbel_beta": 3.663}}, {"type": "Feature", "geometry": {"type": "Point", "coordinates": [81.0, 40.0]}, "properties": {"risk": 0.0, "years_used": 5, "gumbel_mu": 7.454, "gumbel_beta": 1.59}}, {"type": "Feature", "geometry": {"type": "Point", "coordinates": [82.0, 40.0]}, "properties": {"risk": 0.0, "years_used": 5, "gumbel_mu": 11.336, "gumbel_beta": 3.413}}, {"type": "Feature", "geometry": {"type": "Point", "coordinates": [83.0, 40.0]}, "properties": {"risk": 0.0, "years_used": 5, "gumbel_mu": 7.775, "gumbel_beta": 2.018}}, {"type": "Feature", "geometry": {"type": "Point", "coordinates": [84.0, 40.0]}, "properties": {"risk": 0.0, "years_used": 5, "gumbel_mu": 7.553, "gumbel_beta": 4.718}}, {"type": "Feature", "geometry": {"type": "Point", "coordinates": [85.0, 40.0]}, "properties": {"risk": 0.0, "years_used": 5, "gumbel_mu": 5.799, "gumbel_beta": 1.882}}, {"type": "Feature", "geometry": {"type": "Point", "coordinates": [86.0, 40.0]}, "properties": {"risk": 0.0, "years_used": 5, "gumbel_mu": 5.4, "gumbel_beta": 0.953}}, {"type": "Feature", "geometry": {"type": "Point", "coordinates": [87.0, 40.0]}, "properties": {"risk": 0.0, "years_used": 5, "gumbel_mu": 4.877, "gumbel_beta": 1.57}}, {"type": "Feature", "geometry": {"type": "Point", "coordinates": [88.0, 40.0]}, "properties": {"risk": 0.0, "years_used": 5, "gumbel_mu": 4.067, "gumbel_beta": 2.307}}, {"type": "Feature", "geometry": {"type": "Point", "coordinates": [89.0, 40.0]}, "properties": {"risk": 0.0, "years_used": 5, "gumbel_mu": 3.668, "gumbel_beta": 1.493}}, {"type": "Feature", "geometry": {"type": "Point", "coordinates": [90.0, 40.0]}, "properties": {"risk": 0.0, "years_used": 5, "gumbel_mu": 6.825, "gumbel_beta": 2.858}}, {"type": "Feature", "geometry": {"type": "Point", "coordinates": [91.0, 40.0]}, "properties": {"risk": 0.0, "years_used": 5, "gumbel_mu": 0.857, "gumbel_beta": 0.206}}, {"type": "Feature", "geometry": {"type": "Point", "coordinates": [92.0, 40.0]}, "properties": {"risk": 0.0, "years_used": 5, "gumbel_mu": 3.596, "gumbel_beta": 0.686}}, {"type": "Feature", "geometry": {"type": "Point", "coordinates": [93.0, 40.0]}, "properties": {"risk": 0.0, "years_used": 5, "gumbel_mu": 4.987, "gumbel_beta": 0.668}}, {"type": "Feature", "geometry": {"type": "Point", "coordinates": [94.0, 40.0]}, "properties": {"risk": 0.0, "years_used": 5, "gumbel_mu": 6.84, "gumbel_beta": 1.968}}, {"type": "Feature", "geometry": {"type": "Point", "coordinates": [95.0, 40.0]}, "properties": {"risk": 0.0, "years_used": 5, "gumbel_mu": 11.12, "gumbel_beta": 8.46}}, {"type": "Feature", "geometry": {"type": "Point", "coordinates": [96.0, 40.0]}, "properties": {"risk": 0.0, "years_used": 5, "gumbel_mu": 13.402, "gumbel_beta": 12.001}}, {"type": "Feature", "geometry": {"type": "Point", "coordinates": [97.0, 40.0]}, "properties": {"risk": 0.0, "years_used": 5, "gumbel_mu": 15.205, "gumbel_beta": 16.523}}, {"type": "Feature", "geometry": {"type": "Point", "coordinates": [98.0, 40.0]}, "properties": {"risk": 0.0, "years_used": 5, "gumbel_mu": 10.061, "gumbel_beta": 3.714}}, {"type": "Feature", "geometry": {"type": "Point", "coordinates": [99.0, 40.0]}, "properties": {"risk": 0.0, "years_used": 5, "gumbel_mu": 13.92, "gumbel_beta": 10.52}}, {"type": "Feature", "geometry": {"type": "Point", "coordinates": [100.0, 40.0]}, "properties": {"risk": 0.0, "years_used": 5, "gumbel_mu": 14.848, "gumbel_beta": 2.612}}, {"type": "Feature", "geometry": {"type": "Point", "coordinates": [101.0, 40.0]}, "properties": {"risk": 0.0, "years_used": 5, "gumbel_mu": 12.795, "gumbel_beta": 7.513}}, {"type": "Feature", "geometry": {"type": "Point", "coordinates": [102.0, 40.0]}, "properties": {"risk": 0.0, "years_used": 5, "gumbel_mu": 13.711, "gumbel_beta": 11.275}}, {"type": "Feature", "geometry": {"type": "Point", "coordinates": [103.0, 40.0]}, "properties": {"risk": 0.33, "years_used": 5, "gumbel_mu": 24.855, "gumbel_beta": 12.916}}, {"type": "Feature", "geometry": {"type": "Point", "coordinates": [104.0, 40.0]}, "properties": {"risk": 0.0, "years_used": 5, "gumbel_mu": 20.969, "gumbel_beta": 6.204}}, {"type": "Feature", "geometry": {"type": "Point", "coordinates": [105.0, 40.0]}, "properties": {"risk": 0.0, "years_used": 5, "gumbel_mu": 36.436, "gumbel_beta": 15.641}}, {"type": "Feature", "geometry": {"type": "Point", "coordinates": [106.0, 40.0]}, "properties": {"risk": 0.0, "years_used": 5, "gumbel_mu": 21.672, "gumbel_beta": 9.712}}, {"type": "Feature", "geometry": {"type": "Point", "coordinates": [107.0, 40.0]}, "properties": {"risk": 0.33, "years_used": 5, "gumbel_mu": 47.164, "gumbel_beta": 20.321}}, {"type": "Feature", "geometry": {"type": "Point", "coordinates": [108.0, 40.0]}, "properties": {"risk": 0.0, "years_used": 5, "gumbel_mu": 44.959, "gumbel_beta": 10.583}}, {"type": "Feature", "geometry": {"type": "Point", "coordinates": [109.0, 40.0]}, "properties": {"risk": 0.33, "years_used": 5, "gumbel_mu": 46.805, "gumbel_beta": 11.495}}, {"type": "Feature", "geometry": {"type": "Point", "coordinates": [110.0, 40.0]}, "properties": {"risk": 0.0, "years_used": 5, "gumbel_mu": 51.855, "gumbel_beta": 18.538}}, {"type": "Feature", "geometry": {"type": "Point", "coordinates": [111.0, 40.0]}, "properties": {"risk": 0.0, "years_used": 5, "gumbel_mu": 48.502, "gumbel_beta": 18.236}}, {"type": "Feature", "geometry": {"type": "Point", "coordinates": [112.0, 40.0]}, "properties": {"risk": 0.0, "years_used": 5, "gumbel_mu": 60.101, "gumbel_beta": 21.231}}, {"type": "Feature", "geometry": {"type": "Point", "coordinates": [113.0, 40.0]}, "properties": {"risk": 0.33, "years_used": 5, "gumbel_mu": 54.819, "gumbel_beta": 26.171}}, {"type": "Feature", "geometry": {"type": "Point", "coordinates": [114.0, 40.0]}, "properties": {"risk": 0.33, "years_used": 5, "gumbel_mu": 49.819, "gumbel_beta": 7.515}}, {"type": "Feature", "geometry": {"type": "Point", "coordinates": [115.0, 40.0]}, "properties": {"risk": 0.33, "years_used": 5, "gumbel_mu": 50.265, "gumbel_beta": 9.323}}, {"type": "Feature", "geometry": {"type": "Point", "coordinates": [116.0, 40.0]}, "properties": {"risk": 0.33, "years_used": 5, "gumbel_mu": 92.266, "gumbel_beta": 22.179}}, {"type": "Feature", "geometry": {"type": "Point", "coordinates": [117.0, 40.0]}, "properties": {"risk": 0.33, "years_used": 5, "gumbel_mu": 62.971, "gumbel_beta": 19.013}}, {"type": "Feature", "geometry": {"type": "Point", "coordinates": [118.0, 40.0]}, "properties": {"risk": 0.33, "years_used": 5, "gumbel_mu": 67.596, "gumbel_beta": 27.419}}, {"type": "Feature", "geometry": {"type": "Point", "coordinates": [119.0, 40.0]}, "properties": {"risk": 0.33, "years_used": 5, "gumbel_mu": 86.348, "gumbel_beta": 27.234}}, {"type": "Feature", "geometry": {"type": "Point", "coordinates": [120.0, 40.0]}, "properties": {"risk": 0.0, "years_used": 5, "gumbel_mu": 55.239, "gumbel_beta": 16.653}}, {"type": "Feature", "geometry": {"type": "Point", "coordinates": [121.0, 40.0]}, "properties": {"no_data": true}}, {"type": "Feature", "geometry": {"type": "Point", "coordinates": [122.0, 40.0]}, "properties": {"risk": 0.33, "years_used": 5, "gumbel_mu": 73.856, "gumbel_beta": 19.704}}, {"type": "Feature", "geometry": {"type": "Point", "coordinates": [123.0, 40.0]}, "properties": {"risk": 0.33, "years_used": 5, "gumbel_mu": 93.4, "gumbel_beta": 19.235}}, {"type": "Feature", "geometry": {"type": "Point", "coordinates": [124.0, 40.0]}, "properties": {"risk": 0.66, "years_used": 5, "gumbel_mu": 132.443, "gumbel_beta": 17.192}}, {"type": "Feature", "geometry": {"type": "Point", "coordinates": [125.0, 40.0]}, "properties": {"risk": 0.66, "years_used": 5, "gumbel_mu": 102.617, "gumbel_beta": 35.953}}, {"type": "Feature", "geometry": {"type": "Point", "coordinates": [126.0, 40.0]}, "properties": {"risk": 0.66, "years_used": 5, "gumbel_mu": 91.608, "gumbel_beta": 30.724}}, {"type": "Feature", "geometry": {"type": "Point", "coordinates": [127.0, 40.0]}, "properties": {"risk": 0.66, "years_used": 5, "gumbel_mu": 121.345, "gumbel_beta": 27.057}}, {"type": "Feature", "geometry": {"type": "Point", "coordinates": [128.0, 40.0]}, "properties": {"risk": 0.66, "years_used": 5, "gumbel_mu": 71.162, "gumbel_beta": 21.557}}, {"type": "Feature", "geometry": {"type": "Point", "coordinates": [129.0, 40.0]}, "properties": {"no_data": true}}, {"type": "Feature", "geometry": {"type": "Point", "coordinates": [130.0, 40.0]}, "properties": {"no_data": true}}, {"type": "Feature", "geometry": {"type": "Point", "coordinates": [131.0, 40.0]}, "properties": {"no_data": true}}, {"type": "Feature", "geometry": {"type": "Point", "coordinates": [132.0, 40.0]}, "properties": {"no_data": true}}, {"type": "Feature", "geometry": {"type": "Point", "coordinates": [133.0, 40.0]}, "properties": {"no_data": true}}, {"type": "Feature", "geometry": {"type": "Point", "coordinates": [134.0, 40.0]}, "properties": {"no_data": true}}, {"type": "Feature", "geometry": {"type": "Point", "coordinates": [135.0, 40.0]}, "properties": {"no_data": true}}, {"type": "Feature", "geometry": {"type": "Point", "coordinates": [73.0, 41.0]}, "properties": {"risk": 0.0, "years_used": 5, "gumbel_mu": 11.572, "gumbel_beta": 3.13}}, {"type": "Feature", "geometry": {"type": "Point", "coordinates": [74.0, 41.0]}, "properties": {"risk": 0.0, "years_used": 5, "gumbel_mu": 33.295, "gumbel_beta": 17.897}}, {"type": "Feature", "geometry": {"type": "Point", "coordinates": [75.0, 41.0]}, "properties": {"risk": 0.0, "years_used": 5, "gumbel_mu": 20.975, "gumbel_beta": 9.688}}, {"type": "Feature", "geometry": {"type": "Point", "coordinates": [76.0, 41.0]}, "properties": {"risk": 0.0, "years_used": 5, "gumbel_mu": 25.436, "gumbel_beta": 17.486}}, {"type": "Feature", "geometry": {"type": "Point", "coordinates": [77.0, 41.0]}, "properties": {"risk": 0.0, "years_used": 5, "gumbel_mu": 15.523, "gumbel_beta": 9.15}}, {"type": "Feature", "geometry": {"type": "Point", "coordinates": [78.0, 41.0]}, "properties": {"risk": 0.0, "years_used": 5, "gumbel_mu": 20.446, "gumbel_beta": 16.897}}, {"type": "Feature", "geometry": {"type": "Point", "coordinates": [79.0, 41.0]}, "properties": {"risk": 0.0, "years_used": 5, "gumbel_mu": 18.87, "gumbel_beta": 11.65}}, {"type": "Feature", "geometry": {"type": "Point", "coordinates": [80.0, 41.0]}, "properties": {"risk": 0.0, "years_used": 5, "gumbel_mu": 12.503, "gumbel_beta": 6.23}}, {"type": "Feature", "geometry": {"type": "Point", "coordinates": [81.0, 41.0]}, "properties": {"risk": 0.0, "years_used": 5, "gumbel_mu": 6.736, "gumbel_beta": 1.103}}, {"type": "Feature", "geometry": {"type": "Point", "coordinates": [82.0, 41.0]}, "properties": {"risk": 0.0, "years_used": 5, "gumbel_mu": 6.86, "gumbel_beta": 1.517}}, {"type": "Feature", "geometry": {"type": "Point", "coordinates": [83.0, 41.0]}, "properties": {"risk": 0.0, "years_used": 5, "gumbel_mu": 7.968, "gumbel_beta": 0.839}}, {"type": "Feature", "geometry": {"type": "Point", "coordinates": [84.0, 41.0]}, "properties": {"risk": 0.0, "years_used": 5, "gumbel_mu": 7.284, "gumbel_beta": 1.717}}, {"type": "Feature", "geometry": {"type": "Point", "coordinates": [85.0, 41.0]}, "properties": {"risk": 0.0, "years_used": 5, "gumbel_mu": 6.196, "gumbel_beta": 2.658}}, {"type": "Feature", "geometry": {"type": "Point", "coordinates": [86.0, 41.0]}, "properties": {"risk": 0.0, "years_used": 5, "gumbel_mu": 6.575, "gumbel_beta": 0.744}}, {"type": "Feature", "geometry": {"type": "Point", "coordinates": [87.0, 41.0]}, "properties": {"risk": 0.0, "years_used": 5, "gumbel_mu": 6.375, "gumbel_beta": 0.491}}, {"type": "Feature", "geometry": {"type": "Point", "coordinates": [88.0, 41.0]}, "properties": {"risk": 0.0, "years_used": 5, "gumbel_mu": 5.673, "gumbel_beta": 3.446}}, {"type": "Feature", "geometry": {"type": "Point", "coordinates": [89.0, 41.0]}, "properties": {"risk": 0.0, "years_used": 5, "gumbel_mu": 4.087, "gumbel_beta": 0.505}}, {"type": "Feature", "geometry": {"type": "Point", "coordinates": [90.0, 41.0]}, "properties": {"risk": 0.0, "years_used": 5, "gumbel_mu": 2.869, "gumbel_beta": 0.629}}, {"type": "Feature", "geometry": {"type": "Point", "coordinates": [91.0, 41.0]}, "properties": {"risk": 0.0, "years_used": 5, "gumbel_mu": 0.612, "gumbel_beta": 0.637}}, {"type": "Feature", "geometry": {"type": "Point", "coordinates": [92.0, 41.0]}, "properties": {"risk": 0.0, "years_used": 5, "gumbel_mu": 0.954, "gumbel_beta": 1.051}}, {"type": "Feature", "geometry": {"type": "Point", "coordinates": [93.0, 41.0]}, "properties": {"risk": 0.0, "years_used": 5, "gumbel_mu": 4.559, "gumbel_beta": 0.378}}, {"type": "Feature", "geometry": {"type": "Point", "coordinates": [94.0, 41.0]}, "properties": {"risk": 0.0, "years_used": 5, "gumbel_mu": 4.511, "gumbel_beta": 0.971}}, {"type": "Feature", "geometry": {"type": "Point", "coordinates": [95.0, 41.0]}, "properties": {"risk": 0.0, "years_used": 5, "gumbel_mu": 6.678, "gumbel_beta": 1.7}}, {"type": "Feature", "geometry": {"type": "Point", "coordinates": [96.0, 41.0]}, "properties": {"risk": 0.0, "years_used": 5, "gumbel_mu": 8.225, "gumbel_beta": 9.987}}, {"type": "Feature", "geometry": {"type": "Point", "coordinates": [97.0, 41.0]}, "properties": {"risk": 0.0, "years_used": 5, "gumbel_mu": 8.624, "gumbel_beta": 2.866}}, {"type": "Feature", "geometry": {"type": "Point", "coordinates": [98.0, 41.0]}, "properties": {"risk": 0.0, "years_used": 5, "gumbel_mu": 10.481, "gumbel_beta": 10.208}}, {"type": "Feature", "geometry": {"type": "Point", "coordinates": [99.0, 41.0]}, "properties": {"risk": 0.0, "years_used": 5, "gumbel_mu": 8.387, "gumbel_beta": 6.105}}, {"type": "Feature", "geometry": {"type": "Point", "coordinates": [100.0, 41.0]}, "properties": {"risk": 0.0, "years_used": 5, "gumbel_mu": 8.224, "gumbel_beta": 2.116}}, {"type": "Feature", "geometry": {"type": "Point", "coordinates": [101.0, 41.0]}, "properties": {"risk": 0.0, "years_used": 5, "gumbel_mu": 8.871, "gumbel_beta": 3.655}}, {"type": "Feature", "geometry": {"type": "Point", "coordinates": [102.0, 41.0]}, "properties": {"risk": 0.0, "years_used": 5, "gumbel_mu": 16.142, "gumbel_beta": 5.475}}, {"type": "Feature", "geometry": {"type": "Point", "coordinates": [103.0, 41.0]}, "properties": {"risk": 0.0, "years_used": 5, "gumbel_mu": 22.618, "gumbel_beta": 12.439}}, {"type": "Feature", "geometry": {"type": "Point", "coordinates": [104.0, 41.0]}, "properties": {"risk": 0.0, "years_used": 5, "gumbel_mu": 22.966, "gumbel_beta": 18.152}}, {"type": "Feature", "geometry": {"type": "Point", "coordinates": [105.0, 41.0]}, "properties": {"risk": 0.0, "years_used": 5, "gumbel_mu": 27.602, "gumbel_beta": 11.424}}, {"type": "Feature", "geometry": {"type": "Point", "coordinates": [106.0, 41.0]}, "properties": {"risk": 0.0, "years_used": 5, "gumbel_mu": 34.383, "gumbel_beta": 7.343}}, {"type": "Feature", "geometry": {"type": "Point", "coordinates": [107.0, 41.0]}, "properties": {"risk": 0.0, "years_used": 5, "gumbel_mu": 23.422, "gumbel_beta": 13.455}}, {"type": "Feature", "geometry": {"type": "Point", "coordinates": [108.0, 41.0]}, "properties": {"risk": 0.0, "years_used": 5, "gumbel_mu": 32.49, "gumbel_beta": 19.885}}, {"type": "Feature", "geometry": {"type": "Point", "coordinates": [109.0, 41.0]}, "properties": {"risk": 0.0, "years_used": 5, "gumbel_mu": 39.976, "gumbel_beta": 11.601}}, {"type": "Feature", "geometry": {"type": "Point", "coordinates": [110.0, 41.0]}, "properties": {"risk": 0.33, "years_used": 5, "gumbel_mu": 52.928, "gumbel_beta": 20.309}}, {"type": "Feature", "geometry": {"type": "Point", "coordinates": [111.0, 41.0]}, "properties": {"risk": 0.33, "years_used": 5, "gumbel_mu": 72.42, "gumbel_beta": 25.889}}, {"type": "Feature", "geometry": {"type": "Point", "coordinates": [112.0, 41.0]}, "properties": {"risk": 0.0, "years_used": 5, "gumbel_mu": 66.302, "gumbel_beta": 20.341}}, {"type": "Feature", "geometry": {"type": "Point", "coordinates": [113.0, 41.0]}, "properties": {"risk": 0.0, "years_used": 5, "gumbel_mu": 53.081, "gumbel_beta": 15.332}}, {"type": "Feature", "geometry": {"type": "Point", "coordinates": [114.0, 41.0]}, "properties": {"risk": 0.33, "years_used": 5, "gumbel_mu": 51.014, "gumbel_beta": 8.642}}, {"type": "Feature", "geometry": {"type": "Point", "coordinates": [115.0, 41.0]}, "properties": {"risk": 0.0, "years_used": 5, "gumbel_mu": 46.127, "gumbel_beta": 11.606}}, {"type": "Feature", "geometry": {"type": "Point", "coordinates": [116.0, 41.0]}, "properties": {"risk": 0.33, "years_used": 5, "gumbel_mu": 65.692, "gumbel_beta": 21.506}}, {"type": "Feature", "geometry": {"type": "Point", "coordinates": [117.0, 41.0]}, "properties": {"risk": 0.33, "years_used": 5, "gumbel_mu": 81.311, "gumbel_beta": 25.653}}, {"type": "Feature", "geometry": {"type": "Point", "coordinates": [118.0, 41.0]}, "properties": {"risk": 0.33, "years_used": 5, "gumbel_mu": 67.228, "gumbel_beta": 10.879}}, {"type": "Feature", "geometry": {"type": "Point", "coordinates": [119.0, 41.0]}, "properties": {"risk": 0.33, "years_used": 5, "gumbel_mu": 82.966, "gumbel_beta": 18.624}}, {"type": "Feature", "geometry": {"type": "Point", "coordinates": [120.0, 41.0]}, "properties": {"risk": 0.33, "years_used": 5, "gumbel_mu": 90.525, "gumbel_beta": 24.585}}, {"type": "Feature", "geometry": {"type": "Point", "coordinates": [121.0, 41.0]}, "properties": {"risk": 0.33, "years_used": 5, "gumbel_mu": 74.382, "gumbel_beta": 26.584}}, {"type": "Feature", "geometry": {"type": "Point", "coordinates": [122.0, 41.0]}, "properties": {"risk": 0.33, "years_used": 5, "gumbel_mu": 79.848, "gumbel_beta": 18.081}}, {"type": "Feature", "geometry": {"type": "Point", "coordinates": [123.0, 41.0]}, "properties": {"risk": 0.33, "years_used": 5, "gumbel_mu": 86.44, "gumbel_beta": 10.987}}, {"type": "Feature", "geometry": {"type": "Point", "coordinates": [124.0, 41.0]}, "properties": {"risk": 0.66, "years_used": 5, "gumbel_mu": 95.522, "gumbel_beta": 27.707}}, {"type": "Feature", "geometry": {"type": "Point", "coordinates": [125.0, 41.0]}, "properties": {"risk": 0.66, "years_used": 5, "gumbel_mu": 114.884, "gumbel_beta": 48.261}}, {"type": "Feature", "geometry": {"type": "Point", "coordinates": [126.0, 41.0]}, "properties": {"risk": 0.66, "years_used": 5, "gumbel_mu": 114.679, "gumbel_beta": 19.18}}, {"type": "Feature", "geometry": {"type": "Point", "coordinates": [127.0, 41.0]}, "properties": {"risk": 0.33, "years_used": 5, "gumbel_mu": 65.12, "gumbel_beta": 8.344}}, {"type": "Feature", "geometry": {"type": "Point", "coordinates": [128.0, 41.0]}, "properties": {"risk": 0.66, "years_used": 5, "gumbel_mu": 56.902, "gumbel_beta": 17.191}}, {"type": "Feature", "geometry": {"type": "Point", "coordinates": [129.0, 41.0]}, "properties": {"risk": 0.66, "years_used": 5, "gumbel_mu": 61.545, "gumbel_beta": 51.789}}, {"type": "Feature", "geometry": {"type": "Point", "coordinates": [130.0, 41.0]}, "properties": {"no_data": true}}, {"type": "Feature", "geometry": {"type": "Point", "coordinates": [131.0, 41.0]}, "properties": {"no_data": true}}, {"type": "Feature", "geometry": {"type": "Point", "coordinates": [132.0, 41.0]}, "properties": {"no_data": true}}, {"type": "Feature", "geometry": {"type": "Point", "coordinates": [133.0, 41.0]}, "properties": {"no_data": true}}, {"type": "Feature", "geometry": {"type": "Point", "coordinates": [134.0, 41.0]}, "properties": {"no_data": true}}, {"type": "Feature", "geometry": {"type": "Point", "coordinates": [135.0, 41.0]}, "properties": {"no_data": true}}, {"type": "Feature", "geometry": {"type": "Point", "coordinates": [73.0, 42.0]}, "properties": {"risk": 0.0, "years_used": 5, "gumbel_mu": 28.274, "gumbel_beta": 9.282}}, {"type": "Feature", "geometry": {"type": "Point", "coordinates": [74.0, 42.0]}, "properties": {"risk": 0.0, "years_used": 5, "gumbel_mu": 31.826, "gumbel_beta": 3.707}}, {"type": "Feature", "geometry": {"type": "Point", "coordinates": [75.0, 42.0]}, "properties": {"risk": 0.0, "years_used": 5, "gumbel_mu": 13.614, "gumbel_beta": 5.283}}, {"type": "Feature", "geometry": {"type": "Point", "coordinates": [76.0, 42.0]}, "properties": {"risk": 0.0, "years_used": 5, "gumbel_mu": 51.331, "gumbel_beta": 15.918}}, {"type": "Feature", "geometry": {"type": "Point", "coordinates": [77.0, 42.0]}, "properties": {"risk": 0.0, "years_used": 5, "gumbel_mu": 14.795, "gumbel_beta": 2.624}}, {"type": "Feature", "geometry": {"type": "Point", "coordinates": [78.0, 42.0]}, "properties": {"risk": 0.0, "years_used": 5, "gumbel_mu": 26.035, "gumbel_beta": 5.34}}, {"type": "Feature", "geometry": {"type": "Point", "coordinates": [79.0, 42.0]}, "properties": {"risk": 0.0, "years_used": 5, "gumbel_mu": 18.286, "gumbel_beta": 9.189}}, {"type": "Feature", "geometry": {"type": "Point", "coordinates": [80.0, 42.0]}, "properties": {"risk": 0.0, "years_used": 5, "gumbel_mu": 29.877, "gumbel_beta": 7.234}}, {"type": "Feature", "geometry": {"type": "Point", "coordinates": [81.0, 42.0]}, "properties": {"risk": 0.0, "years_used": 5, "gumbel_mu": 15.313, "gumbel_beta": 6.151}}, {"type": "Feature", "geometry": {"type": "Point", "coordinates": [82.0, 42.0]}, "properties": {"risk": 0.0, "years_used": 5, "gumbel_mu": 11.038, "gumbel_beta": 3.406}}, {"type": "Feature", "geometry": {"type": "Point", "coordinates": [83.0, 42.0]}, "properties": {"risk": 0.0, "years_used": 5, "gumbel_mu": 10.395, "gumbel_beta": 1.572}}, {"type": "Feature", "geometry": {"type": "Point", "coordinates": [84.0, 42.0]}, "properties": {"risk": 0.0, "years_used": 5, "gumbel_mu": 14.452, "gumbel_beta": 2.563}}, {"type": "Feature", "geometry": {"type": "Point", "coordinates": [85.0, 42.0]}, "properties": {"risk": 0.0, "years_used": 5, "gumbel_mu": 15.227, "gumbel_beta": 4.883}}, {"type": "Feature", "geometry": {"type": "Point", "coordinates": [86.0, 42.0]}, "properties": {"risk": 0.0, "years_used": 5, "gumbel_mu": 15.681, "gumbel_beta": 4.387}}, {"type": "Feature", "geometry": {"type": "Point", "coordinates": [87.0, 42.0]}, "properties": {"risk": 0.0, "years_used": 5, "gumbel_mu": 8.26, "gumbel_beta": 2.578}}, {"type": "Feature", "geometry": {"type": "Point", "coordinates": [88.0, 42.0]}, "properties": {"risk": 0.0, "years_used": 5, "gumbel_mu": 10.315, "gumbel_beta": 1.627}}, {"type": "Feature", "geometry": {"type": "Point", "coordinates": [89.0, 42.0]}, "properties": {"risk": 0.0, "years_used": 5, "gumbel_mu": 6.564, "gumbel_beta": 2.117}}, {"type": "Feature", "geometry": {"type": "Point", "coordinates": [90.0, 42.0]}, "properties": {"risk": 0.0, "years_used": 5, "gumbel_mu": 1.263, "gumbel_beta": 0.369}}, {"type": "Feature", "geometry": {"type": "Point", "coordinates": [91.0, 42.0]}, "properties": {"risk": 0.0, "years_used": 5, "gumbel_mu": 3.205, "gumbel_beta": 0.773}}, {"type": "Feature", "geometry": {"type": "Point", "coordinates": [92.0, 42.0]}, "properties": {"risk": 0.0, "years_used": 5, "gumbel_mu": 3.005, "gumbel_beta": 2.248}}, {"type": "Feature", "geometry": {"type": "Point", "coordinates": [93.0, 42.0]}, "properties": {"risk": 0.0, "years_used": 5, "gumbel_mu": 5.139, "gumbel_beta": 2.546}}, {"type": "Feature", "geometry": {"type": "Point", "coordinates": [94.0, 42.0]}, "properties": {"risk": 0.0, "years_used": 5, "gumbel_mu": 5.241, "gumbel_beta": 2.415}}, {"type": "Feature", "geometry": {"type": "Point", "coordinates": [95.0, 42.0]}, "properties": {"risk": 0.0, "years_used": 5, "gumbel_mu": 5.08, "gumbel_beta": 0.574}}, {"type": "Feature", "geometry": {"type": "Point", "coordinates": [96.0, 42.0]}, "properties": {"risk": 0.0, "years_used": 5, "gumbel_mu": 7.418, "gumbel_beta": 3.012}}, {"type": "Feature", "geometry": {"type": "Point", "coordinates": [97.0, 42.0]}, "properties": {"risk": 0.0, "years_used": 5, "gumbel_mu": 11.558, "gumbel_beta": 10.905}}, {"type": "Feature", "geometry": {"type": "Point", "coordinates": [98.0, 42.0]}, "properties": {"risk": 0.0, "years_used": 5, "gumbel_mu": 6.859, "gumbel_beta": 3.039}}, {"type": "Feature", "geometry": {"type": "Point", "coordinates": [99.0, 42.0]}, "properties": {"risk": 0.0, "years_used": 5, "gumbel_mu": 7.166, "gumbel_beta": 0.545}}, {"type": "Feature", "geometry": {"type": "Point", "coordinates": [100.0, 42.0]}, "properties": {"risk": 0.0, "years_used": 5, "gumbel_mu": 7.211, "gumbel_beta": 1.723}}, {"type": "Feature", "geometry": {"type": "Point", "coordinates": [101.0, 42.0]}, "properties": {"risk": 0.0, "years_used": 5, "gumbel_mu": 6.785, "gumbel_beta": 2.808}}, {"type": "Feature", "geometry": {"type": "Point", "coordinates": [102.0, 42.0]}, "properties": {"risk": 0.0, "years_used": 5, "gumbel_mu": 8.432, "gumbel_beta": 5.164}}, {"type": "Feature", "geometry": {"type": "Point", "coordinates": [103.0, 42.0]}, "properties": {"risk": 0.0, "years_used": 5, "gumbel_mu": 13.197, "gumbel_beta": 9.491}}, {"type": "Feature", "geometry": {"type": "Point", "coordinates": [104.0, 42.0]}, "properties": {"risk": 0.0, "years_used": 5, "gumbel_mu": 28.143, "gumbel_beta": 8.141}}, {"type": "Feature", "geometry": {"type": "Point", "coordinates": [105.0, 42.0]}, "properties": {"risk": 0.0, "years_used": 5, "gumbel_mu": 28.049, "gumbel_beta": 6.225}}, {"type": "Feature", "geometry": {"type": "Point", "coordinates": [106.0, 42.0]}, "properties": {"risk": 0.0, "years_used": 5, "gumbel_mu": 23.746, "gumbel_beta": 7.622}}, {"type": "Feature", "geometry": {"type": "Point", "coordinates": [107.0, 42.0]}, "properties": {"risk": 0.0, "years_used": 5, "gumbel_mu": 24.09, "gumbel_beta": 10.491}}, {"type": "Feature", "geometry": {"type": "Point", "coordinates": [108.0, 42.0]}, "properties": {"risk": 0.33, "years_used": 5, "gumbel_mu": 37.114, "gumbel_beta": 10.469}}, {"type": "Feature", "geometry": {"type": "Point", "coordinates": [109.0, 42.0]}, "properties": {"risk": 0.0, "years_used": 5, "gumbel_mu": 35.104, "gumbel_beta": 9.686}}, {"type": "Feature", "geometry": {"type": "Point", "coordinates": [110.0, 42.0]}, "properties": {"risk": 0.0, "years_used": 5, "gumbel_mu": 29.885, "gumbel_beta": 12.828}}, {"type": "Feature", "geometry": {"type": "Point", "coordinates": [111.0, 42.0]}, "properties": {"risk": 0.0, "years_used": 5, "gumbel_mu": 46.812, "gumbel_beta": 17.169}}, {"type": "Feature", "geometry": {"type": "Point", "coordinates": [112.0, 42.0]}, "properties": {"risk": 0.0, "years_used": 5, "gumbel_mu": 40.886, "gumbel_beta": 14.103}}, {"type": "Feature", "geometry": {"type": "Point", "coordinates": [113.0, 42.0]}, "properties": {"risk": 0.0, "years_used": 5, "gumbel_mu": 32.645, "gumbel_beta": 11.572}}, {"type": "Feature", "geometry": {"type": "Point", "coordinates": [114.0, 42.0]}, "properties": {"risk": 0.0, "years_used": 5, "gumbel_mu": 39.319, "gumbel_beta": 13.368}}, {"type": "Feature", "geometry": {"type": "Point", "coordinates": [115.0, 42.0]}, "properties": {"risk": 0.0, "years_used": 5, "gumbel_mu": 43.683, "gumbel_beta": 10.112}}, {"type": "Feature", "geometry": {"type": "Point", "coordinates": [116.0, 42.0]}, "properties": {"risk": 0.33, "years_used": 5, "gumbel_mu": 49.783, "gumbel_beta": 9.09}}, {"type": "Feature", "geometry": {"type": "Point", "coordinates": [117.0, 42.0]}, "properties": {"risk": 0.33, "years_used": 5, "gumbel_mu": 63.068, "gumbel_beta": 18.21}}, {"type": "Feature", "geometry": {"type": "Point", "coordinates": [118.0, 42.0]}, "properties": {"risk": 0.33, "years_used": 5, "gumbel_mu": 72.809, "gumbel_beta": 27.267}}, {"type": "Feature", "geometry": {"type": "Point", "coordinates": [119.0, 42.0]}, "properties": {"risk": 0.33, "years_used": 5, "gumbel_mu": 66.298, "gumbel_beta": 32.967}}, {"type": "Feature", "geometry": {"type": "Point", "coordinates": [120.0, 42.0]}, "properties": {"risk": 0.0, "years_used": 5, "gumbel_mu": 52.421, "gumbel_beta": 19.968}}, {"type": "Feature", "geometry": {"type": "Point", "coordinates": [121.0, 42.0]}, "properties": {"risk": 0.33, "years_used": 5, "gumbel_mu": 89.986, "gumbel_beta": 33.599}}, {"type": "Feature", "geometry": {"type": "Point", "coordinates": [122.0, 42.0]}, "properties": {"risk": 0.33, "years_used": 5, "gumbel_mu": 66.783, "gumbel_beta": 18.164}}, {"type": "Feature", "geometry": {"type": "Point", "coordinates": [123.0, 42.0]}, "properties": {"risk": 0.33, "years_used": 5, "gumbel_mu": 75.463, "gumbel_beta": 25.84}}, {"type": "Feature", "geometry": {"type": "Point", "coordinates": [124.0, 42.0]}, "properties": {"risk": 0.66, "years_used": 5, "gumbel_mu": 86.204, "gumbel_beta": 22.838}}, {"type": "Feature", "geometry": {"type": "Point", "coordinates": [125.0, 42.0]}, "properties": {"risk": 0.33, "years_used": 5, "gumbel_mu": 82.273, "gumbel_beta": 35.416}}, {"type": "Feature", "geometry": {"type": "Point", "coordinates": [126.0, 42.0]}, "properties": {"risk": 0.66, "years_used": 5, "gumbel_mu": 93.977, "gumbel_beta": 24.761}}, {"type": "Feature", "geometry": {"type": "Point", "coordinates": [127.0, 42.0]}, "properties": {"risk": 0.66, "years_used": 5, "gumbel_mu": 75.001, "gumbel_beta": 21.577}}, {"type": "Feature", "geometry": {"type": "Point", "coordinates": [128.0, 42.0]}, "properties": {"risk": 0.33, "years_used": 5, "gumbel_mu": 68.837, "gumbel_beta": 6.937}}, {"type": "Feature", "geometry": {"type": "Point", "coordinates": [129.0, 42.0]}, "properties": {"risk": 0.66, "years_used": 5, "gumbel_mu": 79.115, "gumbel_beta": 25.437}}, {"type": "Feature", "geometry": {"type": "Point", "coordinates": [130.0, 42.0]}, "properties": {"risk": 0.66, "years_used": 5, "gumbel_mu": 111.023, "gumbel_beta": 16.104}}, {"type": "Feature", "geometry": {"type": "Point", "coordinates": [131.0, 42.0]}, "properties": {"no_data": true}}, {"type": "Feature", "geometry": {"type": "Point", "coordinates": [132.0, 42.0]}, "properties": {"no_data": true}}, {"type": "Feature", "geometry": {"type": "Point", "coordinates": [133.0, 42.0]}, "properties": {"no_data": true}}, {"type": "Feature", "geometry": {"type": "Point", "coordinates": [134.0, 42.0]}, "properties": {"no_data": true}}, {"type": "Feature", "geometry": {"type": "Point", "coordinates": [135.0, 42.0]}, "properties": {"no_data": true}}, {"type": "Feature", "geometry": {"type": "Point", "coordinates": [73.0, 43.0]}, "properties": {"risk": 0.0, "years_used": 5, "gumbel_mu": 15.754, "gumbel_beta": 4.985}}, {"type": "Feature", "geometry": {"type": "Point", "coordinates": [74.0, 43.0]}, "properties": {"risk": 0.0, "years_used": 5, "gumbel_mu": 20.565, "gumbel_beta": 6.753}}, {"type": "Feature", "geometry": {"type": "Point", "coordinates": [75.0, 43.0]}, "properties": {"risk": 0.0, "years_used": 5, "gumbel_mu": 27.421, "gumbel_beta": 5.199}}, {"type": "Feature", "geometry": {"type": "Point", "coordinates": [76.0, 43.0]}, "properties": {"risk": 0.0, "years_used": 5, "gumbel_mu": 27.064, "gumbel_beta": 0.645}}, {"type": "Feature", "geometry": {"type": "Point", "coordinates": [77.0, 43.0]}, "properties": {"risk": 0.0, "years_used": 5, "gumbel_mu": 38.721, "gumbel_beta": 11.478}}, {"type": "Feature", "geometry": {"type": "Point", "coordinates": [78.0, 43.0]}, "properties": {"risk": 0.0, "years_used": 5, "gumbel_mu": 43.105, "gumbel_beta": 11.091}}, {"type": "Feature", "geometry": {"type": "Point", "coordinates": [79.0, 43.0]}, "properties": {"risk": 0.0, "years_used": 5, "gumbel_mu": 21.622, "gumbel_beta": 8.759}}, {"type": "Feature", "geometry": {"type": "Point", "coordinates": [80.0, 43.0]}, "properties": {"risk": 0.0, "years_used": 5, "gumbel_mu": 29.107, "gumbel_beta": 11.016}}, {"type": "Feature", "geometry": {"type": "Point", "coordinates": [81.0, 43.0]}, "properties": {"risk": 0.0, "years_used": 5, "gumbel_mu": 26.527, "gumbel_beta": 6.305}}, {"type": "Feature", "geometry": {"type": "Point", "coordinates": [82.0, 43.0]}, "properties": {"risk": 0.0, "years_used": 5, "gumbel_mu": 21.71, "gumbel_beta": 4.896}}, {"type": "Feature", "geometry": {"type": "Point", "coordinates": [83.0, 43.0]}, "properties": {"risk": 0.0, "years_used": 5, "gumbel_mu": 43.819, "gumbel_beta": 11.978}}, {"type": "Feature", "geometry": {"type": "Point", "coordinates": [84.0, 43.0]}, "properties": {"risk": 0.0, "years_used": 5, "gumbel_mu": 28.413, "gumbel_beta": 11.037}}, {"type": "Feature", "geometry": {"type": "Point", "coordinates": [85.0, 43.0]}, "properties": {"risk": 0.0, "years_used": 5, "gumbel_mu": 12.357, "gumbel_beta": 3.246}}, {"type": "Feature", "geometry": {"type": "Point", "coordinates": [86.0, 43.0]}, "properties": {"risk": 0.0, "years_used": 5, "gumbel_mu": 15.397, "gumbel_beta": 23.939}}, {"type": "Feature", "geometry": {"type": "Point", "coordinates": [87.0, 43.0]}, "properties": {"risk": 0.0, "years_used": 5, "gumbel_mu": 36.887, "gumbel_beta": 13.845}}, {"type": "Feature", "geometry": {"type": "Point", "coordinates": [88.0, 43.0]}, "properties": {"risk": 0.0, "years_used": 5, "gumbel_mu": 11.416, "gumbel_beta": 4.695}}, {"type": "Feature", "geometry": {"type": "Point", "coordinates": [89.0, 43.0]}, "properties": {"risk": 0.0, "years_used": 5, "gumbel_mu": 6.31, "gumbel_beta": 0.87}}, {"type": "Feature", "geometry": {"type": "Point", "coordinates": [90.0, 43.0]}, "properties": {"risk": 0.0, "years_used": 5, "gumbel_mu": 4.696, "gumbel_beta": 0.777}}, {"type": "Feature", "geometry": {"type": "Point", "coordinates": [91.0, 43.0]}, "properties": {"risk": 0.0, "years_used": 5, "gumbel_mu": 3.802, "gumbel_beta": 1.338}}, {"type": "Feature", "geometry": {"type": "Point", "coordinates": [92.0, 43.0]}, "properties": {"risk": 0.0, "years_used": 5, "gumbel_mu": 5.281, "gumbel_beta": 0.878}}, {"type": "Feature", "geometry": {"type": "Point", "coordinates": [93.0, 43.0]}, "properties": {"risk": 0.0, "years_used": 5, "gumbel_mu": 5.983, "gumbel_beta": 0.902}}, {"type": "Feature", "geometry": {"type": "Point", "coordinates": [94.0, 43.0]}, "properties": {"risk": 0.0, "years_used": 5, "gumbel_mu": 13.051, "gumbel_beta": 12.043}}, {"type": "Feature", "geometry": {"type": "Point", "coordinates": [95.0, 43.0]}, "properties": {"risk": 0.0, "years_used": 5, "gumbel_mu": 9.327, "gumbel_beta": 10.956}}, {"type": "Feature", "geometry": {"type": "Point", "coordinates": [96.0, 43.0]}, "properties": {"risk": 0.0, "years_used": 5, "gumbel_mu": 4.19, "gumbel_beta": 3.363}}, {"type": "Feature", "geometry": {"type": "Point", "coordinates": [97.0, 43.0]}, "properties": {"risk": 0.0, "years_used": 5, "gumbel_mu": 6.167, "gumbel_beta": 6.503}}, {"type": "Feature", "geometry": {"type": "Point", "coordinates": [98.0, 43.0]}, "properties": {"risk": 0.0, "years_used": 5, "gumbel_mu": 6.486, "gumbel_beta": 3.242}}, {"type": "Feature", "geometry": {"type": "Point", "coordinates": [99.0, 43.0]}, "properties": {"risk": 0.0, "years_used": 5, "gumbel_mu": 7.613, "gumbel_beta": 4.998}}, {"type": "Feature", "geometry": {"type": "Point", "coordinates": [100.0, 43.0]}, "properties": {"risk": 0.0, "years_used": 5, "gumbel_mu": 10.557, "gumbel_beta": 15.553}}, {"type": "Feature", "geometry": {"type": "Point", "coordinates": [101.0, 43.0]}, "properties": {"risk": 0.0, "years_used": 5, "gumbel_mu": 11.299, "gumbel_beta": 15.592}}, {"type": "Feature", "geometry": {"type": "Point", "coordinates": [102.0, 43.0]}, "properties": {"risk": 0.0, "years_used": 5, "gumbel_mu": 11.72, "gumbel_beta": 9.129}}, {"type": "Feature", "geometry": {"type": "Point", "coordinates": [103.0, 43.0]}, "properties": {"risk": 0.0, "years_used": 5, "gumbel_mu": 21.164, "gumbel_beta": 12.599}}, {"type": "Feature", "geometry": {"type": "Point", "coordinates": [104.0, 43.0]}, "properties": {"risk": 0.0, "years_used": 5, "gumbel_mu": 17.692, "gumbel_beta": 9.291}}, {"type": "Feature", "geometry": {"type": "Point", "coordinates": [105.0, 43.0]}, "properties": {"risk": 0.0, "years_used": 5, "gumbel_mu": 26.751, "gumbel_beta": 21.73}}, {"type": "Feature", "geometry": {"type": "Point", "coordinates": [106.0, 43.0]}, "properties": {"risk": 0.0, "years_used": 5, "gumbel_mu": 19.83, "gumbel_beta": 18.445}}, {"type": "Feature", "geometry": {"type": "Point", "coordinates": [107.0, 43.0]}, "properties": {"risk": 0.0, "years_used": 5, "gumbel_mu": 24.003, "gumbel_beta": 22.625}}, {"type": "Feature", "geometry": {"type": "Point", "coordinates": [108.0, 43.0]}, "properties": {"risk": 0.0, "years_used": 5, "gumbel_mu": 21.35, "gumbel_beta": 14.512}}, {"type": "Feature", "geometry": {"type": "Point", "coordinates": [109.0, 43.0]}, "properties": {"risk": 0.0, "years_used": 5, "gumbel_mu": 38.59, "gumbel_beta": 7.846}}, {"type": "Feature", "geometry": {"type": "Point", "coordinates": [110.0, 43.0]}, "properties": {"risk": 0.0, "years_used": 5, "gumbel_mu": 25.727, "gumbel_beta": 11.471}}, {"type": "Feature", "geometry": {"type": "Point", "coordinates": [111.0, 43.0]}, "properties": {"risk": 0.33, "years_used": 5, "gumbel_mu": 31.202, "gumbel_beta": 18.818}}, {"type": "Feature", "geometry": {"type": "Point", "coordinates": [112.0, 43.0]}, "properties": {"risk": 0.0, "years_used": 5, "gumbel_mu": 33.698, "gumbel_beta": 9.858}}, {"type": "Feature", "geometry": {"type": "Point", "coordinates": [113.0, 43.0]}, "properties": {"risk": 0.0, "years_used": 5, "gumbel_mu": 36.33, "gumbel_beta": 22.546}}, {"type": "Feature", "geometry": {"type": "Point", "coordinates": [114.0, 43.0]}, "properties": {"risk": 0.0, "years_used": 5, "gumbel_mu": 32.407, "gumbel_beta": 14.063}}, {"type": "Feature", "geometry": {"type": "Point", "coordinates": [115.0, 43.0]}, "properties": {"risk": 0.33, "years_used": 5, "gumbel_mu": 32.147, "gumbel_beta": 19.08}}, {"type": "Feature", "geometry": {"type": "Point", "coordinates": [116.0, 43.0]}, "properties": {"risk": 0.0, "years_used": 5, "gumbel_mu": 37.188, "gumbel_beta": 9.817}}, {"type": "Feature", "geometry": {"type": "Point", "coordinates": [117.0, 43.0]}, "properties": {"risk": 0.0, "years_used": 5, "gumbel_mu": 48.674, "gumbel_beta": 13.511}}, {"type": "Feature", "geometry": {"type": "Point", "coordinates": [118.0, 43.0]}, "properties": {"risk": 0.33, "years_used": 5, "gumbel_mu": 72.879, "gumbel_beta": 31.674}}, {"type": "Feature", "geometry": {"type": "Point", "coordinates": [119.0, 43.0]}, "properties": {"risk": 0.33, "years_used": 5, "gumbel_mu": 65.572, "gumbel_beta": 19.429}}, {"type": "Feature", "geometry": {"type": "Point", "coordinates": [120.0, 43.0]}, "properties": {"risk": 0.33, "years_used": 5, "gumbel_mu": 66.353, "gumbel_beta": 17.344}}, {"type": "Feature", "geometry": {"type": "Point", "coordinates": [121.0, 43.0]}, "properties": {"risk": 0.0, "years_used": 5, "gumbel_mu": 65.848, "gumbel_beta": 21.701}}, {"type": "Feature", "geometry": {"type": "Point", "coordinates": [122.0, 43.0]}, "properties": {"risk": 0.33, "years_used": 5, "gumbel_mu": 70.587, "gumbel_beta": 20.978}}, {"type": "Feature", "geometry": {"type": "Point", "coordinates": [123.0, 43.0]}, "properties": {"risk": 0.33, "years_used": 5, "gumbel_mu": 68.039, "gumbel_beta": 27.137}}, {"type": "Feature", "geometry": {"type": "Point", "coordinates": [124.0, 43.0]}, "properties": {"risk": 0.33, "years_used": 5, "gumbel_mu": 85.369, "gumbel_beta": 30.864}}, {"type": "Feature", "geometry": {"type": "Point", "coordinates": [125.0, 43.0]}, "properties": {"risk": 0.0, "years_used": 5, "gumbel_mu": 79.744, "gumbel_beta": 23.116}}, {"type": "Feature", "geometry": {"type": "Point", "coordinates": [126.0, 43.0]}, "properties": {"risk": 0.33, "years_used": 5, "gumbel_mu": 87.306, "gumbel_beta": 33.695}}, {"type": "Feature", "geometry": {"type": "Point", "coordinates": [127.0, 43.0]}, "properties": {"risk": 0.33, "years_used": 5, "gumbel_mu": 67.05, "gumbel_beta": 18.611}}, {"type": "Feature", "geometry": {"type": "Point", "coordinates": [128.0, 43.0]}, "properties": {"risk": 0.33, "years_used": 5, "gumbel_mu": 81.881, "gumbel_beta": 21.326}}, {"type": "Feature", "geometry": {"type": "Point", "coordinates": [129.0, 43.0]}, "properties": {"risk": 0.66, "years_used": 5, "gumbel_mu": 69.322, "gumbel_beta": 23.312}}, {"type": "Feature", "geometry": {"type": "Point", "coordinates": [130.0, 43.0]}, "properties": {"risk": 0.66, "years_used": 5, "gumbel_mu": 69.541, "gumbel_beta": 26.398}}, {"type": "Feature", "geometry": {"type": "Point", "coordinates": [131.0, 43.0]}, "properties": {"risk": 0.33, "years_used": 5, "gumbel_mu": 81.02, "gumbel_beta": 20.737}}, {"type": "Feature", "geometry": {"type": "Point", "coordinates": [132.0, 43.0]}, "properties": {"no_data": true}}, {"type": "Feature", "geometry": {"type": "Point", "coordinates": [133.0, 43.0]}, "properties": {"risk": 0.66, "years_used": 5, "gumbel_mu": 92.903, "gumbel_beta": 29.492}}, {"type": "Feature", "geometry": {"type": "Point", "coordinates": [134.0, 43.0]}, "properties": {"risk": 0.66, "years_used": 5, "gumbel_mu": 112.037, "gumbel_beta": 22.559}}, {"type": "Feature", "geometry": {"type": "Point", "coordinates": [135.0, 43.0]}, "properties": {"no_data": true}}, {"type": "Feature", "geometry": {"type": "Point", "coordinates": [73.0, 44.0]}, "properties": {"risk": 0.0, "years_used": 5, "gumbel_mu": 12.196, "gumbel_beta": 1.492}}, {"type": "Feature", "geometry": {"type": "Point", "coordinates": [74.0, 44.0]}, "properties": {"risk": 0.0, "years_used": 5, "gumbel_mu": 14.635, "gumbel_beta": 4.691}}, {"type": "Feature", "geometry": {"type": "Point", "coordinates": [75.0, 44.0]}, "properties": {"risk": 0.0, "years_used": 5, "gumbel_mu": 20.099, "gumbel_beta": 1.537}}, {"type": "Feature", "geometry": {"type": "Point", "coordinates": [76.0, 44.0]}, "properties": {"risk": 0.0, "years_used": 5, "gumbel_mu": 17.796, "gumbel_beta": 5.227}}, {"type": "Feature", "geometry": {"type": "Point", "coordinates": [77.0, 44.0]}, "properties": {"risk": 0.0, "years_used": 5, "gumbel_mu": 19.889, "gumbel_beta": 6.255}}, {"type": "Feature", "geometry": {"type": "Point", "coordinates": [78.0, 44.0]}, "properties": {"risk": 0.0, "years_used": 5, "gumbel_mu": 14.743, "gumbel_beta": 4.355}}, {"type": "Feature", "geometry": {"type": "Point", "coordinates": [79.0, 44.0]}, "properties": {"risk": 0.0, "years_used": 5, "gumbel_mu": 9.556, "gumbel_beta": 1.478}}, {"type": "Feature", "geometry": {"type": "Point", "coordinates": [80.0, 44.0]}, "properties": {"risk": 0.0, "years_used": 5, "gumbel_mu": 11.326, "gumbel_beta": 9.637}}, {"type": "Feature", "geometry": {"type": "Point", "coordinates": [81.0, 44.0]}, "properties": {"risk": 0.0, "years_used": 5, "gumbel_mu": 11.369, "gumbel_beta": 6.068}}, {"type": "Feature", "geometry": {"type": "Point", "coordinates": [82.0, 44.0]}, "properties": {"risk": 0.0, "years_used": 5, "gumbel_mu": 20.947, "gumbel_beta": 7.28}}, {"type": "Feature", "geometry": {"type": "Point", "coordinates": [83.0, 44.0]}, "properties": {"risk": 0.0, "years_used": 5, "gumbel_mu": 44.768, "gumbel_beta": 15.428}}, {"type": "Feature", "geometry": {"type": "Point", "coordinates": [84.0, 44.0]}, "properties": {"risk": 0.0, "years_used": 5, "gumbel_mu": 42.824, "gumbel_beta": 21.123}}, {"type": "Feature", "geometry": {"type": "Point", "coordinates": [85.0, 44.0]}, "properties": {"risk": 0.0, "years_used": 5, "gumbel_mu": 19.736, "gumbel_beta": 10.587}}, {"type": "Feature", "geometry": {"type": "Point", "coordinates": [86.0, 44.0]}, "properties": {"risk": 0.0, "years_used": 5, "gumbel_mu": 31.06, "gumbel_beta": 18.272}}, {"type": "Feature", "geometry": {"type": "Point", "coordinates": [87.0, 44.0]}, "properties": {"risk": 0.0, "years_used": 5, "gumbel_mu": 19.095, "gumbel_beta": 6.698}}, {"type": "Feature", "geometry": {"type": "Point", "coordinates": [88.0, 44.0]}, "properties": {"risk": 0.0, "years_used": 5, "gumbel_mu": 26.746, "gumbel_beta": 11.791}}, {"type": "Feature", "geometry": {"type": "Point", "coordinates": [89.0, 44.0]}, "properties": {"risk": 0.0, "years_used": 5, "gumbel_mu": 23.263, "gumbel_beta": 9.842}}, {"type": "Feature", "geometry": {"type": "Point", "coordinates": [90.0, 44.0]}, "properties": {"risk": 0.0, "years_used": 5, "gumbel_mu": 18.454, "gumbel_beta": 8.041}}, {"type": "Feature", "geometry": {"type": "Point", "coordinates": [91.0, 44.0]}, "properties": {"risk": 0.0, "years_used": 5, "gumbel_mu": 8.167, "gumbel_beta": 2.066}}, {"type": "Feature", "geometry": {"type": "Point", "coordinates": [92.0, 44.0]}, "properties": {"risk": 0.0, "years_used": 5, "gumbel_mu": 7.003, "gumbel_beta": 1.081}}, {"type": "Feature", "geometry": {"type": "Point", "coordinates": [93.0, 44.0]}, "properties": {"risk": 0.0, "years_used": 5, "gumbel_mu": 7.011, "gumbel_beta": 3.986}}, {"type": "Feature", "geometry": {"type": "Point", "coordinates": [94.0, 44.0]}, "properties": {"risk": 0.0, "years_used": 5, "gumbel_mu": 7.028, "gumbel_beta": 1.671}}, {"type": "Feature", "geometry": {"type": "Point", "coordinates": [95.0, 44.0]}, "properties": {"risk": 0.0, "years_used": 5, "gumbel_mu": 6.286, "gumbel_beta": 0.895}}, {"type": "Feature", "geometry": {"type": "Point", "coordinates": [96.0, 44.0]}, "properties": {"risk": 0.0, "years_used": 5, "gumbel_mu": 5.318, "gumbel_beta": 0.963}}, {"type": "Feature", "geometry": {"type": "Point", "coordinates": [97.0, 44.0]}, "properties": {"risk": 0.0, "years_used": 5, "gumbel_mu": 7.169, "gumbel_beta": 1.779}}, {"type": "Feature", "geometry": {"type": "Point", "coordinates": [98.0, 44.0]}, "properties": {"risk": 0.0, "years_used": 5, "gumbel_mu": 6.869, "gumbel_beta": 2.651}}, {"type": "Feature", "geometry": {"type": "Point", "coordinates": [99.0, 44.0]}, "properties": {"risk": 0.0, "years_used": 5, "gumbel_mu": 8.308, "gumbel_beta": 6.85}}, {"type": "Feature", "geometry": {"type": "Point", "coordinates": [100.0, 44.0]}, "properties": {"risk": 0.0, "years_used": 5, "gumbel_mu": 8.481, "gumbel_beta": 4.574}}, {"type": "Feature", "geometry": {"type": "Point", "coordinates": [101.0, 44.0]}, "properties": {"risk": 0.0, "years_used": 5, "gumbel_mu": 11.583, "gumbel_beta": 8.971}}, {"type": "Feature", "geometry": {"type": "Point", "coordinates": [102.0, 44.0]}, "properties": {"risk": 0.0, "years_used": 5, "gumbel_mu": 13.123, "gumbel_beta": 7.002}}, {"type": "Feature", "geometry": {"type": "Point", "coordinates": [103.0, 44.0]}, "properties": {"risk": 0.0, "years_used": 5, "gumbel_mu": 12.283, "gumbel_beta": 11.329}}, {"type": "Feature", "geometry": {"type": "Point", "coordinates": [104.0, 44.0]}, "properties": {"risk": 0.0, "years_used": 5, "gumbel_mu": 15.441, "gumbel_beta": 10.357}}, {"type": "Feature", "geometry": {"type": "Point", "coordinates": [105.0, 44.0]}, "properties": {"risk": 0.0, "years_used": 5, "gumbel_mu": 19.397, "gumbel_beta": 12.773}}, {"type": "Feature", "geometry": {"type": "Point", "coordinates": [106.0, 44.0]}, "properties": {"risk": 0.0, "years_used": 5, "gumbel_mu": 27.043, "gumbel_beta": 7.233}}, {"type": "Feature", "geometry": {"type": "Point", "coordinates": [107.0, 44.0]}, "properties": {"risk": 0.0, "years_used": 5, "gumbel_mu": 17.079, "gumbel_beta": 8.158}}, {"type": "Feature", "geometry": {"type": "Point", "coordinates": [108.0, 44.0]}, "properties": {"risk": 0.0, "years_used": 5, "gumbel_mu": 16.658, "gumbel_beta": 5.849}}, {"type": "Feature", "geometry": {"type": "Point", "coordinates": [109.0, 44.0]}, "properties": {"risk": 0.0, "years_used": 5, "gumbel_mu": 11.036, "gumbel_beta": 10.159}}, {"type": "Feature", "geometry": {"type": "Point", "coordinates": [110.0, 44.0]}, "properties": {"risk": 0.0, "years_used": 5, "gumbel_mu": 25.184, "gumbel_beta": 8.361}}, {"type": "Feature", "geometry": {"type": "Point", "coordinates": [111.0, 44.0]}, "properties": {"risk": 0.0, "years_used": 5, "gumbel_mu": 28.005, "gumbel_beta": 18.062}}, {"type": "Feature", "geometry": {"type": "Point", "coordinates": [112.0, 44.0]}, "properties": {"risk": 0.0, "years_used": 5, "gumbel_mu": 26.143, "gumbel_beta": 11.576}}, {"type": "Feature", "geometry": {"type": "Point", "coordinates": [113.0, 44.0]}, "properties": {"risk": 0.0, "years_used": 5, "gumbel_mu": 31.687, "gumbel_beta": 8.568}}, {"type": "Feature", "geometry": {"type": "Point", "coordinates": [114.0, 44.0]}, "properties": {"risk": 0.0, "years_used": 5, "gumbel_mu": 35.596, "gumbel_beta": 11.007}}, {"type": "Feature", "geometry": {"type": "Point", "coordinates": [115.0, 44.0]}, "properties": {"risk": 0.0, "years_used": 5, "gumbel_mu": 33.12, "gumbel_beta": 11.717}}, {"type": "Feature", "geometry": {"type": "Point", "coordinates": [116.0, 44.0]}, "properties": {"risk": 0.33, "years_used": 5, "gumbel_mu": 29.035, "gumbel_beta": 18.537}}, {"type": "Feature", "geometry": {"type": "Point", "coordinates": [117.0, 44.0]}, "properties": {"risk": 0.0, "years_used": 5, "gumbel_mu": 45.387, "gumbel_beta": 29.233}}, {"type": "Feature", "geometry": {"type": "Point", "coordinates": [118.0, 44.0]}, "properties": {"risk": 0.33, "years_used": 5, "gumbel_mu": 58.084, "gumbel_beta": 14.362}}, {"type": "Feature", "geometry": {"type": "Point", "coordinates": [119.0, 44.0]}, "properties": {"risk": 0.33, "years_used": 5, "gumbel_mu": 49.319, "gumbel_beta": 6.884}}, {"type": "Feature", "geometry": {"type": "Point", "coordinates": [120.0, 44.0]}, "properties": {"risk": 0.33, "years_used": 5, "gumbel_mu": 54.995, "gumbel_beta": 6.974}}, {"type": "Feature", "geometry": {"type": "Point", "coordinates": [121.0, 44.0]}, "properties": {"risk": 0.33, "years_used": 5, "gumbel_mu": 70.859, "gumbel_beta": 38.12}}, {"type": "Feature", "geometry": {"type": "Point", "coordinates": [122.0, 44.0]}, "properties": {"risk": 0.33, "years_used": 5, "gumbel_mu": 64.443, "gumbel_beta": 19.386}}, {"type": "Feature", "geometry": {"type": "Point", "coordinates": [123.0, 44.0]}, "properties": {"risk": 0.0, "years_used": 5, "gumbel_mu": 59.836, "gumbel_beta": 25.079}}, {"type": "Feature", "geometry": {"type": "Point", "coordinates": [124.0, 44.0]}, "properties": {"risk": 0.33, "years_used": 5, "gumbel_mu": 62.951, "gumbel_beta": 22.753}}, {"type": "Feature", "geometry": {"type": "Point", "coordinates": [125.0, 44.0]}, "properties": {"risk": 0.33, "years_used": 5, "gumbel_mu": 77.142, "gumbel_beta": 9.217}}, {"type": "Feature", "geometry": {"type": "Point", "coordinates": [126.0, 44.0]}, "properties": {"risk": 0.33, "years_used": 5, "gumbel_mu": 82.477, "gumbel_beta": 29.99}}, {"type": "Feature", "geometry": {"type": "Point", "coordinates": [127.0, 44.0]}, "properties": {"risk": 0.33, "years_used": 5, "gumbel_mu": 78.559, "gumbel_beta": 9.089}}, {"type": "Feature", "geometry": {"type": "Point", "coordinates": [128.0, 44.0]}, "properties": {"risk": 0.66, "years_used": 5, "gumbel_mu": 122.281, "gumbel_beta": 15.347}}, {"type": "Feature", "geometry": {"type": "Point", "coordinates": [129.0, 44.0]}, "properties": {"risk": 0.33, "years_used": 5, "gumbel_mu": 76.572, "gumbel_beta": 15.333}}, {"type": "Feature", "geometry": {"type": "Point", "coordinates": [130.0, 44.0]}, "properties": {"risk": 0.66, "years_used": 5, "gumbel_mu": 82.366, "gumbel_beta": 27.906}}, {"type": "Feature", "geometry": {"type": "Point", "coordinates": [131.0, 44.0]}, "properties": {"risk": 0.33, "years_used": 5, "gumbel_mu": 94.844, "gumbel_beta": 21.048}}, {"type": "Feature", "geometry": {"type": "Point", "coordinates": [132.0, 44.0]}, "properties": {"risk": 0.33, "years_used": 5, "gumbel_mu": 70.244, "gumbel_beta": 38.096}}, {"type": "Feature", "geometry": {"type": "Point", "coordinates": [133.0, 44.0]}, "properties": {"risk": 0.33, "years_used": 5, "gumbel_mu": 68.234, "gumbel_beta": 35.488}}, {"type": "Feature", "geometry": {"type": "Point", "coordinates": [134.0, 44.0]}, "properties": {"risk": 0.33, "years_used": 5, "gumbel_mu": 85.083, "gumbel_beta": 20.559}}, {"type": "Feature", "geometry": {"type": "Point", "coordinates": [135.0, 44.0]}, "properties": {"risk": 0.33, "years_used": 5, "gumbel_mu": 68.191, "gumbel_beta": 27.119}}, {"type": "Feature", "geometry": {"type": "Point", "coordinates": [73.0, 45.0]}, "properties": {"risk": 0.0, "years_used": 5, "gumbel_mu": 11.433, "gumbel_beta": 5.473}}, {"type": "Feature", "geometry": {"type": "Point", "coordinates": [74.0, 45.0]}, "properties": {"risk": 0.0, "years_used": 5, "gumbel_mu": 10.573, "gumbel_beta": 1.741}}, {"type": "Feature", "geometry": {"type": "Point", "coordinates": [75.0, 45.0]}, "properties": {"risk": 0.0, "years_used": 5, "gumbel_mu": 11.049, "gumbel_beta": 5.06}}, {"type": "Feature", "geometry": {"type": "Point", "coordinates": [76.0, 45.0]}, "properties": {"risk": 0.0, "years_used": 5, "gumbel_mu": 13.625, "gumbel_beta": 7.972}}, {"type": "Feature", "geometry": {"type": "Point", "coordinates": [77.0, 45.0]}, "properties": {"risk": 0.0, "years_used": 5, "gumbel_mu": 17.455, "gumbel_beta": 8.266}}, {"type": "Feature", "geometry": {"type": "Point", "coordinates": [78.0, 45.0]}, "properties": {"risk": 0.0, "years_used": 5, "gumbel_mu": 15.485, "gumbel_beta": 5.976}}, {"type": "Feature", "geometry": {"type": "Point", "coordinates": [79.0, 45.0]}, "properties": {"risk": 0.0, "years_used": 5, "gumbel_mu": 36.4, "gumbel_beta": 12.131}}, {"type": "Feature", "geometry": {"type": "Point", "coordinates": [80.0, 45.0]}, "properties": {"risk": 0.0, "years_used": 5, "gumbel_mu": 36.148, "gumbel_beta": 8.637}}, {"type": "Feature", "geometry": {"type": "Point", "coordinates": [81.0, 45.0]}, "properties": {"risk": 0.0, "years_used": 5, "gumbel_mu": 24.982, "gumbel_beta": 8.733}}, {"type": "Feature", "geometry": {"type": "Point", "coordinates": [82.0, 45.0]}, "properties": {"risk": 0.0, "years_used": 5, "gumbel_mu": 15.528, "gumbel_beta": 4.129}}, {"type": "Feature", "geometry": {"type": "Point", "coordinates": [83.0, 45.0]}, "properties": {"risk": 0.0, "years_used": 5, "gumbel_mu": 12.243, "gumbel_beta": 4.126}}, {"type": "Feature", "geometry": {"type": "Point", "coordinates": [84.0, 45.0]}, "properties": {"risk": 0.0, "years_used": 5, "gumbel_mu": 10.703, "gumbel_beta": 1.736}}, {"type": "Feature", "geometry": {"type": "Point", "coordinates": [85.0, 45.0]}, "properties": {"risk": 0.0, "years_used": 5, "gumbel_mu": 19.517, "gumbel_beta": 5.229}}, {"type": "Feature", "geometry": {"type": "Point", "coordinates": [86.0, 45.0]}, "properties": {"risk": 0.0, "years_used": 5, "gumbel_mu": 23.593, "gumbel_beta": 4.225}}, {"type": "Feature", "geometry": {"type": "Point", "coordinates": [87.0, 45.0]}, "properties": {"risk": 0.0, "years_used": 5, "gumbel_mu": 12.363, "gumbel_beta": 3.69}}, {"type": "Feature", "geometry": {"type": "Point", "coordinates": [88.0, 45.0]}, "properties": {"risk": 0.0, "years_used": 5, "gumbel_mu": 14.799, "gumbel_beta": 3.737}}, {"type": "Feature", "geometry": {"type": "Point", "coordinates": [89.0, 45.0]}, "properties": {"risk": 0.0, "years_used": 5, "gumbel_mu": 12.559, "gumbel_beta": 6.825}}, {"type": "Feature", "geometry": {"type": "Point", "coordinates": [90.0, 45.0]}, "properties": {"risk": 0.0, "years_used": 5, "gumbel_mu": 13.527, "gumbel_beta": 6.206}}, {"type": "Feature", "geometry": {"type": "Point", "coordinates": [91.0, 45.0]}, "properties": {"risk": 0.0, "years_used": 5, "gumbel_mu": 10.125, "gumbel_beta": 1.044}}, {"type": "Feature", "geometry": {"type": "Point", "coordinates": [92.0, 45.0]}, "properties": {"risk": 0.0, "years_used": 5, "gumbel_mu": 8.091, "gumbel_beta": 2.535}}, {"type": "Feature", "geometry": {"type": "Point", "coordinates": [93.0, 45.0]}, "properties": {"risk": 0.0, "years_used": 5, "gumbel_mu": 6.774, "gumbel_beta": 1.785}}, {"type": "Feature", "geometry": {"type": "Point", "coordinates": [94.0, 45.0]}, "properties": {"risk": 0.0, "years_used": 5, "gumbel_mu": 7.83, "gumbel_beta": 2.332}}, {"type": "Feature", "geometry": {"type": "Point", "coordinates": [95.0, 45.0]}, "properties": {"risk": 0.0, "years_used": 5, "gumbel_mu": 9.698, "gumbel_beta": 4.753}}, {"type": "Feature", "geometry": {"type": "Point", "coordinates": [96.0, 45.0]}, "properties": {"risk": 0.0, "years_used": 5, "gumbel_mu": 8.216, "gumbel_beta": 5.992}}, {"type": "Feature", "geometry": {"type": "Point", "coordinates": [97.0, 45.0]}, "properties": {"risk": 0.0, "years_used": 5, "gumbel_mu": 6.255, "gumbel_beta": 1.529}}, {"type": "Feature", "geometry": {"type": "Point", "coordinates": [98.0, 45.0]}, "properties": {"risk": 0.0, "years_used": 5, "gumbel_mu": 10.34, "gumbel_beta": 2.911}}, {"type": "Feature", "geometry": {"type": "Point", "coordinates": [99.0, 45.0]}, "properties": {"risk": 0.0, "years_used": 5, "gumbel_mu": 12.576, "gumbel_beta": 8.39}}, {"type": "Feature", "geometry": {"type": "Point", "coordinates": [100.0, 45.0]}, "properties": {"risk": 0.0, "years_used": 5, "gumbel_mu": 16.792, "gumbel_beta": 11.711}}, {"type": "Feature", "geometry": {"type": "Point", "coordinates": [101.0, 45.0]}, "properties": {"risk": 0.0, "years_used": 5, "gumbel_mu": 12.492, "gumbel_beta": 8.452}}, {"type": "Feature", "geometry": {"type": "Point", "coordinates": [102.0, 45.0]}, "properties": {"risk": 0.33, "years_used": 5, "gumbel_mu": 27.605, "gumbel_beta": 12.042}}, {"type": "Feature", "geometry": {"type": "Point", "coordinates": [103.0, 45.0]}, "properties": {"risk": 0.0, "years_used": 5, "gumbel_mu": 20.135, "gumbel_beta": 8.97}}, {"type": "Feature", "geometry": {"type": "Point", "coordinates": [104.0, 45.0]}, "properties": {"risk": 0.0, "years_used": 5, "gumbel_mu": 17.703, "gumbel_beta": 20.655}}, {"type": "Feature", "geometry": {"type": "Point", "coordinates": [105.0, 45.0]}, "properties": {"risk": 0.0, "years_used": 5, "gumbel_mu": 32.748, "gumbel_beta": 15.757}}, {"type": "Feature", "geometry": {"type": "Point", "coordinates": [106.0, 45.0]}, "properties": {"risk": 0.0, "years_used": 5, "gumbel_mu": 27.606, "gumbel_beta": 13.142}}, {"type": "Feature", "geometry": {"type": "Point", "coordinates": [107.0, 45.0]}, "properties": {"risk": 0.0, "years_used": 5, "gumbel_mu": 15.265, "gumbel_beta": 2.838}}, {"type": "Feature", "geometry": {"type": "Point", "coordinates": [108.0, 45.0]}, "properties": {"risk": 0.0, "years_used": 5, "gumbel_mu": 18.158, "gumbel_beta": 8.925}}, {"type": "Feature", "geometry": {"type": "Point", "coordinates": [109.0, 45.0]}, "properties": {"risk": 0.0, "years_used": 5, "gumbel_mu": 17.065, "gumbel_beta": 9.18}}, {"type": "Feature", "geometry": {"type": "Point", "coordinates": [110.0, 45.0]}, "properties": {"risk": 0.0, "years_used": 5, "gumbel_mu": 21.788, "gumbel_beta": 7.64}}, {"type": "Feature", "geometry": {"type": "Point", "coordinates": [111.0, 45.0]}, "properties": {"risk": 0.0, "years_used": 5, "gumbel_mu": 25.444, "gumbel_beta": 10.214}}, {"type": "Feature", "geometry": {"type": "Point", "coordinates": [112.0, 45.0]}, "properties": {"risk": 0.0, "years_used": 5, "gumbel_mu": 29.349, "gumbel_beta": 8.503}}, {"type": "Feature", "geometry": {"type": "Point", "coordinates": [113.0, 45.0]}, "properties": {"risk": 0.0, "years_used": 5, "gumbel_mu": 29.889, "gumbel_beta": 13.149}}, {"type": "Feature", "geometry": {"type": "Point", "coordinates": [114.0, 45.0]}, "properties": {"risk": 0.33, "years_used": 5, "gumbel_mu": 33.433, "gumbel_beta": 12.404}}, {"type": "Feature", "geometry": {"type": "Point", "coordinates": [115.0, 45.0]}, "properties": {"risk": 0.0, "years_used": 5, "gumbel_mu": 29.885, "gumbel_beta": 9.285}}, {"type": "Feature", "geometry": {"type": "Point", "coordinates": [116.0, 45.0]}, "properties": {"risk": 0.33, "years_used": 5, "gumbel_mu": 37.703, "gumbel_beta": 15.155}}, {"type": "Feature", "geometry": {"type": "Point", "coordinates": [117.0, 45.0]}, "properties": {"risk": 0.0, "years_used": 5, "gumbel_mu": 37.544, "gumbel_beta": 12.497}}, {"type": "Feature", "geometry": {"type": "Point", "coordinates": [118.0, 45.0]}, "properties": {"risk": 0.0, "years_used": 5, "gumbel_mu": 40.832, "gumbel_beta": 11.45}}, {"type": "Feature", "geometry": {"type": "Point", "coordinates": [119.0, 45.0]}, "properties": {"risk": 0.0, "years_used": 5, "gumbel_mu": 48.169, "gumbel_beta": 31.826}}, {"type": "Feature", "geometry": {"type": "Point", "coordinates": [120.0, 45.0]}, "properties": {"risk": 0.0, "years_used": 5, "gumbel_mu": 58.781, "gumbel_beta": 9.417}}, {"type": "Feature", "geometry": {"type": "Point", "coordinates": [121.0, 45.0]}, "properties": {"risk": 0.33, "years_used": 5, "gumbel_mu": 64.949, "gumbel_beta": 11.123}}, {"type": "Feature", "geometry": {"type": "Point", "coordinates": [122.0, 45.0]}, "properties": {"risk": 0.33, "years_used": 5, "gumbel_mu": 62.703, "gumbel_beta": 21.253}}, {"type": "Feature", "geometry": {"type": "Point", "coordinates": [123.0, 45.0]}, "properties": {"risk": 0.33, "years_used": 5, "gumbel_mu": 51.823, "gumbel_beta": 22.648}}, {"type": "Feature", "geometry": {"type": "Point", "coordinates": [124.0, 45.0]}, "properties": {"risk": 0.0, "years_used": 5, "gumbel_mu": 56.81, "gumbel_beta": 6.367}}, {"type": "Feature", "geometry": {"type": "Point", "coordinates": [125.0, 45.0]}, "properties": {"risk": 0.33, "years_used": 5, "gumbel_mu": 59.702, "gumbel_beta": 10.886}}, {"type": "Feature", "geometry": {"type": "Point", "coordinates": [126.0, 45.0]}, "properties": {"risk": 0.33, "years_used": 5, "gumbel_mu": 85.911, "gumbel_beta": 26.899}}, {"type": "Feature", "geometry": {"type": "Point", "coordinates": [127.0, 45.0]}, "properties": {"risk": 0.33, "years_used": 5, "gumbel_mu": 89.773, "gumbel_beta": 23.375}}, {"type": "Feature", "geometry": {"type": "Point", "coordinates": [128.0, 45.0]}, "properties": {"risk": 0.66, "years_used": 5, "gumbel_mu": 80.543, "gumbel_beta": 15.504}}, {"type": "Feature", "geometry": {"type": "Point", "coordinates": [129.0, 45.0]}, "properties": {"risk": 0.33, "years_used": 5, "gumbel_mu": 89.738, "gumbel_beta": 14.71}}, {"type": "Feature", "geometry": {"type": "Point", "coordinates": [130.0, 45.0]}, "properties": {"risk": 0.66, "years_used": 5, "gumbel_mu": 96.234, "gumbel_beta": 19.675}}, {"type": "Feature", "geometry": {"type": "Point", "coordinates": [131.0, 45.0]}, "properties": {"risk": 0.33, "years_used": 5, "gumbel_mu": 78.118, "gumbel_beta": 22.427}}, {"type": "Feature", "geometry": {"type": "Point", "coordinates": [132.0, 45.0]}, "properties": {"risk": 0.66, "years_used": 5, "gumbel_mu": 72.415, "gumbel_beta": 21.654}}, {"type": "Feature", "geometry": {"type": "Point", "coordinates": [133.0, 45.0]}, "properties": {"risk": 0.33, "years_used": 5, "gumbel_mu": 68.464, "gumbel_beta": 20.864}}, {"type": "Feature", "geometry": {"type": "Point", "coordinates": [134.0, 45.0]}, "properties": {"risk": 0.33, "years_used": 5, "gumbel_mu": 51.708, "gumbel_beta": 19.092}}, {"type": "Feature", "geometry": {"type": "Point", "coordinates": [135.0, 45.0]}, "properties": {"risk": 0.33, "years_used": 5, "gumbel_mu": 74.59, "gumbel_beta": 27.599}}, {"type": "Feature", "geometry": {"type": "Point", "coordinates": [73.0, 46.0]}, "properties": {"risk": 0.0, "years_used": 5, "gumbel_mu": 19.357, "gumbel_beta": 10.078}}, {"type": "Feature", "geometry": {"type": "Point", "coordinates": [74.0, 46.0]}, "properties": {"risk": 0.0, "years_used": 5, "gumbel_mu": 8.988, "gumbel_beta": 2.407}}, {"type": "Feature", "geometry": {"type": "Point", "coordinates": [75.0, 46.0]}, "properties": {"risk": 0.0, "years_used": 5, "gumbel_mu": 13.584, "gumbel_beta": 3.022}}, {"type": "Feature", "geometry": {"type": "Point", "coordinates": [76.0, 46.0]}, "properties": {"risk": 0.0, "years_used": 5, "gumbel_mu": 17.007, "gumbel_beta": 7.216}}, {"type": "Feature", "geometry": {"type": "Point", "coordinates": [77.0, 46.0]}, "properties": {"risk": 0.0, "years_used": 5, "gumbel_mu": 21.163, "gumbel_beta": 5.53}}, {"type": "Feature", "geometry": {"type": "Point", "coordinates": [78.0, 46.0]}, "properties": {"risk": 0.0, "years_used": 5, "gumbel_mu": 17.965, "gumbel_beta": 4.376}}, {"type": "Feature", "geometry": {"type": "Point", "coordinates": [79.0, 46.0]}, "properties": {"risk": 0.0, "years_used": 5, "gumbel_mu": 20.052, "gumbel_beta": 3.795}}, {"type": "Feature", "geometry": {"type": "Point", "coordinates": [80.0, 46.0]}, "properties": {"risk": 0.0, "years_used": 5, "gumbel_mu": 19.652, "gumbel_beta": 3.539}}, {"type": "Feature", "geometry": {"type": "Point", "coordinates": [81.0, 46.0]}, "properties": {"risk": 0.0, "years_used": 5, "gumbel_mu": 16.343, "gumbel_beta": 2.574}}, {"type": "Feature", "geometry": {"type": "Point", "coordinates": [82.0, 46.0]}, "properties": {"risk": 0.0, "years_used": 5, "gumbel_mu": 12.769, "gumbel_beta": 1.986}}, {"type": "Feature", "geometry": {"type": "Point", "coordinates": [83.0, 46.0]}, "properties": {"risk": 0.0, "years_used": 5, "gumbel_mu": 19.913, "gumbel_beta": 7.51}}, {"type": "Feature", "geometry": {"type": "Point", "coordinates": [84.0, 46.0]}, "properties": {"risk": 0.0, "years_used": 5, "gumbel_mu": 16.126, "gumbel_beta": 5.427}}, {"type": "Feature", "geometry": {"type": "Point", "coordinates": [85.0, 46.0]}, "properties": {"risk": 0.0, "years_used": 5, "gumbel_mu": 12.382, "gumbel_beta": 3.08}}, {"type": "Feature", "geometry": {"type": "Point", "coordinates": [86.0, 46.0]}, "properties": {"risk": 0.0, "years_used": 5, "gumbel_mu": 11.49, "gumbel_beta": 3.398}}, {"type": "Feature", "geometry": {"type": "Point", "coordinates": [87.0, 46.0]}, "properties": {"risk": 0.0, "years_used": 5, "gumbel_mu": 9.365, "gumbel_beta": 2.326}}, {"type": "Feature", "geometry": {"type": "Point", "coordinates": [88.0, 46.0]}, "properties": {"risk": 0.0, "years_used": 5, "gumbel_mu": 15.014, "gumbel_beta": 1.992}}, {"type": "Feature", "geometry": {"type": "Point", "coordinates": [89.0, 46.0]}, "properties": {"risk": 0.0, "years_used": 5, "gumbel_mu": 16.736, "gumbel_beta": 7.195}}, {"type": "Feature", "geometry": {"type": "Point", "coordinates": [90.0, 46.0]}, "properties": {"risk": 0.0, "years_used": 5, "gumbel_mu": 11.457, "gumbel_beta": 1.386}}, {"type": "Feature", "geometry": {"type": "Point", "coordinates": [91.0, 46.0]}, "properties": {"risk": 0.0, "years_used": 5, "gumbel_mu": 11.281, "gumbel_beta": 1.34}}, {"type": "Feature", "geometry": {"type": "Point", "coordinates": [92.0, 46.0]}, "properties": {"risk": 0.0, "years_used": 5, "gumbel_mu": 7.77, "gumbel_beta": 7.259}}, {"type": "Feature", "geometry": {"type": "Point", "coordinates": [93.0, 46.0]}, "properties": {"risk": 0.0, "years_used": 5, "gumbel_mu": 9.175, "gumbel_beta": 5.119}}, {"type": "Feature", "geometry": {"type": "Point", "coordinates": [94.0, 46.0]}, "properties": {"risk": 0.0, "years_used": 5, "gumbel_mu": 9.906, "gumbel_beta": 7.781}}, {"type": "Feature", "geometry": {"type": "Point", "coordinates": [95.0, 46.0]}, "properties": {"risk": 0.0, "years_used": 5, "gumbel_mu": 8.422, "gumbel_beta": 11.949}}, {"type": "Feature", "geometry": {"type": "Point", "coordinates": [96.0, 46.0]}, "properties": {"risk": 0.0, "years_used": 5, "gumbel_mu": 11.303, "gumbel_beta": 15.855}}, {"type": "Feature", "geometry": {"type": "Point", "coordinates": [97.0, 46.0]}, "properties": {"risk": 0.0, "years_used": 5, "gumbel_mu": 10.48, "gumbel_beta": 5.84}}, {"type": "Feature", "geometry": {"type": "Point", "coordinates": [98.0, 46.0]}, "properties": {"risk": 0.0, "years_used": 5, "gumbel_mu": 11.175, "gumbel_beta": 7.368}}, {"type": "Feature", "geometry": {"type": "Point", "coordinates": [99.0, 46.0]}, "properties": {"risk": 0.0, "years_used": 5, "gumbel_mu": 10.745, "gumbel_beta": 3.068}}, {"type": "Feature", "geometry": {"type": "Point", "coordinates": [100.0, 46.0]}, "properties": {"risk": 0.0, "years_used": 5, "gumbel_mu": 16.907, "gumbel_beta": 5.253}}, {"type": "Feature", "geometry": {"type": "Point", "coordinates": [101.0, 46.0]}, "properties": {"risk": 0.0, "years_used": 5, "gumbel_mu": 24.764, "gumbel_beta": 9.106}}, {"type": "Feature", "geometry": {"type": "Point", "coordinates": [102.0, 46.0]}, "properties": {"risk": 0.33, "years_used": 5, "gumbel_mu": 44.869, "gumbel_beta": 19.861}}, {"type": "Feature", "geometry": {"type": "Point", "coordinates": [103.0, 46.0]}, "properties": {"risk": 0.0, "years_used": 5, "gumbel_mu": 25.531, "gumbel_beta": 9.9}}, {"type": "Feature", "geometry": {"type": "Point", "coordinates": [104.0, 46.0]}, "properties": {"risk": 0.0, "years_used": 5, "gumbel_mu": 34.196, "gumbel_beta": 9.941}}, {"type": "Feature", "geometry": {"type": "Point", "coordinates": [105.0, 46.0]}, "properties": {"risk": 0.0, "years_used": 5, "gumbel_mu": 29.294, "gumbel_beta": 14.201}}, {"type": "Feature", "geometry": {"type": "Point", "coordinates": [106.0, 46.0]}, "properties": {"risk": 0.0, "years_used": 5, "gumbel_mu": 31.433, "gumbel_beta": 24.622}}, {"type": "Feature", "geometry": {"type": "Point", "coordinates": [107.0, 46.0]}, "properties": {"risk": 0.0, "years_used": 5, "gumbel_mu": 22.814, "gumbel_beta": 11.459}}, {"type": "Feature", "geometry": {"type": "Point", "coordinates": [108.0, 46.0]}, "properties": {"risk": 0.0, "years_used": 5, "gumbel_mu": 22.476, "gumbel_beta": 7.166}}, {"type": "Feature", "geometry": {"type": "Point", "coordinates": [109.0, 46.0]}, "properties": {"risk": 0.0, "years_used": 5, "gumbel_mu": 21.437, "gumbel_beta": 10.816}}, {"type": "Feature", "geometry": {"type": "Point", "coordinates": [110.0, 46.0]}, "properties": {"risk": 0.0, "years_used": 5, "gumbel_mu": 23.317, "gumbel_beta": 7.545}}, {"type": "Feature", "geometry": {"type": "Point", "coordinates": [111.0, 46.0]}, "properties": {"risk": 0.0, "years_used": 5, "gumbel_mu": 34.459, "gumbel_beta": 11.47}}, {"type": "Feature", "geometry": {"type": "Point", "coordinates": [112.0, 46.0]}, "properties": {"risk": 0.0, "years_used": 5, "gumbel_mu": 28.339, "gumbel_beta": 7.313}}, {"type": "Feature", "geometry": {"type": "Point", "coordinates": [113.0, 46.0]}, "properties": {"risk": 0.0, "years_used": 5, "gumbel_mu": 29.445, "gumbel_beta": 10.641}}, {"type": "Feature", "geometry": {"type": "Point", "coordinates": [114.0, 46.0]}, "properties": {"risk": 0.33, "years_used": 5, "gumbel_mu": 25.658, "gumbel_beta": 22.86}}, {"type": "Feature", "geometry": {"type": "Point", "coordinates": [115.0, 46.0]}, "properties": {"risk": 0.0, "years_used": 5, "gumbel_mu": 34.812, "gumbel_beta": 12.378}}, {"type": "Feature", "geometry": {"type": "Point", "coordinates": [116.0, 46.0]}, "properties": {"risk": 0.0, "years_used": 5, "gumbel_mu": 38.307, "gumbel_beta": 10.275}}, {"type": "Feature", "geometry": {"type": "Point", "coordinates": [117.0, 46.0]}, "properties": {"risk": 0.0, "years_used": 5, "gumbel_mu": 36.325, "gumbel_beta": 13.683}}, {"type": "Feature", "geometry": {"type": "Point", "coordinates": [118.0, 46.0]}, "properties": {"risk": 0.33, "years_used": 5, "gumbel_mu": 43.511, "gumbel_beta": 18.486}}, {"type": "Feature", "geometry": {"type": "Point", "coordinates": [119.0, 46.0]}, "properties": {"risk": 0.0, "years_used": 5, "gumbel_mu": 53.334, "gumbel_beta": 35.504}}, {"type": "Feature", "geometry": {"type": "Point", "coordinates": [120.0, 46.0]}, "properties": {"risk": 0.0, "years_used": 5, "gumbel_mu": 40.648, "gumbel_beta": 18.828}}, {"type": "Feature", "geometry": {"type": "Point", "coordinates": [121.0, 46.0]}, "properties": {"risk": 0.33, "years_used": 5, "gumbel_mu": 64.751, "gumbel_beta": 18.908}}, {"type": "Feature", "geometry": {"type": "Point", "coordinates": [122.0, 46.0]}, "properties": {"risk": 0.33, "years_used": 5, "gumbel_mu": 59.709, "gumbel_beta": 4.755}}, {"type": "Feature", "geometry": {"type": "Point", "coordinates": [123.0, 46.0]}, "properties": {"risk": 0.33, "years_used": 5, "gumbel_mu": 50.797, "gumbel_beta": 19.37}}, {"type": "Feature", "geometry": {"type": "Point", "coordinates": [124.0, 46.0]}, "properties": {"risk": 0.0, "years_used": 5, "gumbel_mu": 45.319, "gumbel_beta": 10.865}}, {"type": "Feature", "geometry": {"type": "Point", "coordinates": [125.0, 46.0]}, "properties": {"risk": 0.0, "years_used": 5, "gumbel_mu": 47.587, "gumbel_beta": 19.625}}, {"type": "Feature", "geometry": {"type": "Point", "coordinates": [126.0, 46.0]}, "properties": {"risk": 0.0, "years_used": 5, "gumbel_mu": 51.83, "gumbel_beta": 12.337}}, {"type": "Feature", "geometry": {"type": "Point", "coordinates": [127.0, 46.0]}, "properties": {"risk": 0.33, "years_used": 5, "gumbel_mu": 67.593, "gumbel_beta": 11.959}}, {"type": "Feature", "geometry": {"type": "Point", "coordinates": [128.0, 46.0]}, "properties": {"risk": 0.33, "years_used": 5, "gumbel_mu": 88.265, "gumbel_beta": 35.951}}, {"type": "Feature", "geometry": {"type": "Point", "coordinates": [129.0, 46.0]}, "properties": {"risk": 0.33, "years_used": 5, "gumbel_mu": 82.832, "gumbel_beta": 24.246}}, {"type": "Feature", "geometry": {"type": "Point", "coordinates": [130.0, 46.0]}, "properties": {"risk": 0.66, "years_used": 5, "gumbel_mu": 85.401, "gumbel_beta": 8.304}}, {"type": "Feature", "geometry": {"type": "Point", "coordinates": [131.0, 46.0]}, "properties": {"risk": 0.33, "years_used": 5, "gumbel_mu": 64.408, "gumbel_beta": 9.703}}, {"type": "Feature", "geometry": {"type": "Point", "coordinates": [132.0, 46.0]}, "properties": {"risk": 0.33, "years_used": 5, "gumbel_mu": 67.823, "gumbel_beta": 36.746}}, {"type": "Feature", "geometry": {"type": "Point", "coordinates": [133.0, 46.0]}, "properties": {"risk": 0.33, "years_used": 5, "gumbel_mu": 57.19, "gumbel_beta": 13.763}}, {"type": "Feature", "geometry": {"type": "Point", "coordinates": [134.0, 46.0]}, "properties": {"risk": 0.33, "years_used": 5, "gumbel_mu": 76.036, "gumbel_beta": 6.81}}, {"type": "Feature", "geometry": {"type": "Point", "coordinates": [135.0, 46.0]}, "properties": {"risk": 0.33, "years_used": 5, "gumbel_mu": 64.349, "gumbel_beta": 9.351}}, {"type": "Feature", "geometry": {"type": "Point", "coordinates": [73.0, 47.0]}, "properties": {"risk": 0.0, "years_used": 5, "gumbel_mu": 13.69, "gumbel_beta": 1.409}}, {"type": "Feature", "geometry": {"type": "Point", "coordinates": [74.0, 47.0]}, "properties": {"risk": 0.0, "years_used": 5, "gumbel_mu": 27.685, "gumbel_beta": 11.635}}, {"type": "Feature", "geometry": {"type": "Point", "coordinates": [75.0, 47.0]}, "properties": {"risk": 0.0, "years_used": 5, "gumbel_mu": 18.44, "gumbel_beta": 1.992}}, {"type": "Feature", "geometry": {"type": "Point", "coordinates": [76.0, 47.0]}, "properties": {"risk": 0.0, "years_used": 5, "gumbel_mu": 15.252, "gumbel_beta": 4.317}}, {"type": "Feature", "geometry": {"type": "Point", "coordinates": [77.0, 47.0]}, "properties": {"risk": 0.0, "years_used": 5, "gumbel_mu": 15.275, "gumbel_beta": 4.509}}, {"type": "Feature", "geometry": {"type": "Point", "coordinates": [78.0, 47.0]}, "properties": {"risk": 0.0, "years_used": 5, "gumbel_mu": 20.243, "gumbel_beta": 10.708}}, {"type": "Feature", "geometry": {"type": "Point", "coordinates": [79.0, 47.0]}, "properties": {"risk": 0.0, "years_used": 5, "gumbel_mu": 20.84, "gumbel_beta": 9.59}}, {"type": "Feature", "geometry": {"type": "Point", "coordinates": [80.0, 47.0]}, "properties": {"risk": 0.0, "years_used": 5, "gumbel_mu": 19.313, "gumbel_beta": 4.374}}, {"type": "Feature", "geometry": {"type": "Point", "coordinates": [81.0, 47.0]}, "properties": {"risk": 0.0, "years_used": 5, "gumbel_mu": 24.837, "gumbel_beta": 3.222}}, {"type": "Feature", "geometry": {"type": "Point", "coordinates": [82.0, 47.0]}, "properties": {"risk": 0.0, "years_used": 5, "gumbel_mu": 29.143, "gumbel_beta": 8.037}}, {"type": "Feature", "geometry": {"type": "Point", "coordinates": [83.0, 47.0]}, "properties": {"risk": 0.0, "years_used": 5, "gumbel_mu": 29.685, "gumbel_beta": 2.723}}, {"type": "Feature", "geometry": {"type": "Point", "coordinates": [84.0, 47.0]}, "properties": {"risk": 0.0, "years_used": 5, "gumbel_mu": 19.178, "gumbel_beta": 4.129}}, {"type": "Feature", "geometry": {"type": "Point", "coordinates": [85.0, 47.0]}, "properties": {"risk": 0.0, "years_used": 5, "gumbel_mu": 28.636, "gumbel_beta": 14.316}}, {"type": "Feature", "geometry": {"type": "Point", "coordinates": [86.0, 47.0]}, "properties": {"risk": 0.0, "years_used": 5, "gumbel_mu": 22.513, "gumbel_beta": 6.051}}, {"type": "Feature", "geometry": {"type": "Point", "coordinates": [87.0, 47.0]}, "properties": {"risk": 0.0, "years_used": 5, "gumbel_mu": 15.719, "gumbel_beta": 10.622}}, {"type": "Feature", "geometry": {"type": "Point", "coordinates": [88.0, 47.0]}, "properties": {"risk": 0.0, "years_used": 5, "gumbel_mu": 11.821, "gumbel_beta": 2.237}}, {"type": "Feature", "geometry": {"type": "Point", "coordinates": [89.0, 47.0]}, "properties": {"risk": 0.0, "years_used": 5, "gumbel_mu": 14.728, "gumbel_beta": 8.057}}, {"type": "Feature", "geometry": {"type": "Point", "coordinates": [90.0, 47.0]}, "properties": {"risk": 0.0, "years_used": 5, "gumbel_mu": 12.902, "gumbel_beta": 5.754}}, {"type": "Feature", "geometry": {"type": "Point", "coordinates": [91.0, 47.0]}, "properties": {"risk": 0.0, "years_used": 5, "gumbel_mu": 12.08, "gumbel_beta": 3.198}}, {"type": "Feature", "geometry": {"type": "Point", "coordinates": [92.0, 47.0]}, "properties": {"risk": 0.0, "years_used": 5, "gumbel_mu": 10.966, "gumbel_beta": 2.685}}, {"type": "Feature", "geometry": {"type": "Point", "coordinates": [93.0, 47.0]}, "properties": {"risk": 0.0, "years_used": 5, "gumbel_mu": 8.6, "gumbel_beta": 1.905}}, {"type": "Feature", "geometry": {"type": "Point", "coordinates": [94.0, 47.0]}, "properties": {"risk": 0.0, "years_used": 5, "gumbel_mu": 9.962, "gumbel_beta": 4.019}}, {"type": "Feature", "geometry": {"type": "Point", "coordinates": [95.0, 47.0]}, "properties": {"risk": 0.0, "years_used": 5, "gumbel_mu": 15.675, "gumbel_beta": 7.874}}, {"type": "Feature", "geometry": {"type": "Point", "coordinates": [96.0, 47.0]}, "properties": {"risk": 0.0, "years_used": 5, "gumbel_mu": 19.254, "gumbel_beta": 4.855}}, {"type": "Feature", "geometry": {"type": "Point", "coordinates": [97.0, 47.0]}, "properties": {"risk": 0.0, "years_used": 5, "gumbel_mu": 19.446, "gumbel_beta": 5.493}}, {"type": "Feature", "geometry": {"type": "Point", "coordinates": [98.0, 47.0]}, "properties": {"risk": 0.0, "years_used": 5, "gumbel_mu": 20.193, "gumbel_beta": 7.358}}, {"type": "Feature", "geometry": {"type": "Point", "coordinates": [99.0, 47.0]}, "properties": {"risk": 0.0, "years_used": 5, "gumbel_mu": 15.953, "gumbel_beta": 8.287}}, {"type": "Feature", "geometry": {"type": "Point", "coordinates": [100.0, 47.0]}, "properties": {"risk": 0.33, "years_used": 5, "gumbel_mu": 29.46, "gumbel_beta": 15.228}}, {"type": "Feature", "geometry": {"type": "Point", "coordinates": [101.0, 47.0]}, "properties": {"risk": 0.0, "years_used": 5, "gumbel_mu": 25.264, "gumbel_beta": 5.893}}, {"type": "Feature", "geometry": {"type": "Point", "coordinates": [102.0, 47.0]}, "properties": {"risk": 0.33, "years_used": 5, "gumbel_mu": 39.094, "gumbel_beta": 11.506}}, {"type": "Feature", "geometry": {"type": "Point", "coordinates": [103.0, 47.0]}, "properties": {"risk": 0.33, "years_used": 5, "gumbel_mu": 44.939, "gumbel_beta": 9.624}}, {"type": "Feature", "geometry": {"type": "Point", "coordinates": [104.0, 47.0]}, "properties": {"risk": 0.0, "years_used": 5, "gumbel_mu": 36.24, "gumbel_beta": 9.734}}, {"type": "Feature", "geometry": {"type": "Point", "coordinates": [105.0, 47.0]}, "properties": {"risk": 0.33, "years_used": 5, "gumbel_mu": 44.433, "gumbel_beta": 15.583}}, {"type": "Feature", "geometry": {"type": "Point", "coordinates": [106.0, 47.0]}, "properties": {"risk": 0.0, "years_used": 5, "gumbel_mu": 33.406, "gumbel_beta": 8.082}}, {"type": "Feature", "geometry": {"type": "Point", "coordinates": [107.0, 47.0]}, "properties": {"risk": 0.33, "years_used": 5, "gumbel_mu": 30.766, "gumbel_beta": 23.577}}, {"type": "Feature", "geometry": {"type": "Point", "coordinates": [108.0, 47.0]}, "properties": {"risk": 0.0, "years_used": 5, "gumbel_mu": 30.791, "gumbel_beta": 8.588}}, {"type": "Feature", "geometry": {"type": "Point", "coordinates": [109.0, 47.0]}, "properties": {"risk": 0.0, "years_used": 5, "gumbel_mu": 32.285, "gumbel_beta": 6.171}}, {"type": "Feature", "geometry": {"type": "Point", "coordinates": [110.0, 47.0]}, "properties": {"risk": 0.0, "years_used": 5, "gumbel_mu": 28.324, "gumbel_beta": 5.417}}, {"type": "Feature", "geometry": {"type": "Point", "coordinates": [111.0, 47.0]}, "properties": {"risk": 0.33, "years_used": 5, "gumbel_mu": 31.475, "gumbel_beta": 9.71}}, {"type": "Feature", "geometry": {"type": "Point", "coordinates": [112.0, 47.0]}, "properties": {"risk": 0.0, "years_used": 5, "gumbel_mu": 30.043, "gumbel_beta": 10.885}}, {"type": "Feature", "geometry": {"type": "Point", "coordinates": [113.0, 47.0]}, "properties": {"risk": 0.33, "years_used": 5, "gumbel_mu": 34.045, "gumbel_beta": 15.95}}, {"type": "Feature", "geometry": {"type": "Point", "coordinates": [114.0, 47.0]}, "properties": {"risk": 0.0, "years_used": 5, "gumbel_mu": 35.196, "gumbel_beta": 9.804}}, {"type": "Feature", "geometry": {"type": "Point", "coordinates": [115.0, 47.0]}, "properties": {"risk": 0.0, "years_used": 5, "gumbel_mu": 26.326, "gumbel_beta": 7.203}}, {"type": "Feature", "geometry": {"type": "Point", "coordinates": [116.0, 47.0]}, "properties": {"risk": 0.0, "years_used": 5, "gumbel_mu": 34.374, "gumbel_beta": 11.153}}, {"type": "Feature", "geometry": {"type": "Point", "coordinates": [117.0, 47.0]}, "properties": {"risk": 0.33, "years_used": 5, "gumbel_mu": 34.02, "gumbel_beta": 13.658}}, {"type": "Feature", "geometry": {"type": "Point", "coordinates": [118.0, 47.0]}, "properties": {"risk": 0.33, "years_used": 5, "gumbel_mu": 52.129, "gumbel_beta": 16.825}}, {"type": "Feature", "geometry": {"type": "Point", "coordinates": [119.0, 47.0]}, "properties": {"risk": 0.33, "years_used": 5, "gumbel_mu": 53.637, "gumbel_beta": 14.482}}, {"type": "Feature", "geometry": {"type": "Point", "coordinates": [120.0, 47.0]}, "properties": {"risk": 0.0, "years_used": 5, "gumbel_mu": 46.6, "gumbel_beta": 20.646}}, {"type": "Feature", "geometry": {"type": "Point", "coordinates": [121.0, 47.0]}, "properties": {"risk": 0.33, "years_used": 5, "gumbel_mu": 61.148, "gumbel_beta": 23.417}}, {"type": "Feature", "geometry": {"type": "Point", "coordinates": [122.0, 47.0]}, "properties": {"risk": 0.33, "years_used": 5, "gumbel_mu": 54.008, "gumbel_beta": 23.071}}, {"type": "Feature", "geometry": {"type": "Point", "coordinates": [123.0, 47.0]}, "properties": {"risk": 0.33, "years_used": 5, "gumbel_mu": 56.354, "gumbel_beta": 15.258}}, {"type": "Feature", "geometry": {"type": "Point", "coordinates": [124.0, 47.0]}, "properties": {"risk": 0.33, "years_used": 5, "gumbel_mu": 64.373, "gumbel_beta": 19.511}}, {"type": "Feature", "geometry": {"type": "Point", "coordinates": [125.0, 47.0]}, "properties": {"risk": 0.33, "years_used": 5, "gumbel_mu": 69.917, "gumbel_beta": 18.367}}, {"type": "Feature", "geometry": {"type": "Point", "coordinates": [126.0, 47.0]}, "properties": {"risk": 0.0, "years_used": 5, "gumbel_mu": 67.111, "gumbel_beta": 31.71}}, {"type": "Feature", "geometry": {"type": "Point", "coordinates": [127.0, 47.0]}, "properties": {"risk": 0.33, "years_used": 5, "gumbel_mu": 81.834, "gumbel_beta": 49.609}}, {"type": "Feature", "geometry": {"type": "Point", "coordinates": [128.0, 47.0]}, "properties": {"risk": 0.33, "years_used": 5, "gumbel_mu": 70.107, "gumbel_beta": 22.999}}, {"type": "Feature", "geometry": {"type": "Point", "coordinates": [129.0, 47.0]}, "properties": {"risk": 0.0, "years_used": 5, "gumbel_mu": 72.67, "gumbel_beta": 29.992}}, {"type": "Feature", "geometry": {"type": "Point", "coordinates": [130.0, 47.0]}, "properties": {"risk": 0.33, "years_used": 5, "gumbel_mu": 74.411, "gumbel_beta": 15.561}}, {"type": "Feature", "geometry": {"type": "Point", "coordinates": [131.0, 47.0]}, "properties": {"risk": 0.33, "years_used": 5, "gumbel_mu": 75.716, "gumbel_beta": 26.126}}, {"type": "Feature", "geometry": {"type": "Point", "coordinates": [132.0, 47.0]}, "properties": {"risk": 0.33, "years_used": 5, "gumbel_mu": 72.256, "gumbel_beta": 17.315}}, {"type": "Feature", "geometry": {"type": "Point", "coordinates": [133.0, 47.0]}, "properties": {"risk": 0.66, "years_used": 5, "gumbel_mu": 70.282, "gumbel_beta": 19.653}}, {"type": "Feature", "geometry": {"type": "Point", "coordinates": [134.0, 47.0]}, "properties": {"risk": 0.33, "years_used": 5, "gumbel_mu": 62.651, "gumbel_beta": 16.454}}, {"type": "Feature", "geometry": {"type": "Point", "coordinates": [135.0, 47.0]}, "properties": {"risk": 0.33, "years_used": 5, "gumbel_mu": 73.866, "gumbel_beta": 19.992}}, {"type": "Feature", "geometry": {"type": "Point", "coordinates": [73.0, 48.0]}, "properties": {"risk": 0.0, "years_used": 5, "gumbel_mu": 21.31, "gumbel_beta": 9.065}}, {"type": "Feature", "geometry": {"type": "Point", "coordinates": [74.0, 48.0]}, "properties": {"risk": 0.0, "years_used": 5, "gumbel_mu": 16.852, "gumbel_beta": 3.48}}, {"type": "Feature", "geometry": {"type": "Point", "coordinates": [75.0, 48.0]}, "properties": {"risk": 0.0, "years_used": 5, "gumbel_mu": 17.25, "gumbel_beta": 3.083}}, {"type": "Feature", "geometry": {"type": "Point", "coordinates": [76.0, 48.0]}, "properties": {"risk": 0.0, "years_used": 5, "gumbel_mu": 18.892, "gumbel_beta": 5.191}}, {"type": "Feature", "geometry": {"type": "Point", "coordinates": [77.0, 48.0]}, "properties": {"risk": 0.0, "years_used": 5, "gumbel_mu": 20.887, "gumbel_beta": 6.214}}, {"type": "Feature", "geometry": {"type": "Point", "coordinates": [78.0, 48.0]}, "properties": {"risk": 0.0, "years_used": 5, "gumbel_mu": 18.39, "gumbel_beta": 7.139}}, {"type": "Feature", "geometry": {"type": "Point", "coordinates": [79.0, 48.0]}, "properties": {"risk": 0.0, "years_used": 5, "gumbel_mu": 15.87, "gumbel_beta": 5.284}}, {"type": "Feature", "geometry": {"type": "Point", "coordinates": [80.0, 48.0]}, "properties": {"risk": 0.0, "years_used": 5, "gumbel_mu": 21.179, "gumbel_beta": 5.151}}, {"type": "Feature", "geometry": {"type": "Point", "coordinates": [81.0, 48.0]}, "properties": {"risk": 0.0, "years_used": 5, "gumbel_mu": 19.123, "gumbel_beta": 2.977}}, {"type": "Feature", "geometry": {"type": "Point", "coordinates": [82.0, 48.0]}, "properties": {"risk": 0.0, "years_used": 5, "gumbel_mu": 19.728, "gumbel_beta": 4.501}}, {"type": "Feature", "geometry": {"type": "Point", "coordinates": [83.0, 48.0]}, "properties": {"risk": 0.0, "years_used": 5, "gumbel_mu": 17.183, "gumbel_beta": 1.66}}, {"type": "Feature", "geometry": {"type": "Point", "coordinates": [84.0, 48.0]}, "properties": {"risk": 0.0, "years_used": 5, "gumbel_mu": 15.653, "gumbel_beta": 6.06}}, {"type": "Feature", "geometry": {"type": "Point", "coordinates": [85.0, 48.0]}, "properties": {"risk": 0.0, "years_used": 5, "gumbel_mu": 23.479, "gumbel_beta": 8.882}}, {"type": "Feature", "geometry": {"type": "Point", "coordinates": [86.0, 48.0]}, "properties": {"risk": 0.0, "years_used": 5, "gumbel_mu": 18.083, "gumbel_beta": 6.476}}, {"type": "Feature", "geometry": {"type": "Point", "coordinates": [87.0, 48.0]}, "properties": {"risk": 0.0, "years_used": 5, "gumbel_mu": 15.552, "gumbel_beta": 4.535}}, {"type": "Feature", "geometry": {"type": "Point", "coordinates": [88.0, 48.0]}, "properties": {"risk": 0.0, "years_used": 5, "gumbel_mu": 14.866, "gumbel_beta": 10.622}}, {"type": "Feature", "geometry": {"type": "Point", "coordinates": [89.0, 48.0]}, "properties": {"risk": 0.0, "years_used": 5, "gumbel_mu": 14.233, "gumbel_beta": 9.519}}, {"type": "Feature", "geometry": {"type": "Point", "coordinates": [90.0, 48.0]}, "properties": {"risk": 0.0, "years_used": 5, "gumbel_mu": 15.481, "gumbel_beta": 3.008}}, {"type": "Feature", "geometry": {"type": "Point", "coordinates": [91.0, 48.0]}, "properties": {"risk": 0.0, "years_used": 5, "gumbel_mu": 15.629, "gumbel_beta": 9.315}}, {"type": "Feature", "geometry": {"type": "Point", "coordinates": [92.0, 48.0]}, "properties": {"risk": 0.0, "years_used": 5, "gumbel_mu": 11.629, "gumbel_beta": 5.687}}, {"type": "Feature", "geometry": {"type": "Point", "coordinates": [93.0, 48.0]}, "properties": {"risk": 0.0, "years_used": 5, "gumbel_mu": 13.084, "gumbel_beta": 2.844}}, {"type": "Feature", "geometry": {"type": "Point", "coordinates": [94.0, 48.0]}, "properties": {"risk": 0.0, "years_used": 5, "gumbel_mu": 13.218, "gumbel_beta": 11.572}}, {"type": "Feature", "geometry": {"type": "Point", "coordinates": [95.0, 48.0]}, "properties": {"risk": 0.0, "years_used": 5, "gumbel_mu": 16.166, "gumbel_beta": 6.928}}, {"type": "Feature", "geometry": {"type": "Point", "coordinates": [96.0, 48.0]}, "properties": {"risk": 0.0, "years_used": 5, "gumbel_mu": 14.348, "gumbel_beta": 6.9}}, {"type": "Feature", "geometry": {"type": "Point", "coordinates": [97.0, 48.0]}, "properties": {"risk": 0.33, "years_used": 5, "gumbel_mu": 36.281, "gumbel_beta": 19.593}}, {"type": "Feature", "geometry": {"type": "Point", "coordinates": [98.0, 48.0]}, "properties": {"risk": 0.0, "years_used": 5, "gumbel_mu": 32.993, "gumbel_beta": 9.863}}, {"type": "Feature", "geometry": {"type": "Point", "coordinates": [99.0, 48.0]}, "properties": {"risk": 0.0, "years_used": 5, "gumbel_mu": 33.156, "gumbel_beta": 8.785}}, {"type": "Feature", "geometry": {"type": "Point", "coordinates": [100.0, 48.0]}, "properties": {"risk": 0.0, "years_used": 5, "gumbel_mu": 23.441, "gumbel_beta": 7.337}}, {"type": "Feature", "geometry": {"type": "Point", "coordinates": [101.0, 48.0]}, "properties": {"risk": 0.0, "years_used": 5, "gumbel_mu": 32.625, "gumbel_beta": 9.869}}, {"type": "Feature", "geometry": {"type": "Point", "coordinates": [102.0, 48.0]}, "properties": {"risk": 0.33, "years_used": 5, "gumbel_mu": 30.605, "gumbel_beta": 14.046}}, {"type": "Feature", "geometry": {"type": "Point", "coordinates": [103.0, 48.0]}, "properties": {"risk": 0.33, "years_used": 5, "gumbel_mu": 40.427, "gumbel_beta": 15.244}}, {"type": "Feature", "geometry": {"type": "Point", "coordinates": [104.0, 48.0]}, "properties": {"risk": 0.0, "years_used": 5, "gumbel_mu": 38.468, "gumbel_beta": 14.931}}, {"type": "Feature", "geometry": {"type": "Point", "coordinates": [105.0, 48.0]}, "properties": {"risk": 0.33, "years_used": 5, "gumbel_mu": 35.704, "gumbel_beta": 7.514}}, {"type": "Feature", "geometry": {"type": "Point", "coordinates": [106.0, 48.0]}, "properties": {"risk": 0.33, "years_used": 5, "gumbel_mu": 32.024, "gumbel_beta": 11.772}}, {"type": "Feature", "geometry": {"type": "Point", "coordinates": [107.0, 48.0]}, "properties": {"risk": 0.0, "years_used": 5, "gumbel_mu": 40.959, "gumbel_beta": 19.53}}, {"type": "Feature", "geometry": {"type": "Point", "coordinates": [108.0, 48.0]}, "properties": {"risk": 0.33, "years_used": 5, "gumbel_mu": 49.778, "gumbel_beta": 18.924}}, {"type": "Feature", "geometry": {"type": "Point", "coordinates": [109.0, 48.0]}, "properties": {"risk": 0.33, "years_used": 5, "gumbel_mu": 57.95, "gumbel_beta": 14.075}}, {"type": "Feature", "geometry": {"type": "Point", "coordinates": [110.0, 48.0]}, "properties": {"risk": 0.0, "years_used": 5, "gumbel_mu": 43.019, "gumbel_beta": 28.607}}, {"type": "Feature", "geometry": {"type": "Point", "coordinates": [111.0, 48.0]}, "properties": {"risk": 0.0, "years_used": 5, "gumbel_mu": 38.119, "gumbel_beta": 12.073}}, {"type": "Feature", "geometry": {"type": "Point", "coordinates": [112.0, 48.0]}, "properties": {"risk": 0.0, "years_used": 5, "gumbel_mu": 38.897, "gumbel_beta": 3.294}}, {"type": "Feature", "geometry": {"type": "Point", "coordinates": [113.0, 48.0]}, "properties": {"risk": 0.33, "years_used": 5, "gumbel_mu": 33.234, "gumbel_beta": 8.657}}, {"type": "Feature", "geometry": {"type": "Point", "coordinates": [114.0, 48.0]}, "properties": {"risk": 0.0, "years_used": 5, "gumbel_mu": 27.182, "gumbel_beta": 9.711}}, {"type": "Feature", "geometry": {"type": "Point", "coordinates": [115.0, 48.0]}, "properties": {"risk": 0.0, "years_used": 5, "gumbel_mu": 26.009, "gumbel_beta": 8.727}}, {"type": "Feature", "geometry": {"type": "Point", "coordinates": [116.0, 48.0]}, "properties": {"risk": 0.0, "years_used": 5, "gumbel_mu": 36.382, "gumbel_beta": 8.451}}, {"type": "Feature", "geometry": {"type": "Point", "coordinates": [117.0, 48.0]}, "properties": {"risk": 0.33, "years_used": 5, "gumbel_mu": 46.998, "gumbel_beta": 25.55}}, {"type": "Feature", "geometry": {"type": "Point", "coordinates": [118.0, 48.0]}, "properties": {"risk": 0.0, "years_used": 5, "gumbel_mu": 36.977, "gumbel_beta": 16.347}}, {"type": "Feature", "geometry": {"type": "Point", "coordinates": [119.0, 48.0]}, "properties": {"risk": 0.33, "years_used": 5, "gumbel_mu": 49.23, "gumbel_beta": 15.041}}, {"type": "Feature", "geometry": {"type": "Point", "coordinates": [120.0, 48.0]}, "properties": {"risk": 0.33, "years_used": 5, "gumbel_mu": 44.307, "gumbel_beta": 17.01}}, {"type": "Feature", "geometry": {"type": "Point", "coordinates": [121.0, 48.0]}, "properties": {"risk": 0.33, "years_used": 5, "gumbel_mu": 50.156, "gumbel_beta": 15.415}}, {"type": "Feature", "geometry": {"type": "Point", "coordinates": [122.0, 48.0]}, "properties": {"risk": 0.33, "years_used": 5, "gumbel_mu": 59.292, "gumbel_beta": 12.966}}, {"type": "Feature", "geometry": {"type": "Point", "coordinates": [123.0, 48.0]}, "properties": {"risk": 0.33, "years_used": 5, "gumbel_mu": 56.361, "gumbel_beta": 22.04}}, {"type": "Feature", "geometry": {"type": "Point", "coordinates": [124.0, 48.0]}, "properties": {"risk": 0.33, "years_used": 5, "gumbel_mu": 53.808, "gumbel_beta": 20.046}}, {"type": "Feature", "geometry": {"type": "Point", "coordinates": [125.0, 48.0]}, "properties": {"risk": 0.33, "years_used": 5, "gumbel_mu": 61.079, "gumbel_beta": 16.272}}, {"type": "Feature", "geometry": {"type": "Point", "coordinates": [126.0, 48.0]}, "properties": {"risk": 0.33, "years_used": 5, "gumbel_mu": 63.148, "gumbel_beta": 21.808}}, {"type": "Feature", "geometry": {"type": "Point", "coordinates": [127.0, 48.0]}, "properties": {"risk": 0.33, "years_used": 5, "gumbel_mu": 64.861, "gumbel_beta": 23.214}}, {"type": "Feature", "geometry": {"type": "Point", "coordinates": [128.0, 48.0]}, "properties": {"risk": 0.33, "years_used": 5, "gumbel_mu": 70.604, "gumbel_beta": 14.376}}, {"type": "Feature", "geometry": {"type": "Point", "coordinates": [129.0, 48.0]}, "properties": {"risk": 0.33, "years_used": 5, "gumbel_mu": 73.126, "gumbel_beta": 9.244}}, {"type": "Feature", "geometry": {"type": "Point", "coordinates": [130.0, 48.0]}, "properties": {"risk": 0.0, "years_used": 5, "gumbel_mu": 67.371, "gumbel_beta": 19.936}}, {"type": "Feature", "geometry": {"type": "Point", "coordinates": [131.0, 48.0]}, "properties": {"risk": 0.66, "years_used": 5, "gumbel_mu": 67.595, "gumbel_beta": 25.43}}, {"type": "Feature", "geometry": {"type": "Point", "coordinates": [132.0, 48.0]}, "properties": {"risk": 0.66, "years_used": 5, "gumbel_mu": 71.442, "gumbel_beta": 29.056}}, {"type": "Feature", "geometry": {"type": "Point", "coordinates": [133.0, 48.0]}, "properties": {"risk": 0.66, "years_used": 5, "gumbel_mu": 76.558, "gumbel_beta": 21.131}}, {"type": "Feature", "geometry": {"type": "Point", "coordinates": [134.0, 48.0]}, "properties": {"risk": 0.33, "years_used": 5, "gumbel_mu": 67.449, "gumbel_beta": 25.158}}, {"type": "Feature", "geometry": {"type": "Point", "coordinates": [135.0, 48.0]}, "properties": {"risk": 0.33, "years_used": 5, "gumbel_mu": 56.508, "gumbel_beta": 25.142}}, {"type": "Feature", "geometry": {"type": "Point", "coordinates": [73.0, 49.0]}, "properties": {"risk": 0.0, "years_used": 5, "gumbel_mu": 25.472, "gumbel_beta": 28.478}}, {"type": "Feature", "geometry": {"type": "Point", "coordinates": [74.0, 49.0]}, "properties": {"risk": 0.0, "years_used": 5, "gumbel_mu": 25.402, "gumbel_beta": 7.646}}, {"type": "Feature", "geometry": {"type": "Point", "coordinates": [75.0, 49.0]}, "properties": {"risk": 0.0, "years_used": 5, "gumbel_mu": 30.974, "gumbel_beta": 3.444}}, {"type": "Feature", "geometry": {"type": "Point", "coordinates": [76.0, 49.0]}, "properties": {"risk": 0.0, "years_used": 5, "gumbel_mu": 25.732, "gumbel_beta": 5.058}}, {"type": "Feature", "geometry": {"type": "Point", "coordinates": [77.0, 49.0]}, "properties": {"risk": 0.0, "years_used": 5, "gumbel_mu": 24.969, "gumbel_beta": 2.859}}, {"type": "Feature", "geometry": {"type": "Point", "coordinates": [78.0, 49.0]}, "properties": {"risk": 0.0, "years_used": 5, "gumbel_mu": 30.991, "gumbel_beta": 6.249}}, {"type": "Feature", "geometry": {"type": "Point", "coordinates": [79.0, 49.0]}, "properties": {"risk": 0.0, "years_used": 5, "gumbel_mu": 19.807, "gumbel_beta": 5.545}}, {"type": "Feature", "geometry": {"type": "Point", "coordinates": [80.0, 49.0]}, "properties": {"risk": 0.0, "years_used": 5, "gumbel_mu": 16.813, "gumbel_beta": 7.385}}, {"type": "Feature", "geometry": {"type": "Point", "coordinates": [81.0, 49.0]}, "properties": {"risk": 0.0, "years_used": 5, "gumbel_mu": 18.688, "gumbel_beta": 6.018}}, {"type": "Feature", "geometry": {"type": "Point", "coordinates": [82.0, 49.0]}, "properties": {"risk": 0.0, "years_used": 5, "gumbel_mu": 26.872, "gumbel_beta": 6.535}}, {"type": "Feature", "geometry": {"type": "Point", "coordinates": [83.0, 49.0]}, "properties": {"risk": 0.33, "years_used": 5, "gumbel_mu": 30.162, "gumbel_beta": 10.624}}, {"type": "Feature", "geometry": {"type": "Point", "coordinates": [84.0, 49.0]}, "properties": {"risk": 0.33, "years_used": 5, "gumbel_mu": 25.953, "gumbel_beta": 13.167}}, {"type": "Feature", "geometry": {"type": "Point", "coordinates": [85.0, 49.0]}, "properties": {"risk": 0.66, "years_used": 5, "gumbel_mu": 65.021, "gumbel_beta": 27.073}}, {"type": "Feature", "geometry": {"type": "Point", "coordinates": [86.0, 49.0]}, "properties": {"risk": 0.0, "years_used": 5, "gumbel_mu": 43.183, "gumbel_beta": 17.484}}, {"type": "Feature", "geometry": {"type": "Point", "coordinates": [87.0, 49.0]}, "properties": {"risk": 0.0, "years_used": 5, "gumbel_mu": 22.191, "gumbel_beta": 5.84}}, {"type": "Feature", "geometry": {"type": "Point", "coordinates": [88.0, 49.0]}, "properties": {"risk": 0.0, "years_used": 5, "gumbel_mu": 20.637, "gumbel_beta": 9.949}}, {"type": "Feature", "geometry": {"type": "Point", "coordinates": [89.0, 49.0]}, "properties": {"risk": 0.0, "years_used": 5, "gumbel_mu": 9.744, "gumbel_beta": 6.96}}, {"type": "Feature", "geometry": {"type": "Point", "coordinates": [90.0, 49.0]}, "properties": {"risk": 0.0, "years_used": 5, "gumbel_mu": 18.273, "gumbel_beta": 16.217}}, {"type": "Feature", "geometry": {"type": "Point", "coordinates": [91.0, 49.0]}, "properties": {"risk": 0.33, "years_used": 5, "gumbel_mu": 14.643, "gumbel_beta": 14.335}}, {"type": "Feature", "geometry": {"type": "Point", "coordinates": [92.0, 49.0]}, "properties": {"risk": 0.33, "years_used": 5, "gumbel_mu": 12.937, "gumbel_beta": 17.207}}, {"type": "Feature", "geometry": {"type": "Point", "coordinates": [93.0, 49.0]}, "properties": {"risk": 0.33, "years_used": 5, "gumbel_mu": 18.839, "gumbel_beta": 21.746}}, {"type": "Feature", "geometry": {"type": "Point", "coordinates": [94.0, 49.0]}, "properties": {"risk": 0.33, "years_used": 5, "gumbel_mu": 13.207, "gumbel_beta": 14.265}}, {"type": "Feature", "geometry": {"type": "Point", "coordinates": [95.0, 49.0]}, "properties": {"risk": 0.33, "years_used": 5, "gumbel_mu": 20.71, "gumbel_beta": 13.37}}, {"type": "Feature", "geometry": {"type": "Point", "coordinates": [96.0, 49.0]}, "properties": {"risk": 0.33, "years_used": 5, "gumbel_mu": 26.857, "gumbel_beta": 15.04}}, {"type": "Feature", "geometry": {"type": "Point", "coordinates": [97.0, 49.0]}, "properties": {"risk": 0.0, "years_used": 5, "gumbel_mu": 24.143, "gumbel_beta": 17.666}}, {"type": "Feature", "geometry": {"type": "Point", "coordinates": [98.0, 49.0]}, "properties": {"risk": 0.0, "years_used": 5, "gumbel_mu": 42.746, "gumbel_beta": 13.696}}, {"type": "Feature", "geometry": {"type": "Point", "coordinates": [99.0, 49.0]}, "properties": {"risk": 0.33, "years_used": 5, "gumbel_mu": 39.151, "gumbel_beta": 13.296}}, {"type": "Feature", "geometry": {"type": "Point", "coordinates": [100.0, 49.0]}, "properties": {"risk": 0.0, "years_used": 5, "gumbel_mu": 41.514, "gumbel_beta": 15.637}}, {"type": "Feature", "geometry": {"type": "Point", "coordinates": [101.0, 49.0]}, "properties": {"risk": 0.0, "years_used": 5, "gumbel_mu": 30.01, "gumbel_beta": 12.409}}, {"type": "Feature", "geometry": {"type": "Point", "coordinates": [102.0, 49.0]}, "properties": {"risk": 0.33, "years_used": 5, "gumbel_mu": 40.028, "gumbel_beta": 9.119}}, {"type": "Feature", "geometry": {"type": "Point", "coordinates": [103.0, 49.0]}, "properties": {"risk": 0.33, "years_used": 5, "gumbel_mu": 41.092, "gumbel_beta": 10.661}}, {"type": "Feature", "geometry": {"type": "Point", "coordinates": [104.0, 49.0]}, "properties": {"risk": 0.33, "years_used": 5, "gumbel_mu": 54.882, "gumbel_beta": 8.289}}, {"type": "Feature", "geometry": {"type": "Point", "coordinates": [105.0, 49.0]}, "properties": {"risk": 0.33, "years_used": 5, "gumbel_mu": 40.605, "gumbel_beta": 8.939}}, {"type": "Feature", "geometry": {"type": "Point", "coordinates": [106.0, 49.0]}, "properties": {"risk": 0.33, "years_used": 5, "gumbel_mu": 28.003, "gumbel_beta": 8.767}}, {"type": "Feature", "geometry": {"type": "Point", "coordinates": [107.0, 49.0]}, "properties": {"risk": 0.0, "years_used": 5, "gumbel_mu": 43.609, "gumbel_beta": 5.349}}, {"type": "Feature", "geometry": {"type": "Point", "coordinates": [108.0, 49.0]}, "properties": {"risk": 0.33, "years_used": 5, "gumbel_mu": 59.568, "gumbel_beta": 15.367}}, {"type": "Feature", "geometry": {"type": "Point", "coordinates": [109.0, 49.0]}, "properties": {"risk": 0.0, "years_used": 5, "gumbel_mu": 51.488, "gumbel_beta": 14.29}}, {"type": "Feature", "geometry": {"type": "Point", "coordinates": [110.0, 49.0]}, "properties": {"risk": 0.33, "years_used": 5, "gumbel_mu": 48.889, "gumbel_beta": 33.14}}, {"type": "Feature", "geometry": {"type": "Point", "coordinates": [111.0, 49.0]}, "properties": {"risk": 0.0, "years_used": 5, "gumbel_mu": 34.519, "gumbel_beta": 31.43}}, {"type": "Feature", "geometry": {"type": "Point", "coordinates": [112.0, 49.0]}, "properties": {"risk": 0.0, "years_used": 5, "gumbel_mu": 42.881, "gumbel_beta": 15.277}}, {"type": "Feature", "geometry": {"type": "Point", "coordinates": [113.0, 49.0]}, "properties": {"risk": 0.33, "years_used": 5, "gumbel_mu": 46.178, "gumbel_beta": 11.925}}, {"type": "Feature", "geometry": {"type": "Point", "coordinates": [114.0, 49.0]}, "properties": {"risk": 0.0, "years_used": 5, "gumbel_mu": 46.53, "gumbel_beta": 15.323}}, {"type": "Feature", "geometry": {"type": "Point", "coordinates": [115.0, 49.0]}, "properties": {"risk": 0.0, "years_used": 5, "gumbel_mu": 31.347, "gumbel_beta": 9.582}}, {"type": "Feature", "geometry": {"type": "Point", "coordinates": [116.0, 49.0]}, "properties": {"risk": 0.33, "years_used": 5, "gumbel_mu": 50.665, "gumbel_beta": 13.735}}, {"type": "Feature", "geometry": {"type": "Point", "coordinates": [117.0, 49.0]}, "properties": {"risk": 0.0, "years_used": 5, "gumbel_mu": 25.197, "gumbel_beta": 13.696}}, {"type": "Feature", "geometry": {"type": "Point", "coordinates": [118.0, 49.0]}, "properties": {"risk": 0.0, "years_used": 5, "gumbel_mu": 28.485, "gumbel_beta": 10.817}}, {"type": "Feature", "geometry": {"type": "Point", "coordinates": [119.0, 49.0]}, "properties": {"risk": 0.0, "years_used": 5, "gumbel_mu": 39.44, "gumbel_beta": 16.849}}, {"type": "Feature", "geometry": {"type": "Point", "coordinates": [120.0, 49.0]}, "properties": {"risk": 0.0, "years_used": 5, "gumbel_mu": 42.876, "gumbel_beta": 8.657}}, {"type": "Feature", "geometry": {"type": "Point", "coordinates": [121.0, 49.0]}, "properties": {"risk": 0.33, "years_used": 5, "gumbel_mu": 54.007, "gumbel_beta": 18.535}}, {"type": "Feature", "geometry": {"type": "Point", "coordinates": [122.0, 49.0]}, "properties": {"risk": 0.0, "years_used": 5, "gumbel_mu": 66.429, "gumbel_beta": 15.495}}, {"type": "Feature", "geometry": {"type": "Point", "coordinates": [123.0, 49.0]}, "properties": {"risk": 0.66, "years_used": 5, "gumbel_mu": 84.732, "gumbel_beta": 35.192}}, {"type": "Feature", "geometry": {"type": "Point", "coordinates": [124.0, 49.0]}, "properties": {"risk": 0.66, "years_used": 5, "gumbel_mu": 63.883, "gumbel_beta": 26.35}}, {"type": "Feature", "geometry": {"type": "Point", "coordinates": [125.0, 49.0]}, "properties": {"risk": 0.66, "years_used": 5, "gumbel_mu": 68.053, "gumbel_beta": 20.195}}, {"type": "Feature", "geometry": {"type": "Point", "coordinates": [126.0, 49.0]}, "properties": {"risk": 0.33, "years_used": 5, "gumbel_mu": 79.949, "gumbel_beta": 21.072}}, {"type": "Feature", "geometry": {"type": "Point", "coordinates": [127.0, 49.0]}, "properties": {"risk": 0.0, "years_used": 5, "gumbel_mu": 65.962, "gumbel_beta": 25.049}}, {"type": "Feature", "geometry": {"type": "Point", "coordinates": [128.0, 49.0]}, "properties": {"risk": 0.33, "years_used": 5, "gumbel_mu": 71.734, "gumbel_beta": 15.927}}, {"type": "Feature", "geometry": {"type": "Point", "coordinates": [129.0, 49.0]}, "properties": {"risk": 0.33, "years_used": 5, "gumbel_mu": 71.175, "gumbel_beta": 14.26}}, {"type": "Feature", "geometry": {"type": "Point", "coordinates": [130.0, 49.0]}, "properties": {"risk": 0.0, "years_used": 5, "gumbel_mu": 59.302, "gumbel_beta": 16.915}}, {"type": "Feature", "geometry": {"type": "Point", "coordinates": [131.0, 49.0]}, "properties": {"risk": 0.33, "years_used": 5, "gumbel_mu": 74.734, "gumbel_beta": 22.463}}, {"type": "Feature", "geometry": {"type": "Point", "coordinates": [132.0, 49.0]}, "properties": {"risk": 0.33, "years_used": 5, "gumbel_mu": 72.337, "gumbel_beta": 26.22}}, {"type": "Feature", "geometry": {"type": "Point", "coordinates": [133.0, 49.0]}, "properties": {"risk": 0.33, "years_used": 5, "gumbel_mu": 69.384, "gumbel_beta": 35.89}}, {"type": "Feature", "geometry": {"type": "Point", "coordinates": [134.0, 49.0]}, "properties": {"risk": 0.33, "years_used": 5, "gumbel_mu": 82.362, "gumbel_beta": 27.955}}, {"type": "Feature", "geometry": {"type": "Point", "coordinates": [135.0, 49.0]}, "properties": {"risk": 0.33, "years_used": 5, "gumbel_mu": 105.566, "gumbel_beta": 39.374}}, {"type": "Feature", "geometry": {"type": "Point", "coordinates": [73.0, 50.0]}, "properties": {"risk": 0.0, "years_used": 5, "gumbel_mu": 15.311, "gumbel_beta": 15.834}}, {"type": "Feature", "geometry": {"type": "Point", "coordinates": [74.0, 50.0]}, "properties": {"risk": 0.0, "years_used": 5, "gumbel_mu": 19.048, "gumbel_beta": 2.058}}, {"type": "Feature", "geometry": {"type": "Point", "coordinates": [75.0, 50.0]}, "properties": {"risk": 0.0, "years_used": 5, "gumbel_mu": 25.406, "gumbel_beta": 19.258}}, {"type": "Feature", "geometry": {"type": "Point", "coordinates": [76.0, 50.0]}, "properties": {"risk": 0.0, "years_used": 5, "gumbel_mu": 26.799, "gumbel_beta": 5.09}}, {"type": "Feature", "geometry": {"type": "Point", "coordinates": [77.0, 50.0]}, "properties": {"risk": 0.0, "years_used": 5, "gumbel_mu": 14.423, "gumbel_beta": 8.162}}, {"type": "Feature", "geometry": {"type": "Point", "coordinates": [78.0, 50.0]}, "properties": {"risk": 0.0, "years_used": 5, "gumbel_mu": 15.537, "gumbel_beta": 4.332}}, {"type": "Feature", "geometry": {"type": "Point", "coordinates": [79.0, 50.0]}, "properties": {"risk": 0.0, "years_used": 5, "gumbel_mu": 19.878, "gumbel_beta": 8.15}}, {"type": "Feature", "geometry": {"type": "Point", "coordinates": [80.0, 50.0]}, "properties": {"risk": 0.0, "years_used": 5, "gumbel_mu": 17.8, "gumbel_beta": 8.267}}, {"type": "Feature", "geometry": {"type": "Point", "coordinates": [81.0, 50.0]}, "properties": {"risk": 0.33, "years_used": 5, "gumbel_mu": 29.662, "gumbel_beta": 16.163}}, {"type": "Feature", "geometry": {"type": "Point", "coordinates": [82.0, 50.0]}, "properties": {"risk": 0.33, "years_used": 5, "gumbel_mu": 36.401, "gumbel_beta": 13.878}}, {"type": "Feature", "geometry": {"type": "Point", "coordinates": [83.0, 50.0]}, "properties": {"risk": 0.0, "years_used": 5, "gumbel_mu": 42.849, "gumbel_beta": 12.186}}, {"type": "Feature", "geometry": {"type": "Point", "coordinates": [84.0, 50.0]}, "properties": {"risk": 0.0, "years_used": 5, "gumbel_mu": 49.616, "gumbel_beta": 16.131}}, {"type": "Feature", "geometry": {"type": "Point", "coordinates": [85.0, 50.0]}, "properties": {"risk": 0.33, "years_used": 5, "gumbel_mu": 61.296, "gumbel_beta": 31.982}}, {"type": "Feature", "geometry": {"type": "Point", "coordinates": [86.0, 50.0]}, "properties": {"risk": 0.0, "years_used": 5, "gumbel_mu": 41.43, "gumbel_beta": 6.932}}, {"type": "Feature", "geometry": {"type": "Point", "coordinates": [87.0, 50.0]}, "properties": {"risk": 0.0, "years_used": 5, "gumbel_mu": 43.007, "gumbel_beta": 10.204}}, {"type": "Feature", "geometry": {"type": "Point", "coordinates": [88.0, 50.0]}, "properties": {"risk": 0.0, "years_used": 5, "gumbel_mu": 25.921, "gumbel_beta": 9.337}}, {"type": "Feature", "geometry": {"type": "Point", "coordinates": [89.0, 50.0]}, "properties": {"risk": 0.0, "years_used": 5, "gumbel_mu": 16.672, "gumbel_beta": 6.986}}, {"type": "Feature", "geometry": {"type": "Point", "coordinates": [90.0, 50.0]}, "properties": {"risk": 0.0, "years_used": 5, "gumbel_mu": 19.312, "gumbel_beta": 7.117}}, {"type": "Feature", "geometry": {"type": "Point", "coordinates": [91.0, 50.0]}, "properties": {"risk": 0.0, "years_used": 5, "gumbel_mu": 22.024, "gumbel_beta": 16.468}}, {"type": "Feature", "geometry": {"type": "Point", "coordinates": [92.0, 50.0]}, "properties": {"risk": 0.0, "years_used": 5, "gumbel_mu": 9.453, "gumbel_beta": 4.121}}, {"type": "Feature", "geometry": {"type": "Point", "coordinates": [93.0, 50.0]}, "properties": {"risk": 0.0, "years_used": 5, "gumbel_mu": 14.907, "gumbel_beta": 8.567}}, {"type": "Feature", "geometry": {"type": "Point", "coordinates": [94.0, 50.0]}, "properties": {"risk": 0.0, "years_used": 5, "gumbel_mu": 15.5, "gumbel_beta": 6.131}}, {"type": "Feature", "geometry": {"type": "Point", "coordinates": [95.0, 50.0]}, "properties": {"risk": 0.0, "years_used": 5, "gumbel_mu": 18.077, "gumbel_beta": 10.376}}, {"type": "Feature", "geometry": {"type": "Point", "coordinates": [96.0, 50.0]}, "properties": {"risk": 0.0, "years_used": 5, "gumbel_mu": 23.896, "gumbel_beta": 7.643}}, {"type": "Feature", "geometry": {"type": "Point", "coordinates": [97.0, 50.0]}, "properties": {"risk": 0.33, "years_used": 5, "gumbel_mu": 41.724, "gumbel_beta": 22.445}}, {"type": "Feature", "geometry": {"type": "Point", "coordinates": [98.0, 50.0]}, "properties": {"risk": 0.0, "years_used": 5, "gumbel_mu": 34.683, "gumbel_beta": 17.747}}, {"type": "Feature", "geometry": {"type": "Point", "coordinates": [99.0, 50.0]}, "properties": {"risk": 0.0, "years_used": 5, "gumbel_mu": 44.047, "gumbel_beta": 6.261}}, {"type": "Feature", "geometry": {"type": "Point", "coordinates": [100.0, 50.0]}, "properties": {"risk": 0.0, "years_used": 5, "gumbel_mu": 19.116, "gumbel_beta": 7.523}}, {"type": "Feature", "geometry": {"type": "Point", "coordinates": [101.0, 50.0]}, "properties": {"risk": 0.0, "years_used": 5, "gumbel_mu": 36.873, "gumbel_beta": 36.587}}, {"type": "Feature", "geometry": {"type": "Point", "coordinates": [102.0, 50.0]}, "properties": {"risk": 0.0, "years_used": 5, "gumbel_mu": 34.303, "gumbel_beta": 11.48}}, {"type": "Feature", "geometry": {"type": "Point", "coordinates": [103.0, 50.0]}, "properties": {"risk": 0.0, "years_used": 5, "gumbel_mu": 38.196, "gumbel_beta": 7.306}}, {"type": "Feature", "geometry": {"type": "Point", "coordinates": [104.0, 50.0]}, "properties": {"risk": 0.0, "years_used": 5, "gumbel_mu": 33.002, "gumbel_beta": 7.368}}, {"type": "Feature", "geometry": {"type": "Point", "coordinates": [105.0, 50.0]}, "properties": {"risk": 0.0, "years_used": 5, "gumbel_mu": 29.782, "gumbel_beta": 10.793}}, {"type": "Feature", "geometry": {"type": "Point", "coordinates": [106.0, 50.0]}, "properties": {"risk": 0.0, "years_used": 5, "gumbel_mu": 30.427, "gumbel_beta": 3.882}}, {"type": "Feature", "geometry": {"type": "Point", "coordinates": [107.0, 50.0]}, "properties": {"risk": 0.33, "years_used": 5, "gumbel_mu": 33.301, "gumbel_beta": 7.274}}, {"type": "Feature", "geometry": {"type": "Point", "coordinates": [108.0, 50.0]}, "properties": {"risk": 0.0, "years_used": 5, "gumbel_mu": 32.86, "gumbel_beta": 8.737}}, {"type": "Feature", "geometry": {"type": "Point", "coordinates": [109.0, 50.0]}, "properties": {"risk": 0.0, "years_used": 5, "gumbel_mu": 26.667, "gumbel_beta": 7.751}}, {"type": "Feature", "geometry": {"type": "Point", "coordinates": [110.0, 50.0]}, "properties": {"risk": 0.33, "years_used": 5, "gumbel_mu": 35.179, "gumbel_beta": 8.379}}, {"type": "Feature", "geometry": {"type": "Point", "coordinates": [111.0, 50.0]}, "properties": {"risk": 0.0, "years_used": 5, "gumbel_mu": 38.057, "gumbel_beta": 5.188}}, {"type": "Feature", "geometry": {"type": "Point", "coordinates": [112.0, 50.0]}, "properties": {"risk": 0.0, "years_used": 5, "gumbel_mu": 31.363, "gumbel_beta": 7.366}}, {"type": "Feature", "geometry": {"type": "Point", "coordinates": [113.0, 50.0]}, "properties": {"risk": 0.0, "years_used": 5, "gumbel_mu": 27.746, "gumbel_beta": 6.196}}, {"type": "Feature", "geometry": {"type": "Point", "coordinates": [114.0, 50.0]}, "properties": {"risk": 0.0, "years_used": 5, "gumbel_mu": 41.32, "gumbel_beta": 2.068}}, {"type": "Feature", "geometry": {"type": "Point", "coordinates": [115.0, 50.0]}, "properties": {"risk": 0.0, "years_used": 5, "gumbel_mu": 22.253, "gumbel_beta": 1.834}}, {"type": "Feature", "geometry": {"type": "Point", "coordinates": [116.0, 50.0]}, "properties": {"risk": 0.0, "years_used": 5, "gumbel_mu": 29.295, "gumbel_beta": 2.384}}, {"type": "Feature", "geometry": {"type": "Point", "coordinates": [117.0, 50.0]}, "properties": {"risk": 0.0, "years_used": 5, "gumbel_mu": 24.601, "gumbel_beta": 7.777}}, {"type": "Feature", "geometry": {"type": "Point", "coordinates": [118.0, 50.0]}, "properties": {"risk": 0.0, "years_used": 5, "gumbel_mu": 17.863, "gumbel_beta": 5.732}}, {"type": "Feature", "geometry": {"type": "Point", "coordinates": [119.0, 50.0]}, "properties": {"risk": 0.0, "years_used": 5, "gumbel_mu": 24.858, "gumbel_beta": 11.066}}, {"type": "Feature", "geometry": {"type": "Point", "coordinates": [120.0, 50.0]}, "properties": {"risk": 0.0, "years_used": 5, "gumbel_mu": 20.412, "gumbel_beta": 12.431}}, {"type": "Feature", "geometry": {"type": "Point", "coordinates": [121.0, 50.0]}, "properties": {"risk": 0.0, "years_used": 5, "gumbel_mu": 26.683, "gumbel_beta": 6.538}}, {"type": "Feature", "geometry": {"type": "Point", "coordinates": [122.0, 50.0]}, "properties": {"risk": 0.0, "years_used": 5, "gumbel_mu": 26.48, "gumbel_beta": 9.211}}, {"type": "Feature", "geometry": {"type": "Point", "coordinates": [123.0, 50.0]}, "properties": {"risk": 0.0, "years_used": 5, "gumbel_mu": 39.405, "gumbel_beta": 8.129}}, {"type": "Feature", "geometry": {"type": "Point", "coordinates": [124.0, 50.0]}, "properties": {"risk": 0.0, "years_used": 5, "gumbel_mu": 35.488, "gumbel_beta": 11.451}}, {"type": "Feature", "geometry": {"type": "Point", "coordinates": [125.0, 50.0]}, "properties": {"risk": 0.0, "years_used": 5, "gumbel_mu": 30.504, "gumbel_beta": 18.941}}, {"type": "Feature", "geometry": {"type": "Point", "coordinates": [126.0, 50.0]}, "properties": {"risk": 0.33, "years_used": 5, "gumbel_mu": 33.583, "gumbel_beta": 17.833}}, {"type": "Feature", "geometry": {"type": "Point", "coordinates": [127.0, 50.0]}, "properties": {"risk": 0.0, "years_used": 5, "gumbel_mu": 28.679, "gumbel_beta": 10.251}}, {"type": "Feature", "geometry": {"type": "Point", "coordinates": [128.0, 50.0]}, "properties": {"risk": 0.0, "years_used": 5, "gumbel_mu": 19.023, "gumbel_beta": 5.271}}, {"type": "Feature", "geometry": {"type": "Point", "coordinates": [129.0, 50.0]}, "properties": {"risk": 0.0, "years_used": 5, "gumbel_mu": 17.606, "gumbel_beta": 6.66}}, {"type": "Feature", "geometry": {"type": "Point", "coordinates": [130.0, 50.0]}, "properties": {"risk": 0.0, "years_used": 5, "gumbel_mu": 11.234, "gumbel_beta": 2.657}}, {"type": "Feature", "geometry": {"type": "Point", "coordinates": [131.0, 50.0]}, "properties": {"risk": 0.0, "years_used": 5, "gumbel_mu": 13.73, "gumbel_beta": 7.343}}, {"type": "Feature", "geometry": {"type": "Point", "coordinates": [132.0, 50.0]}, "properties": {"risk": 0.0, "years_used": 5, "gumbel_mu": 20.64, "gumbel_beta": 6.25}}, {"type": "Feature", "geometry": {"type": "Point", "coordinates": [133.0, 50.0]}, "properties": {"risk": 0.0, "years_used": 5, "gumbel_mu": 19.924, "gumbel_beta": 10.234}}, {"type": "Feature", "geometry": {"type": "Point", "coordinates": [134.0, 50.0]}, "properties": {"risk": 0.0, "years_used": 5, "gumbel_mu": 19.273, "gumbel_beta": 9.449}}, {"type": "Feature", "geometry": {"type": "Point", "coordinates": [135.0, 50.0]}, "properties": {"risk": 0.0, "years_used": 5, "gumbel_mu": 26.598, "gumbel_beta": 11.734}}]}