{
  "type": "FeatureCollection",
  "features": [
    {
      "type": "Feature",
      "geometry": {
        "type": "LineString",
        "coordinates": [
          [
            123.0,
            20.8
          ],
          [
            123.6,
            21.0
          ],
          [
            123.8,
            21.1
          ],
          [
            124.2,
            21.2
          ],
          [
            124.7,
            21.4
          ],
          [
            125.3,
            21.7
          ],
          [
            126.0,
            22.2
          ],
          [
            126.5,
            22.6
          ],
          [
            126.9,
            23.1
          ],
          [
            127.3,
            23.5
          ],
          [
            127.7,
            23.8
          ],
          [
            128.3,
            24.1
          ],
          [
            129.0,
            24.4
          ],
          [
            129.6,
            24.7
          ],
          [
            130.1,
            25.0
          ],
          [
            130.4,
            25.3
          ],
          [
            130.6,
            25.7
          ],
          [
            130.7,
            26.1
          ],
          [
            130.8,
            26.4
          ],
          [
            130.8,
            26.8
          ],
          [
            130.8,
            27.1
          ],
          [
            130.8,
            27.4
          ],
          [
            130.8,
            27.8
          ],
          [
            130.7,
            28.1
          ],
          [
            130.6,
            28.5
          ],
          [
            130.4,
            28.9
          ],
          [
            130.3,
            29.3
          ],
          [
            130.2,
            29.7
          ],
          [
            130.1,
            30.0
          ],
          [
            130.0,
            30.3
          ],
          [
            129.9,
            30.5
          ],
          [
            129.9,
            30.8
          ],
          [
            129.8,
            31.0
          ],
          [
            129.7,
            31.2
          ],
          [
            129.6,
            31.4
          ],
          [
            129.6,
            31.7
          ],
          [
            129.6,
            31.9
          ],
          [
            129.7,
            32.2
          ],
          [
            129.7,
            32.4
          ],
          [
            129.8,
            32.7
          ],
          [
            129.8,
            32.8
          ],
          [
            129.9,
            33.1
          ],
          [
            130.1,
            33.6
          ],
          [
            130.4,
            34.0
          ],
          [
            130.7,
            34.5
          ],
          [
            131.1,
            34.9
          ],
          [
            131.6,
            35.3
          ],
          [
            132.3,
            35.9
          ]
        ]
      },
      "properties": {
        "sid": "2016244N21123",
        "name": "NAMTHEUN",
        "start_time": "2016-08-30 18:00:00",
        "end_time": "2016-09-05 12:00:00",
        "max_wind_kt": 70.0
      }
    },
    {
      "type": "Feature",
      "geometry": {
        "type": "LineString",
        "coordinates": [
          [
            143.8,
            13.2
          ],
          [
            143.5,
            13.4
          ],
          [
            143.1,
            13.5
          ],
          [
            142.8,
            13.7
          ],
          [
            142.5,
            14.0
          ],
          [
            142.2,
            14.1
          ],
          [
            141.8,
            14.1
          ],
          [
            141.5,
            14.2
          ],
          [
            141.1,
            14.3
          ],
          [
            140.6,
            14.4
          ],
          [
            140.0,
            14.5
          ],
          [
            139.4,
            14.7
          ],
          [
            138.9,
            14.9
          ],
          [
            138.3,
            15.1
          ],
          [
            137.8,
            15.3
          ],
          [
            137.3,
            15.6
          ],
          [
            136.9,
            15.8
          ],
          [
            136.3,
            16.1
          ],
          [
            135.7,
            16.3
          ],
          [
            135.1,
            16.5
          ],
          [
            134.5,
            16.7
          ],
          [
            133.8,
            17.0
          ],
          [
            133.1,
            17.3
          ],
          [
            132.4,
            17.4
          ],
          [
            131.7,
            17.6
          ],
          [
            131.0,
            17.8
          ],
          [
            130.4,
            18.0
          ],
          [
            129.9,
            18.1
          ],
          [
            129.4,
            18.3
          ],
          [
            128.8,
            18.6
          ],
          [
            128.2,
            18.9
          ],
          [
            127.5,
            19.1
          ],
          [
            126.7,
            19.3
          ],
          [
            126.1,
            19.4
          ],
          [
            125.5,
            19.6
          ],
          [
            124.8,
            19.9
          ],
          [
            124.1,
            20.2
          ],
          [
            123.5,
            20.3
          ],
          [
            122.9,
            20.4
          ],
          [
            122.4,
            20.6
          ],
          [
            121.8,
            20.8
          ],
          [
            121.3,
            21.1
          ],
          [
            120.8,
            21.5
          ],
          [
            120.3,
            22.0
          ],
          [
            119.8,
            22.5
          ],
          [
            119.4,
            23.0
          ],
          [
            119.0,
            23.4
          ],
          [
            118.7,
            23.9
          ],
          [
            118.4,
            24.3
          ],
          [
            118.0,
            24.8
          ],
          [
            117.6,
            25.2
          ],
          [
            117.2,
            25.7
          ],
          [
            116.9,
            26.2
          ],
          [
            116.9,
            26.7
          ],
          [
            117.1,
            27.2
          ],
          [
            117.3,
            27.7
          ],
          [
            117.6,
            28.5
          ],
          [
            118.2,
            29.3
          ],
          [
            118.8,
            30.2
          ],
          [
            119.3,
            31.0
          ],
          [
            119.9,
            31.7
          ],
          [
            120.6,
            32.4
          ],
          [
            121.5,
            32.9
          ],
          [
            122.4,
            33.4
          ],
          [
            123.2,
            33.7
          ],
          [
            123.6,
            33.7
          ],
          [
            123.8,
            33.5
          ],
          [
            124.1,
            33.3
          ],
          [
            124.4,
            33.2
          ],
          [
            124.8,
            33.2
          ],
          [
            125.2,
            33.2
          ]
        ]
      },
      "properties": {
        "sid": "2016253N13144",
        "name": "MERANTI",
        "start_time": "2016-09-08 18:00:00",
        "end_time": "2016-09-17 12:00:00",
        "max_wind_kt": 120.0
      }
    },
    {
      "type": "Feature",
      "geometry": {
        "type": "LineString",
        "coordinates": [
          [
            146.1,
            12.4
          ],
          [
            145.5,
            12.6
          ],
          [
            144.7,
            12.7
          ],
          [
            143.8,
            12.8
          ],
          [
            143.1,
            12.9
          ],
          [
            142.5,
            13.0
          ],
          [
            141.8,
            13.2
          ],
          [
            141.3,
            13.3
          ],
          [
            140.6,
            13.5
          ],
          [
            140.0,
            13.7
          ],
          [
            139.3,
            13.9
          ],
          [
            138.6,
            14.0
          ],
          [
            138.0,
            14.2
          ],
          [
            137.4,
            14.3
          ],
          [
            136.9,
            14.4
          ],
          [
            136.3,
            14.6
          ],
          [
            135.7,
            14.7
          ],
          [
            135.2,
            14.8
          ],
          [
            134.6,
            15.0
          ],
          [
            134.0,
            15.2
          ],
          [
            133.3,
            15.4
          ],
          [
            132.7,
            15.6
          ],
          [
            132.2,
            15.8
          ],
          [
            131.7,
            16.0
          ],
          [
            131.2,
            16.2
          ],
          [
            130.6,
            16.4
          ],
          [
            130.0,
            16.6
          ],
          [
            129.4,
            16.8
          ],
          [
            128.8,
            16.9
          ],
          [
            128.3,
            17.2
          ],
          [
            127.8,
            17.6
          ],
          [
            127.3,
            18.0
          ],
          [
            126.7,
            18.4
          ],
          [
            126.2,
            18.8
          ],
          [
            125.6,
            19.3
          ],
          [
            125.2,
            19.7
          ],
          [
            124.7,
            20.1
          ],
          [
            124.3,
            20.6
          ],
          [
            123.9,
            21.1
          ],
          [
            123.6,
            21.6
          ],
          [
            123.4,
            22.1
          ],
          [
            123.2,
            22.5
          ],
          [
            123.1,
            22.9
          ],
          [
            123.0,
            23.5
          ],
          [
            123.0,
            24.1
          ],
          [
            122.9,
            24.7
          ],
          [
            122.8,
            25.2
          ],
          [
            122.7,
            25.6
          ],
          [
            122.7,
            25.8
          ],
          [
            122.7,
            26.0
          ],
          [
            122.8,
            26.2
          ],
          [
            123.0,
            26.5
          ],
          [
            123.4,
            26.8
          ],
          [
            123.8,
            27.1
          ],
          [
            124.2,
            27.5
          ],
          [
            124.7,
            27.7
          ],
          [
            125.1,
            28.0
          ],
          [
            125.6,
            28.3
          ],
          [
            126.1,
            28.6
          ],
          [
            126.6,
            29.0
          ],
          [
            127.1,
            29.4
          ],
          [
            127.7,
            29.8
          ],
          [
            128.3,
            30.2
          ],
          [
            129.0,
            30.5
          ],
          [
            129.7,
            30.8
          ],
          [
            130.5,
            31.2
          ],
          [
            131.5,
            31.6
          ],
          [
            132.4,
            32.2
          ],
          [
            133.5,
            32.8
          ],
          [
            134.3,
            33.3
          ],
          [
            134.7,
            33.6
          ],
          [
            135.2,
            33.8
          ],
          [
            136.1,
            34.3
          ],
          [
            136.9,
            34.7
          ],
          [
            137.2,
            34.8
          ],
          [
            138.4,
            34.8
          ]
        ]
      },
      "properties": {
        "sid": "2016256N12146",
        "name": "MALAKAS",
        "start_time": "2016-09-11 12:00:00",
        "end_time": "2016-09-20 12:00:00",
        "max_wind_kt": 95.0
      }
    },
    {
      "type": "Feature",
      "geometry": {
        "type": "LineString",
        "coordinates": [
          [
            149.8,
            10.0
          ],
          [
            147.7,
            10.3
          ],
          [
            146.1,
            10.6
          ],
          [
            145.3,
            10.8
          ],
          [
            144.9,
            11.0
          ],
          [
            144.5,
            11.3
          ],
          [
            144.2,
            11.6
          ],
          [
            143.9,
            11.9
          ],
          [
            143.3,
            12.3
          ],
          [
            142.6,
            12.8
          ],
          [
            141.8,
            13.3
          ],
          [
            141.2,
            13.9
          ],
          [
            140.8,
            14.6
          ],
          [
            140.5,
            15.3
          ],
          [
            140.1,
            15.7
          ],
          [
            139.8,
            15.9
          ],
          [
            139.4,
            16.1
          ],
          [
            139.0,
            16.3
          ],
          [
            138.5,
            16.4
          ],
          [
            138.0,
            16.6
          ],
          [
            137.5,
            16.9
          ],
          [
            137.0,
            17.1
          ],
          [
            136.5,
            17.4
          ],
          [
            135.9,
            17.8
          ],
          [
            135.4,
            18.2
          ],
          [
            134.7,
            18.4
          ],
          [
            134.0,
            18.5
          ],
          [
            133.4,
            18.7
          ],
          [
            132.8,
            18.9
          ],
          [
            132.2,
            19.1
          ],
          [
            131.6,
            19.4
          ],
          [
            131.0,
            19.6
          ],
          [
            130.4,
            19.9
          ],
          [
            129.9,
            20.0
          ],
          [
            129.4,
            20.1
          ],
          [
            128.8,
            20.3
          ],
          [
            128.2,
            20.5
          ],
          [
            127.7,
            20.6
          ],
          [
            127.3,
            20.8
          ],
          [
            126.8,
            21.1
          ],
          [
            126.2,
            21.4
          ],
          [
            125.8,
            21.6
          ],
          [
            125.3,
            21.9
          ],
          [
            124.8,
            22.1
          ],
          [
            124.3,
            22.4
          ],
          [
            123.8,
            22.7
          ],
          [
            123.3,
            23.2
          ],
          [
            122.5,
            23.7
          ],
          [
            121.6,
            24.1
          ],
          [
            121.0,
            24.0
          ],
          [
            120.5,
            24.0
          ],
          [
            119.9,
            24.3
          ],
          [
            119.4,
            24.6
          ],
          [
            118.7,
            24.9
          ],
          [
            118.1,
            25.0
          ],
          [
            117.5,
            25.0
          ],
          [
            116.9,
            25.0
          ],
          [
            116.6,
            25.1
          ],
          [
            116.4,
            25.3
          ],
          [
            116.2,
            25.5
          ],
          [
            116.1,
            25.6
          ],
          [
            116.2,
            25.8
          ],
          [
            116.2,
            26.1
          ],
          [
            116.4,
            26.4
          ],
          [
            116.7,
            26.7
          ],
          [
            116.9,
            27.2
          ],
          [
            117.1,
            27.6
          ],
          [
            117.3,
            28.2
          ],
          [
            117.5,
            28.8
          ]
        ]
      },
      "properties": {
        "sid": "2016265N10150",
        "name": "MEGI",
        "start_time": "2016-09-21 06:00:00",
        "end_time": "2016-09-29 18:00:00",
        "max_wind_kt": 85.0
      }
    },
    {
      "type": "Feature",
      "geometry": {
        "type": "LineString",
        "coordinates": [
          [
            129.9,
            19.3
          ],
          [
            128.8,
            19.3
          ],
          [
            127.8,
            19.3
          ],
          [
            127.1,
            19.1
          ],
          [
            126.5,
            19.0
          ],
          [
            125.9,
            19.0
          ],
          [
            125.2,
            19.2
          ],
          [
            124.4,
            19.5
          ],
          [
            123.6,
            19.7
          ],
          [
            122.9,
            19.8
          ],
          [
            122.1,
            20.0
          ],
          [
            121.3,
            20.3
          ],
          [
            120.5,
            20.6
          ],
          [
            119.7,
            20.6
          ],
          [
            118.9,
            20.5
          ],
          [
            118.4,
            20.5
          ],
          [
            117.9,
            20.5
          ],
          [
            117.5,
            20.4
          ],
          [
            117.1,
            20.4
          ],
          [
            116.7,
            20.4
          ],
          [
            116.4,
            20.5
          ],
          [
            116.2,
            20.6
          ],
          [
            116.1,
            20.7
          ],
          [
            116.1,
            20.8
          ],
          [
            116.1,
            20.9
          ],
          [
            116.1,
            21.0
          ],
          [
            116.1,
            21.1
          ],
          [
            116.2,
            21.2
          ],
          [
            116.3,
            21.2
          ],
          [
            116.4,
            21.3
          ],
          [
            116.5,
            21.4
          ],
          [
            116.7,
            21.5
          ],
          [
            116.9,
            21.6
          ],
          [
            117.1,
            21.7
          ],
          [
            117.2,
            21.7
          ],
          [
            117.3,
            21.7
          ],
          [
            117.4,
            21.7
          ],
          [
            117.5,
            21.7
          ],
          [
            117.6,
            21.7
          ],
          [
            117.8,
            21.7
          ],
          [
            117.8,
            21.7
          ],
          [
            117.8,
            21.7
          ],
          [
            117.8,
            21.7
          ],
          [
            117.8,
            21.7
          ],
          [
            117.7,
            21.6
          ],
          [
            117.5,
            21.5
          ],
          [
            117.3,
            21.5
          ],
          [
            117.0,
            21.3
          ],
          [
            116.7,
            21.1
          ],
          [
            116.4,
            20.9
          ],
          [
            116.1,
            20.7
          ],
          [
            115.8,
            20.4
          ],
          [
            115.5,
            20.1
          ],
          [
            115.1,
            19.8
          ],
          [
            114.6,
            19.4
          ],
          [
            114.1,
            18.9
          ],
          [
            113.7,
            18.5
          ],
          [
            113.4,
            18.0
          ],
          [
            113.1,
            17.6
          ],
          [
            112.8,
            17.2
          ],
          [
            112.6,
            16.9
          ],
          [
            112.4,
            16.5
          ],
          [
            112.2,
            16.3
          ],
          [
            112.0,
            16.3
          ],
          [
            111.7,
            16.3
          ],
          [
            111.3,
            16.4
          ],
          [
            110.9,
            16.6
          ],
          [
            110.4,
            16.6
          ],
          [
            109.8,
            16.6
          ],
          [
            109.3,
            16.6
          ],
          [
            108.8,
            16.6
          ],
          [
            108.4,
            16.5
          ],
          [
            108.1,
            16.5
          ],
          [
            107.8,
            16.5
          ],
          [
            107.4,
            16.5
          ],
          [
            107.0,
            16.5
          ],
          [
            106.5,
            16.5
          ],
          [
            106.0,
            16.5
          ],
          [
            105.6,
            16.6
          ],
          [
            105.1,
            16.7
          ],
          [
            104.7,
            16.8
          ]
        ]
      },
      "properties": {
        "sid": "2016279N19130",
        "name": "AERE",
        "start_time": "2016-10-04 12:00:00",
        "end_time": "2016-10-14 12:00:00",
        "max_wind_kt": 60.0
      }
    },
    {
      "type": "Feature",
      "geometry": {
        "type": "LineString",
        "coordinates": [
          [
            130.5,
            12.4
          ],
          [
            130.3,
            12.7
          ],
          [
            130.0,
            12.9
          ],
          [
            129.7,
            13.1
          ],
          [
            129.4,
            13.2
          ],
          [
            129.0,
            13.4
          ],
          [
            128.6,
            13.6
          ],
          [
            128.2,
            13.7
          ],
          [
            127.8,
            13.8
          ],
          [
            127.4,
            13.8
          ],
          [
            127.0,
            13.8
          ],
          [
            126.7,
            13.8
          ],
          [
            126.4,
            13.8
          ],
          [
            126.2,
            13.8
          ],
          [
            125.9,
            13.9
          ],
          [
            125.6,
            13.9
          ],
          [
            125.2,
            14.0
          ],
          [
            124.9,
            14.2
          ],
          [
            124.5,
            14.3
          ],
          [
            124.2,
            14.5
          ],
          [
            123.9,
            14.7
          ],
          [
            123.4,
            14.9
          ],
          [
            123.0,
            15.1
          ],
          [
            122.4,
            15.4
          ],
          [
            121.8,
            15.7
          ],
          [
            120.8,
            16.0
          ],
          [
            119.9,
            16.2
          ],
          [
            119.0,
            16.4
          ],
          [
            118.3,
            16.5
          ],
          [
            117.8,
            16.6
          ],
          [
            117.3,
            16.7
          ],
          [
            116.4,
            16.8
          ],
          [
            115.6,
            16.8
          ],
          [
            114.9,
            16.9
          ],
          [
            114.3,
            17.1
          ],
          [
            113.7,
            17.2
          ],
          [
            113.1,
            17.4
          ],
          [
            112.7,
            17.5
          ],
          [
            112.4,
            17.7
          ],
          [
            112.0,
            17.9
          ],
          [
            111.6,
            18.1
          ],
          [
            111.1,
            18.4
          ],
          [
            110.7,
            18.6
          ],
          [
            110.3,
            18.8
          ],
          [
            109.9,
            19.0
          ],
          [
            109.6,
            19.3
          ],
          [
            109.3,
            19.6
          ],
          [
            109.0,
            19.8
          ],
          [
            108.8,
            20.1
          ],
          [
            108.5,
            20.5
          ],
          [
            108.3,
            20.9
          ],
          [
            108.2,
            21.3
          ],
          [
            108.1,
            21.6
          ],
          [
            108.0,
            21.8
          ],
          [
            107.9,
            22.0
          ],
          [
            107.9,
            22.3
          ],
          [
            107.9,
            22.6
          ],
          [
            108.0,
            22.9
          ],
          [
            108.1,
            23.2
          ],
          [
            108.4,
            23.5
          ],
          [
            108.7,
            23.8
          ]
        ]
      },
      "properties": {
        "sid": "2016287N12131",
        "name": "SARIKA",
        "start_time": "2016-10-12 18:00:00",
        "end_time": "2016-10-20 06:00:00",
        "max_wind_kt": 95.0
      }
    },
    {
      "type": "Feature",
      "geometry": {
        "type": "LineString",
        "coordinates": [
          [
            145.7,
            6.3
          ],
          [
            145.4,
            6.6
          ],
          [
            145.2,
            7.0
          ],
          [
            145.0,
            7.2
          ],
          [
            144.7,
            7.3
          ],
          [
            144.4,
            7.6
          ],
          [
            144.0,
            7.9
          ],
          [
            143.7,
            8.2
          ],
          [
            143.3,
            8.6
          ],
          [
            142.8,
            8.9
          ],
          [
            142.3,
            9.1
          ],
          [
            141.8,
            9.4
          ],
          [
            141.2,
            9.6
          ],
          [
            140.6,
            9.7
          ],
          [
            140.2,
            9.8
          ],
          [
            139.8,
            9.9
          ],
          [
            139.6,
            10.1
          ],
          [
            139.4,
            10.2
          ],
          [
            139.2,
            10.5
          ],
          [
            139.0,
            10.8
          ],
          [
            138.7,
            11.3
          ],
          [
            138.3,
            11.7
          ],
          [
            137.8,
            12.2
          ],
          [
            137.2,
            12.6
          ],
          [
            136.6,
            12.9
          ],
          [
            136.1,
            13.1
          ],
          [
            135.6,
            13.3
          ],
          [
            135.0,
            13.5
          ],
          [
            134.5,
            13.8
          ],
          [
            133.9,
            14.1
          ],
          [
            133.4,
            14.4
          ],
          [
            132.8,
            14.6
          ],
          [
            132.1,
            14.9
          ],
          [
            131.4,
            15.1
          ],
          [
            130.7,
            15.4
          ],
          [
            129.9,
            15.5
          ],
          [
            129.1,
            15.6
          ],
          [
            128.3,
            15.8
          ],
          [
            127.6,
            16.0
          ],
          [
            126.8,
            16.0
          ],
          [
            126.0,
            16.1
          ],
          [
            125.4,
            16.3
          ],
          [
            124.7,
            16.7
          ],
          [
            124.0,
            17.0
          ],
          [
            123.2,
            17.3
          ],
          [
            122.4,
            17.5
          ],
          [
            121.6,
            17.8
          ],
          [
            120.9,
            18.1
          ],
          [
            120.2,
            18.4
          ],
          [
            119.5,
            18.6
          ],
          [
            118.9,
            18.9
          ],
          [
            118.1,
            19.3
          ],
          [
            117.5,
            19.7
          ],
          [
            117.0,
            20.1
          ],
          [
            116.6,
            20.6
          ],
          [
            116.1,
            21.3
          ],
          [
            115.7,
            21.9
          ],
          [
            115.3,
            22.5
          ],
          [
            115.1,
            23.1
          ],
          [
            114.9,
            23.7
          ],
          [
            114.8,
            24.4
          ],
          [
            115.0,
            25.1
          ],
          [
            115.4,
            25.8
          ],
          [
            115.9,
            26.6
          ],
          [
            116.5,
            27.4
          ],
          [
            117.7,
            28.1
          ],
          [
            119.1,
            28.8
          ],
          [
            120.1,
            29.6
          ],
          [
            121.1,
            30.2
          ],
          [
            122.1,
            30.5
          ],
          [
            123.1,
            30.5
          ],
          [
            124.5,
            30.3
          ],
          [
            126.1,
            29.9
          ],
          [
            127.6,
            29.6
          ],
          [
            129.3,
            29.4
          ],
          [
            131.4,
            29.4
          ],
          [
            133.5,
            29.4
          ],
          [
            135.1,
            29.5
          ],
          [
            136.6,
            29.5
          ],
          [
            138.5,
            29.4
          ],
          [
            140.2,
            29.2
          ],
          [
            141.4,
            29.0
          ],
          [
            142.5,
            28.9
          ],
          [
            143.9,
            28.8
          ],
          [
            145.2,
            28.7
          ],
          [
            146.4,
            28.5
          ],
          [
            147.1,
            28.3
          ],
          [
            146.8,
            27.9
          ],
          [
            146.0,
            27.5
          ],
          [
            145.4,
            27.0
          ],
          [
            144.9,
            26.7
          ],
          [
            144.7,
            26.7
          ],
          [
            144.7,
            26.9
          ],
          [
            144.5,
            27.0
          ],
          [
            144.4,
            27.1
          ],
          [
            144.6,
            27.2
          ],
          [
            145.0,
            27.3
          ],
          [
            145.2,
            27.5
          ],
          [
            145.4,
            27.8
          ]
        ]
      },
      "properties": {
        "sid": "2016288N06146",
        "name": "HAIMA",
        "start_time": "2016-10-14 00:00:00",
        "end_time": "2016-10-26 06:00:00",
        "max_wind_kt": 115.0
      }
    },
    {
      "type": "Feature",
      "geometry": {
        "type": "LineString",
        "coordinates": [
          [
            129.8,
            10.7
          ],
          [
            129.3,
            10.6
          ],
          [
            128.8,
            10.6
          ],
          [
            128.3,
            10.7
          ],
          [
            127.8,
            10.8
          ],
          [
            127.4,
            10.8
          ],
          [
            127.1,
            11.0
          ],
          [
            126.7,
            11.1
          ],
          [
            126.3,
            11.2
          ],
          [
            125.9,
            11.2
          ],
          [
            125.5,
            11.3
          ],
          [
            125.1,
            11.3
          ],
          [
            124.6,
            11.2
          ],
          [
            124.0,
            11.2
          ],
          [
            123.4,
            11.3
          ],
          [
            122.9,
            11.4
          ],
          [
            122.5,
            11.6
          ],
          [
            121.8,
            11.9
          ],
          [
            120.9,
            12.3
          ],
          [
            120.0,
            12.6
          ],
          [
            119.2,
            12.9
          ],
          [
            118.5,
            13.3
          ],
          [
            118.0,
            13.6
          ],
          [
            117.4,
            13.9
          ],
          [
            117.1,
            14.2
          ],
          [
            116.8,
            14.4
          ],
          [
            116.7,
            14.6
          ],
          [
            116.7,
            14.8
          ],
          [
            116.8,
            15.0
          ],
          [
            116.8,
            15.1
          ],
          [
            116.9,
            15.3
          ],
          [
            117.0,
            15.6
          ],
          [
            117.2,
            15.9
          ],
          [
            117.4,
            16.1
          ],
          [
            117.6,
            16.3
          ],
          [
            117.7,
            16.6
          ],
          [
            117.9,
            16.8
          ],
          [
            117.9,
            17.1
          ],
          [
            118.0,
            17.4
          ],
          [
            118.0,
            17.8
          ],
          [
            118.2,
            18.2
          ],
          [
            118.4,
            18.7
          ],
          [
            118.7,
            19.2
          ],
          [
            119.2,
            19.6
          ],
          [
            119.7,
            20.1
          ],
          [
            120.3,
            20.4
          ],
          [
            120.9,
            20.8
          ],
          [
            121.5,
            21.2
          ],
          [
            122.2,
            21.7
          ]
        ]
      },
      "properties": {
        "sid": "2017104N11130",
        "name": "UNNAMED",
        "start_time": "2017-04-14 06:00:00",
        "end_time": "2017-04-20 06:00:00",
        "max_wind_kt": null
      }
    },
    {
      "type": "Feature",
      "geometry": {
        "type": "LineString",
        "coordinates": [
          [
            119.4,
            13.2
          ],
          [
            119.0,
            13.3
          ],
          [
            118.7,
            13.5
          ],
          [
            118.3,
            13.9
          ],
          [
            117.9,
            14.3
          ],
          [
            117.6,
            14.7
          ],
          [
            117.4,
            15.2
          ],
          [
            117.2,
            15.7
          ],
          [
            116.9,
            16.2
          ],
          [
            116.8,
            16.7
          ],
          [
            116.6,
            17.3
          ],
          [
            116.4,
            17.7
          ],
          [
            116.2,
            18.1
          ],
          [
            116.0,
            18.7
          ],
          [
            115.7,
            19.3
          ],
          [
            115.4,
            19.8
          ],
          [
            115.1,
            20.2
          ],
          [
            114.8,
            20.6
          ],
          [
            114.6,
            21.1
          ],
          [
            114.5,
            21.6
          ],
          [
            114.5,
            22.0
          ],
          [
            114.5,
            22.5
          ],
          [
            114.6,
            22.9
          ],
          [
            114.7,
            23.3
          ],
          [
            114.8,
            23.9
          ],
          [
            115.1,
            24.5
          ],
          [
            115.5,
            25.2
          ],
          [
            115.9,
            25.7
          ],
          [
            116.4,
            26.2
          ],
          [
            116.9,
            26.8
          ],
          [
            117.3,
            27.5
          ]
        ]
      },
      "properties": {
        "sid": "2017161N13119",
        "name": "MERBOK",
        "start_time": "2017-06-10 00:00:00",
        "end_time": "2017-06-13 18:00:00",
        "max_wind_kt": 55.0
      }
    },
    {
      "type": "Feature",
      "geometry": {
        "type": "LineString",
        "coordinates": [
          [
            114.1,
            16.0
          ],
          [
            113.9,
            16.2
          ],
          [
            113.5,
            16.3
          ],
          [
            113.3,
            16.4
          ],
          [
            113.0,
            16.5
          ],
          [
            112.8,
            16.5
          ],
          [
            112.6,
            16.6
          ],
          [
            112.4,
            16.7
          ],
          [
            112.2,
            16.8
          ],
          [
            112.0,
            16.9
          ],
          [
            111.8,
            17.0
          ],
          [
            111.5,
            17.1
          ],
          [
            111.2,
            17.2
          ],
          [
            110.8,
            17.3
          ],
          [
            110.3,
            17.5
          ],
          [
            109.9,
            17.6
          ],
          [
            109.4,
            17.7
          ],
          [
            108.9,
            17.9
          ],
          [
            108.4,
            18.1
          ],
          [
            107.8,
            18.3
          ],
          [
            107.1,
            18.4
          ],
          [
            106.5,
            18.5
          ],
          [
            105.7,
            18.6
          ],
          [
            104.9,
            18.8
          ],
          [
            103.9,
            18.9
          ],
          [
            103.0,
            18.9
          ],
          [
            102.1,
            19.0
          ],
          [
            101.4,
            19.1
          ],
          [
            100.8,
            19.3
          ],
          [
            100.5,
            19.4
          ],
          [
            100.2,
            19.6
          ]
        ]
      },
      "properties": {
        "sid": "2017195N16114",
        "name": "TALAS",
        "start_time": "2017-07-14 00:00:00",
        "end_time": "2017-07-17 18:00:00",
        "max_wind_kt": 50.0
      }
    },
    {
      "type": "Feature",
      "geometry": {
        "type": "LineString",
        "coordinates": [
          [
            124.2,
            18.6
          ],
          [
            123.7,
            18.8
          ],
          [
            123.1,
            19.1
          ],
          [
            122.6,
            19.5
          ],
          [
            122.0,
            19.9
          ],
          [
            121.3,
            20.3
          ],
          [
            120.6,
            20.7
          ],
          [
            119.8,
            20.9
          ],
          [
            119.1,
            21.2
          ],
          [
            118.4,
            21.4
          ],
          [
            117.7,
            21.6
          ],
          [
            117.0,
            21.7
          ],
          [
            116.2,
            21.8
          ],
          [
            115.5,
            22.0
          ],
          [
            114.8,
            22.3
          ],
          [
            114.1,
            22.5
          ],
          [
            113.3,
            22.8
          ],
          [
            112.1,
            22.8
          ],
          [
            110.8,
            22.8
          ]
        ]
      },
      "properties": {
        "sid": "2017202N19124",
        "name": "ROKE",
        "start_time": "2017-07-21 06:00:00",
        "end_time": "2017-07-23 12:00:00",
        "max_wind_kt": 35.0
      }
    },
    {
      "type": "Feature",
      "geometry": {
        "type": "LineString",
        "coordinates": [
          [
            128.9,
            12.7
          ],
          [
            128.7,
            13.0
          ],
          [
            128.7,
            13.2
          ],
          [
            128.7,
            13.6
          ],
          [
            128.8,
            14.0
          ],
          [
            128.6,
            14.4
          ],
          [
            128.3,
            14.8
          ],
          [
            128.2,
            15.2
          ],
          [
            128.2,
            15.6
          ],
          [
            128.1,
            15.9
          ],
          [
            128.1,
            16.2
          ],
          [
            128.0,
            16.4
          ],
          [
            127.9,
            16.7
          ],
          [
            127.8,
            17.0
          ],
          [
            127.7,
            17.2
          ],
          [
            127.7,
            17.4
          ],
          [
            127.6,
            17.7
          ],
          [
            127.5,
            17.9
          ],
          [
            127.3,
            18.1
          ],
          [
            127.2,
            18.4
          ],
          [
            127.0,
            18.7
          ],
          [
            126.8,
            19.0
          ],
          [
            126.4,
            19.4
          ],
          [
            126.0,
            19.7
          ],
          [
            125.6,
            20.0
          ],
          [
            125.3,
            20.3
          ],
          [
            125.0,
            20.6
          ],
          [
            124.7,
            20.8
          ],
          [
            124.4,
            21.1
          ],
          [
            123.9,
            21.4
          ],
          [
            123.6,
            21.7
          ],
          [
            123.4,
            22.1
          ],
          [
            123.2,
            22.4
          ],
          [
            123.0,
            22.9
          ],
          [
            122.7,
            23.4
          ],
          [
            122.4,
            24.0
          ],
          [
            121.8,
            24.6
          ],
          [
            120.9,
            24.9
          ],
          [
            120.3,
            25.1
          ],
          [
            119.7,
            25.4
          ],
          [
            119.2,
            25.8
          ],
          [
            118.6,
            25.9
          ],
          [
            118.0,
            26.0
          ],
          [
            117.5,
            25.9
          ],
          [
            117.2,
            25.8
          ],
          [
            117.0,
            25.5
          ],
          [
            116.7,
            25.3
          ],
          [
            116.7,
            25.1
          ],
          [
            116.6,
            24.8
          ]
        ]
      },
      "properties": {
        "sid": "2017206N13129",
        "name": "NESAT",
        "start_time": "2017-07-25 00:00:00",
        "end_time": "2017-07-31 00:00:00",
        "max_wind_kt": 80.0
      }
    },
    {
      "type": "Feature",
      "geometry": {
        "type": "LineString",
        "coordinates": [
          [
            117.9,
            19.2
          ],
          [
            117.6,
            19.3
          ],
          [
            117.3,
            19.4
          ],
          [
            116.9,
            19.4
          ],
          [
            116.7,
            19.4
          ],
          [
            116.4,
            19.3
          ],
          [
            116.2,
            19.2
          ],
          [
            115.9,
            18.9
          ],
          [
            115.8,
            18.6
          ],
          [
            115.7,
            18.3
          ],
          [
            115.9,
            18.1
          ],
          [
            116.0,
            18.1
          ],
          [
            116.3,
            18.2
          ],
          [
            116.5,
            18.1
          ],
          [
            116.8,
            18.3
          ],
          [
            117.1,
            18.6
          ],
          [
            117.5,
            18.8
          ],
          [
            117.9,
            19.0
          ],
          [
            118.3,
            19.3
          ],
          [
            118.8,
            19.6
          ],
          [
            119.4,
            20.0
          ],
          [
            119.9,
            20.9
          ],
          [
            120.3,
            21.7
          ],
          [
            120.5,
            22.3
          ],
          [
            120.5,
            23.0
          ],
          [
            120.5,
            23.8
          ],
          [
            120.1,
            24.7
          ],
          [
            119.6,
            25.4
          ],
          [
            118.9,
            26.1
          ],
          [
            118.3,
            26.6
          ],
          [
            117.9,
            27.1
          ],
          [
            117.5,
            27.6
          ],
          [
            117.0,
            28.0
          ],
          [
            116.6,
            28.5
          ],
          [
            116.4,
            29.0
          ],
          [
            116.2,
            29.4
          ],
          [
            116.1,
            29.7
          ],
          [
            115.9,
            30.2
          ],
          [
            115.8,
            30.6
          ],
          [
            115.7,
            30.9
          ],
          [
            115.7,
            31.2
          ],
          [
            115.6,
            31.4
          ],
          [
            115.6,
            31.6
          ],
          [
            115.6,
            31.8
          ],
          [
            115.8,
            32.0
          ],
          [
            115.8,
            32.3
          ],
          [
            115.9,
            32.6
          ],
          [
            115.9,
            32.9
          ],
          [
            115.9,
            33.2
          ],
          [
            116.0,
            33.6
          ],
          [
            116.0,
            34.0
          ],
          [
            116.2,
            34.6
          ],
          [
            116.5,
            35.2
          ],
          [
            116.9,
            35.8
          ],
          [
            117.4,
            36.4
          ]
        ]
      },
      "properties": {
        "sid": "2017209N19118",
        "name": "HAITANG",
        "start_time": "2017-07-27 12:00:00",
        "end_time": "2017-08-03 06:00:00",
        "max_wind_kt": 45.0
      }
    },
    {
      "type": "Feature",
      "geometry": {
        "type": "LineString",
        "coordinates": [
          [
            130.1,
            19.1
          ],
          [
            129.6,
            19.3
          ],
          [
            129.6,
            19.0
          ],
          [
            129.2,
            19.1
          ],
          [
            128.8,
            19.3
          ],
          [
            128.3,
            19.4
          ],
          [
            127.7,
            19.5
          ],
          [
            127.2,
            19.6
          ],
          [
            126.7,
            19.6
          ],
          [
            126.3,
            19.7
          ],
          [
            125.9,
            19.8
          ],
          [
            125.6,
            19.9
          ],
          [
            125.1,
            20.1
          ],
          [
            124.6,
            20.2
          ],
          [
            124.1,
            20.3
          ],
          [
            123.6,
            20.4
          ],
          [
            122.9,
            20.3
          ],
          [
            122.1,
            20.2
          ],
          [
            121.3,
            20.1
          ],
          [
            120.6,
            20.2
          ],
          [
            120.0,
            20.3
          ],
          [
            119.4,
            20.4
          ],
          [
            118.7,
            20.4
          ],
          [
            118.0,
            20.5
          ],
          [
            117.3,
            20.6
          ],
          [
            116.7,
            20.8
          ],
          [
            116.0,
            21.0
          ],
          [
            115.2,
            21.2
          ],
          [
            114.5,
            21.5
          ],
          [
            113.7,
            21.9
          ],
          [
            112.9,
            22.2
          ],
          [
            111.9,
            22.5
          ],
          [
            110.9,
            22.7
          ],
          [
            110.0,
            22.9
          ],
          [
            109.1,
            23.1
          ],
          [
            108.3,
            23.3
          ],
          [
            107.6,
            23.4
          ],
          [
            106.9,
            23.6
          ],
          [
            106.2,
            23.7
          ],
          [
            105.5,
            23.7
          ],
          [
            104.7,
            23.8
          ],
          [
            103.6,
            23.7
          ],
          [
            102.4,
            23.7
          ],
          [
            101.0,
            23.7
          ],
          [
            99.7,
            23.7
          ]
        ]
      },
      "properties": {
        "sid": "2017232N19130",
        "name": "HATO",
        "start_time": "2017-08-19 12:00:00",
        "end_time": "2017-08-25 00:00:00",
        "max_wind_kt": 75.0
      }
    },
    {
      "type": "Feature",
      "geometry": {
        "type": "LineString",
        "coordinates": [
          [
            128.8,
            15.3
          ],
          [
            128.2,
            15.4
          ],
          [
            127.6,
            15.4
          ],
          [
            126.9,
            15.4
          ],
          [
            126.2,
            15.4
          ],
          [
            125.5,
            15.2
          ],
          [
            124.9,
            15.1
          ],
          [
            124.4,
            15.0
          ],
          [
            123.9,
            15.0
          ],
          [
            123.5,
            15.2
          ],
          [
            123.0,
            15.4
          ],
          [
            122.7,
            15.7
          ],
          [
            122.3,
            16.0
          ],
          [
            121.8,
            16.4
          ],
          [
            121.2,
            16.7
          ],
          [
            120.5,
            17.1
          ],
          [
            119.6,
            17.5
          ],
          [
            118.9,
            17.8
          ],
          [
            118.2,
            18.2
          ],
          [
            117.4,
            18.7
          ],
          [
            116.6,
            19.2
          ],
          [
            115.8,
            19.9
          ],
          [
            114.9,
            20.6
          ],
          [
            114.2,
            21.2
          ],
          [
            113.4,
            21.9
          ],
          [
            112.5,
            22.5
          ],
          [
            111.6,
            23.1
          ],
          [
            110.7,
            23.5
          ],
          [
            109.9,
            23.7
          ],
          [
            109.3,
            23.9
          ],
          [
            108.6,
            24.1
          ],
          [
            108.0,
            24.0
          ],
          [
            107.4,
            23.9
          ]
        ]
      },
      "properties": {
        "sid": "2017236N15129",
        "name": "PAKHAR",
        "start_time": "2017-08-24 00:00:00",
        "end_time": "2017-08-28 00:00:00",
        "max_wind_kt": 55.0
      }
    },
    {
      "type": "Feature",
      "geometry": {
        "type": "LineString",
        "coordinates": [
          [
            122.0,
            18.9
          ],
          [
            121.4,
            18.9
          ],
          [
            120.9,
            18.9
          ],
          [
            120.5,
            18.9
          ],
          [
            120.1,
            18.8
          ],
          [
            119.8,
            18.8
          ],
          [
            119.7,
            18.9
          ],
          [
            119.6,
            19.0
          ],
          [
            119.4,
            19.1
          ],
          [
            119.3,
            19.3
          ],
          [
            119.2,
            19.4
          ],
          [
            119.1,
            19.5
          ],
          [
            119.1,
            19.7
          ],
          [
            119.0,
            19.8
          ],
          [
            118.9,
            20.0
          ],
          [
            118.8,
            20.2
          ],
          [
            118.6,
            20.4
          ],
          [
            118.5,
            20.6
          ],
          [
            118.3,
            20.7
          ],
          [
            118.0,
            20.9
          ],
          [
            117.7,
            21.0
          ],
          [
            117.5,
            21.1
          ],
          [
            117.4,
            21.1
          ],
          [
            117.2,
            21.2
          ],
          [
            117.2,
            21.3
          ],
          [
            117.1,
            21.4
          ],
          [
            117.1,
            21.4
          ],
          [
            117.0,
            21.6
          ],
          [
            116.9,
            21.7
          ],
          [
            116.8,
            21.8
          ],
          [
            116.6,
            21.9
          ],
          [
            116.5,
            22.1
          ],
          [
            116.4,
            22.3
          ],
          [
            116.3,
            22.4
          ],
          [
            116.1,
            22.6
          ],
          [
            115.8,
            22.8
          ],
          [
            115.4,
            23.1
          ],
          [
            115.0,
            23.3
          ],
          [
            114.6,
            23.4
          ],
          [
            114.0,
            23.5
          ],
          [
            113.4,
            23.6
          ]
        ]
      },
      "properties": {
        "sid": "2017242N19122",
        "name": "MAWAR",
        "start_time": "2017-08-30 06:00:00",
        "end_time": "2017-09-04 06:00:00",
        "max_wind_kt": 50.0
      }
    },
    {
      "type": "Feature",
      "geometry": {
        "type": "LineString",
        "coordinates": [
          [
            132.4,
            16.0
          ],
          [
            131.4,
            16.2
          ],
          [
            130.3,
            16.3
          ],
          [
            129.3,
            16.3
          ],
          [
            128.4,
            16.3
          ],
          [
            127.8,
            16.3
          ],
          [
            127.3,
            16.3
          ],
          [
            126.6,
            16.4
          ],
          [
            125.9,
            16.4
          ],
          [
            125.5,
            16.5
          ],
          [
            125.2,
            16.7
          ],
          [
            124.9,
            17.0
          ],
          [
            124.9,
            17.5
          ],
          [
            124.6,
            18.2
          ],
          [
            124.2,
            18.9
          ],
          [
            123.5,
            19.4
          ],
          [
            122.6,
            19.7
          ],
          [
            121.8,
            20.0
          ],
          [
            121.1,
            20.2
          ],
          [
            120.7,
            20.2
          ],
          [
            120.4,
            20.3
          ],
          [
            120.1,
            20.4
          ],
          [
            120.0,
            20.7
          ],
          [
            120.1,
            21.2
          ],
          [
            120.0,
            21.7
          ],
          [
            119.6,
            22.0
          ],
          [
            119.1,
            22.2
          ],
          [
            118.9,
            22.5
          ],
          [
            118.9,
            22.8
          ],
          [
            119.0,
            23.2
          ],
          [
            119.1,
            23.7
          ],
          [
            119.3,
            24.2
          ],
          [
            119.4,
            24.7
          ],
          [
            119.5,
            25.2
          ],
          [
            119.6,
            25.4
          ]
        ]
      },
      "properties": {
        "sid": "2017247N16132",
        "name": "GUCHOL",
        "start_time": "2017-09-03 12:00:00",
        "end_time": "2017-09-07 18:00:00",
        "max_wind_kt": 35.0
      }
    },
    {
      "type": "Feature",
      "geometry": {
        "type": "LineString",
        "coordinates": [
          [
            116.3,
            17.5
          ],
          [
            115.7,
            17.8
          ],
          [
            114.8,
            18.0
          ],
          [
            114.0,
            18.1
          ],
          [
            113.1,
            18.2
          ],
          [
            112.3,
            18.4
          ],
          [
            111.8,
            18.6
          ],
          [
            111.3,
            18.8
          ],
          [
            110.7,
            18.9
          ],
          [
            110.2,
            19.2
          ],
          [
            109.5,
            19.5
          ],
          [
            108.8,
            19.8
          ],
          [
            108.2,
            20.2
          ],
          [
            107.6,
            20.6
          ],
          [
            107.1,
            21.1
          ],
          [
            106.5,
            21.5
          ],
          [
            105.9,
            21.8
          ]
        ]
      },
      "properties": {
        "sid": "2017267N18116",
        "name": "UNNAMED",
        "start_time": "2017-09-23 12:00:00",
        "end_time": "2017-09-25 12:00:00",
        "max_wind_kt": null
      }
    },
    {
      "type": "Feature",
      "geometry": {
        "type": "LineString",
        "coordinates": [
          [
            134.0,
            15.5
          ],
          [
            133.1,
            15.8
          ],
          [
            132.2,
            16.3
          ],
          [
            131.3,
            16.5
          ],
          [
            130.3,
            16.7
          ],
          [
            129.2,
            16.9
          ],
          [
            128.2,
            17.2
          ],
          [
            127.3,
            17.5
          ],
          [
            126.5,
            17.8
          ],
          [
            125.6,
            18.0
          ],
          [
            124.7,
            18.1
          ],
          [
            124.0,
            18.1
          ],
          [
            123.4,
            18.2
          ],
          [
            122.7,
            18.2
          ],
          [
            122.0,
            18.2
          ],
          [
            121.2,
            18.0
          ],
          [
            120.5,
            17.7
          ],
          [
            119.9,
            17.5
          ],
          [
            119.4,
            17.2
          ],
          [
            119.1,
            17.1
          ],
          [
            118.9,
            17.0
          ],
          [
            118.7,
            16.9
          ],
          [
            118.6,
            17.0
          ],
          [
            118.5,
            17.0
          ],
          [
            118.4,
            17.2
          ],
          [
            118.2,
            17.4
          ],
          [
            118.0,
            17.8
          ],
          [
            117.8,
            18.1
          ],
          [
            117.5,
            18.6
          ],
          [
            117.0,
            19.0
          ],
          [
            116.4,
            19.5
          ],
          [
            115.6,
            19.8
          ],
          [
            114.8,
            20.0
          ],
          [
            114.1,
            20.3
          ],
          [
            113.4,
            20.5
          ],
          [
            112.6,
            20.7
          ],
          [
            111.8,
            20.8
          ],
          [
            111.2,
            20.8
          ],
          [
            110.6,
            20.7
          ],
          [
            110.2,
            20.5
          ],
          [
            109.8,
            20.3
          ],
          [
            109.6,
            20.2
          ],
          [
            109.4,
            20.4
          ]
        ]
      },
      "properties": {
        "sid": "2017284N15134",
        "name": "KHANUN",
        "start_time": "2017-10-11 00:00:00",
        "end_time": "2017-10-16 06:00:00",
        "max_wind_kt": 75.0
      }
    },
    {
      "type": "Feature",
      "geometry": {
        "type": "LineString",
        "coordinates": [
          [
            112.6,
            12.3
          ],
          [
            111.9,
            12.4
          ],
          [
            111.7,
            12.4
          ],
          [
            111.6,
            12.7
          ],
          [
            111.6,
            13.1
          ],
          [
            111.5,
            13.5
          ],
          [
            111.3,
            13.8
          ],
          [
            111.2,
            14.2
          ],
          [
            111.0,
            14.7
          ],
          [
            110.9,
            14.9
          ],
          [
            110.8,
            15.1
          ],
          [
            110.7,
            15.3
          ],
          [
            110.7,
            15.4
          ],
          [
            110.6,
            15.5
          ],
          [
            110.5,
            15.6
          ],
          [
            110.5,
            15.7
          ],
          [
            110.5,
            15.8
          ],
          [
            110.6,
            15.9
          ],
          [
            110.7,
            16.1
          ],
          [
            110.8,
            16.3
          ],
          [
            111.0,
            16.7
          ],
          [
            111.1,
            17.0
          ],
          [
            111.2,
            17.4
          ],
          [
            111.3,
            17.9
          ],
          [
            111.3,
            18.5
          ],
          [
            111.3,
            19.1
          ],
          [
            111.2,
            19.7
          ],
          [
            111.1,
            20.2
          ],
          [
            110.9,
            20.5
          ],
          [
            110.7,
            20.6
          ],
          [
            110.5,
            20.5
          ],
          [
            110.4,
            20.3
          ],
          [
            110.4,
            20.2
          ],
          [
            110.5,
            20.1
          ],
          [
            110.7,
            20.1
          ],
          [
            110.9,
            20.2
          ],
          [
            111.0,
            20.3
          ],
          [
            111.1,
            20.5
          ],
          [
            111.2,
            20.7
          ],
          [
            111.3,
            20.9
          ],
          [
            111.5,
            21.0
          ],
          [
            111.7,
            21.3
          ],
          [
            111.8,
            21.5
          ],
          [
            111.9,
            21.8
          ],
          [
            112.0,
            22.1
          ],
          [
            112.1,
            22.4
          ],
          [
            112.2,
            22.7
          ],
          [
            112.3,
            22.9
          ],
          [
            112.4,
            23.1
          ],
          [
            112.5,
            23.3
          ],
          [
            112.6,
            23.4
          ],
          [
            112.9,
            23.5
          ],
          [
            113.2,
            23.4
          ],
          [
            113.5,
            23.3
          ],
          [
            113.8,
            23.2
          ],
          [
            113.9,
            23.1
          ],
          [
            114.1,
            23.1
          ],
          [
            114.2,
            23.0
          ],
          [
            114.4,
            22.9
          ],
          [
            114.7,
            22.7
          ],
          [
            115.1,
            22.6
          ],
          [
            115.7,
            22.6
          ],
          [
            116.4,
            22.7
          ],
          [
            117.3,
            22.9
          ],
          [
            118.6,
            23.1
          ],
          [
            120.3,
            23.2
          ],
          [
            121.8,
            23.4
          ],
          [
            122.5,
            23.6
          ],
          [
            122.8,
            23.9
          ],
          [
            123.2,
            24.3
          ],
          [
            123.7,
            24.6
          ],
          [
            124.4,
            24.8
          ],
          [
            125.3,
            24.9
          ]
        ]
      },
      "properties": {
        "sid": "2018153N12113",
        "name": "EWINIAR",
        "start_time": "2018-06-02 06:00:00",
        "end_time": "2018-06-11 06:00:00",
        "max_wind_kt": 40.0
      }
    },
    {
      "type": "Feature",
      "geometry": {
        "type": "LineString",
        "coordinates": [
          [
            120.3,
            20.9
          ],
          [
            121.1,
            21.3
          ],
          [
            121.8,
            21.7
          ],
          [
            122.3,
            22.2
          ],
          [
            122.7,
            22.7
          ],
          [
            123.1,
            23.2
          ],
          [
            123.5,
            23.8
          ],
          [
            123.9,
            24.5
          ],
          [
            124.5,
            25.3
          ],
          [
            125.4,
            26.1
          ],
          [
            126.4,
            26.8
          ]
        ]
      },
      "properties": {
        "sid": "2018164N21120",
        "name": "UNNAMED",
        "start_time": "2018-06-13 00:00:00",
        "end_time": "2018-06-14 06:00:00",
        "max_wind_kt": null
      }
    },
    {
      "type": "Feature",
      "geometry": {
        "type": "LineString",
        "coordinates": [
          [
            117.2,
            21.6
          ],
          [
            117.6,
            21.6
          ],
          [
            117.6,
            21.6
          ],
          [
            117.9,
            21.6
          ],
          [
            118.3,
            21.6
          ],
          [
            118.7,
            21.7
          ],
          [
            119.1,
            21.9
          ],
          [
            119.4,
            22.1
          ],
          [
            119.7,
            22.3
          ],
          [
            120.0,
            22.5
          ],
          [
            120.2,
            22.6
          ],
          [
            120.3,
            22.7
          ],
          [
            120.4,
            22.8
          ],
          [
            121.0,
            22.9
          ],
          [
            121.8,
            23.3
          ],
          [
            122.8,
            23.9
          ],
          [
            123.8,
            24.7
          ],
          [
            124.5,
            25.2
          ],
          [
            125.2,
            25.5
          ],
          [
            126.1,
            26.0
          ],
          [
            127.1,
            26.4
          ],
          [
            128.0,
            26.7
          ],
          [
            128.8,
            26.9
          ],
          [
            129.8,
            27.1
          ],
          [
            130.6,
            27.3
          ],
          [
            131.0,
            27.5
          ],
          [
            131.3,
            27.8
          ],
          [
            131.7,
            28.2
          ],
          [
            132.1,
            28.5
          ],
          [
            132.4,
            28.9
          ],
          [
            132.7,
            29.4
          ],
          [
            133.1,
            29.7
          ],
          [
            133.5,
            30.0
          ],
          [
            133.8,
            30.2
          ],
          [
            134.2,
            30.5
          ],
          [
            134.7,
            30.8
          ],
          [
            135.3,
            31.1
          ],
          [
            136.2,
            31.4
          ],
          [
            137.2,
            31.7
          ],
          [
            138.1,
            31.8
          ],
          [
            139.0,
            32.0
          ],
          [
            140.2,
            32.2
          ],
          [
            141.5,
            32.6
          ],
          [
            142.8,
            33.1
          ],
          [
            144.0,
            33.7
          ],
          [
            145.2,
            34.3
          ],
          [
            146.3,
            34.8
          ],
          [
            147.2,
            35.4
          ],
          [
            148.2,
            35.8
          ],
          [
            149.3,
            36.0
          ],
          [
            150.2,
            36.1
          ],
          [
            150.7,
            36.3
          ],
          [
            151.0,
            36.7
          ],
          [
            151.3,
            37.0
          ],
          [
            151.5,
            37.3
          ],
          [
            151.8,
            37.7
          ],
          [
            152.1,
            38.1
          ],
          [
            152.3,
            38.4
          ],
          [
            152.5,
            38.7
          ],
          [
            152.8,
            39.0
          ],
          [
            153.2,
            39.3
          ],
          [
            153.7,
            39.6
          ],
          [
            154.1,
            40.0
          ],
          [
            154.2,
            40.5
          ],
          [
            154.1,
            41.0
          ]
        ]
      },
      "properties": {
        "sid": "2018165N22117",
        "name": "GAEMI",
        "start_time": "2018-06-13 12:00:00",
        "end_time": "2018-06-21 12:00:00",
        "max_wind_kt": 45.0
      }
    },
    {
      "type": "Feature",
      "geometry": {
        "type": "LineString",
        "coordinates": [
          [
            147.4,
            10.0
          ],
          [
            147.4,
            10.3
          ],
          [
            147.4,
            10.6
          ],
          [
            147.2,
            10.9
          ],
          [
            147.1,
            11.1
          ],
          [
            146.9,
            11.3
          ],
          [
            146.7,
            11.4
          ],
          [
            146.5,
            11.5
          ],
          [
            146.4,
            11.6
          ],
          [
            146.3,
            11.8
          ],
          [
            146.1,
            12.1
          ],
          [
            145.9,
            12.3
          ],
          [
            145.5,
            12.6
          ],
          [
            145.2,
            13.0
          ],
          [
            144.9,
            13.4
          ],
          [
            144.5,
            13.7
          ],
          [
            144.1,
            14.0
          ],
          [
            143.7,
            14.3
          ],
          [
            143.4,
            14.5
          ],
          [
            143.0,
            14.7
          ],
          [
            142.7,
            14.8
          ],
          [
            142.5,
            15.1
          ],
          [
            142.4,
            15.4
          ],
          [
            142.2,
            15.7
          ],
          [
            142.0,
            16.0
          ],
          [
            141.8,
            16.3
          ],
          [
            141.6,
            16.5
          ],
          [
            141.4,
            16.6
          ],
          [
            141.3,
            16.7
          ],
          [
            141.1,
            16.8
          ],
          [
            141.0,
            16.9
          ],
          [
            140.9,
            17.0
          ],
          [
            140.8,
            17.2
          ],
          [
            140.7,
            17.4
          ],
          [
            140.6,
            17.6
          ],
          [
            140.5,
            17.8
          ],
          [
            140.3,
            18.0
          ],
          [
            140.0,
            18.2
          ],
          [
            139.7,
            18.5
          ],
          [
            139.3,
            18.7
          ],
          [
            138.9,
            19.0
          ],
          [
            138.4,
            19.4
          ],
          [
            137.8,
            19.9
          ],
          [
            137.2,
            20.2
          ],
          [
            136.6,
            20.5
          ],
          [
            135.9,
            20.8
          ],
          [
            135.1,
            21.1
          ],
          [
            134.3,
            21.4
          ],
          [
            133.5,
            21.8
          ],
          [
            132.7,
            22.1
          ],
          [
            131.9,
            22.4
          ],
          [
            131.1,
            22.7
          ],
          [
            130.4,
            22.9
          ],
          [
            129.6,
            23.2
          ],
          [
            128.8,
            23.4
          ],
          [
            128.0,
            23.7
          ],
          [
            127.2,
            24.0
          ],
          [
            126.3,
            24.4
          ],
          [
            125.5,
            24.7
          ],
          [
            124.8,
            25.0
          ],
          [
            124.0,
            25.3
          ],
          [
            123.3,
            25.7
          ],
          [
            122.3,
            26.1
          ],
          [
            121.1,
            26.3
          ],
          [
            120.1,
            26.4
          ],
          [
            119.1,
            26.4
          ],
          [
            118.2,
            26.6
          ],
          [
            117.5,
            26.8
          ],
          [
            116.8,
            27.0
          ],
          [
            116.1,
            27.4
          ],
          [
            115.6,
            27.9
          ],
          [
            115.0,
            28.2
          ],
          [
            114.4,
            28.6
          ],
          [
            114.0,
            28.9
          ],
          [
            113.7,
            29.3
          ],
          [
            113.3,
            29.7
          ],
          [
            112.9,
            30.1
          ],
          [
            112.7,
            30.4
          ],
          [
            112.5,
            30.9
          ],
          [
            112.6,
            31.7
          ],
          [
            112.5,
            32.4
          ]
        ]
      },
      "properties": {
        "sid": "2018184N10147",
        "name": "MARIA",
        "start_time": "2018-07-03 00:00:00",
        "end_time": "2018-07-13 00:00:00",
        "max_wind_kt": 105.0
      }
    },
    {
      "type": "Feature",
      "geometry": {
        "type": "LineString",
        "coordinates": [
          [
            137.8,
            19.0
          ],
          [
            137.3,
            19.2
          ],
          [
            136.9,
            19.4
          ],
          [
            136.5,
            19.6
          ],
          [
            136.0,
            19.8
          ],
          [
            135.5,
            20.1
          ],
          [
            134.9,
            20.3
          ],
          [
            134.4,
            20.4
          ],
          [
            133.8,
            20.5
          ],
          [
            133.0,
            20.6
          ],
          [
            132.2,
            20.6
          ],
          [
            131.5,
            20.5
          ],
          [
            130.8,
            20.3
          ],
          [
            130.1,
            20.0
          ],
          [
            129.5,
            19.6
          ],
          [
            129.0,
            19.2
          ],
          [
            128.4,
            18.9
          ],
          [
            127.7,
            19.0
          ],
          [
            126.9,
            19.2
          ],
          [
            126.1,
            19.1
          ],
          [
            125.3,
            18.9
          ],
          [
            124.6,
            18.8
          ],
          [
            123.9,
            18.8
          ],
          [
            123.2,
            18.7
          ],
          [
            122.4,
            18.7
          ],
          [
            121.7,
            18.9
          ],
          [
            120.8,
            19.2
          ],
          [
            119.6,
            19.3
          ],
          [
            118.3,
            19.4
          ],
          [
            117.0,
            19.3
          ],
          [
            115.7,
            19.3
          ],
          [
            114.6,
            19.2
          ],
          [
            113.5,
            19.0
          ],
          [
            112.4,
            19.0
          ],
          [
            111.3,
            18.9
          ],
          [
            110.4,
            18.8
          ],
          [
            109.5,
            18.8
          ],
          [
            108.7,
            18.8
          ],
          [
            107.9,
            18.8
          ],
          [
            107.3,
            18.7
          ],
          [
            106.8,
            18.7
          ],
          [
            106.2,
            18.8
          ],
          [
            105.6,
            19.0
          ],
          [
            105.1,
            19.1
          ],
          [
            104.6,
            19.1
          ],
          [
            104.0,
            19.3
          ],
          [
            103.6,
            19.4
          ],
          [
            103.2,
            19.5
          ],
          [
            103.0,
            19.6
          ],
          [
            102.9,
            19.7
          ],
          [
            102.9,
            19.8
          ],
          [
            103.0,
            19.9
          ],
          [
            103.1,
            20.1
          ],
          [
            103.3,
            20.2
          ],
          [
            103.5,
            20.4
          ],
          [
            103.8,
            20.5
          ],
          [
            104.1,
            20.5
          ],
          [
            104.4,
            20.5
          ],
          [
            104.7,
            20.5
          ],
          [
            105.1,
            20.5
          ],
          [
            105.5,
            20.4
          ],
          [
            105.8,
            20.2
          ],
          [
            106.1,
            19.9
          ],
          [
            106.3,
            19.8
          ],
          [
            106.5,
            19.7
          ],
          [
            106.9,
            19.5
          ],
          [
            107.2,
            19.4
          ],
          [
            107.4,
            19.3
          ],
          [
            107.7,
            19.3
          ],
          [
            107.9,
            19.1
          ],
          [
            108.2,
            19.1
          ],
          [
            108.5,
            19.0
          ],
          [
            108.9,
            19.0
          ],
          [
            109.1,
            19.2
          ],
          [
            109.4,
            19.4
          ],
          [
            109.6,
            19.6
          ],
          [
            109.8,
            19.9
          ],
          [
            110.1,
            20.2
          ],
          [
            110.2,
            20.4
          ],
          [
            110.4,
            20.6
          ],
          [
            110.5,
            20.8
          ],
          [
            110.5,
            20.9
          ],
          [
            110.5,
            21.1
          ],
          [
            110.3,
            21.5
          ],
          [
            109.9,
            21.9
          ],
          [
            109.4,
            22.3
          ],
          [
            109.0,
            22.5
          ],
          [
            108.6,
            22.8
          ],
          [
            108.3,
            23.1
          ],
          [
            108.0,
            23.4
          ],
          [
            107.6,
            23.6
          ]
        ]
      },
      "properties": {
        "sid": "2018195N19138",
        "name": "SON-TINH",
        "start_time": "2018-07-13 12:00:00",
        "end_time": "2018-07-24 18:00:00",
        "max_wind_kt": 40.0
      }
    },
    {
      "type": "Feature",
      "geometry": {
        "type": "LineString",
        "coordinates": [
          [
            127.9,
            18.4
          ],
          [
            128.0,
            18.6
          ],
          [
            128.0,
            18.9
          ],
          [
            128.2,
            19.1
          ],
          [
            128.4,
            19.2
          ],
          [
            128.7,
            19.4
          ],
          [
            129.0,
            19.5
          ],
          [
            129.5,
            19.6
          ],
          [
            129.8,
            19.6
          ],
          [
            130.0,
            19.7
          ],
          [
            130.3,
            19.8
          ],
          [
            130.6,
            19.9
          ],
          [
            130.9,
            20.1
          ],
          [
            131.3,
            20.4
          ],
          [
            131.6,
            20.7
          ],
          [
            131.7,
            21.1
          ],
          [
            131.6,
            21.4
          ],
          [
            131.4,
            21.8
          ],
          [
            131.2,
            22.1
          ],
          [
            131.0,
            22.4
          ],
          [
            130.8,
            22.6
          ],
          [
            130.7,
            22.8
          ],
          [
            130.5,
            23.1
          ],
          [
            130.3,
            23.7
          ],
          [
            130.0,
            24.3
          ],
          [
            129.6,
            24.8
          ],
          [
            129.1,
            25.4
          ],
          [
            128.6,
            26.1
          ],
          [
            128.1,
            26.5
          ],
          [
            127.9,
            26.7
          ],
          [
            127.2,
            27.3
          ],
          [
            126.6,
            27.8
          ],
          [
            126.1,
            28.3
          ],
          [
            125.6,
            28.8
          ],
          [
            124.9,
            29.3
          ],
          [
            124.1,
            29.8
          ],
          [
            123.5,
            30.2
          ],
          [
            122.9,
            30.7
          ],
          [
            122.4,
            31.2
          ],
          [
            121.8,
            31.8
          ],
          [
            121.3,
            32.2
          ],
          [
            120.8,
            32.6
          ],
          [
            120.3,
            33.0
          ],
          [
            119.9,
            33.5
          ],
          [
            119.5,
            33.9
          ],
          [
            119.1,
            34.3
          ],
          [
            118.8,
            34.7
          ],
          [
            118.6,
            35.2
          ],
          [
            118.2,
            35.8
          ],
          [
            117.9,
            36.5
          ],
          [
            117.5,
            37.0
          ],
          [
            117.3,
            37.6
          ],
          [
            117.2,
            38.3
          ],
          [
            117.3,
            38.9
          ],
          [
            117.7,
            39.4
          ],
          [
            118.3,
            39.9
          ],
          [
            119.0,
            40.7
          ],
          [
            119.7,
            41.7
          ],
          [
            120.5,
            42.7
          ],
          [
            121.6,
            43.7
          ],
          [
            123.1,
            44.5
          ],
          [
            124.6,
            45.3
          ],
          [
            125.9,
            45.8
          ],
          [
            127.6,
            46.4
          ],
          [
            129.5,
            46.7
          ],
          [
            131.4,
            47.1
          ],
          [
            133.2,
            47.3
          ],
          [
            135.0,
            47.7
          ],
          [
            136.2,
            47.9
          ],
          [
            137.0,
            48.1
          ],
          [
            137.8,
            48.3
          ],
          [
            138.8,
            48.5
          ]
        ]
      },
      "properties": {
        "sid": "2018199N18128",
        "name": "AMPIL",
        "start_time": "2018-07-17 12:00:00",
        "end_time": "2018-07-26 06:00:00",
        "max_wind_kt": 50.0
      }
    },
    {
      "type": "Feature",
      "geometry": {
        "type": "LineString",
        "coordinates": [
          [
            116.4,
            18.0
          ],
          [
            117.2,
            17.9
          ],
          [
            117.7,
            17.8
          ],
          [
            118.1,
            17.9
          ],
          [
            118.6,
            18.0
          ],
          [
            119.3,
            18.2
          ],
          [
            119.8,
            18.4
          ],
          [
            120.3,
            18.7
          ],
          [
            120.8,
            18.9
          ],
          [
            121.3,
            19.2
          ],
          [
            121.9,
            19.8
          ],
          [
            122.4,
            20.2
          ],
          [
            122.9,
            20.8
          ],
          [
            123.5,
            21.4
          ],
          [
            123.8,
            22.0
          ],
          [
            123.9,
            22.7
          ],
          [
            123.9,
            23.5
          ],
          [
            123.8,
            24.2
          ],
          [
            123.7,
            24.8
          ],
          [
            123.7,
            25.5
          ],
          [
            123.6,
            26.3
          ],
          [
            123.6,
            27.3
          ],
          [
            123.5,
            28.3
          ],
          [
            123.3,
            29.1
          ],
          [
            122.9,
            29.8
          ],
          [
            122.6,
            30.5
          ],
          [
            122.4,
            31.3
          ],
          [
            122.2,
            32.2
          ],
          [
            122.1,
            33.1
          ]
        ]
      },
      "properties": {
        "sid": "2018202N18116",
        "name": "UNNAMED",
        "start_time": "2018-07-20 12:00:00",
        "end_time": "2018-07-24 00:00:00",
        "max_wind_kt": null
      }
    },
    {
      "type": "Feature",
      "geometry": {
        "type": "LineString",
        "coordinates": [
          [
            137.4,
            15.2
          ],
          [
            137.2,
            15.5
          ],
          [
            137.0,
            15.7
          ],
          [
            136.7,
            15.9
          ],
          [
            136.6,
            16.2
          ],
          [
            136.5,
            16.8
          ],
          [
            136.6,
            17.3
          ],
          [
            136.7,
            17.8
          ],
          [
            136.7,
            18.1
          ],
          [
            136.7,
            18.5
          ],
          [
            136.7,
            18.9
          ],
          [
            136.7,
            19.3
          ],
          [
            136.7,
            19.6
          ],
          [
            136.6,
            20.0
          ],
          [
            136.6,
            20.3
          ],
          [
            136.7,
            20.6
          ],
          [
            136.7,
            20.9
          ],
          [
            136.9,
            21.3
          ],
          [
            137.1,
            21.6
          ],
          [
            137.2,
            21.8
          ],
          [
            137.3,
            21.9
          ],
          [
            137.4,
            21.9
          ],
          [
            137.6,
            22.0
          ],
          [
            137.9,
            22.1
          ],
          [
            138.3,
            22.2
          ],
          [
            138.7,
            22.5
          ],
          [
            139.2,
            22.7
          ],
          [
            139.7,
            23.0
          ],
          [
            140.2,
            23.3
          ],
          [
            140.6,
            23.6
          ],
          [
            141.1,
            24.0
          ],
          [
            141.7,
            24.4
          ],
          [
            142.4,
            25.0
          ],
          [
            143.2,
            25.6
          ],
          [
            143.8,
            26.4
          ],
          [
            144.3,
            27.3
          ],
          [
            144.6,
            28.3
          ],
          [
            144.6,
            29.3
          ],
          [
            144.3,
            30.3
          ],
          [
            143.8,
            31.3
          ],
          [
            142.9,
            32.3
          ],
          [
            141.8,
            33.2
          ],
          [
            140.5,
            33.8
          ],
          [
            139.4,
            34.0
          ],
          [
            138.3,
            34.2
          ],
          [
            137.1,
            34.5
          ],
          [
            136.7,
            34.6
          ],
          [
            135.8,
            34.7
          ],
          [
            134.5,
            34.7
          ],
          [
            133.3,
            34.5
          ],
          [
            132.4,
            34.4
          ],
          [
            131.5,
            34.1
          ],
          [
            131.1,
            33.8
          ],
          [
            130.9,
            33.7
          ],
          [
            130.4,
            33.2
          ],
          [
            130.1,
            32.8
          ],
          [
            129.9,
            32.6
          ],
          [
            129.6,
            32.0
          ],
          [
            129.5,
            31.5
          ],
          [
            129.4,
            31.0
          ],
          [
            129.4,
            30.7
          ],
          [
            129.5,
            30.3
          ],
          [
            129.6,
            29.7
          ],
          [
            129.9,
            29.2
          ],
          [
            130.3,
            28.9
          ],
          [
            130.7,
            28.9
          ],
          [
            131.3,
            29.1
          ],
          [
            131.7,
            29.5
          ],
          [
            131.8,
            30.0
          ],
          [
            131.6,
            30.5
          ],
          [
            131.1,
            30.8
          ],
          [
            130.4,
            30.9
          ],
          [
            129.6,
            30.9
          ],
          [
            128.8,
            30.8
          ],
          [
            128.4,
            30.5
          ],
          [
            128.0,
            30.2
          ],
          [
            127.5,
            29.9
          ],
          [
            127.0,
            29.6
          ],
          [
            126.8,
            29.3
          ],
          [
            126.7,
            29.0
          ],
          [
            126.5,
            28.7
          ],
          [
            126.4,
            28.5
          ],
          [
            126.5,
            28.5
          ],
          [
            126.8,
            28.6
          ],
          [
            126.9,
            29.0
          ],
          [
            126.7,
            29.4
          ],
          [
            126.1,
            29.8
          ],
          [
            125.2,
            30.2
          ],
          [
            123.9,
            30.5
          ],
          [
            122.7,
            30.7
          ],
          [
            122.0,
            30.7
          ],
          [
            121.6,
            30.6
          ],
          [
            121.3,
            30.7
          ],
          [
            121.1,
            30.9
          ],
          [
            120.9,
            31.3
          ],
          [
            120.5,
            31.9
          ],
          [
            119.9,
            32.6
          ],
          [
            119.2,
            33.2
          ],
          [
            118.6,
            33.6
          ],
          [
            118.1,
            33.8
          ],
          [
            117.6,
            33.9
          ],
          [
            117.2,
            34.0
          ],
          [
            116.6,
            34.1
          ],
          [
            116.0,
            34.1
          ],
          [
            115.5,
            34.1
          ],
          [
            114.8,
            34.3
          ],
          [
            114.1,
            34.4
          ]
        ]
      },
      "properties": {
        "sid": "2018204N15137",
        "name": "JONGDARI",
        "start_time": "2018-07-23 00:00:00",
        "end_time": "2018-08-04 21:00:00",
        "max_wind_kt": 75.0
      }
    },
    {
      "type": "Feature",
      "geometry": {
        "type": "LineString",
        "coordinates": [
          [
            134.1,
            18.2
          ],
          [
            134.0,
            18.4
          ],
          [
            133.9,
            18.5
          ],
          [
            133.8,
            18.6
          ],
          [
            133.7,
            18.7
          ],
          [
            133.5,
            18.8
          ],
          [
            133.4,
            18.9
          ],
          [
            133.2,
            18.9
          ],
          [
            133.1,
            19.0
          ],
          [
            132.9,
            19.0
          ],
          [
            132.7,
            19.0
          ],
          [
            132.6,
            19.0
          ],
          [
            132.5,
            19.0
          ],
          [
            132.5,
            19.1
          ],
          [
            132.5,
            19.1
          ],
          [
            132.5,
            19.2
          ],
          [
            132.5,
            19.2
          ],
          [
            132.9,
            19.3
          ],
          [
            133.4,
            19.5
          ],
          [
            133.7,
            19.7
          ],
          [
            134.0,
            19.9
          ],
          [
            134.1,
            20.2
          ],
          [
            134.1,
            20.6
          ],
          [
            134.0,
            20.8
          ],
          [
            133.7,
            20.9
          ],
          [
            133.5,
            20.9
          ],
          [
            133.4,
            20.9
          ],
          [
            133.4,
            20.9
          ],
          [
            133.4,
            21.1
          ],
          [
            133.3,
            21.5
          ],
          [
            133.0,
            22.1
          ],
          [
            132.6,
            22.5
          ],
          [
            132.2,
            22.8
          ],
          [
            132.1,
            22.8
          ],
          [
            132.0,
            22.8
          ],
          [
            132.0,
            22.9
          ],
          [
            131.9,
            23.3
          ],
          [
            131.5,
            23.8
          ],
          [
            130.9,
            24.3
          ],
          [
            130.3,
            24.7
          ],
          [
            129.6,
            25.0
          ],
          [
            128.8,
            25.1
          ],
          [
            128.1,
            25.0
          ],
          [
            127.4,
            25.0
          ],
          [
            126.8,
            25.0
          ],
          [
            126.1,
            25.0
          ],
          [
            125.6,
            25.2
          ],
          [
            125.1,
            25.3
          ],
          [
            124.7,
            25.6
          ],
          [
            124.2,
            26.0
          ],
          [
            123.7,
            26.6
          ],
          [
            122.9,
            27.1
          ],
          [
            122.2,
            27.7
          ],
          [
            121.5,
            28.3
          ],
          [
            120.8,
            29.0
          ],
          [
            120.0,
            29.8
          ],
          [
            119.2,
            30.7
          ],
          [
            118.4,
            31.3
          ],
          [
            117.7,
            31.9
          ],
          [
            117.2,
            32.4
          ],
          [
            116.8,
            32.9
          ],
          [
            116.4,
            33.5
          ],
          [
            116.1,
            34.2
          ],
          [
            116.1,
            35.0
          ],
          [
            116.4,
            35.8
          ],
          [
            116.6,
            36.4
          ],
          [
            116.8,
            37.0
          ],
          [
            117.1,
            37.4
          ],
          [
            117.4,
            37.7
          ],
          [
            117.8,
            37.8
          ],
          [
            118.2,
            37.8
          ],
          [
            118.9,
            38.0
          ],
          [
            119.4,
            38.1
          ],
          [
            119.7,
            38.1
          ],
          [
            119.7,
            37.8
          ],
          [
            119.6,
            37.5
          ],
          [
            119.2,
            37.2
          ],
          [
            118.7,
            36.8
          ],
          [
            118.0,
            36.5
          ],
          [
            117.2,
            36.1
          ],
          [
            116.6,
            35.6
          ]
        ]
      },
      "properties": {
        "sid": "2018218N18134",
        "name": "YAGI",
        "start_time": "2018-08-06 00:00:00",
        "end_time": "2018-08-16 00:00:00",
        "max_wind_kt": 40.0
      }
    },
    {
      "type": "Feature",
      "geometry": {
        "type": "LineString",
        "coordinates": [
          [
            111.7,
            16.9
          ],
          [
            111.6,
            17.2
          ],
          [
            111.5,
            17.5
          ],
          [
            111.5,
            17.7
          ],
          [
            111.6,
            18.0
          ],
          [
            111.6,
            18.2
          ],
          [
            111.5,
            18.7
          ],
          [
            111.4,
            19.2
          ],
          [
            111.3,
            19.6
          ],
          [
            111.2,
            20.0
          ],
          [
            111.3,
            20.2
          ],
          [
            111.5,
            20.3
          ],
          [
            111.7,
            20.5
          ],
          [
            111.8,
            20.6
          ],
          [
            111.9,
            20.8
          ],
          [
            112.0,
            21.0
          ],
          [
            112.1,
            21.3
          ],
          [
            112.2,
            21.7
          ],
          [
            112.1,
            21.9
          ],
          [
            111.8,
            21.8
          ],
          [
            111.7,
            21.6
          ],
          [
            111.5,
            21.5
          ],
          [
            111.5,
            21.3
          ],
          [
            111.7,
            21.2
          ],
          [
            111.9,
            21.1
          ],
          [
            112.1,
            21.0
          ],
          [
            112.2,
            21.0
          ],
          [
            112.2,
            20.8
          ],
          [
            112.3,
            20.6
          ],
          [
            112.4,
            20.6
          ],
          [
            112.6,
            20.6
          ],
          [
            112.8,
            20.6
          ],
          [
            112.9,
            20.6
          ],
          [
            113.0,
            20.6
          ],
          [
            113.2,
            20.6
          ],
          [
            113.3,
            20.6
          ],
          [
            113.4,
            20.6
          ],
          [
            113.5,
            20.6
          ],
          [
            113.6,
            20.6
          ],
          [
            113.7,
            20.7
          ],
          [
            113.8,
            20.8
          ],
          [
            113.8,
            20.9
          ],
          [
            113.7,
            21.0
          ],
          [
            113.5,
            21.0
          ],
          [
            113.4,
            21.1
          ],
          [
            113.2,
            21.1
          ],
          [
            112.9,
            21.0
          ],
          [
            112.5,
            20.9
          ],
          [
            112.0,
            20.9
          ],
          [
            111.7,
            20.9
          ],
          [
            111.4,
            21.0
          ],
          [
            111.1,
            20.9
          ],
          [
            110.7,
            20.9
          ],
          [
            110.2,
            20.7
          ],
          [
            109.6,
            20.6
          ],
          [
            109.1,
            20.5
          ],
          [
            108.6,
            20.3
          ],
          [
            108.2,
            20.2
          ],
          [
            108.0,
            20.0
          ],
          [
            107.7,
            19.9
          ],
          [
            107.3,
            19.8
          ],
          [
            106.9,
            19.7
          ],
          [
            106.4,
            19.6
          ],
          [
            105.9,
            19.5
          ],
          [
            105.3,
            19.4
          ],
          [
            104.6,
            19.3
          ],
          [
            103.8,
            19.4
          ],
          [
            102.9,
            19.7
          ],
          [
            101.9,
            20.0
          ],
          [
            101.0,
            20.0
          ],
          [
            100.0,
            19.8
          ]
        ]
      },
      "properties": {
        "sid": "2018221N17112",
        "name": "BEBINCA",
        "start_time": "2018-08-09 00:00:00",
        "end_time": "2018-08-17 18:00:00",
        "max_wind_kt": 45.0
      }
    },
    {
      "type": "Feature",
      "geometry": {
        "type": "LineString",
        "coordinates": [
          [
            128.2,
            23.3
          ],
          [
            128.0,
            23.6
          ],
          [
            127.9,
            23.9
          ],
          [
            127.8,
            24.3
          ],
          [
            127.7,
            24.7
          ],
          [
            127.6,
            25.1
          ],
          [
            127.5,
            25.7
          ],
          [
            127.5,
            26.4
          ],
          [
            127.4,
            27.0
          ],
          [
            127.2,
            27.6
          ],
          [
            126.9,
            28.1
          ],
          [
            126.4,
            28.6
          ],
          [
            125.9,
            29.1
          ],
          [
            125.5,
            29.4
          ],
          [
            125.1,
            29.6
          ],
          [
            124.9,
            29.8
          ],
          [
            124.7,
            29.9
          ],
          [
            124.5,
            30.0
          ],
          [
            124.1,
            30.1
          ],
          [
            123.6,
            30.3
          ],
          [
            123.0,
            30.4
          ],
          [
            122.5,
            30.4
          ],
          [
            121.9,
            30.5
          ],
          [
            121.3,
            30.8
          ],
          [
            120.5,
            31.1
          ],
          [
            119.7,
            31.4
          ],
          [
            118.8,
            31.6
          ],
          [
            118.0,
            31.6
          ],
          [
            117.3,
            31.6
          ],
          [
            116.7,
            31.7
          ],
          [
            116.1,
            31.9
          ],
          [
            115.7,
            32.1
          ],
          [
            115.4,
            32.3
          ],
          [
            115.1,
            32.5
          ],
          [
            114.8,
            32.6
          ],
          [
            114.6,
            32.6
          ],
          [
            114.5,
            32.8
          ],
          [
            114.4,
            32.9
          ],
          [
            114.4,
            33.1
          ],
          [
            114.5,
            33.3
          ],
          [
            114.7,
            33.4
          ],
          [
            115.0,
            33.6
          ],
          [
            115.3,
            33.8
          ],
          [
            115.9,
            34.4
          ],
          [
            116.6,
            35.5
          ],
          [
            117.4,
            36.8
          ],
          [
            118.0,
            37.4
          ],
          [
            118.7,
            37.7
          ],
          [
            119.6,
            37.9
          ],
          [
            120.5,
            38.0
          ],
          [
            121.5,
            38.1
          ],
          [
            122.6,
            38.4
          ],
          [
            123.8,
            39.0
          ],
          [
            125.1,
            39.8
          ],
          [
            126.6,
            40.8
          ]
        ]
      },
      "properties": {
        "sid": "2018226N23128",
        "name": "RUMBIA",
        "start_time": "2018-08-14 00:00:00",
        "end_time": "2018-08-20 18:00:00",
        "max_wind_kt": 45.0
      }
    },
    {
      "type": "Feature",
      "geometry": {
        "type": "LineString",
        "coordinates": [
          [
            118.7,
            22.2
          ],
          [
            118.8,
            22.2
          ],
          [
            119.0,
            22.2
          ],
          [
            119.2,
            22.1
          ],
          [
            119.4,
            22.2
          ],
          [
            119.7,
            22.2
          ],
          [
            120.0,
            22.3
          ],
          [
            120.2,
            22.5
          ],
          [
            120.5,
            22.8
          ],
          [
            120.4,
            23.1
          ],
          [
            120.4,
            23.4
          ],
          [
            120.4,
            23.6
          ],
          [
            120.4,
            23.8
          ],
          [
            120.3,
            24.0
          ],
          [
            120.3,
            24.1
          ],
          [
            120.3,
            24.2
          ],
          [
            120.3,
            24.3
          ],
          [
            120.4,
            24.4
          ],
          [
            120.5,
            24.5
          ],
          [
            120.4,
            24.7
          ],
          [
            120.2,
            24.8
          ],
          [
            120.1,
            24.9
          ],
          [
            119.9,
            25.0
          ],
          [
            119.7,
            25.0
          ],
          [
            119.4,
            25.1
          ],
          [
            118.8,
            25.1
          ],
          [
            118.2,
            25.1
          ],
          [
            117.4,
            25.0
          ],
          [
            116.8,
            25.0
          ]
        ]
      },
      "properties": {
        "sid": "2018234N22119",
        "name": "UNNAMED",
        "start_time": "2018-08-22 00:00:00",
        "end_time": "2018-08-25 12:00:00",
        "max_wind_kt": null
      }
    },
    {
      "type": "Feature",
      "geometry": {
        "type": "LineString",
        "coordinates": [
          [
            170.2,
            11.8
          ],
          [
            169.7,
            11.9
          ],
          [
            169.2,
            12.0
          ],
          [
            168.6,
            12.0
          ],
          [
            167.9,
            12.1
          ],
          [
            167.2,
            12.2
          ],
          [
            166.6,
            12.4
          ],
          [
            166.0,
            12.6
          ],
          [
            165.4,
            12.8
          ],
          [
            164.6,
            13.0
          ],
          [
            163.8,
            13.1
          ],
          [
            163.1,
            13.3
          ],
          [
            162.4,
            13.6
          ],
          [
            161.6,
            14.0
          ],
          [
            160.8,
            14.3
          ],
          [
            160.0,
            14.5
          ],
          [
            159.1,
            14.6
          ],
          [
            158.2,
            14.7
          ],
          [
            157.2,
            14.8
          ],
          [
            156.1,
            14.8
          ],
          [
            155.0,
            14.9
          ],
          [
            154.0,
            15.1
          ],
          [
            153.0,
            15.3
          ],
          [
            152.1,
            15.3
          ],
          [
            151.3,
            15.1
          ],
          [
            150.2,
            14.9
          ],
          [
            149.2,
            14.7
          ],
          [
            148.3,
            14.6
          ],
          [
            147.5,
            14.5
          ],
          [
            146.5,
            14.4
          ],
          [
            145.6,
            14.3
          ],
          [
            144.9,
            14.2
          ],
          [
            144.2,
            14.1
          ],
          [
            143.4,
            14.0
          ],
          [
            142.7,
            14.0
          ],
          [
            141.9,
            14.0
          ],
          [
            141.2,
            14.0
          ],
          [
            140.5,
            14.0
          ],
          [
            139.8,
            13.9
          ],
          [
            139.2,
            13.8
          ],
          [
            138.7,
            13.7
          ],
          [
            138.0,
            13.9
          ],
          [
            137.3,
            14.0
          ],
          [
            136.8,
            14.0
          ],
          [
            136.2,
            13.9
          ],
          [
            135.7,
            13.9
          ],
          [
            135.2,
            14.0
          ],
          [
            134.6,
            14.1
          ],
          [
            134.0,
            14.3
          ],
          [
            133.2,
            14.3
          ],
          [
            132.5,
            14.4
          ],
          [
            131.9,
            14.4
          ],
          [
            131.4,
            14.5
          ],
          [
            130.7,
            14.6
          ],
          [
            130.1,
            14.7
          ],
          [
            129.5,
            14.8
          ],
          [
            128.9,
            14.9
          ],
          [
            128.4,
            15.0
          ],
          [
            127.9,
            15.2
          ],
          [
            127.4,
            15.5
          ],
          [
            126.9,
            15.9
          ],
          [
            126.3,
            16.3
          ],
          [
            125.6,
            16.7
          ],
          [
            124.9,
            17.1
          ],
          [
            124.1,
            17.4
          ],
          [
            123.2,
            17.7
          ],
          [
            122.3,
            18.0
          ],
          [
            121.4,
            18.0
          ],
          [
            120.7,
            18.1
          ],
          [
            120.1,
            18.3
          ],
          [
            119.7,
            18.5
          ],
          [
            119.0,
            18.9
          ],
          [
            118.3,
            19.2
          ],
          [
            117.6,
            19.5
          ],
          [
            116.9,
            19.8
          ],
          [
            116.1,
            20.2
          ],
          [
            115.3,
            20.7
          ],
          [
            115.0,
            20.8
          ],
          [
            114.7,
            20.9
          ],
          [
            114.4,
            21.1
          ],
          [
            114.2,
            21.2
          ],
          [
            113.8,
            21.4
          ],
          [
            113.5,
            21.5
          ],
          [
            113.2,
            21.6
          ],
          [
            112.9,
            21.8
          ],
          [
            112.6,
            21.9
          ],
          [
            112.2,
            21.9
          ],
          [
            111.9,
            22.0
          ],
          [
            111.6,
            22.1
          ],
          [
            110.6,
            22.3
          ],
          [
            109.8,
            22.4
          ],
          [
            109.1,
            22.7
          ],
          [
            108.5,
            23.0
          ],
          [
            107.9,
            23.3
          ],
          [
            107.1,
            23.7
          ],
          [
            106.4,
            23.9
          ],
          [
            105.6,
            23.9
          ],
          [
            104.8,
            24.0
          ],
          [
            103.9,
            24.1
          ]
        ]
      },
      "properties": {
        "sid": "2018250N12170",
        "name": "MANGKHUT",
        "start_time": "2018-09-06 12:00:00",
        "end_time": "2018-09-17 18:00:00",
        "max_wind_kt": 110.0
      }
    },
    {
      "type": "Feature",
      "geometry": {
        "type": "LineString",
        "coordinates": [
          [
            121.7,
            20.4
          ],
          [
            122.0,
            20.6
          ],
          [
            122.2,
            20.7
          ],
          [
            122.4,
            20.9
          ],
          [
            122.5,
            21.0
          ],
          [
            122.6,
            21.1
          ],
          [
            122.8,
            21.2
          ],
          [
            122.9,
            21.3
          ],
          [
            123.0,
            21.5
          ],
          [
            122.9,
            21.7
          ],
          [
            122.8,
            21.8
          ],
          [
            122.6,
            21.8
          ],
          [
            122.3,
            21.8
          ],
          [
            122.1,
            21.7
          ],
          [
            121.9,
            21.6
          ],
          [
            121.6,
            21.5
          ],
          [
            121.3,
            21.4
          ],
          [
            121.0,
            21.4
          ],
          [
            120.6,
            21.3
          ],
          [
            120.1,
            21.2
          ],
          [
            119.6,
            21.1
          ],
          [
            119.1,
            21.0
          ],
          [
            118.7,
            20.9
          ],
          [
            118.4,
            20.8
          ],
          [
            118.1,
            20.8
          ],
          [
            117.7,
            20.7
          ],
          [
            117.3,
            20.6
          ],
          [
            116.9,
            20.5
          ],
          [
            116.4,
            20.6
          ],
          [
            115.9,
            20.7
          ],
          [
            115.4,
            20.7
          ],
          [
            114.9,
            20.8
          ],
          [
            114.5,
            20.9
          ],
          [
            114.0,
            21.0
          ],
          [
            113.4,
            20.9
          ],
          [
            112.8,
            20.9
          ],
          [
            112.1,
            20.9
          ],
          [
            111.4,
            21.0
          ],
          [
            110.7,
            21.2
          ],
          [
            110.1,
            21.4
          ],
          [
            109.6,
            21.5
          ],
          [
            109.0,
            21.5
          ],
          [
            108.4,
            21.4
          ],
          [
            107.7,
            21.6
          ],
          [
            107.0,
            21.8
          ]
        ]
      },
      "properties": {
        "sid": "2018251N20122",
        "name": "BARIJAT",
        "start_time": "2018-09-08 06:00:00",
        "end_time": "2018-09-13 18:00:00",
        "max_wind_kt": 40.0
      }
    },
    {
      "type": "Feature",
      "geometry": {
        "type": "LineString",
        "coordinates": [
          [
            160.8,
            8.3
          ],
          [
            160.3,
            8.3
          ],
          [
            159.7,
            8.3
          ],
          [
            159.2,
            8.4
          ],
          [
            158.7,
            8.4
          ],
          [
            158.2,
            8.5
          ],
          [
            157.8,
            8.5
          ],
          [
            157.4,
            8.6
          ],
          [
            156.9,
            8.8
          ],
          [
            156.4,
            9.0
          ],
          [
            155.9,
            9.2
          ],
          [
            155.5,
            9.6
          ],
          [
            155.0,
            10.0
          ],
          [
            154.5,
            10.4
          ],
          [
            153.9,
            10.7
          ],
          [
            153.3,
            11.0
          ],
          [
            152.7,
            11.2
          ],
          [
            152.2,
            11.5
          ],
          [
            151.6,
            11.6
          ],
          [
            151.1,
            11.8
          ],
          [
            150.6,
            11.9
          ],
          [
            150.1,
            11.9
          ],
          [
            149.6,
            12.1
          ],
          [
            149.3,
            12.4
          ],
          [
            148.9,
            12.7
          ],
          [
            148.5,
            13.0
          ],
          [
            148.0,
            13.3
          ],
          [
            147.5,
            13.6
          ],
          [
            147.1,
            14.0
          ],
          [
            146.7,
            14.3
          ],
          [
            146.2,
            14.7
          ],
          [
            145.8,
            15.0
          ],
          [
            145.3,
            15.3
          ],
          [
            144.7,
            15.6
          ],
          [
            144.1,
            15.8
          ],
          [
            143.6,
            15.9
          ],
          [
            143.2,
            16.0
          ],
          [
            142.8,
            16.1
          ],
          [
            142.3,
            16.3
          ],
          [
            141.9,
            16.4
          ],
          [
            141.4,
            16.6
          ],
          [
            140.9,
            16.7
          ],
          [
            140.3,
            16.8
          ],
          [
            139.7,
            16.9
          ],
          [
            139.1,
            17.0
          ],
          [
            138.4,
            17.1
          ],
          [
            137.6,
            17.2
          ],
          [
            136.9,
            17.4
          ],
          [
            136.2,
            17.6
          ],
          [
            135.4,
            17.7
          ],
          [
            134.7,
            17.7
          ],
          [
            134.0,
            17.8
          ],
          [
            133.3,
            17.9
          ],
          [
            132.7,
            18.0
          ],
          [
            132.2,
            18.0
          ],
          [
            131.6,
            18.0
          ],
          [
            131.1,
            18.0
          ],
          [
            130.6,
            18.0
          ],
          [
            130.1,
            18.0
          ],
          [
            129.6,
            18.0
          ],
          [
            129.1,
            17.9
          ],
          [
            128.6,
            17.9
          ],
          [
            128.1,
            17.8
          ],
          [
            127.6,
            17.6
          ],
          [
            127.1,
            17.5
          ],
          [
            126.6,
            17.2
          ],
          [
            126.2,
            17.0
          ],
          [
            125.7,
            16.9
          ],
          [
            125.3,
            16.8
          ],
          [
            124.7,
            16.8
          ],
          [
            124.2,
            16.8
          ],
          [
            123.6,
            16.8
          ],
          [
            123.0,
            16.8
          ],
          [
            122.3,
            16.8
          ],
          [
            121.6,
            16.7
          ],
          [
            120.9,
            16.7
          ],
          [
            120.2,
            16.6
          ],
          [
            119.6,
            16.7
          ],
          [
            119.2,
            16.7
          ],
          [
            118.9,
            16.8
          ],
          [
            118.7,
            16.9
          ],
          [
            118.4,
            17.2
          ],
          [
            118.1,
            17.5
          ],
          [
            117.8,
            17.8
          ],
          [
            117.6,
            18.0
          ],
          [
            117.4,
            18.2
          ],
          [
            117.3,
            18.4
          ],
          [
            117.1,
            18.7
          ],
          [
            117.0,
            18.9
          ],
          [
            116.8,
            19.3
          ],
          [
            116.7,
            19.5
          ],
          [
            116.6,
            19.7
          ],
          [
            116.6,
            20.0
          ],
          [
            116.5,
            20.2
          ],
          [
            116.5,
            20.3
          ],
          [
            116.4,
            20.4
          ],
          [
            116.4,
            20.6
          ],
          [
            116.4,
            20.6
          ],
          [
            116.3,
            20.7
          ],
          [
            116.2,
            20.7
          ],
          [
            116.1,
            20.7
          ],
          [
            116.0,
            20.6
          ],
          [
            115.9,
            20.5
          ],
          [
            115.9,
            20.4
          ],
          [
            115.8,
            20.2
          ],
          [
            115.7,
            20.0
          ],
          [
            115.6,
            19.9
          ],
          [
            115.5,
            19.8
          ],
          [
            115.4,
            19.6
          ]
        ]
      },
      "properties": {
        "sid": "2018294N08161",
        "name": "YUTU",
        "start_time": "2018-10-20 18:00:00",
        "end_time": "2018-11-03 06:00:00",
        "max_wind_kt": 115.0
      }
    },
    {
      "type": "Feature",
      "geometry": {
        "type": "LineString",
        "coordinates": [
          [
            137.2,
            10.3
          ],
          [
            136.6,
            10.5
          ],
          [
            136.1,
            10.7
          ],
          [
            135.7,
            11.0
          ],
          [
            135.3,
            11.3
          ],
          [
            135.0,
            11.5
          ],
          [
            134.7,
            11.7
          ],
          [
            134.4,
            12.0
          ],
          [
            134.2,
            12.3
          ],
          [
            134.1,
            12.6
          ],
          [
            134.0,
            12.9
          ],
          [
            133.7,
            13.1
          ],
          [
            133.3,
            13.4
          ],
          [
            133.0,
            13.6
          ],
          [
            132.7,
            13.8
          ],
          [
            132.4,
            13.9
          ],
          [
            132.2,
            14.1
          ],
          [
            131.9,
            14.2
          ],
          [
            131.7,
            14.4
          ],
          [
            131.5,
            14.6
          ],
          [
            131.2,
            14.8
          ],
          [
            130.8,
            15.0
          ],
          [
            130.4,
            15.4
          ],
          [
            129.9,
            15.7
          ],
          [
            129.2,
            16.1
          ],
          [
            128.5,
            16.5
          ],
          [
            127.7,
            17.1
          ],
          [
            127.1,
            18.1
          ],
          [
            126.5,
            19.0
          ],
          [
            126.0,
            19.6
          ],
          [
            125.4,
            20.0
          ],
          [
            124.7,
            20.6
          ],
          [
            124.0,
            21.2
          ],
          [
            123.2,
            21.8
          ],
          [
            122.4,
            22.3
          ]
        ]
      },
      "properties": {
        "sid": "2019178N10137",
        "name": "UNNAMED",
        "start_time": "2019-06-27 00:00:00",
        "end_time": "2019-07-01 06:00:00",
        "max_wind_kt": null
      }
    },
    {
      "type": "Feature",
      "geometry": {
        "type": "LineString",
        "coordinates": [
          [
            114.3,
            18.0
          ],
          [
            114.2,
            17.9
          ],
          [
            114.0,
            17.9
          ],
          [
            113.8,
            18.0
          ],
          [
            113.7,
            18.1
          ],
          [
            113.5,
            18.2
          ],
          [
            113.3,
            18.4
          ],
          [
            112.8,
            18.6
          ],
          [
            112.4,
            18.7
          ],
          [
            112.0,
            18.7
          ],
          [
            111.8,
            18.7
          ],
          [
            111.4,
            18.8
          ],
          [
            110.9,
            18.9
          ],
          [
            110.4,
            18.9
          ],
          [
            109.8,
            18.9
          ],
          [
            109.2,
            19.0
          ],
          [
            108.7,
            19.1
          ],
          [
            108.3,
            19.1
          ],
          [
            107.9,
            19.4
          ],
          [
            107.5,
            19.7
          ],
          [
            107.1,
            20.0
          ],
          [
            106.8,
            20.2
          ],
          [
            106.5,
            20.4
          ],
          [
            106.2,
            20.6
          ],
          [
            105.8,
            21.0
          ],
          [
            105.4,
            21.5
          ],
          [
            105.0,
            21.9
          ],
          [
            104.6,
            22.3
          ],
          [
            104.1,
            22.8
          ],
          [
            103.8,
            23.3
          ]
        ]
      },
      "properties": {
        "sid": "2019182N18114",
        "name": "MUN",
        "start_time": "2019-07-01 06:00:00",
        "end_time": "2019-07-04 18:00:00",
        "max_wind_kt": 35.0
      }
    },
    {
      "type": "Feature",
      "geometry": {
        "type": "LineString",
        "coordinates": [
          [
            117.0,
            15.9
          ],
          [
            116.9,
            16.2
          ],
          [
            116.8,
            16.4
          ],
          [
            116.7,
            16.6
          ],
          [
            116.6,
            16.8
          ],
          [
            116.3,
            17.0
          ],
          [
            116.0,
            17.2
          ],
          [
            115.7,
            17.4
          ],
          [
            115.5,
            17.4
          ],
          [
            115.3,
            17.5
          ],
          [
            115.1,
            17.7
          ],
          [
            114.8,
            17.8
          ],
          [
            114.5,
            18.0
          ],
          [
            114.4,
            18.1
          ],
          [
            114.1,
            18.3
          ],
          [
            113.9,
            18.5
          ],
          [
            113.7,
            18.7
          ],
          [
            113.4,
            18.9
          ],
          [
            113.1,
            19.1
          ],
          [
            112.7,
            19.3
          ],
          [
            112.3,
            19.5
          ],
          [
            111.8,
            19.7
          ],
          [
            111.4,
            19.9
          ],
          [
            111.1,
            19.9
          ],
          [
            111.0,
            20.0
          ],
          [
            111.0,
            20.0
          ],
          [
            111.0,
            20.0
          ],
          [
            111.0,
            20.1
          ],
          [
            111.0,
            20.2
          ],
          [
            111.0,
            20.4
          ],
          [
            111.0,
            20.5
          ],
          [
            110.9,
            20.6
          ],
          [
            110.9,
            20.8
          ],
          [
            110.8,
            20.9
          ],
          [
            110.7,
            21.0
          ],
          [
            110.6,
            21.1
          ],
          [
            110.5,
            21.2
          ],
          [
            110.3,
            21.2
          ],
          [
            110.2,
            21.3
          ],
          [
            110.0,
            21.3
          ],
          [
            109.9,
            21.3
          ],
          [
            109.7,
            21.2
          ],
          [
            109.5,
            21.2
          ],
          [
            109.3,
            21.2
          ],
          [
            109.2,
            21.2
          ],
          [
            109.1,
            21.2
          ],
          [
            108.9,
            21.3
          ],
          [
            108.7,
            21.4
          ],
          [
            108.4,
            21.5
          ],
          [
            107.9,
            21.5
          ],
          [
            107.4,
            21.4
          ],
          [
            107.0,
            21.3
          ],
          [
            106.6,
            21.2
          ],
          [
            106.3,
            21.0
          ],
          [
            106.1,
            20.8
          ],
          [
            105.8,
            20.6
          ],
          [
            105.4,
            20.3
          ],
          [
            105.0,
            20.0
          ],
          [
            104.5,
            19.8
          ],
          [
            103.6,
            20.2
          ],
          [
            102.8,
            20.7
          ],
          [
            102.3,
            20.8
          ],
          [
            102.1,
            20.5
          ]
        ]
      },
      "properties": {
        "sid": "2019210N16117",
        "name": "WIPHA",
        "start_time": "2019-07-29 00:00:00",
        "end_time": "2019-08-04 06:00:00",
        "max_wind_kt": 45.0
      }
    },
    {
      "type": "Feature",
      "geometry": {
        "type": "LineString",
        "coordinates": [
          [
            134.3,
            14.5
          ],
          [
            134.1,
            14.5
          ],
          [
            133.8,
            14.4
          ],
          [
            133.5,
            14.3
          ],
          [
            133.3,
            14.3
          ],
          [
            133.0,
            14.3
          ],
          [
            132.8,
            14.3
          ],
          [
            132.5,
            14.4
          ],
          [
            132.3,
            14.5
          ],
          [
            132.1,
            14.7
          ],
          [
            132.3,
            15.1
          ],
          [
            132.2,
            15.4
          ],
          [
            131.9,
            15.6
          ],
          [
            131.6,
            15.8
          ],
          [
            131.3,
            16.2
          ],
          [
            131.1,
            16.5
          ],
          [
            131.0,
            16.8
          ],
          [
            130.9,
            17.2
          ],
          [
            130.8,
            17.5
          ],
          [
            130.6,
            17.8
          ],
          [
            130.4,
            18.0
          ],
          [
            130.3,
            18.2
          ],
          [
            130.1,
            18.4
          ],
          [
            130.0,
            18.5
          ],
          [
            129.8,
            18.6
          ],
          [
            129.6,
            18.6
          ],
          [
            129.6,
            18.5
          ],
          [
            129.4,
            18.5
          ],
          [
            129.3,
            18.6
          ],
          [
            129.3,
            18.7
          ],
          [
            129.3,
            18.8
          ],
          [
            129.1,
            19.0
          ],
          [
            129.0,
            19.2
          ],
          [
            128.8,
            19.3
          ],
          [
            128.6,
            19.4
          ],
          [
            128.5,
            19.5
          ],
          [
            128.3,
            19.7
          ],
          [
            128.2,
            20.0
          ],
          [
            128.1,
            20.4
          ],
          [
            127.9,
            20.7
          ],
          [
            127.7,
            21.0
          ],
          [
            127.4,
            21.3
          ],
          [
            127.0,
            21.6
          ],
          [
            126.7,
            21.9
          ],
          [
            126.4,
            22.1
          ],
          [
            126.2,
            22.4
          ],
          [
            126.0,
            22.7
          ],
          [
            125.7,
            23.2
          ],
          [
            125.4,
            23.7
          ],
          [
            125.2,
            24.0
          ],
          [
            124.9,
            24.4
          ],
          [
            124.8,
            24.9
          ],
          [
            124.5,
            25.5
          ],
          [
            124.0,
            26.0
          ],
          [
            123.4,
            26.4
          ],
          [
            122.9,
            26.8
          ],
          [
            122.5,
            27.1
          ],
          [
            122.2,
            27.3
          ],
          [
            122.0,
            27.5
          ],
          [
            121.7,
            27.9
          ],
          [
            121.4,
            28.3
          ],
          [
            121.1,
            28.7
          ],
          [
            120.8,
            29.1
          ],
          [
            120.6,
            29.5
          ],
          [
            120.4,
            30.0
          ],
          [
            120.4,
            30.4
          ],
          [
            120.5,
            30.8
          ],
          [
            120.5,
            31.3
          ],
          [
            120.6,
            31.9
          ],
          [
            120.6,
            32.7
          ],
          [
            120.4,
            33.5
          ],
          [
            120.1,
            34.2
          ],
          [
            119.9,
            34.9
          ],
          [
            120.0,
            35.4
          ],
          [
            120.1,
            36.0
          ],
          [
            120.1,
            36.6
          ],
          [
            119.9,
            37.1
          ],
          [
            119.7,
            37.4
          ],
          [
            119.4,
            37.5
          ],
          [
            119.3,
            37.6
          ],
          [
            119.3,
            37.5
          ],
          [
            119.3,
            37.3
          ],
          [
            119.4,
            37.1
          ],
          [
            119.6,
            37.1
          ],
          [
            119.7,
            37.1
          ],
          [
            119.8,
            37.2
          ],
          [
            119.9,
            37.4
          ],
          [
            120.2,
            37.7
          ],
          [
            120.5,
            38.1
          ],
          [
            120.8,
            38.4
          ],
          [
            121.0,
            38.4
          ],
          [
            121.2,
            38.5
          ],
          [
            121.3,
            38.6
          ],
          [
            121.5,
            38.5
          ],
          [
            121.7,
            38.4
          ],
          [
            121.8,
            38.3
          ],
          [
            121.8,
            38.3
          ],
          [
            121.9,
            38.3
          ],
          [
            122.0,
            38.3
          ],
          [
            121.8,
            38.5
          ],
          [
            121.9,
            38.4
          ]
        ]
      },
      "properties": {
        "sid": "2019214N15134",
        "name": "LEKIMA",
        "start_time": "2019-08-02 06:00:00",
        "end_time": "2019-08-14 18:00:00",
        "max_wind_kt": 105.0
      }
    },
    {
      "type": "Feature",
      "geometry": {
        "type": "LineString",
        "coordinates": [
          [
            135.1,
            12.6
          ],
          [
            134.9,
            12.7
          ],
          [
            134.7,
            12.8
          ],
          [
            134.5,
            12.9
          ],
          [
            134.2,
            13.0
          ],
          [
            134.1,
            13.1
          ],
          [
            134.0,
            13.2
          ],
          [
            133.9,
            13.3
          ],
          [
            133.8,
            13.5
          ],
          [
            133.7,
            13.6
          ],
          [
            133.6,
            13.7
          ],
          [
            133.5,
            13.9
          ],
          [
            133.3,
            14.1
          ],
          [
            133.1,
            14.2
          ],
          [
            132.9,
            14.4
          ],
          [
            132.7,
            14.5
          ],
          [
            132.4,
            14.6
          ],
          [
            132.0,
            14.8
          ],
          [
            131.6,
            14.9
          ],
          [
            131.2,
            15.1
          ],
          [
            130.7,
            15.2
          ],
          [
            130.4,
            15.4
          ],
          [
            130.1,
            15.6
          ],
          [
            129.6,
            15.7
          ],
          [
            129.2,
            15.7
          ],
          [
            128.9,
            15.8
          ],
          [
            128.6,
            15.9
          ],
          [
            128.2,
            16.1
          ],
          [
            127.9,
            16.5
          ],
          [
            127.7,
            16.9
          ],
          [
            127.4,
            17.4
          ],
          [
            126.9,
            17.8
          ],
          [
            126.3,
            18.3
          ],
          [
            125.8,
            18.7
          ],
          [
            125.3,
            19.1
          ],
          [
            124.9,
            19.5
          ],
          [
            124.5,
            19.9
          ],
          [
            123.9,
            20.3
          ],
          [
            123.2,
            20.7
          ],
          [
            122.5,
            21.1
          ],
          [
            121.9,
            21.5
          ],
          [
            121.2,
            21.9
          ],
          [
            120.6,
            22.3
          ],
          [
            119.9,
            22.6
          ],
          [
            119.1,
            22.8
          ],
          [
            118.4,
            22.8
          ],
          [
            117.9,
            22.9
          ],
          [
            117.6,
            23.3
          ],
          [
            117.2,
            23.8
          ],
          [
            116.5,
            24.3
          ],
          [
            115.8,
            24.6
          ],
          [
            115.0,
            24.8
          ],
          [
            114.3,
            24.8
          ],
          [
            113.7,
            24.8
          ],
          [
            113.2,
            24.8
          ],
          [
            112.7,
            24.9
          ],
          [
            112.2,
            25.1
          ],
          [
            111.8,
            25.5
          ],
          [
            111.3,
            25.8
          ]
        ]
      },
      "properties": {
        "sid": "2019231N13135",
        "name": "BAILU",
        "start_time": "2019-08-19 00:00:00",
        "end_time": "2019-08-26 06:00:00",
        "max_wind_kt": 50.0
      }
    },
    {
      "type": "Feature",
      "geometry": {
        "type": "LineString",
        "coordinates": [
          [
            126.3,
            18.2
          ],
          [
            126.1,
            18.1
          ],
          [
            125.9,
            18.1
          ],
          [
            125.5,
            18.1
          ],
          [
            124.9,
            17.7
          ],
          [
            124.4,
            17.7
          ],
          [
            124.0,
            17.9
          ],
          [
            123.4,
            18.3
          ],
          [
            122.7,
            18.6
          ],
          [
            122.1,
            19.1
          ],
          [
            121.4,
            19.3
          ],
          [
            120.7,
            19.1
          ],
          [
            120.0,
            18.9
          ],
          [
            119.2,
            18.9
          ],
          [
            118.5,
            19.0
          ],
          [
            117.9,
            18.9
          ],
          [
            117.2,
            18.9
          ],
          [
            116.4,
            18.9
          ],
          [
            115.5,
            19.0
          ],
          [
            114.6,
            19.0
          ],
          [
            113.9,
            19.0
          ],
          [
            113.2,
            19.0
          ],
          [
            112.4,
            18.9
          ],
          [
            111.5,
            18.9
          ],
          [
            110.8,
            18.8
          ],
          [
            110.1,
            18.7
          ],
          [
            109.3,
            18.5
          ],
          [
            108.8,
            17.9
          ],
          [
            108.4,
            17.4
          ],
          [
            108.0,
            17.0
          ],
          [
            107.6,
            16.5
          ],
          [
            107.2,
            16.1
          ],
          [
            107.1,
            15.8
          ],
          [
            107.2,
            15.9
          ],
          [
            107.6,
            16.0
          ],
          [
            108.1,
            16.3
          ],
          [
            108.4,
            16.6
          ],
          [
            108.3,
            16.7
          ],
          [
            108.0,
            16.8
          ],
          [
            107.9,
            16.8
          ],
          [
            107.8,
            16.9
          ],
          [
            107.7,
            16.9
          ],
          [
            107.9,
            16.9
          ],
          [
            108.2,
            16.9
          ],
          [
            108.7,
            17.0
          ],
          [
            109.0,
            17.1
          ],
          [
            109.3,
            17.3
          ],
          [
            109.7,
            17.5
          ],
          [
            110.2,
            17.7
          ],
          [
            110.9,
            18.0
          ],
          [
            111.6,
            18.3
          ],
          [
            112.0,
            18.6
          ],
          [
            112.3,
            18.9
          ],
          [
            112.5,
            19.1
          ],
          [
            112.5,
            19.3
          ],
          [
            112.4,
            19.4
          ],
          [
            112.3,
            19.3
          ],
          [
            112.3,
            19.0
          ],
          [
            112.4,
            18.7
          ],
          [
            112.8,
            18.7
          ],
          [
            113.2,
            18.9
          ],
          [
            113.5,
            19.1
          ],
          [
            113.8,
            19.2
          ],
          [
            114.0,
            19.2
          ],
          [
            114.2,
            19.2
          ],
          [
            114.4,
            19.2
          ],
          [
            114.6,
            19.1
          ]
        ]
      },
      "properties": {
        "sid": "2019242N18126",
        "name": "KAJIKI",
        "start_time": "2019-08-30 00:00:00",
        "end_time": "2019-09-07 06:00:00",
        "max_wind_kt": 35.0
      }
    },
    {
      "type": "Feature",
      "geometry": {
        "type": "LineString",
        "coordinates": [
          [
            155.0,
            9.6
          ],
          [
            154.5,
            9.6
          ],
          [
            154.1,
            9.7
          ],
          [
            153.7,
            9.8
          ],
          [
            153.2,
            9.9
          ],
          [
            152.7,
            10.1
          ],
          [
            152.2,
            10.3
          ],
          [
            151.6,
            10.5
          ],
          [
            151.0,
            10.7
          ],
          [
            150.3,
            10.8
          ],
          [
            149.4,
            11.2
          ],
          [
            148.3,
            11.5
          ],
          [
            147.2,
            11.7
          ],
          [
            146.1,
            11.9
          ],
          [
            145.1,
            12.0
          ],
          [
            144.1,
            12.2
          ],
          [
            143.2,
            12.3
          ],
          [
            142.3,
            12.6
          ],
          [
            141.3,
            12.9
          ],
          [
            140.3,
            13.2
          ],
          [
            139.2,
            13.4
          ],
          [
            138.2,
            13.6
          ],
          [
            137.3,
            13.8
          ],
          [
            136.6,
            14.0
          ],
          [
            135.8,
            14.2
          ],
          [
            135.1,
            14.6
          ],
          [
            134.4,
            15.0
          ],
          [
            133.5,
            15.4
          ],
          [
            132.6,
            15.9
          ],
          [
            131.6,
            16.5
          ],
          [
            130.7,
            17.0
          ],
          [
            129.9,
            17.4
          ],
          [
            129.1,
            17.6
          ],
          [
            128.4,
            17.8
          ],
          [
            127.7,
            17.9
          ],
          [
            127.2,
            18.1
          ],
          [
            126.7,
            18.4
          ],
          [
            126.3,
            18.9
          ],
          [
            125.8,
            19.3
          ],
          [
            125.3,
            19.8
          ],
          [
            124.8,
            20.2
          ],
          [
            124.3,
            20.6
          ],
          [
            123.7,
            20.9
          ],
          [
            123.3,
            21.3
          ],
          [
            123.0,
            21.7
          ],
          [
            122.9,
            22.2
          ],
          [
            122.9,
            22.8
          ],
          [
            122.9,
            23.7
          ],
          [
            122.9,
            24.6
          ],
          [
            122.7,
            25.4
          ],
          [
            122.5,
            26.1
          ],
          [
            122.3,
            26.8
          ],
          [
            122.2,
            27.4
          ],
          [
            122.2,
            28.0
          ],
          [
            122.2,
            28.6
          ],
          [
            122.3,
            29.4
          ],
          [
            122.4,
            29.9
          ],
          [
            122.5,
            30.3
          ],
          [
            122.8,
            30.7
          ],
          [
            123.3,
            31.3
          ],
          [
            123.9,
            32.0
          ],
          [
            124.2,
            32.6
          ],
          [
            124.7,
            33.3
          ],
          [
            125.4,
            33.8
          ],
          [
            126.3,
            34.4
          ],
          [
            127.2,
            35.0
          ],
          [
            128.2,
            35.8
          ],
          [
            129.2,
            36.8
          ],
          [
            130.0,
            37.6
          ],
          [
            130.6,
            37.9
          ],
          [
            131.3,
            38.1
          ],
          [
            131.9,
            38.5
          ],
          [
            132.7,
            38.8
          ],
          [
            133.5,
            38.9
          ],
          [
            134.3,
            39.0
          ],
          [
            135.3,
            39.0
          ],
          [
            136.4,
            39.0
          ],
          [
            137.4,
            39.0
          ],
          [
            138.5,
            38.9
          ],
          [
            139.6,
            38.8
          ],
          [
            140.7,
            38.8
          ],
          [
            141.9,
            38.9
          ],
          [
            143.3,
            39.1
          ],
          [
            144.7,
            39.2
          ],
          [
            146.0,
            39.5
          ],
          [
            147.5,
            40.1
          ],
          [
            148.9,
            40.9
          ],
          [
            150.3,
            42.1
          ],
          [
            151.7,
            43.4
          ]
        ]
      },
      "properties": {
        "sid": "2019268N10155",
        "name": "MITAG",
        "start_time": "2019-09-24 12:00:00",
        "end_time": "2019-10-05 12:00:00",
        "max_wind_kt": 75.0
      }
    },
    {
      "type": "Feature",
      "geometry": {
        "type": "LineString",
        "coordinates": [
          [
            136.0,
            14.3
          ],
          [
            135.8,
            14.2
          ],
          [
            135.7,
            14.1
          ],
          [
            135.6,
            14.0
          ],
          [
            135.5,
            13.9
          ],
          [
            135.4,
            13.8
          ],
          [
            135.2,
            13.7
          ],
          [
            135.1,
            13.6
          ],
          [
            134.9,
            13.5
          ],
          [
            134.7,
            13.4
          ],
          [
            134.5,
            13.4
          ],
          [
            134.2,
            13.3
          ],
          [
            133.8,
            13.2
          ],
          [
            133.4,
            12.9
          ],
          [
            133.1,
            12.5
          ],
          [
            132.9,
            12.2
          ],
          [
            132.7,
            12.0
          ],
          [
            132.5,
            11.9
          ],
          [
            132.2,
            11.8
          ],
          [
            132.0,
            11.9
          ],
          [
            131.7,
            11.9
          ],
          [
            131.4,
            12.0
          ],
          [
            131.0,
            12.1
          ],
          [
            130.5,
            12.2
          ],
          [
            130.1,
            12.3
          ],
          [
            129.6,
            12.5
          ],
          [
            129.2,
            12.7
          ],
          [
            128.8,
            12.9
          ],
          [
            128.5,
            13.0
          ],
          [
            128.4,
            13.0
          ],
          [
            128.3,
            13.1
          ],
          [
            128.1,
            13.2
          ],
          [
            127.8,
            13.4
          ],
          [
            127.6,
            13.8
          ],
          [
            127.3,
            14.4
          ],
          [
            127.1,
            14.8
          ],
          [
            126.9,
            15.2
          ],
          [
            126.7,
            15.5
          ],
          [
            126.5,
            15.7
          ],
          [
            126.4,
            15.9
          ],
          [
            126.2,
            16.0
          ],
          [
            126.1,
            16.2
          ],
          [
            126.0,
            16.4
          ],
          [
            125.9,
            16.5
          ],
          [
            126.0,
            16.4
          ],
          [
            126.0,
            16.4
          ],
          [
            126.1,
            16.4
          ],
          [
            126.2,
            16.4
          ],
          [
            126.2,
            16.3
          ],
          [
            126.2,
            16.3
          ],
          [
            126.2,
            16.1
          ],
          [
            126.1,
            16.0
          ],
          [
            126.1,
            15.9
          ],
          [
            126.0,
            15.9
          ],
          [
            125.9,
            15.9
          ],
          [
            125.8,
            15.9
          ],
          [
            125.6,
            15.9
          ],
          [
            125.4,
            16.0
          ],
          [
            125.2,
            16.1
          ],
          [
            125.0,
            16.3
          ],
          [
            124.8,
            16.5
          ],
          [
            124.5,
            16.7
          ],
          [
            124.2,
            16.8
          ],
          [
            124.0,
            17.0
          ],
          [
            123.8,
            17.2
          ],
          [
            123.6,
            17.4
          ],
          [
            123.4,
            17.5
          ],
          [
            123.3,
            17.8
          ],
          [
            123.1,
            18.1
          ],
          [
            123.0,
            18.5
          ],
          [
            122.9,
            18.8
          ],
          [
            122.7,
            19.0
          ],
          [
            122.6,
            19.1
          ],
          [
            122.5,
            19.2
          ],
          [
            122.5,
            19.2
          ],
          [
            122.5,
            19.3
          ],
          [
            122.6,
            19.3
          ],
          [
            122.6,
            19.3
          ],
          [
            122.5,
            19.3
          ],
          [
            122.4,
            19.0
          ],
          [
            122.2,
            18.5
          ],
          [
            122.0,
            18.0
          ],
          [
            121.6,
            17.4
          ],
          [
            121.3,
            16.9
          ],
          [
            120.8,
            16.5
          ],
          [
            120.4,
            16.0
          ],
          [
            120.0,
            15.5
          ],
          [
            119.6,
            15.0
          ],
          [
            119.1,
            14.6
          ],
          [
            118.6,
            14.3
          ],
          [
            118.1,
            14.0
          ],
          [
            117.5,
            13.8
          ],
          [
            117.0,
            13.5
          ],
          [
            116.5,
            13.2
          ],
          [
            116.0,
            12.8
          ],
          [
            115.5,
            12.5
          ],
          [
            115.0,
            12.1
          ],
          [
            114.5,
            11.7
          ],
          [
            114.0,
            11.3
          ],
          [
            113.5,
            10.9
          ],
          [
            112.9,
            10.5
          ],
          [
            112.2,
            10.1
          ],
          [
            111.5,
            9.7
          ]
        ]
      },
      "properties": {
        "sid": "2019314N14136",
        "name": "KALMAEGI",
        "start_time": "2019-11-09 18:00:00",
        "end_time": "2019-11-22 12:00:00",
        "max_wind_kt": 70.0
      }
    },
    {
      "type": "Feature",
      "geometry": {
        "type": "LineString",
        "coordinates": [
          [
            134.0,
            7.0
          ],
          [
            133.8,
            6.9
          ],
          [
            133.7,
            6.8
          ],
          [
            133.4,
            6.7
          ],
          [
            133.2,
            6.6
          ],
          [
            133.1,
            6.5
          ],
          [
            132.9,
            6.5
          ],
          [
            132.8,
            6.5
          ],
          [
            132.6,
            6.6
          ],
          [
            132.4,
            6.8
          ],
          [
            132.3,
            6.9
          ],
          [
            132.1,
            7.0
          ],
          [
            131.9,
            7.2
          ],
          [
            131.7,
            7.3
          ],
          [
            131.4,
            7.5
          ],
          [
            131.1,
            7.7
          ],
          [
            130.8,
            7.8
          ],
          [
            130.6,
            7.9
          ],
          [
            130.4,
            8.1
          ],
          [
            130.2,
            8.2
          ],
          [
            130.0,
            8.3
          ],
          [
            129.8,
            8.3
          ],
          [
            129.7,
            8.4
          ],
          [
            129.5,
            8.5
          ],
          [
            129.4,
            8.7
          ],
          [
            129.2,
            8.8
          ],
          [
            129.1,
            9.0
          ],
          [
            129.1,
            9.2
          ],
          [
            129.1,
            9.5
          ],
          [
            129.1,
            9.8
          ],
          [
            129.2,
            10.1
          ],
          [
            129.4,
            10.4
          ],
          [
            129.4,
            10.8
          ],
          [
            129.5,
            11.0
          ],
          [
            129.4,
            11.3
          ],
          [
            129.3,
            11.5
          ],
          [
            129.2,
            11.7
          ],
          [
            129.0,
            11.8
          ],
          [
            128.9,
            11.9
          ],
          [
            128.7,
            11.9
          ],
          [
            128.4,
            12.0
          ],
          [
            128.2,
            12.1
          ],
          [
            127.8,
            12.1
          ],
          [
            127.4,
            12.2
          ],
          [
            127.0,
            12.2
          ],
          [
            126.6,
            12.1
          ],
          [
            126.2,
            12.1
          ],
          [
            125.8,
            12.1
          ],
          [
            125.3,
            12.2
          ],
          [
            124.9,
            12.2
          ],
          [
            124.5,
            12.3
          ],
          [
            124.1,
            12.5
          ],
          [
            123.6,
            12.6
          ],
          [
            123.1,
            12.9
          ],
          [
            122.7,
            13.3
          ],
          [
            122.4,
            13.5
          ],
          [
            122.0,
            13.9
          ],
          [
            121.7,
            14.4
          ],
          [
            121.3,
            14.9
          ],
          [
            121.1,
            15.5
          ],
          [
            120.7,
            16.1
          ],
          [
            120.4,
            16.8
          ],
          [
            120.1,
            17.5
          ],
          [
            120.0,
            18.1
          ],
          [
            119.9,
            18.5
          ],
          [
            119.9,
            18.7
          ],
          [
            119.8,
            19.1
          ],
          [
            119.8,
            19.5
          ],
          [
            119.9,
            20.0
          ],
          [
            119.9,
            20.3
          ],
          [
            120.1,
            20.6
          ],
          [
            120.5,
            21.0
          ],
          [
            121.1,
            21.3
          ],
          [
            121.6,
            21.6
          ],
          [
            122.1,
            21.7
          ],
          [
            122.6,
            21.9
          ],
          [
            123.1,
            22.1
          ],
          [
            123.7,
            22.3
          ],
          [
            124.4,
            22.6
          ],
          [
            125.5,
            23.4
          ],
          [
            127.0,
            24.4
          ]
        ]
      },
      "properties": {
        "sid": "2020129N07134",
        "name": "VONGFONG",
        "start_time": "2020-05-08 06:00:00",
        "end_time": "2020-05-18 06:00:00",
        "max_wind_kt": 85.0
      }
    },
    {
      "type": "Feature",
      "geometry": {
        "type": "LineString",
        "coordinates": [
          [
            132.5,
            10.4
          ],
          [
            132.0,
            10.3
          ],
          [
            131.5,
            10.3
          ],
          [
            131.0,
            10.3
          ],
          [
            130.4,
            10.3
          ],
          [
            129.8,
            10.4
          ],
          [
            129.2,
            10.6
          ],
          [
            128.6,
            10.7
          ],
          [
            128.0,
            10.8
          ],
          [
            127.6,
            10.9
          ],
          [
            127.2,
            11.0
          ],
          [
            126.8,
            11.1
          ],
          [
            126.4,
            11.1
          ],
          [
            126.1,
            11.2
          ],
          [
            125.9,
            11.3
          ],
          [
            125.7,
            11.4
          ],
          [
            125.8,
            11.5
          ],
          [
            125.6,
            11.8
          ],
          [
            125.4,
            12.1
          ],
          [
            125.2,
            12.5
          ],
          [
            125.0,
            12.8
          ],
          [
            124.8,
            13.2
          ],
          [
            124.5,
            13.6
          ],
          [
            124.2,
            13.9
          ],
          [
            123.8,
            14.2
          ],
          [
            123.3,
            14.4
          ],
          [
            122.8,
            14.7
          ],
          [
            122.4,
            14.9
          ],
          [
            121.8,
            15.1
          ],
          [
            121.2,
            15.5
          ],
          [
            120.6,
            15.9
          ],
          [
            120.1,
            16.1
          ],
          [
            119.6,
            16.3
          ],
          [
            119.1,
            16.4
          ],
          [
            118.5,
            16.6
          ],
          [
            118.0,
            16.8
          ],
          [
            117.6,
            17.1
          ],
          [
            117.1,
            17.4
          ],
          [
            116.6,
            17.8
          ],
          [
            116.3,
            18.2
          ],
          [
            115.9,
            18.6
          ],
          [
            115.5,
            19.0
          ],
          [
            115.1,
            19.4
          ],
          [
            114.6,
            19.8
          ],
          [
            114.1,
            20.1
          ],
          [
            113.6,
            20.4
          ],
          [
            113.2,
            20.8
          ],
          [
            112.7,
            21.2
          ],
          [
            112.1,
            21.5
          ],
          [
            111.7,
            21.8
          ],
          [
            111.2,
            22.2
          ],
          [
            110.5,
            22.6
          ],
          [
            109.7,
            23.2
          ]
        ]
      },
      "properties": {
        "sid": "2020160N10133",
        "name": "NURI",
        "start_time": "2020-06-08 00:00:00",
        "end_time": "2020-06-14 12:00:00",
        "max_wind_kt": 40.0
      }
    },
    {
      "type": "Feature",
      "geometry": {
        "type": "LineString",
        "coordinates": [
          [
            125.4,
            17.2
          ],
          [
            124.9,
            17.5
          ],
          [
            124.4,
            17.7
          ],
          [
            123.8,
            17.9
          ],
          [
            123.2,
            18.1
          ],
          [
            122.8,
            18.4
          ],
          [
            122.5,
            18.7
          ],
          [
            122.3,
            19.1
          ],
          [
            122.1,
            19.5
          ],
          [
            121.7,
            19.9
          ]
        ]
      },
      "properties": {
        "sid": "2020195N17125",
        "name": "UNNAMED",
        "start_time": "2020-07-12 18:00:00",
        "end_time": "2020-07-13 21:00:00",
        "max_wind_kt": null
      }
    },
    {
      "type": "Feature",
      "geometry": {
        "type": "LineString",
        "coordinates": [
          [
            123.9,
            14.4
          ],
          [
            123.1,
            14.6
          ],
          [
            122.4,
            14.8
          ],
          [
            121.7,
            15.1
          ],
          [
            121.0,
            15.3
          ],
          [
            120.2,
            15.4
          ],
          [
            119.4,
            15.5
          ],
          [
            118.5,
            15.8
          ],
          [
            117.7,
            16.0
          ],
          [
            117.0,
            16.1
          ],
          [
            116.4,
            16.1
          ],
          [
            115.7,
            16.1
          ],
          [
            115.1,
            16.2
          ],
          [
            114.5,
            16.2
          ],
          [
            114.0,
            16.3
          ],
          [
            113.6,
            16.4
          ],
          [
            113.4,
            16.6
          ],
          [
            113.1,
            16.8
          ],
          [
            112.9,
            16.9
          ],
          [
            112.4,
            17.0
          ],
          [
            112.0,
            17.2
          ],
          [
            111.6,
            17.4
          ],
          [
            111.2,
            17.6
          ],
          [
            110.9,
            17.9
          ],
          [
            110.5,
            18.1
          ],
          [
            109.7,
            18.4
          ],
          [
            108.9,
            18.6
          ],
          [
            108.3,
            18.8
          ],
          [
            107.8,
            18.9
          ],
          [
            107.4,
            19.0
          ],
          [
            107.1,
            19.1
          ],
          [
            106.7,
            19.2
          ],
          [
            106.4,
            19.3
          ],
          [
            106.2,
            19.5
          ],
          [
            105.9,
            19.6
          ],
          [
            105.4,
            19.6
          ],
          [
            104.8,
            19.5
          ],
          [
            104.0,
            19.4
          ],
          [
            103.4,
            19.4
          ],
          [
            102.7,
            19.6
          ],
          [
            102.1,
            19.8
          ]
        ]
      },
      "properties": {
        "sid": "2020211N14124",
        "name": "SINLAKU",
        "start_time": "2020-07-29 00:00:00",
        "end_time": "2020-08-03 00:00:00",
        "max_wind_kt": 40.0
      }
    },
    {
      "type": "Feature",
      "geometry": {
        "type": "LineString",
        "coordinates": [
          [
            131.2,
            15.2
          ],
          [
            131.0,
            15.7
          ],
          [
            130.8,
            16.2
          ],
          [
            130.5,
            16.7
          ],
          [
            130.2,
            17.2
          ],
          [
            129.9,
            17.4
          ],
          [
            129.7,
            17.7
          ],
          [
            129.6,
            18.1
          ],
          [
            129.5,
            18.7
          ],
          [
            129.3,
            19.3
          ],
          [
            128.9,
            20.0
          ],
          [
            128.4,
            20.5
          ],
          [
            127.9,
            20.8
          ],
          [
            127.4,
            21.1
          ],
          [
            127.0,
            21.3
          ],
          [
            126.5,
            21.7
          ],
          [
            125.9,
            22.0
          ],
          [
            125.5,
            22.3
          ],
          [
            125.1,
            22.5
          ],
          [
            124.8,
            22.8
          ],
          [
            124.6,
            23.1
          ],
          [
            124.4,
            23.3
          ],
          [
            124.2,
            23.6
          ],
          [
            124.1,
            23.9
          ],
          [
            123.9,
            24.2
          ],
          [
            123.7,
            24.5
          ],
          [
            123.4,
            25.0
          ],
          [
            123.0,
            25.5
          ],
          [
            122.5,
            26.2
          ],
          [
            122.1,
            26.5
          ],
          [
            121.7,
            26.8
          ],
          [
            121.4,
            27.2
          ],
          [
            121.1,
            27.7
          ],
          [
            120.9,
            28.2
          ],
          [
            120.6,
            28.6
          ],
          [
            120.5,
            29.1
          ],
          [
            120.4,
            29.6
          ],
          [
            120.3,
            30.1
          ],
          [
            120.3,
            30.8
          ],
          [
            120.5,
            31.6
          ],
          [
            120.6,
            32.4
          ],
          [
            120.6,
            33.3
          ],
          [
            120.8,
            34.0
          ],
          [
            121.1,
            34.6
          ],
          [
            121.4,
            35.1
          ],
          [
            121.9,
            35.8
          ],
          [
            122.6,
            36.5
          ],
          [
            123.6,
            37.3
          ],
          [
            124.9,
            38.1
          ],
          [
            126.5,
            38.8
          ],
          [
            128.2,
            39.5
          ],
          [
            130.2,
            40.4
          ],
          [
            132.2,
            41.2
          ],
          [
            133.7,
            41.7
          ],
          [
            134.8,
            42.2
          ],
          [
            135.8,
            42.6
          ],
          [
            136.9,
            43.0
          ],
          [
            138.2,
            43.5
          ],
          [
            139.7,
            44.0
          ],
          [
            141.2,
            44.4
          ],
          [
            142.8,
            45.1
          ],
          [
            144.3,
            45.9
          ],
          [
            145.8,
            46.8
          ],
          [
            146.9,
            47.2
          ],
          [
            147.9,
            47.5
          ],
          [
            149.2,
            47.9
          ],
          [
            150.6,
            48.3
          ],
          [
            152.3,
            48.6
          ],
          [
            153.9,
            49.1
          ],
          [
            155.0,
            49.7
          ],
          [
            156.0,
            50.3
          ],
          [
            157.2,
            50.4
          ],
          [
            158.4,
            50.4
          ],
          [
            159.5,
            50.4
          ],
          [
            160.5,
            50.4
          ],
          [
            161.5,
            50.6
          ],
          [
            162.5,
            50.7
          ],
          [
            163.5,
            50.8
          ],
          [
            164.6,
            50.8
          ],
          [
            165.7,
            50.8
          ],
          [
            167.0,
            50.9
          ],
          [
            168.1,
            50.9
          ],
          [
            169.2,
            50.9
          ],
          [
            170.1,
            50.9
          ],
          [
            170.9,
            50.9
          ],
          [
            171.8,
            51.0
          ],
          [
            172.6,
            51.1
          ],
          [
            173.4,
            51.2
          ],
          [
            174.1,
            51.4
          ],
          [
            174.8,
            51.6
          ],
          [
            175.5,
            51.7
          ],
          [
            176.2,
            51.8
          ],
          [
            176.9,
            52.0
          ],
          [
            177.5,
            52.0
          ],
          [
            178.2,
            52.1
          ],
          [
            178.8,
            52.2
          ],
          [
            179.4,
            52.2
          ],
          [
            179.8,
            52.3
          ],
          [
            180.1,
            52.3
          ],
          [
            180.2,
            52.4
          ],
          [
            180.7,
            52.3
          ]
        ]
      },
      "properties": {
        "sid": "2020213N15131",
        "name": "HAGUPIT",
        "start_time": "2020-07-30 18:00:00",
        "end_time": "2020-08-12 06:00:00",
        "max_wind_kt": 70.0
      }
    },
    {
      "type": "Feature",
      "geometry": {
        "type": "LineString",
        "coordinates": [
          [
            117.3,
            14.9
          ],
          [
            117.6,
            14.9
          ],
          [
            117.8,
            15.0
          ],
          [
            117.9,
            15.1
          ],
          [
            118.0,
            15.3
          ],
          [
            118.1,
            15.6
          ],
          [
            118.2,
            16.0
          ],
          [
            118.3,
            16.4
          ],
          [
            118.4,
            16.9
          ],
          [
            118.5,
            17.5
          ],
          [
            118.5,
            18.0
          ],
          [
            118.6,
            18.6
          ],
          [
            118.6,
            19.1
          ],
          [
            118.6,
            19.7
          ],
          [
            118.6,
            20.3
          ],
          [
            118.6,
            21.0
          ],
          [
            118.5,
            21.6
          ],
          [
            118.4,
            22.2
          ],
          [
            118.2,
            22.9
          ],
          [
            118.0,
            23.5
          ],
          [
            117.7,
            24.2
          ],
          [
            117.4,
            24.9
          ],
          [
            117.2,
            25.6
          ],
          [
            117.1,
            26.5
          ],
          [
            116.8,
            27.4
          ],
          [
            116.4,
            28.0
          ],
          [
            115.9,
            28.3
          ],
          [
            115.3,
            28.5
          ],
          [
            114.6,
            28.7
          ]
        ]
      },
      "properties": {
        "sid": "2020222N15117",
        "name": "MEKKHALA",
        "start_time": "2020-08-08 12:00:00",
        "end_time": "2020-08-12 00:00:00",
        "max_wind_kt": 50.0
      }
    },
    {
      "type": "Feature",
      "geometry": {
        "type": "LineString",
        "coordinates": [
          [
            123.4,
            17.5
          ],
          [
            123.3,
            17.5
          ],
          [
            123.3,
            17.7
          ],
          [
            123.1,
            18.0
          ],
          [
            122.8,
            18.4
          ],
          [
            122.4,
            18.7
          ],
          [
            121.9,
            19.0
          ],
          [
            121.4,
            19.2
          ],
          [
            120.7,
            19.4
          ],
          [
            120.2,
            19.5
          ],
          [
            119.6,
            19.6
          ],
          [
            119.0,
            19.8
          ],
          [
            118.4,
            19.9
          ],
          [
            117.7,
            20.1
          ],
          [
            116.9,
            20.3
          ],
          [
            116.3,
            20.4
          ],
          [
            115.8,
            20.7
          ],
          [
            115.6,
            20.7
          ],
          [
            115.5,
            20.8
          ],
          [
            115.3,
            20.9
          ],
          [
            115.1,
            21.0
          ],
          [
            115.0,
            21.0
          ],
          [
            114.8,
            21.1
          ],
          [
            114.6,
            21.2
          ],
          [
            114.5,
            21.3
          ],
          [
            114.3,
            21.4
          ],
          [
            114.1,
            21.4
          ],
          [
            114.0,
            21.5
          ],
          [
            113.8,
            21.6
          ],
          [
            113.7,
            21.7
          ],
          [
            113.6,
            21.8
          ],
          [
            113.5,
            21.9
          ],
          [
            113.3,
            22.0
          ],
          [
            113.2,
            22.1
          ],
          [
            113.1,
            22.2
          ],
          [
            112.9,
            22.3
          ],
          [
            112.8,
            22.4
          ],
          [
            112.7,
            22.5
          ],
          [
            112.2,
            22.9
          ],
          [
            111.5,
            23.3
          ],
          [
            110.8,
            23.7
          ],
          [
            110.1,
            23.9
          ],
          [
            109.4,
            24.0
          ],
          [
            109.1,
            24.5
          ],
          [
            109.0,
            25.1
          ],
          [
            108.9,
            25.6
          ],
          [
            108.7,
            26.0
          ]
        ]
      },
      "properties": {
        "sid": "2020229N18123",
        "name": "HIGOS",
        "start_time": "2020-08-16 06:00:00",
        "end_time": "2020-08-20 06:00:00",
        "max_wind_kt": 55.0
      }
    },
    {
      "type": "Feature",
      "geometry": {
        "type": "LineString",
        "coordinates": [
          [
            122.8,
            18.7
          ],
          [
            123.0,
            19.5
          ],
          [
            123.0,
            20.3
          ],
          [
            123.0,
            20.8
          ],
          [
            123.0,
            21.2
          ],
          [
            122.9,
            21.6
          ],
          [
            122.9,
            22.0
          ],
          [
            122.8,
            22.4
          ],
          [
            122.8,
            22.8
          ],
          [
            122.7,
            23.1
          ],
          [
            122.7,
            23.4
          ],
          [
            123.0,
            23.8
          ],
          [
            123.3,
            24.3
          ],
          [
            123.6,
            24.8
          ],
          [
            123.8,
            25.3
          ],
          [
            123.7,
            25.6
          ],
          [
            123.7,
            25.8
          ],
          [
            123.8,
            26.0
          ],
          [
            123.9,
            26.3
          ],
          [
            124.1,
            26.5
          ],
          [
            124.4,
            26.7
          ],
          [
            124.7,
            26.8
          ],
          [
            125.0,
            26.9
          ],
          [
            125.3,
            27.0
          ],
          [
            125.5,
            27.1
          ],
          [
            125.9,
            27.2
          ],
          [
            126.2,
            27.3
          ],
          [
            126.4,
            27.6
          ],
          [
            126.5,
            27.9
          ],
          [
            126.4,
            28.1
          ],
          [
            126.2,
            28.3
          ],
          [
            126.1,
            28.5
          ],
          [
            126.0,
            28.6
          ],
          [
            125.8,
            28.8
          ],
          [
            125.7,
            29.2
          ],
          [
            125.6,
            29.5
          ],
          [
            125.4,
            29.8
          ],
          [
            125.3,
            30.2
          ],
          [
            125.1,
            30.6
          ],
          [
            124.9,
            31.0
          ],
          [
            124.7,
            31.4
          ],
          [
            124.6,
            31.8
          ],
          [
            124.5,
            32.3
          ],
          [
            124.4,
            32.9
          ],
          [
            124.3,
            33.5
          ],
          [
            124.3,
            34.2
          ],
          [
            124.4,
            35.0
          ],
          [
            124.6,
            36.0
          ],
          [
            124.8,
            37.0
          ],
          [
            124.8,
            38.1
          ],
          [
            124.8,
            39.2
          ],
          [
            125.1,
            40.5
          ],
          [
            125.4,
            41.9
          ],
          [
            125.8,
            43.1
          ],
          [
            126.2,
            44.0
          ],
          [
            126.6,
            44.9
          ],
          [
            127.0,
            45.4
          ],
          [
            126.8,
            45.5
          ],
          [
            126.3,
            45.2
          ],
          [
            125.8,
            44.8
          ],
          [
            125.6,
            44.7
          ],
          [
            125.8,
            44.6
          ],
          [
            125.9,
            44.6
          ],
          [
            125.6,
            44.9
          ],
          [
            125.2,
            45.3
          ],
          [
            124.9,
            45.9
          ],
          [
            124.6,
            46.4
          ],
          [
            124.0,
            46.7
          ],
          [
            123.6,
            46.8
          ],
          [
            123.6,
            46.7
          ],
          [
            123.8,
            46.6
          ],
          [
            124.1,
            46.6
          ],
          [
            124.4,
            46.6
          ]
        ]
      },
      "properties": {
        "sid": "2020234N19123",
        "name": "BAVI",
        "start_time": "2020-08-20 18:00:00",
        "end_time": "2020-08-29 18:00:00",
        "max_wind_kt": 85.0
      }
    },
    {
      "type": "Feature",
      "geometry": {
        "type": "LineString",
        "coordinates": [
          [
            119.9,
            16.7
          ],
          [
            119.7,
            16.8
          ],
          [
            119.4,
            16.9
          ],
          [
            119.1,
            17.0
          ],
          [
            118.9,
            17.2
          ],
          [
            118.5,
            17.3
          ],
          [
            118.1,
            17.4
          ],
          [
            117.6,
            17.6
          ],
          [
            117.2,
            17.7
          ],
          [
            116.6,
            17.8
          ],
          [
            115.9,
            17.8
          ],
          [
            115.2,
            18.0
          ],
          [
            114.6,
            18.0
          ],
          [
            114.1,
            18.1
          ],
          [
            113.6,
            18.2
          ],
          [
            113.0,
            18.3
          ],
          [
            112.3,
            18.4
          ],
          [
            111.7,
            18.5
          ],
          [
            111.2,
            18.7
          ],
          [
            110.9,
            18.8
          ],
          [
            110.5,
            19.1
          ],
          [
            109.6,
            19.4
          ],
          [
            108.7,
            19.7
          ],
          [
            108.1,
            19.8
          ],
          [
            107.5,
            19.8
          ],
          [
            107.0,
            19.8
          ],
          [
            106.6,
            19.9
          ],
          [
            106.2,
            19.9
          ],
          [
            105.5,
            19.9
          ],
          [
            104.9,
            19.8
          ]
        ]
      },
      "properties": {
        "sid": "2020285N17120",
        "name": "NANGKA",
        "start_time": "2020-10-11 00:00:00",
        "end_time": "2020-10-14 15:00:00",
        "max_wind_kt": 45.0
      }
    },
    {
      "type": "Feature",
      "geometry": {
        "type": "LineString",
        "coordinates": [
          [
            149.3,
            5.3
          ],
          [
            149.0,
            5.9
          ],
          [
            149.1,
            6.7
          ],
          [
            148.8,
            7.4
          ],
          [
            148.5,
            8.2
          ],
          [
            148.0,
            8.8
          ],
          [
            147.4,
            9.3
          ],
          [
            146.5,
            9.9
          ],
          [
            145.5,
            10.4
          ],
          [
            144.5,
            10.7
          ],
          [
            143.5,
            10.9
          ],
          [
            142.7,
            11.3
          ],
          [
            142.0,
            11.6
          ],
          [
            141.5,
            11.9
          ],
          [
            141.0,
            12.3
          ],
          [
            140.5,
            12.8
          ],
          [
            139.9,
            13.3
          ],
          [
            139.2,
            13.7
          ],
          [
            138.6,
            14.0
          ],
          [
            137.9,
            14.3
          ],
          [
            137.2,
            14.6
          ],
          [
            136.7,
            14.8
          ],
          [
            136.0,
            15.0
          ],
          [
            135.2,
            15.4
          ],
          [
            134.4,
            15.7
          ],
          [
            133.5,
            15.9
          ],
          [
            132.7,
            16.2
          ],
          [
            131.9,
            16.5
          ],
          [
            131.2,
            16.8
          ],
          [
            130.5,
            17.2
          ],
          [
            129.8,
            17.7
          ],
          [
            129.2,
            18.1
          ],
          [
            128.7,
            18.6
          ],
          [
            128.1,
            19.0
          ],
          [
            127.6,
            19.3
          ],
          [
            127.3,
            19.5
          ],
          [
            127.2,
            19.6
          ],
          [
            127.2,
            19.8
          ],
          [
            127.2,
            19.9
          ],
          [
            127.4,
            20.0
          ],
          [
            127.6,
            20.0
          ],
          [
            127.9,
            20.0
          ],
          [
            128.1,
            20.0
          ],
          [
            128.4,
            19.9
          ],
          [
            128.6,
            19.8
          ],
          [
            128.8,
            19.8
          ],
          [
            128.9,
            19.8
          ],
          [
            129.1,
            19.9
          ],
          [
            129.3,
            20.0
          ],
          [
            129.2,
            20.1
          ],
          [
            129.1,
            20.3
          ],
          [
            128.9,
            20.3
          ],
          [
            128.7,
            20.2
          ],
          [
            128.3,
            20.1
          ],
          [
            127.8,
            20.1
          ],
          [
            127.2,
            20.1
          ],
          [
            126.7,
            20.1
          ],
          [
            126.1,
            20.1
          ],
          [
            125.5,
            20.2
          ],
          [
            124.9,
            20.4
          ],
          [
            124.2,
            20.5
          ],
          [
            123.5,
            20.6
          ],
          [
            122.8,
            20.6
          ],
          [
            122.3,
            20.8
          ],
          [
            121.9,
            21.0
          ],
          [
            121.4,
            21.2
          ],
          [
            120.9,
            21.3
          ],
          [
            120.6,
            21.6
          ],
          [
            120.3,
            21.8
          ],
          [
            120.0,
            22.0
          ],
          [
            119.7,
            22.2
          ],
          [
            119.6,
            22.5
          ],
          [
            119.4,
            22.6
          ],
          [
            119.3,
            22.7
          ],
          [
            119.2,
            22.7
          ],
          [
            118.9,
            22.7
          ],
          [
            118.6,
            22.7
          ],
          [
            118.2,
            22.5
          ]
        ]
      },
      "properties": {
        "sid": "2020303N05149",
        "name": "ATSANI",
        "start_time": "2020-10-29 00:00:00",
        "end_time": "2020-11-07 15:00:00",
        "max_wind_kt": 50.0
      }
    },
    {
      "type": "Feature",
      "geometry": {
        "type": "LineString",
        "coordinates": [
          [
            142.1,
            4.8
          ],
          [
            141.5,
            5.0
          ],
          [
            141.0,
            5.2
          ],
          [
            140.5,
            5.4
          ],
          [
            139.9,
            5.6
          ],
          [
            139.3,
            5.8
          ],
          [
            138.6,
            5.9
          ],
          [
            137.9,
            6.0
          ],
          [
            137.0,
            6.2
          ],
          [
            136.4,
            6.1
          ],
          [
            135.8,
            6.0
          ],
          [
            135.5,
            5.9
          ],
          [
            135.1,
            5.8
          ],
          [
            134.7,
            5.9
          ],
          [
            134.3,
            6.0
          ],
          [
            133.9,
            6.1
          ],
          [
            133.5,
            6.1
          ],
          [
            133.1,
            6.1
          ],
          [
            132.8,
            6.3
          ],
          [
            132.5,
            6.5
          ],
          [
            132.2,
            6.8
          ],
          [
            131.8,
            7.0
          ],
          [
            131.4,
            7.3
          ],
          [
            131.1,
            7.7
          ],
          [
            130.8,
            8.1
          ],
          [
            130.3,
            8.5
          ],
          [
            129.8,
            8.9
          ],
          [
            129.5,
            9.3
          ],
          [
            129.1,
            9.5
          ],
          [
            128.7,
            9.6
          ],
          [
            128.3,
            9.8
          ],
          [
            127.7,
            9.9
          ],
          [
            127.3,
            10.1
          ],
          [
            127.0,
            10.5
          ],
          [
            126.7,
            11.1
          ],
          [
            126.3,
            11.5
          ],
          [
            125.7,
            11.7
          ],
          [
            124.8,
            11.8
          ],
          [
            124.0,
            11.9
          ],
          [
            123.2,
            12.3
          ],
          [
            122.4,
            12.7
          ],
          [
            122.0,
            13.0
          ],
          [
            121.6,
            13.2
          ],
          [
            121.1,
            13.5
          ],
          [
            120.7,
            13.7
          ],
          [
            120.3,
            14.2
          ],
          [
            119.9,
            14.9
          ],
          [
            119.5,
            15.7
          ],
          [
            119.1,
            16.6
          ],
          [
            118.6,
            17.2
          ],
          [
            118.2,
            17.6
          ],
          [
            118.2,
            18.0
          ],
          [
            118.3,
            18.5
          ],
          [
            118.3,
            19.0
          ],
          [
            118.4,
            19.4
          ],
          [
            118.4,
            19.9
          ],
          [
            118.6,
            20.2
          ],
          [
            119.0,
            20.6
          ],
          [
            119.5,
            20.9
          ],
          [
            120.3,
            21.4
          ],
          [
            121.1,
            21.9
          ],
          [
            121.8,
            22.4
          ],
          [
            122.5,
            23.1
          ],
          [
            123.1,
            23.9
          ],
          [
            123.8,
            24.8
          ],
          [
            124.8,
            25.7
          ],
          [
            125.9,
            26.6
          ],
          [
            127.3,
            27.4
          ],
          [
            128.6,
            28.1
          ],
          [
            129.8,
            28.5
          ],
          [
            131.3,
            29.0
          ],
          [
            133.1,
            29.5
          ],
          [
            135.0,
            30.1
          ]
        ]
      },
      "properties": {
        "sid": "2021148N05142",
        "name": "CHOI-WAN",
        "start_time": "2021-05-28 00:00:00",
        "end_time": "2021-06-06 00:00:00",
        "max_wind_kt": 40.0
      }
    },
    {
      "type": "Feature",
      "geometry": {
        "type": "LineString",
        "coordinates": [
          [
            115.4,
            17.6
          ],
          [
            115.1,
            17.7
          ],
          [
            114.8,
            17.8
          ],
          [
            114.5,
            17.9
          ],
          [
            114.2,
            17.9
          ],
          [
            113.8,
            17.9
          ],
          [
            113.4,
            17.8
          ],
          [
            113.1,
            17.7
          ],
          [
            112.8,
            17.6
          ],
          [
            112.5,
            17.7
          ],
          [
            112.1,
            17.8
          ],
          [
            111.6,
            18.0
          ],
          [
            111.1,
            18.2
          ],
          [
            110.5,
            18.3
          ],
          [
            110.0,
            18.4
          ],
          [
            109.5,
            18.7
          ],
          [
            108.7,
            19.1
          ],
          [
            108.1,
            19.4
          ],
          [
            107.4,
            19.7
          ],
          [
            107.0,
            19.8
          ],
          [
            106.5,
            19.8
          ],
          [
            106.0,
            19.8
          ],
          [
            105.4,
            19.8
          ],
          [
            104.7,
            19.9
          ],
          [
            103.9,
            20.0
          ],
          [
            102.9,
            20.3
          ],
          [
            101.9,
            20.7
          ]
        ]
      },
      "properties": {
        "sid": "2021161N18115",
        "name": "KOGUMA",
        "start_time": "2021-06-10 06:00:00",
        "end_time": "2021-06-13 12:00:00",
        "max_wind_kt": 35.0
      }
    },
    {
      "type": "Feature",
      "geometry": {
        "type": "LineString",
        "coordinates": [
          [
            121.2,
            13.0
          ],
          [
            120.7,
            13.0
          ],
          [
            120.1,
            13.1
          ],
          [
            119.4,
            13.5
          ],
          [
            118.6,
            14.0
          ],
          [
            118.0,
            14.5
          ],
          [
            117.4,
            14.8
          ],
          [
            116.8,
            14.9
          ],
          [
            116.3,
            14.9
          ],
          [
            115.8,
            14.9
          ],
          [
            115.3,
            15.0
          ],
          [
            114.6,
            15.1
          ],
          [
            113.9,
            15.2
          ],
          [
            113.3,
            15.3
          ],
          [
            112.9,
            15.3
          ],
          [
            112.7,
            15.3
          ],
          [
            112.5,
            15.3
          ],
          [
            112.3,
            15.3
          ],
          [
            112.1,
            15.4
          ],
          [
            112.0,
            15.5
          ],
          [
            112.0,
            15.8
          ],
          [
            111.9,
            16.2
          ],
          [
            111.7,
            16.7
          ],
          [
            111.5,
            17.2
          ],
          [
            111.4,
            17.8
          ],
          [
            110.9,
            18.0
          ],
          [
            110.4,
            18.1
          ],
          [
            109.8,
            18.3
          ],
          [
            109.0,
            18.7
          ],
          [
            108.5,
            19.0
          ],
          [
            107.9,
            19.3
          ],
          [
            107.3,
            19.5
          ],
          [
            106.8,
            19.7
          ],
          [
            106.2,
            19.9
          ],
          [
            105.6,
            20.1
          ]
        ]
      },
      "properties": {
        "sid": "2021185N13121",
        "name": "UNNAMED",
        "start_time": "2021-07-03 18:00:00",
        "end_time": "2021-07-08 00:00:00",
        "max_wind_kt": null
      }
    },
    {
      "type": "Feature",
      "geometry": {
        "type": "LineString",
        "coordinates": [
          [
            128.5,
            15.8
          ],
          [
            127.8,
            16.5
          ],
          [
            127.1,
            17.0
          ],
          [
            126.0,
            17.6
          ],
          [
            125.0,
            18.2
          ],
          [
            124.2,
            18.9
          ],
          [
            123.5,
            19.4
          ],
          [
            122.7,
            20.1
          ],
          [
            122.0,
            20.8
          ],
          [
            121.4,
            21.2
          ],
          [
            120.8,
            21.6
          ],
          [
            120.4,
            21.9
          ],
          [
            120.1,
            22.3
          ],
          [
            120.0,
            23.1
          ]
        ]
      },
      "properties": {
        "sid": "2021186N16129",
        "name": "UNNAMED",
        "start_time": "2021-07-04 12:00:00",
        "end_time": "2021-07-06 03:00:00",
        "max_wind_kt": null
      }
    },
    {
      "type": "Feature",
      "geometry": {
        "type": "LineString",
        "coordinates": [
          [
            135.1,
            16.6
          ],
          [
            135.2,
            16.7
          ],
          [
            135.1,
            17.1
          ],
          [
            135.2,
            17.5
          ],
          [
            135.1,
            18.0
          ],
          [
            135.0,
            18.6
          ],
          [
            134.7,
            19.0
          ],
          [
            134.6,
            19.4
          ],
          [
            134.4,
            19.7
          ],
          [
            134.2,
            20.2
          ],
          [
            133.9,
            20.6
          ],
          [
            133.7,
            20.9
          ],
          [
            133.5,
            21.2
          ],
          [
            133.2,
            21.4
          ],
          [
            133.0,
            21.6
          ],
          [
            132.8,
            21.9
          ],
          [
            132.7,
            22.1
          ],
          [
            132.5,
            22.4
          ],
          [
            132.4,
            22.6
          ],
          [
            132.3,
            22.7
          ],
          [
            132.2,
            22.9
          ],
          [
            132.2,
            23.0
          ],
          [
            132.1,
            23.2
          ],
          [
            132.0,
            23.5
          ],
          [
            132.0,
            23.6
          ],
          [
            131.9,
            23.8
          ],
          [
            131.9,
            23.9
          ],
          [
            131.8,
            23.9
          ],
          [
            131.7,
            24.0
          ],
          [
            131.7,
            24.0
          ],
          [
            131.6,
            24.0
          ],
          [
            131.4,
            24.1
          ],
          [
            131.2,
            24.2
          ],
          [
            131.0,
            24.3
          ],
          [
            130.7,
            24.5
          ],
          [
            130.3,
            24.6
          ],
          [
            129.8,
            24.7
          ],
          [
            129.3,
            24.6
          ],
          [
            129.0,
            24.5
          ],
          [
            128.5,
            24.3
          ],
          [
            128.2,
            24.2
          ],
          [
            128.0,
            24.1
          ],
          [
            127.9,
            24.1
          ],
          [
            127.6,
            24.2
          ],
          [
            127.2,
            24.2
          ],
          [
            126.9,
            24.1
          ],
          [
            126.6,
            24.0
          ],
          [
            126.4,
            23.8
          ],
          [
            126.2,
            23.7
          ],
          [
            126.1,
            23.5
          ],
          [
            126.0,
            23.4
          ],
          [
            125.9,
            23.4
          ],
          [
            125.9,
            23.5
          ],
          [
            125.8,
            23.5
          ],
          [
            125.8,
            23.6
          ],
          [
            125.7,
            23.6
          ],
          [
            125.5,
            23.7
          ],
          [
            125.5,
            23.9
          ],
          [
            125.4,
            24.2
          ],
          [
            125.2,
            24.4
          ],
          [
            125.1,
            24.6
          ],
          [
            125.0,
            24.7
          ],
          [
            125.0,
            24.8
          ],
          [
            125.0,
            25.1
          ],
          [
            125.0,
            25.5
          ],
          [
            124.8,
            26.0
          ],
          [
            124.7,
            26.4
          ],
          [
            124.5,
            26.8
          ],
          [
            124.3,
            27.2
          ],
          [
            124.2,
            27.6
          ],
          [
            124.0,
            28.0
          ],
          [
            123.9,
            28.3
          ],
          [
            123.7,
            28.6
          ],
          [
            123.4,
            29.2
          ],
          [
            123.0,
            29.7
          ],
          [
            122.7,
            29.9
          ],
          [
            122.4,
            30.0
          ],
          [
            122.2,
            30.1
          ],
          [
            122.1,
            30.2
          ],
          [
            121.8,
            30.3
          ],
          [
            121.6,
            30.4
          ],
          [
            121.4,
            30.5
          ],
          [
            121.2,
            30.6
          ],
          [
            121.1,
            30.7
          ],
          [
            120.9,
            30.9
          ],
          [
            120.7,
            30.9
          ],
          [
            120.4,
            31.0
          ],
          [
            120.2,
            31.1
          ],
          [
            119.9,
            31.2
          ],
          [
            119.7,
            31.2
          ],
          [
            119.4,
            31.3
          ],
          [
            119.2,
            31.3
          ],
          [
            119.0,
            31.3
          ],
          [
            119.0,
            31.4
          ],
          [
            118.9,
            31.6
          ],
          [
            118.6,
            31.8
          ],
          [
            118.3,
            32.2
          ],
          [
            117.9,
            32.4
          ],
          [
            117.6,
            32.6
          ],
          [
            117.3,
            32.9
          ],
          [
            117.1,
            33.1
          ],
          [
            116.9,
            33.1
          ],
          [
            116.9,
            33.2
          ],
          [
            116.9,
            33.5
          ],
          [
            116.8,
            34.0
          ],
          [
            116.8,
            34.5
          ],
          [
            116.9,
            35.0
          ],
          [
            117.0,
            35.3
          ],
          [
            117.2,
            35.7
          ],
          [
            117.4,
            36.3
          ],
          [
            117.6,
            36.9
          ],
          [
            117.8,
            37.5
          ],
          [
            118.0,
            38.1
          ],
          [
            118.4,
            38.4
          ],
          [
            118.7,
            38.6
          ],
          [
            118.8,
            38.6
          ],
          [
            119.1,
            38.7
          ],
          [
            119.2,
            38.6
          ],
          [
            119.5,
            38.7
          ],
          [
            119.8,
            38.9
          ],
          [
            120.3,
            39.3
          ],
          [
            120.7,
            39.8
          ],
          [
            121.0,
            40.2
          ],
          [
            121.3,
            40.5
          ],
          [
            121.5,
            40.9
          ]
        ]
      },
      "properties": {
        "sid": "2021197N17135",
        "name": "IN-FA",
        "start_time": "2021-07-15 18:00:00",
        "end_time": "2021-07-31 06:00:00",
        "max_wind_kt": 85.0
      }
    },
    {
      "type": "Feature",
      "geometry": {
        "type": "LineString",
        "coordinates": [
          [
            117.1,
            18.9
          ],
          [
            117.0,
            19.2
          ],
          [
            116.6,
            19.3
          ],
          [
            116.3,
            19.4
          ],
          [
            116.1,
            19.5
          ],
          [
            115.8,
            19.6
          ],
          [
            115.7,
            19.7
          ],
          [
            115.5,
            19.9
          ],
          [
            115.3,
            20.1
          ],
          [
            114.9,
            20.3
          ],
          [
            114.6,
            20.5
          ],
          [
            114.3,
            20.6
          ],
          [
            114.0,
            20.7
          ],
          [
            113.7,
            20.7
          ],
          [
            113.5,
            20.8
          ],
          [
            113.3,
            20.8
          ],
          [
            113.2,
            20.9
          ],
          [
            113.0,
            20.9
          ],
          [
            112.9,
            21.0
          ],
          [
            112.9,
            21.0
          ],
          [
            112.8,
            21.1
          ],
          [
            112.6,
            21.1
          ],
          [
            112.5,
            21.2
          ],
          [
            112.5,
            21.2
          ],
          [
            112.5,
            21.3
          ],
          [
            112.4,
            21.4
          ],
          [
            112.3,
            21.5
          ],
          [
            112.2,
            21.6
          ],
          [
            112.0,
            21.7
          ],
          [
            111.8,
            21.8
          ],
          [
            111.5,
            21.8
          ],
          [
            111.3,
            21.8
          ],
          [
            111.2,
            21.9
          ],
          [
            111.0,
            22.0
          ],
          [
            110.8,
            22.1
          ],
          [
            110.5,
            22.3
          ],
          [
            110.3,
            22.4
          ],
          [
            110.0,
            22.4
          ],
          [
            109.7,
            22.5
          ],
          [
            109.4,
            22.5
          ],
          [
            109.0,
            22.6
          ],
          [
            108.6,
            22.6
          ],
          [
            108.3,
            22.5
          ],
          [
            108.1,
            22.3
          ],
          [
            107.9,
            22.1
          ],
          [
            107.7,
            21.8
          ],
          [
            107.6,
            21.6
          ],
          [
            107.6,
            21.4
          ],
          [
            107.5,
            21.1
          ],
          [
            107.4,
            20.8
          ],
          [
            107.3,
            20.6
          ],
          [
            107.2,
            20.4
          ],
          [
            107.1,
            20.2
          ],
          [
            107.1,
            19.9
          ],
          [
            107.1,
            19.7
          ],
          [
            107.0,
            19.6
          ],
          [
            106.9,
            19.4
          ],
          [
            106.7,
            19.1
          ],
          [
            106.5,
            18.9
          ],
          [
            106.5,
            18.7
          ],
          [
            106.6,
            18.5
          ],
          [
            106.6,
            18.3
          ],
          [
            106.7,
            18.2
          ],
          [
            106.9,
            18.1
          ],
          [
            107.1,
            18.1
          ]
        ]
      },
      "properties": {
        "sid": "2021198N19117",
        "name": "CEMPAKA",
        "start_time": "2021-07-17 00:00:00",
        "end_time": "2021-07-25 00:00:00",
        "max_wind_kt": 70.0
      }
    },
    {
      "type": "Feature",
      "geometry": {
        "type": "LineString",
        "coordinates": [
          [
            110.4,
            20.7
          ],
          [
            111.1,
            20.8
          ],
          [
            111.8,
            20.9
          ],
          [
            112.2,
            21.0
          ],
          [
            112.6,
            21.1
          ],
          [
            113.0,
            21.2
          ],
          [
            113.3,
            21.4
          ],
          [
            113.5,
            21.5
          ],
          [
            113.6,
            21.5
          ],
          [
            113.9,
            21.4
          ],
          [
            114.1,
            21.2
          ],
          [
            114.4,
            21.1
          ],
          [
            114.7,
            21.0
          ],
          [
            115.1,
            21.1
          ],
          [
            115.5,
            21.2
          ],
          [
            115.6,
            21.3
          ],
          [
            115.8,
            21.5
          ],
          [
            116.0,
            21.5
          ],
          [
            116.3,
            21.7
          ],
          [
            116.6,
            22.1
          ],
          [
            116.8,
            22.4
          ],
          [
            116.9,
            22.8
          ],
          [
            116.9,
            23.1
          ],
          [
            116.9,
            23.3
          ],
          [
            117.0,
            23.5
          ],
          [
            117.1,
            23.7
          ],
          [
            117.3,
            23.9
          ],
          [
            117.4,
            24.0
          ],
          [
            117.5,
            24.1
          ],
          [
            117.8,
            24.3
          ],
          [
            118.2,
            24.4
          ],
          [
            118.5,
            24.5
          ],
          [
            118.8,
            24.7
          ],
          [
            119.2,
            24.9
          ],
          [
            119.4,
            25.0
          ],
          [
            119.7,
            25.0
          ],
          [
            119.9,
            25.0
          ],
          [
            120.2,
            25.0
          ],
          [
            120.6,
            25.0
          ],
          [
            121.5,
            25.2
          ],
          [
            122.7,
            25.6
          ],
          [
            123.5,
            26.4
          ],
          [
            124.3,
            27.2
          ],
          [
            124.9,
            27.8
          ],
          [
            125.5,
            28.4
          ],
          [
            126.1,
            28.9
          ],
          [
            126.8,
            29.4
          ],
          [
            127.4,
            29.8
          ],
          [
            128.2,
            30.2
          ],
          [
            129.4,
            30.7
          ],
          [
            130.3,
            31.2
          ],
          [
            130.8,
            31.5
          ],
          [
            131.7,
            32.6
          ],
          [
            132.3,
            33.8
          ],
          [
            132.6,
            34.3
          ],
          [
            132.8,
            34.6
          ],
          [
            133.5,
            35.3
          ],
          [
            134.3,
            35.9
          ],
          [
            135.0,
            36.6
          ],
          [
            135.6,
            37.2
          ],
          [
            136.2,
            37.8
          ],
          [
            137.0,
            38.4
          ],
          [
            138.0,
            38.9
          ],
          [
            139.4,
            39.3
          ],
          [
            140.9,
            39.6
          ],
          [
            142.2,
            40.1
          ],
          [
            143.4,
            40.5
          ],
          [
            144.5,
            40.7
          ],
          [
            145.7,
            40.8
          ],
          [
            146.9,
            41.0
          ],
          [
            148.2,
            41.3
          ],
          [
            149.6,
            41.6
          ],
          [
            150.9,
            41.9
          ],
          [
            152.1,
            42.2
          ],
          [
            153.2,
            42.4
          ],
          [
            154.5,
            42.7
          ],
          [
            155.7,
            42.9
          ],
          [
            156.8,
            43.0
          ],
          [
            157.9,
            43.1
          ],
          [
            158.6,
            43.2
          ],
          [
            159.4,
            43.3
          ],
          [
            160.5,
            43.5
          ],
          [
            161.7,
            43.7
          ],
          [
            162.8,
            44.1
          ],
          [
            163.8,
            44.4
          ],
          [
            164.5,
            44.6
          ],
          [
            165.0,
            44.8
          ],
          [
            165.4,
            44.9
          ],
          [
            165.6,
            45.0
          ],
          [
            165.8,
            45.0
          ],
          [
            166.1,
            45.1
          ],
          [
            166.7,
            44.9
          ],
          [
            167.6,
            44.7
          ],
          [
            168.8,
            44.7
          ],
          [
            170.3,
            44.9
          ],
          [
            171.4,
            45.0
          ],
          [
            172.4,
            45.2
          ],
          [
            173.1,
            45.4
          ],
          [
            173.5,
            45.7
          ],
          [
            173.7,
            45.9
          ],
          [
            173.9,
            46.1
          ],
          [
            174.0,
            46.3
          ],
          [
            174.2,
            46.5
          ],
          [
            174.4,
            46.6
          ],
          [
            174.6,
            46.6
          ],
          [
            174.8,
            46.8
          ],
          [
            174.9,
            47.0
          ],
          [
            175.1,
            47.3
          ],
          [
            175.3,
            47.5
          ],
          [
            175.3,
            47.6
          ],
          [
            175.4,
            47.6
          ]
        ]
      },
      "properties": {
        "sid": "2021214N21110",
        "name": "LUPIT",
        "start_time": "2021-08-02 06:00:00",
        "end_time": "2021-08-15 18:00:00",
        "max_wind_kt": 45.0
      }
    },
    {
      "type": "Feature",
      "geometry": {
        "type": "LineString",
        "coordinates": [
          [
            140.5,
            12.4
          ],
          [
            140.2,
            12.7
          ],
          [
            139.9,
            13.0
          ],
          [
            139.7,
            13.2
          ],
          [
            139.4,
            13.3
          ],
          [
            139.1,
            13.4
          ],
          [
            138.9,
            13.5
          ],
          [
            138.7,
            13.7
          ],
          [
            138.6,
            14.0
          ],
          [
            138.3,
            14.3
          ],
          [
            138.0,
            14.7
          ],
          [
            137.7,
            14.9
          ],
          [
            137.4,
            15.2
          ],
          [
            137.0,
            15.4
          ],
          [
            136.6,
            15.6
          ],
          [
            136.2,
            15.9
          ],
          [
            135.7,
            16.1
          ],
          [
            135.2,
            16.2
          ],
          [
            134.6,
            16.3
          ],
          [
            134.0,
            16.3
          ],
          [
            133.5,
            16.3
          ],
          [
            132.9,
            16.2
          ],
          [
            132.3,
            16.0
          ],
          [
            131.8,
            15.8
          ],
          [
            131.3,
            15.7
          ],
          [
            130.8,
            15.6
          ],
          [
            130.3,
            15.5
          ],
          [
            129.7,
            15.4
          ],
          [
            129.1,
            15.4
          ],
          [
            128.5,
            15.4
          ],
          [
            128.0,
            15.5
          ],
          [
            127.6,
            15.6
          ],
          [
            127.1,
            15.8
          ],
          [
            126.5,
            15.9
          ],
          [
            125.9,
            16.1
          ],
          [
            125.4,
            16.3
          ],
          [
            124.9,
            16.6
          ],
          [
            124.5,
            16.8
          ],
          [
            124.1,
            17.1
          ],
          [
            123.7,
            17.4
          ],
          [
            123.5,
            17.8
          ],
          [
            123.2,
            18.3
          ],
          [
            122.9,
            18.7
          ],
          [
            122.5,
            19.1
          ],
          [
            122.3,
            19.5
          ],
          [
            122.1,
            19.9
          ],
          [
            121.9,
            20.3
          ],
          [
            121.7,
            20.7
          ],
          [
            121.5,
            21.0
          ],
          [
            121.6,
            21.4
          ],
          [
            121.8,
            21.8
          ],
          [
            121.9,
            22.3
          ],
          [
            122.0,
            22.8
          ],
          [
            122.2,
            23.3
          ],
          [
            122.3,
            23.8
          ],
          [
            122.4,
            24.6
          ],
          [
            122.3,
            25.2
          ],
          [
            122.4,
            25.8
          ],
          [
            122.7,
            26.3
          ],
          [
            122.9,
            26.9
          ],
          [
            123.1,
            27.6
          ],
          [
            123.3,
            28.3
          ],
          [
            123.6,
            29.1
          ],
          [
            123.5,
            30.0
          ],
          [
            123.4,
            30.7
          ],
          [
            123.3,
            30.9
          ],
          [
            123.3,
            31.0
          ],
          [
            123.4,
            31.2
          ],
          [
            123.5,
            31.4
          ],
          [
            123.7,
            31.4
          ],
          [
            123.8,
            31.3
          ],
          [
            124.0,
            31.1
          ],
          [
            124.3,
            30.9
          ],
          [
            124.5,
            30.7
          ],
          [
            124.7,
            30.5
          ],
          [
            125.0,
            30.4
          ],
          [
            125.2,
            30.2
          ],
          [
            125.5,
            30.2
          ],
          [
            125.7,
            30.3
          ],
          [
            125.8,
            30.3
          ],
          [
            125.8,
            30.3
          ],
          [
            125.8,
            30.2
          ],
          [
            125.6,
            30.2
          ],
          [
            125.4,
            30.2
          ],
          [
            125.3,
            30.2
          ],
          [
            125.2,
            30.3
          ],
          [
            125.1,
            30.4
          ],
          [
            125.2,
            30.7
          ],
          [
            125.4,
            31.1
          ],
          [
            125.6,
            31.3
          ],
          [
            125.8,
            31.6
          ],
          [
            126.1,
            31.9
          ],
          [
            126.4,
            32.3
          ],
          [
            126.9,
            32.6
          ],
          [
            127.5,
            32.9
          ],
          [
            128.3,
            33.2
          ],
          [
            129.2,
            33.5
          ],
          [
            130.3,
            33.7
          ],
          [
            131.6,
            33.8
          ],
          [
            132.8,
            33.8
          ],
          [
            134.1,
            33.9
          ],
          [
            135.3,
            34.1
          ],
          [
            136.6,
            34.4
          ],
          [
            137.2,
            34.5
          ],
          [
            137.7,
            34.5
          ],
          [
            138.4,
            34.5
          ],
          [
            139.1,
            34.5
          ],
          [
            139.8,
            34.3
          ],
          [
            140.3,
            34.1
          ],
          [
            140.7,
            33.8
          ],
          [
            140.9,
            33.6
          ],
          [
            141.1,
            33.3
          ],
          [
            141.2,
            33.1
          ],
          [
            141.2,
            32.7
          ],
          [
            141.2,
            32.5
          ],
          [
            141.1,
            32.3
          ],
          [
            141.0,
            32.2
          ],
          [
            140.9,
            32.0
          ],
          [
            140.7,
            31.8
          ]
        ]
      },
      "properties": {
        "sid": "2021248N12141",
        "name": "CHANTHU",
        "start_time": "2021-09-05 06:00:00",
        "end_time": "2021-09-20 00:00:00",
        "max_wind_kt": 115.0
      }
    },
    {
      "type": "Feature",
      "geometry": {
        "type": "LineString",
        "coordinates": [
          [
            130.8,
            6.9
          ],
          [
            130.3,
            7.1
          ],
          [
            129.6,
            7.4
          ],
          [
            128.8,
            7.8
          ],
          [
            128.1,
            8.2
          ],
          [
            127.8,
            8.6
          ],
          [
            127.5,
            8.9
          ],
          [
            127.0,
            9.2
          ],
          [
            126.3,
            9.5
          ],
          [
            125.7,
            9.8
          ],
          [
            125.0,
            10.0
          ],
          [
            123.8,
            9.9
          ],
          [
            122.6,
            9.8
          ],
          [
            121.9,
            9.7
          ],
          [
            121.4,
            9.8
          ],
          [
            121.0,
            10.2
          ],
          [
            120.6,
            10.7
          ],
          [
            119.9,
            11.3
          ],
          [
            119.2,
            11.8
          ],
          [
            118.7,
            12.1
          ],
          [
            118.2,
            12.3
          ],
          [
            117.4,
            12.7
          ],
          [
            116.7,
            13.1
          ],
          [
            116.0,
            13.5
          ],
          [
            115.4,
            13.9
          ],
          [
            114.8,
            14.2
          ],
          [
            114.3,
            14.5
          ],
          [
            113.9,
            14.8
          ],
          [
            113.6,
            15.1
          ],
          [
            113.2,
            15.4
          ],
          [
            112.7,
            15.7
          ],
          [
            112.5,
            15.8
          ],
          [
            112.3,
            16.0
          ],
          [
            112.0,
            16.2
          ],
          [
            111.8,
            16.5
          ],
          [
            111.6,
            16.7
          ],
          [
            111.5,
            16.8
          ],
          [
            111.3,
            17.0
          ],
          [
            111.3,
            17.1
          ],
          [
            111.1,
            17.3
          ],
          [
            111.0,
            17.4
          ],
          [
            110.9,
            17.6
          ],
          [
            110.9,
            17.8
          ],
          [
            110.8,
            18.1
          ],
          [
            110.8,
            18.5
          ],
          [
            110.7,
            18.8
          ],
          [
            110.6,
            19.0
          ],
          [
            110.4,
            19.2
          ],
          [
            110.1,
            19.3
          ],
          [
            110.0,
            19.4
          ],
          [
            110.0,
            19.6
          ],
          [
            110.1,
            19.7
          ],
          [
            110.0,
            19.9
          ],
          [
            109.8,
            20.0
          ],
          [
            109.6,
            20.1
          ],
          [
            109.2,
            20.2
          ],
          [
            108.7,
            20.4
          ],
          [
            108.3,
            20.5
          ],
          [
            107.9,
            20.6
          ],
          [
            107.4,
            20.7
          ],
          [
            106.9,
            20.7
          ],
          [
            106.6,
            20.7
          ],
          [
            106.3,
            20.6
          ],
          [
            105.9,
            20.4
          ],
          [
            105.5,
            20.2
          ]
        ]
      },
      "properties": {
        "sid": "2021276N07131",
        "name": "LIONROCK",
        "start_time": "2021-10-02 18:00:00",
        "end_time": "2021-10-10 18:00:00",
        "max_wind_kt": 35.0
      }
    },
    {
      "type": "Feature",
      "geometry": {
        "type": "LineString",
        "coordinates": [
          [
            136.5,
            13.7
          ],
          [
            136.1,
            13.7
          ],
          [
            135.7,
            13.7
          ],
          [
            135.2,
            13.7
          ],
          [
            134.8,
            13.8
          ],
          [
            134.5,
            13.9
          ],
          [
            134.2,
            14.0
          ],
          [
            133.9,
            14.1
          ],
          [
            133.6,
            14.1
          ],
          [
            133.3,
            14.3
          ],
          [
            132.9,
            14.4
          ],
          [
            132.6,
            14.5
          ],
          [
            132.1,
            14.5
          ],
          [
            131.7,
            14.6
          ],
          [
            131.5,
            14.8
          ],
          [
            131.2,
            14.9
          ],
          [
            131.0,
            15.1
          ],
          [
            130.8,
            15.4
          ],
          [
            130.5,
            15.6
          ],
          [
            130.2,
            15.7
          ],
          [
            130.0,
            15.7
          ],
          [
            129.8,
            16.0
          ],
          [
            129.5,
            16.3
          ],
          [
            129.2,
            16.6
          ],
          [
            128.9,
            17.0
          ],
          [
            128.4,
            17.3
          ],
          [
            127.9,
            17.6
          ],
          [
            127.4,
            17.9
          ],
          [
            126.8,
            18.2
          ],
          [
            126.2,
            18.4
          ],
          [
            125.6,
            18.5
          ],
          [
            125.1,
            18.5
          ],
          [
            124.5,
            18.6
          ],
          [
            123.7,
            18.7
          ],
          [
            123.0,
            18.7
          ],
          [
            122.3,
            18.7
          ],
          [
            121.7,
            18.7
          ],
          [
            121.1,
            18.8
          ],
          [
            120.5,
            18.8
          ],
          [
            119.9,
            18.8
          ],
          [
            119.1,
            18.7
          ],
          [
            118.3,
            18.8
          ],
          [
            117.4,
            18.8
          ],
          [
            116.9,
            18.8
          ],
          [
            116.3,
            18.8
          ],
          [
            115.5,
            18.9
          ],
          [
            114.5,
            19.1
          ],
          [
            113.7,
            19.1
          ],
          [
            112.8,
            19.0
          ],
          [
            111.8,
            19.1
          ],
          [
            110.9,
            19.1
          ],
          [
            110.0,
            19.0
          ],
          [
            109.4,
            18.9
          ],
          [
            108.9,
            18.8
          ],
          [
            108.4,
            18.9
          ],
          [
            107.9,
            19.0
          ],
          [
            107.6,
            19.1
          ],
          [
            107.1,
            19.4
          ],
          [
            106.7,
            19.5
          ],
          [
            106.2,
            19.5
          ],
          [
            105.7,
            19.4
          ]
        ]
      },
      "properties": {
        "sid": "2021280N14137",
        "name": "KOMPASU",
        "start_time": "2021-10-07 00:00:00",
        "end_time": "2021-10-14 12:00:00",
        "max_wind_kt": 55.0
      }
    },
    {
      "type": "Feature",
      "geometry": {
        "type": "LineString",
        "coordinates": [
          [
            145.0,
            5.3
          ],
          [
            144.9,
            5.4
          ],
          [
            144.8,
            5.5
          ],
          [
            144.7,
            5.6
          ],
          [
            144.6,
            5.5
          ],
          [
            144.4,
            5.5
          ],
          [
            144.2,
            5.5
          ],
          [
            144.0,
            5.5
          ],
          [
            143.7,
            5.5
          ],
          [
            143.3,
            5.5
          ],
          [
            142.9,
            5.4
          ],
          [
            142.4,
            5.4
          ],
          [
            141.8,
            5.4
          ],
          [
            141.3,
            5.5
          ],
          [
            140.8,
            5.7
          ],
          [
            140.2,
            6.0
          ],
          [
            139.7,
            6.2
          ],
          [
            139.2,
            6.5
          ],
          [
            138.6,
            6.7
          ],
          [
            137.8,
            7.0
          ],
          [
            137.0,
            7.3
          ],
          [
            136.4,
            7.5
          ],
          [
            135.8,
            7.8
          ],
          [
            135.1,
            8.0
          ],
          [
            134.5,
            8.2
          ],
          [
            134.0,
            8.5
          ],
          [
            133.4,
            8.7
          ],
          [
            132.9,
            8.8
          ],
          [
            132.3,
            8.8
          ],
          [
            131.8,
            8.9
          ],
          [
            131.2,
            9.0
          ],
          [
            130.7,
            9.0
          ],
          [
            130.1,
            9.1
          ],
          [
            129.5,
            9.3
          ],
          [
            128.9,
            9.4
          ],
          [
            128.3,
            9.6
          ],
          [
            127.6,
            9.7
          ],
          [
            126.8,
            9.8
          ],
          [
            126.0,
            10.0
          ],
          [
            125.1,
            10.0
          ],
          [
            124.2,
            10.1
          ],
          [
            123.3,
            10.1
          ],
          [
            122.5,
            10.1
          ],
          [
            121.7,
            10.1
          ],
          [
            121.0,
            10.1
          ],
          [
            120.5,
            10.1
          ],
          [
            119.9,
            10.3
          ],
          [
            119.3,
            10.3
          ],
          [
            118.6,
            10.4
          ],
          [
            118.0,
            10.5
          ],
          [
            117.4,
            10.7
          ],
          [
            116.7,
            10.8
          ],
          [
            116.0,
            10.9
          ],
          [
            115.3,
            11.0
          ],
          [
            114.7,
            11.2
          ],
          [
            114.0,
            11.5
          ],
          [
            113.4,
            11.8
          ],
          [
            112.8,
            12.2
          ],
          [
            112.2,
            12.6
          ],
          [
            111.8,
            12.8
          ],
          [
            111.4,
            13.1
          ],
          [
            111.0,
            13.5
          ],
          [
            110.7,
            13.9
          ],
          [
            110.6,
            14.4
          ],
          [
            110.6,
            14.9
          ],
          [
            110.6,
            15.4
          ],
          [
            110.6,
            15.9
          ],
          [
            110.7,
            16.5
          ],
          [
            110.8,
            17.1
          ],
          [
            111.0,
            17.6
          ],
          [
            111.3,
            18.1
          ],
          [
            111.7,
            18.6
          ],
          [
            112.1,
            19.0
          ],
          [
            112.4,
            19.4
          ],
          [
            112.9,
            19.8
          ],
          [
            113.3,
            20.3
          ],
          [
            113.9,
            20.7
          ],
          [
            114.5,
            21.1
          ],
          [
            115.2,
            21.5
          ],
          [
            115.9,
            21.7
          ],
          [
            116.5,
            21.7
          ]
        ]
      },
      "properties": {
        "sid": "2021346N05145",
        "name": "RAI",
        "start_time": "2021-12-11 12:00:00",
        "end_time": "2021-12-21 12:00:00",
        "max_wind_kt": 105.0
      }
    },
    {
      "type": "Feature",
      "geometry": {
        "type": "LineString",
        "coordinates": [
          [
            116.5,
            14.6
          ],
          [
            116.4,
            14.8
          ],
          [
            116.3,
            15.1
          ],
          [
            116.1,
            15.3
          ],
          [
            116.0,
            15.4
          ],
          [
            115.9,
            15.5
          ],
          [
            115.8,
            15.5
          ],
          [
            115.6,
            15.6
          ],
          [
            115.5,
            15.6
          ],
          [
            115.5,
            15.7
          ],
          [
            115.4,
            15.8
          ],
          [
            115.4,
            16.0
          ],
          [
            115.4,
            16.1
          ],
          [
            115.3,
            16.5
          ],
          [
            115.1,
            17.0
          ],
          [
            114.9,
            17.2
          ],
          [
            114.7,
            17.5
          ],
          [
            114.4,
            17.9
          ],
          [
            114.1,
            18.3
          ],
          [
            113.7,
            18.6
          ],
          [
            113.2,
            18.9
          ],
          [
            113.0,
            19.1
          ],
          [
            112.7,
            19.4
          ],
          [
            112.4,
            19.8
          ],
          [
            112.1,
            20.1
          ],
          [
            111.9,
            20.3
          ],
          [
            111.8,
            20.4
          ],
          [
            111.8,
            20.5
          ],
          [
            111.7,
            20.6
          ],
          [
            111.6,
            20.7
          ],
          [
            111.6,
            20.8
          ],
          [
            111.5,
            20.9
          ],
          [
            111.2,
            21.2
          ],
          [
            111.0,
            21.5
          ],
          [
            110.8,
            21.9
          ],
          [
            110.6,
            22.3
          ],
          [
            110.5,
            22.6
          ],
          [
            110.5,
            23.0
          ],
          [
            110.6,
            23.6
          ],
          [
            110.6,
            24.0
          ],
          [
            110.6,
            24.4
          ],
          [
            110.7,
            24.7
          ],
          [
            110.8,
            24.9
          ],
          [
            111.0,
            25.2
          ],
          [
            111.2,
            25.5
          ],
          [
            111.5,
            25.8
          ],
          [
            111.7,
            26.1
          ],
          [
            112.0,
            26.4
          ],
          [
            112.2,
            26.8
          ],
          [
            112.4,
            27.1
          ],
          [
            112.8,
            27.5
          ],
          [
            113.1,
            28.0
          ],
          [
            113.4,
            28.4
          ],
          [
            113.8,
            29.0
          ],
          [
            114.0,
            29.6
          ],
          [
            114.2,
            30.1
          ],
          [
            114.5,
            30.6
          ],
          [
            114.7,
            31.0
          ],
          [
            115.1,
            31.8
          ],
          [
            115.3,
            32.5
          ],
          [
            115.5,
            33.0
          ],
          [
            116.0,
            33.6
          ],
          [
            116.7,
            34.3
          ],
          [
            117.3,
            35.0
          ],
          [
            118.1,
            35.7
          ],
          [
            118.8,
            36.5
          ],
          [
            119.5,
            37.3
          ],
          [
            120.1,
            38.0
          ],
          [
            120.7,
            38.5
          ],
          [
            121.2,
            38.7
          ],
          [
            121.8,
            38.8
          ],
          [
            122.2,
            38.8
          ],
          [
            122.8,
            38.8
          ],
          [
            123.4,
            38.9
          ],
          [
            124.0,
            39.0
          ],
          [
            124.4,
            39.1
          ],
          [
            124.8,
            39.1
          ]
        ]
      },
      "properties": {
        "sid": "2022180N15117",
        "name": "CHABA",
        "start_time": "2022-06-28 18:00:00",
        "end_time": "2022-07-07 18:00:00",
        "max_wind_kt": 70.0
      }
    },
    {
      "type": "Feature",
      "geometry": {
        "type": "LineString",
        "coordinates": [
          [
            117.5,
            21.3
          ],
          [
            117.3,
            21.5
          ],
          [
            117.0,
            21.6
          ],
          [
            116.4,
            21.8
          ],
          [
            115.9,
            22.1
          ],
          [
            115.5,
            22.3
          ],
          [
            115.1,
            22.5
          ],
          [
            114.5,
            22.8
          ],
          [
            113.9,
            23.1
          ],
          [
            113.1,
            23.2
          ],
          [
            112.8,
            23.2
          ]
        ]
      },
      "properties": {
        "sid": "2022215N21118",
        "name": "UNNAMED",
        "start_time": "2022-08-03 06:00:00",
        "end_time": "2022-08-04 12:00:00",
        "max_wind_kt": null
      }
    },
    {
      "type": "Feature",
      "geometry": {
        "type": "LineString",
        "coordinates": [
          [
            110.1,
            16.3
          ],
          [
            110.7,
            15.7
          ],
          [
            111.1,
            15.3
          ],
          [
            111.3,
            15.2
          ],
          [
            111.5,
            15.4
          ],
          [
            111.8,
            15.5
          ],
          [
            112.1,
            15.6
          ],
          [
            112.4,
            15.8
          ],
          [
            112.8,
            16.2
          ],
          [
            113.1,
            16.8
          ],
          [
            113.4,
            17.3
          ],
          [
            113.1,
            17.9
          ],
          [
            112.7,
            18.4
          ],
          [
            112.3,
            18.8
          ],
          [
            111.9,
            19.2
          ],
          [
            111.5,
            19.6
          ],
          [
            111.0,
            20.0
          ],
          [
            110.3,
            20.2
          ],
          [
            109.9,
            20.4
          ],
          [
            109.6,
            20.4
          ],
          [
            109.2,
            20.6
          ],
          [
            108.7,
            20.8
          ],
          [
            108.0,
            21.1
          ],
          [
            107.2,
            21.3
          ],
          [
            106.3,
            21.5
          ],
          [
            105.4,
            21.6
          ],
          [
            104.5,
            21.6
          ]
        ]
      },
      "properties": {
        "sid": "2022220N16110",
        "name": "MULAN",
        "start_time": "2022-08-08 00:00:00",
        "end_time": "2022-08-11 06:00:00",
        "max_wind_kt": 35.0
      }
    },
    {
      "type": "Feature",
      "geometry": {
        "type": "LineString",
        "coordinates": [
          [
            131.0,
            17.8
          ],
          [
            130.7,
            18.1
          ],
          [
            130.4,
            18.3
          ],
          [
            130.0,
            18.4
          ],
          [
            129.6,
            18.4
          ],
          [
            129.2,
            18.4
          ],
          [
            128.8,
            18.2
          ],
          [
            128.4,
            17.9
          ],
          [
            128.0,
            17.6
          ],
          [
            127.6,
            17.4
          ],
          [
            127.3,
            17.2
          ],
          [
            126.9,
            17.1
          ],
          [
            126.4,
            16.9
          ],
          [
            125.9,
            16.6
          ],
          [
            125.4,
            16.4
          ],
          [
            124.9,
            16.4
          ],
          [
            124.5,
            16.3
          ],
          [
            124.0,
            16.3
          ],
          [
            123.7,
            16.2
          ],
          [
            123.5,
            16.1
          ],
          [
            123.4,
            16.1
          ],
          [
            123.4,
            16.2
          ],
          [
            123.3,
            16.3
          ],
          [
            123.1,
            16.7
          ],
          [
            122.8,
            17.1
          ],
          [
            122.2,
            17.5
          ],
          [
            121.6,
            17.9
          ],
          [
            121.0,
            18.2
          ],
          [
            120.4,
            18.4
          ],
          [
            119.6,
            18.8
          ],
          [
            118.8,
            19.0
          ],
          [
            118.1,
            19.1
          ],
          [
            117.4,
            19.2
          ],
          [
            116.9,
            19.4
          ],
          [
            116.3,
            19.6
          ],
          [
            115.7,
            19.8
          ],
          [
            114.9,
            20.0
          ],
          [
            114.1,
            20.3
          ],
          [
            113.3,
            20.7
          ],
          [
            112.5,
            20.9
          ],
          [
            111.9,
            21.1
          ],
          [
            111.0,
            21.5
          ],
          [
            109.9,
            21.7
          ],
          [
            109.0,
            21.6
          ],
          [
            108.2,
            21.5
          ],
          [
            107.4,
            21.5
          ],
          [
            106.4,
            21.6
          ],
          [
            105.4,
            21.7
          ],
          [
            104.5,
            21.8
          ],
          [
            103.5,
            21.9
          ],
          [
            102.5,
            21.7
          ]
        ]
      },
      "properties": {
        "sid": "2022232N18131",
        "name": "MA-ON",
        "start_time": "2022-08-20 00:00:00",
        "end_time": "2022-08-26 06:00:00",
        "max_wind_kt": 55.0
      }
    },
    {
      "type": "Feature",
      "geometry": {
        "type": "LineString",
        "coordinates": [
          [
            146.6,
            25.6
          ],
          [
            146.3,
            25.8
          ],
          [
            146.0,
            25.8
          ],
          [
            145.7,
            25.7
          ],
          [
            145.4,
            25.5
          ],
          [
            145.0,
            25.4
          ],
          [
            144.6,
            25.3
          ],
          [
            144.1,
            25.1
          ],
          [
            143.5,
            24.9
          ],
          [
            142.8,
            24.7
          ],
          [
            142.0,
            24.5
          ],
          [
            141.1,
            24.4
          ],
          [
            140.4,
            24.3
          ],
          [
            139.8,
            24.2
          ],
          [
            139.3,
            24.1
          ],
          [
            138.6,
            23.9
          ],
          [
            137.9,
            23.7
          ],
          [
            137.6,
            23.2
          ],
          [
            137.4,
            22.6
          ],
          [
            137.1,
            22.1
          ],
          [
            136.8,
            21.5
          ],
          [
            136.7,
            20.5
          ],
          [
            136.5,
            19.6
          ],
          [
            136.3,
            18.9
          ],
          [
            136.2,
            18.3
          ],
          [
            135.9,
            17.7
          ],
          [
            135.7,
            17.3
          ],
          [
            135.5,
            17.1
          ],
          [
            135.3,
            17.1
          ],
          [
            135.0,
            17.0
          ],
          [
            134.6,
            17.0
          ],
          [
            134.2,
            16.9
          ],
          [
            133.7,
            16.9
          ],
          [
            133.2,
            17.0
          ],
          [
            132.8,
            17.0
          ],
          [
            132.3,
            17.1
          ],
          [
            131.8,
            17.1
          ],
          [
            131.3,
            17.2
          ],
          [
            130.9,
            17.3
          ],
          [
            130.6,
            17.3
          ],
          [
            130.2,
            17.5
          ],
          [
            129.8,
            17.8
          ],
          [
            129.3,
            18.2
          ],
          [
            128.9,
            18.6
          ],
          [
            128.5,
            19.0
          ],
          [
            128.1,
            19.3
          ],
          [
            127.8,
            19.5
          ],
          [
            127.4,
            19.7
          ],
          [
            127.0,
            20.0
          ],
          [
            126.6,
            20.3
          ],
          [
            126.2,
            20.6
          ],
          [
            126.0,
            20.9
          ],
          [
            125.8,
            21.2
          ],
          [
            125.7,
            21.4
          ],
          [
            125.5,
            21.7
          ],
          [
            125.2,
            22.0
          ],
          [
            124.9,
            22.2
          ],
          [
            124.6,
            22.4
          ],
          [
            124.5,
            22.6
          ],
          [
            124.4,
            22.7
          ],
          [
            124.4,
            22.9
          ],
          [
            124.3,
            23.1
          ],
          [
            124.3,
            23.3
          ],
          [
            124.3,
            23.5
          ],
          [
            124.2,
            23.7
          ],
          [
            124.2,
            23.8
          ],
          [
            124.2,
            24.0
          ],
          [
            124.1,
            24.4
          ],
          [
            124.0,
            24.7
          ],
          [
            124.0,
            24.8
          ],
          [
            124.0,
            24.9
          ],
          [
            124.0,
            25.0
          ],
          [
            124.1,
            25.2
          ],
          [
            124.2,
            25.5
          ],
          [
            124.2,
            25.7
          ],
          [
            124.1,
            25.9
          ],
          [
            124.0,
            26.1
          ],
          [
            124.0,
            26.4
          ],
          [
            123.9,
            26.7
          ],
          [
            123.7,
            26.9
          ],
          [
            123.5,
            27.2
          ],
          [
            123.4,
            27.6
          ],
          [
            123.2,
            28.0
          ],
          [
            123.0,
            28.4
          ],
          [
            122.8,
            28.8
          ],
          [
            122.5,
            29.3
          ],
          [
            122.3,
            29.9
          ],
          [
            122.0,
            30.5
          ],
          [
            121.7,
            31.2
          ],
          [
            121.3,
            31.9
          ],
          [
            120.9,
            32.7
          ],
          [
            120.6,
            33.4
          ],
          [
            120.5,
            34.0
          ],
          [
            120.4,
            34.7
          ],
          [
            120.3,
            35.2
          ],
          [
            120.4,
            35.8
          ],
          [
            120.6,
            36.4
          ],
          [
            120.9,
            37.1
          ],
          [
            121.3,
            37.8
          ],
          [
            121.9,
            38.5
          ],
          [
            122.6,
            39.2
          ],
          [
            123.6,
            40.3
          ],
          [
            124.6,
            41.4
          ],
          [
            125.9,
            42.3
          ],
          [
            127.0,
            42.9
          ],
          [
            128.1,
            43.4
          ],
          [
            129.0,
            43.6
          ]
        ]
      },
      "properties": {
        "sid": "2022247N26147",
        "name": "MUIFA",
        "start_time": "2022-09-03 18:00:00",
        "end_time": "2022-09-17 00:00:00",
        "max_wind_kt": 85.0
      }
    },
    {
      "type": "Feature",
      "geometry": {
        "type": "LineString",
        "coordinates": [
          [
            140.4,
            16.6
          ],
          [
            139.6,
            17.3
          ],
          [
            138.8,
            18.0
          ],
          [
            138.1,
            18.6
          ],
          [
            137.3,
            19.1
          ],
          [
            136.5,
            19.5
          ],
          [
            135.6,
            19.8
          ],
          [
            134.7,
            20.2
          ],
          [
            133.8,
            20.4
          ],
          [
            133.1,
            20.3
          ],
          [
            132.6,
            20.1
          ],
          [
            132.3,
            19.9
          ],
          [
            132.0,
            19.8
          ],
          [
            131.5,
            19.7
          ],
          [
            130.9,
            19.7
          ],
          [
            130.4,
            19.7
          ],
          [
            129.9,
            19.6
          ],
          [
            129.6,
            19.4
          ],
          [
            129.4,
            19.2
          ],
          [
            129.2,
            19.0
          ],
          [
            128.7,
            18.8
          ],
          [
            127.9,
            18.8
          ],
          [
            127.0,
            18.8
          ],
          [
            126.2,
            18.8
          ],
          [
            125.6,
            18.8
          ],
          [
            124.9,
            18.8
          ],
          [
            124.2,
            18.8
          ],
          [
            123.6,
            18.8
          ],
          [
            123.2,
            18.9
          ],
          [
            122.7,
            19.0
          ],
          [
            122.2,
            19.2
          ],
          [
            121.6,
            19.2
          ],
          [
            121.1,
            19.3
          ],
          [
            120.5,
            19.4
          ],
          [
            120.0,
            19.6
          ],
          [
            119.4,
            19.7
          ],
          [
            118.9,
            19.8
          ],
          [
            118.3,
            19.8
          ],
          [
            117.8,
            19.8
          ],
          [
            117.4,
            19.8
          ],
          [
            117.0,
            19.6
          ],
          [
            116.6,
            19.5
          ],
          [
            116.3,
            19.4
          ],
          [
            115.9,
            19.2
          ],
          [
            115.5,
            19.1
          ],
          [
            115.0,
            18.9
          ],
          [
            114.6,
            18.6
          ],
          [
            114.2,
            18.4
          ],
          [
            113.8,
            18.2
          ],
          [
            113.4,
            18.1
          ],
          [
            113.1,
            18.0
          ],
          [
            112.7,
            17.8
          ],
          [
            112.4,
            17.6
          ],
          [
            112.1,
            17.4
          ],
          [
            111.7,
            17.3
          ],
          [
            111.3,
            17.2
          ],
          [
            110.9,
            17.1
          ],
          [
            110.5,
            17.0
          ],
          [
            110.1,
            17.0
          ],
          [
            109.7,
            17.1
          ],
          [
            109.3,
            17.2
          ],
          [
            109.0,
            17.2
          ],
          [
            108.7,
            17.3
          ],
          [
            108.6,
            17.3
          ],
          [
            108.4,
            17.4
          ],
          [
            108.3,
            17.6
          ],
          [
            108.2,
            17.7
          ],
          [
            108.1,
            17.6
          ],
          [
            108.0,
            17.5
          ],
          [
            108.0,
            17.4
          ],
          [
            108.1,
            17.4
          ]
        ]
      },
      "properties": {
        "sid": "2022285N17140",
        "name": "NESAT",
        "start_time": "2022-10-12 00:00:00",
        "end_time": "2022-10-20 18:00:00",
        "max_wind_kt": 75.0
      }
    },
    {
      "type": "Feature",
      "geometry": {
        "type": "LineString",
        "coordinates": [
          [
            131.6,
            21.0
          ],
          [
            131.3,
            21.0
          ],
          [
            131.1,
            21.0
          ],
          [
            130.9,
            21.0
          ],
          [
            130.7,
            20.9
          ],
          [
            130.5,
            20.8
          ],
          [
            130.3,
            20.8
          ],
          [
            130.0,
            20.8
          ],
          [
            129.5,
            20.9
          ],
          [
            128.9,
            20.9
          ],
          [
            128.4,
            20.9
          ],
          [
            127.8,
            20.7
          ],
          [
            127.3,
            20.5
          ],
          [
            126.6,
            20.4
          ],
          [
            125.8,
            20.4
          ],
          [
            125.2,
            20.4
          ],
          [
            124.5,
            20.3
          ],
          [
            123.8,
            20.3
          ],
          [
            123.0,
            20.2
          ],
          [
            122.3,
            20.2
          ],
          [
            121.6,
            20.2
          ],
          [
            121.2,
            20.2
          ],
          [
            120.8,
            20.2
          ],
          [
            120.4,
            20.2
          ],
          [
            120.1,
            20.2
          ],
          [
            119.8,
            20.2
          ],
          [
            119.5,
            20.2
          ],
          [
            119.2,
            20.2
          ],
          [
            118.8,
            20.2
          ],
          [
            118.4,
            20.2
          ],
          [
            117.8,
            20.1
          ],
          [
            117.2,
            20.1
          ],
          [
            116.5,
            20.0
          ],
          [
            115.8,
            19.7
          ],
          [
            115.2,
            19.3
          ]
        ]
      },
      "properties": {
        "sid": "2022292N21132",
        "name": "UNNAMED",
        "start_time": "2022-10-19 00:00:00",
        "end_time": "2022-10-23 06:00:00",
        "max_wind_kt": null
      }
    },
    {
      "type": "Feature",
      "geometry": {
        "type": "LineString",
        "coordinates": [
          [
            134.3,
            11.2
          ],
          [
            133.9,
            11.2
          ],
          [
            133.6,
            11.3
          ],
          [
            133.2,
            11.4
          ],
          [
            132.9,
            11.5
          ],
          [
            132.6,
            11.5
          ],
          [
            132.2,
            11.5
          ],
          [
            131.9,
            11.4
          ],
          [
            131.6,
            11.4
          ],
          [
            131.3,
            11.4
          ],
          [
            130.9,
            11.4
          ],
          [
            130.6,
            11.4
          ],
          [
            130.3,
            11.4
          ],
          [
            129.8,
            11.4
          ],
          [
            129.3,
            11.5
          ],
          [
            128.8,
            11.7
          ],
          [
            128.2,
            11.9
          ],
          [
            127.5,
            12.0
          ],
          [
            126.7,
            12.2
          ],
          [
            126.0,
            12.7
          ],
          [
            125.4,
            13.1
          ],
          [
            124.7,
            13.4
          ],
          [
            123.9,
            13.5
          ],
          [
            123.1,
            13.6
          ],
          [
            122.4,
            13.7
          ],
          [
            122.1,
            13.8
          ],
          [
            121.8,
            13.9
          ],
          [
            121.5,
            14.2
          ],
          [
            121.1,
            14.6
          ],
          [
            120.5,
            15.1
          ],
          [
            119.9,
            15.6
          ],
          [
            119.2,
            15.7
          ],
          [
            118.6,
            15.8
          ],
          [
            118.0,
            15.6
          ],
          [
            117.8,
            15.6
          ],
          [
            117.6,
            15.6
          ],
          [
            117.4,
            15.7
          ],
          [
            117.2,
            15.8
          ],
          [
            117.1,
            16.0
          ],
          [
            117.0,
            16.2
          ],
          [
            116.9,
            16.4
          ],
          [
            116.8,
            16.8
          ],
          [
            116.6,
            17.1
          ],
          [
            116.5,
            17.5
          ],
          [
            116.4,
            17.8
          ],
          [
            116.3,
            18.1
          ],
          [
            116.2,
            18.3
          ],
          [
            116.1,
            18.6
          ],
          [
            116.0,
            18.8
          ],
          [
            115.9,
            19.0
          ],
          [
            115.8,
            19.3
          ],
          [
            115.8,
            19.6
          ],
          [
            115.7,
            19.8
          ],
          [
            115.6,
            20.1
          ],
          [
            115.5,
            20.3
          ],
          [
            115.4,
            20.5
          ],
          [
            115.2,
            20.7
          ],
          [
            115.1,
            20.9
          ],
          [
            114.9,
            21.1
          ],
          [
            114.8,
            21.3
          ],
          [
            114.5,
            21.5
          ],
          [
            114.3,
            21.7
          ],
          [
            114.0,
            21.9
          ],
          [
            113.6,
            22.1
          ],
          [
            113.3,
            22.1
          ]
        ]
      },
      "properties": {
        "sid": "2022299N11134",
        "name": "NALGAE",
        "start_time": "2022-10-26 00:00:00",
        "end_time": "2022-11-03 00:00:00",
        "max_wind_kt": 60.0
      }
    },
    {
      "type": "Feature",
      "geometry": {
        "type": "LineString",
        "coordinates": [
          [
            122.8,
            15.8
          ],
          [
            122.7,
            16.1
          ],
          [
            122.6,
            16.3
          ],
          [
            122.4,
            16.6
          ],
          [
            122.2,
            16.9
          ],
          [
            121.9,
            17.5
          ],
          [
            121.3,
            17.9
          ],
          [
            120.5,
            17.9
          ],
          [
            119.8,
            17.7
          ],
          [
            119.3,
            17.5
          ],
          [
            119.0,
            17.4
          ],
          [
            118.8,
            17.5
          ],
          [
            118.6,
            17.6
          ],
          [
            118.4,
            17.7
          ],
          [
            118.3,
            17.8
          ],
          [
            118.2,
            18.0
          ],
          [
            117.9,
            18.1
          ],
          [
            117.6,
            18.2
          ],
          [
            117.3,
            18.4
          ],
          [
            117.0,
            18.5
          ],
          [
            116.8,
            18.7
          ],
          [
            116.5,
            18.8
          ],
          [
            116.2,
            18.9
          ],
          [
            115.8,
            19.1
          ],
          [
            115.5,
            19.2
          ],
          [
            115.1,
            19.4
          ],
          [
            114.6,
            19.6
          ],
          [
            114.4,
            19.6
          ],
          [
            114.3,
            19.6
          ],
          [
            114.2,
            19.7
          ],
          [
            114.0,
            19.7
          ],
          [
            113.9,
            19.7
          ],
          [
            113.8,
            19.8
          ],
          [
            113.7,
            19.8
          ],
          [
            113.6,
            19.9
          ],
          [
            113.5,
            19.9
          ],
          [
            113.4,
            20.0
          ],
          [
            113.3,
            20.1
          ],
          [
            113.1,
            20.1
          ],
          [
            113.0,
            20.2
          ],
          [
            112.8,
            20.3
          ],
          [
            112.6,
            20.4
          ],
          [
            112.5,
            20.5
          ],
          [
            112.3,
            20.6
          ],
          [
            112.1,
            20.7
          ],
          [
            111.9,
            20.8
          ],
          [
            111.7,
            20.9
          ],
          [
            111.5,
            21.0
          ],
          [
            111.3,
            21.1
          ],
          [
            111.1,
            21.1
          ],
          [
            110.9,
            21.2
          ],
          [
            110.3,
            21.2
          ],
          [
            109.7,
            21.3
          ],
          [
            109.3,
            21.5
          ],
          [
            108.9,
            21.7
          ],
          [
            108.2,
            22.1
          ],
          [
            107.6,
            22.4
          ],
          [
            107.0,
            22.3
          ],
          [
            106.5,
            22.3
          ],
          [
            106.1,
            22.3
          ],
          [
            105.7,
            22.4
          ],
          [
            105.1,
            22.6
          ],
          [
            104.4,
            22.8
          ],
          [
            103.8,
            23.1
          ],
          [
            103.3,
            23.4
          ]
        ]
      },
      "properties": {
        "sid": "2023194N16123",
        "name": "TALIM",
        "start_time": "2023-07-13 06:00:00",
        "end_time": "2023-07-19 06:00:00",
        "max_wind_kt": 60.0
      }
    },
    {
      "type": "Feature",
      "geometry": {
        "type": "LineString",
        "coordinates": [
          [
            133.7,
            12.7
          ],
          [
            133.7,
            12.9
          ],
          [
            133.5,
            13.1
          ],
          [
            133.4,
            13.4
          ],
          [
            133.2,
            13.6
          ],
          [
            133.0,
            13.7
          ],
          [
            132.8,
            13.8
          ],
          [
            132.6,
            13.9
          ],
          [
            132.5,
            14.0
          ],
          [
            132.4,
            14.1
          ],
          [
            132.2,
            14.2
          ],
          [
            132.0,
            14.2
          ],
          [
            131.8,
            14.2
          ],
          [
            131.6,
            14.3
          ],
          [
            131.3,
            14.3
          ],
          [
            131.1,
            14.4
          ],
          [
            130.8,
            14.4
          ],
          [
            130.5,
            14.4
          ],
          [
            130.3,
            14.4
          ],
          [
            130.0,
            14.5
          ],
          [
            129.7,
            14.6
          ],
          [
            129.3,
            14.7
          ],
          [
            129.0,
            14.8
          ],
          [
            128.6,
            14.8
          ],
          [
            128.3,
            14.9
          ],
          [
            128.0,
            15.0
          ],
          [
            127.7,
            15.0
          ],
          [
            127.4,
            15.1
          ],
          [
            127.0,
            15.1
          ],
          [
            126.8,
            15.2
          ],
          [
            126.6,
            15.3
          ],
          [
            126.5,
            15.4
          ],
          [
            126.3,
            15.7
          ],
          [
            126.1,
            16.1
          ],
          [
            125.8,
            16.5
          ],
          [
            125.4,
            16.7
          ],
          [
            125.1,
            16.9
          ],
          [
            124.9,
            17.3
          ],
          [
            124.6,
            17.6
          ],
          [
            124.2,
            18.0
          ],
          [
            123.7,
            18.3
          ],
          [
            123.3,
            18.6
          ],
          [
            122.7,
            18.9
          ],
          [
            122.1,
            19.0
          ],
          [
            121.6,
            19.0
          ],
          [
            121.4,
            18.9
          ],
          [
            121.4,
            18.9
          ],
          [
            121.2,
            19.1
          ],
          [
            121.0,
            19.3
          ],
          [
            120.8,
            19.4
          ],
          [
            120.6,
            19.6
          ],
          [
            120.3,
            19.8
          ],
          [
            120.0,
            20.0
          ],
          [
            119.9,
            20.4
          ],
          [
            119.7,
            20.7
          ],
          [
            119.4,
            20.9
          ],
          [
            119.3,
            21.1
          ],
          [
            119.2,
            21.4
          ],
          [
            119.1,
            21.8
          ],
          [
            119.1,
            22.2
          ],
          [
            119.0,
            22.8
          ],
          [
            118.9,
            23.5
          ],
          [
            118.8,
            24.2
          ],
          [
            118.6,
            24.9
          ],
          [
            118.3,
            25.5
          ],
          [
            118.1,
            26.3
          ],
          [
            117.7,
            27.1
          ],
          [
            117.4,
            28.0
          ],
          [
            117.1,
            28.7
          ],
          [
            116.5,
            29.6
          ],
          [
            115.8,
            30.3
          ],
          [
            115.1,
            31.2
          ],
          [
            114.9,
            31.9
          ],
          [
            114.5,
            32.4
          ],
          [
            114.5,
            33.0
          ],
          [
            114.4,
            33.4
          ],
          [
            114.3,
            34.0
          ],
          [
            114.2,
            34.8
          ],
          [
            113.8,
            35.5
          ],
          [
            113.6,
            35.8
          ],
          [
            113.5,
            36.0
          ],
          [
            113.3,
            36.2
          ],
          [
            112.9,
            36.5
          ],
          [
            112.8,
            36.6
          ],
          [
            113.2,
            36.8
          ],
          [
            113.3,
            37.0
          ],
          [
            113.4,
            37.4
          ]
        ]
      },
      "properties": {
        "sid": "2023201N13134",
        "name": "DOKSURI",
        "start_time": "2023-07-20 06:00:00",
        "end_time": "2023-07-31 00:00:00",
        "max_wind_kt": 100.0
      }
    },
    {
      "type": "Feature",
      "geometry": {
        "type": "LineString",
        "coordinates": [
          [
            128.0,
            18.2
          ],
          [
            127.8,
            18.2
          ],
          [
            127.5,
            18.4
          ],
          [
            127.2,
            18.5
          ],
          [
            126.9,
            18.7
          ],
          [
            126.7,
            18.7
          ],
          [
            126.5,
            18.7
          ],
          [
            126.3,
            18.7
          ],
          [
            126.2,
            18.8
          ],
          [
            126.0,
            18.9
          ],
          [
            125.8,
            19.0
          ],
          [
            125.7,
            19.0
          ],
          [
            125.5,
            19.1
          ],
          [
            125.3,
            19.4
          ],
          [
            125.2,
            19.7
          ],
          [
            125.1,
            19.9
          ],
          [
            125.0,
            20.1
          ],
          [
            124.8,
            20.3
          ],
          [
            124.7,
            20.4
          ],
          [
            124.5,
            20.3
          ],
          [
            124.3,
            20.2
          ],
          [
            124.2,
            20.1
          ],
          [
            124.2,
            20.1
          ],
          [
            124.1,
            20.0
          ],
          [
            124.0,
            19.9
          ],
          [
            123.9,
            19.8
          ],
          [
            123.8,
            19.8
          ],
          [
            123.7,
            19.6
          ],
          [
            123.6,
            19.5
          ],
          [
            123.5,
            19.3
          ],
          [
            123.4,
            19.1
          ],
          [
            123.3,
            18.8
          ],
          [
            123.2,
            18.5
          ],
          [
            123.2,
            18.2
          ],
          [
            123.2,
            18.0
          ],
          [
            123.1,
            17.8
          ],
          [
            123.1,
            17.5
          ],
          [
            123.0,
            17.3
          ],
          [
            123.0,
            17.2
          ],
          [
            122.9,
            17.0
          ],
          [
            122.9,
            16.8
          ],
          [
            122.9,
            16.6
          ],
          [
            123.0,
            16.5
          ],
          [
            123.1,
            16.4
          ],
          [
            123.2,
            16.2
          ],
          [
            123.4,
            16.0
          ],
          [
            123.8,
            16.0
          ],
          [
            124.1,
            16.4
          ],
          [
            124.4,
            16.8
          ],
          [
            124.3,
            17.2
          ],
          [
            124.2,
            17.5
          ],
          [
            124.2,
            17.7
          ],
          [
            124.1,
            17.9
          ],
          [
            124.0,
            18.1
          ],
          [
            123.8,
            18.3
          ],
          [
            123.6,
            18.4
          ],
          [
            123.5,
            18.5
          ],
          [
            123.3,
            18.7
          ],
          [
            123.1,
            18.9
          ],
          [
            122.9,
            19.1
          ],
          [
            122.7,
            19.3
          ],
          [
            122.3,
            19.6
          ],
          [
            121.9,
            19.9
          ],
          [
            121.4,
            20.0
          ],
          [
            121.0,
            20.1
          ],
          [
            120.7,
            20.2
          ],
          [
            120.3,
            20.4
          ],
          [
            120.0,
            20.6
          ],
          [
            119.6,
            20.7
          ],
          [
            119.2,
            20.8
          ],
          [
            118.7,
            20.9
          ],
          [
            118.4,
            21.0
          ],
          [
            118.2,
            21.0
          ],
          [
            118.0,
            21.1
          ],
          [
            117.8,
            21.2
          ],
          [
            117.6,
            21.3
          ],
          [
            117.3,
            21.5
          ],
          [
            117.1,
            21.5
          ],
          [
            116.8,
            21.6
          ],
          [
            116.7,
            21.6
          ],
          [
            116.6,
            21.7
          ],
          [
            116.5,
            21.7
          ],
          [
            116.4,
            21.8
          ],
          [
            116.3,
            21.8
          ],
          [
            116.2,
            21.9
          ],
          [
            116.1,
            21.9
          ],
          [
            116.0,
            21.9
          ],
          [
            115.9,
            21.9
          ],
          [
            115.7,
            22.0
          ],
          [
            115.6,
            22.0
          ],
          [
            115.4,
            22.0
          ],
          [
            115.3,
            22.0
          ],
          [
            115.1,
            22.0
          ],
          [
            114.9,
            22.0
          ],
          [
            114.8,
            22.0
          ],
          [
            114.6,
            22.0
          ],
          [
            114.4,
            22.0
          ],
          [
            114.3,
            22.0
          ],
          [
            114.1,
            22.0
          ],
          [
            114.0,
            22.0
          ],
          [
            113.8,
            22.0
          ],
          [
            113.6,
            22.0
          ],
          [
            113.5,
            22.0
          ],
          [
            113.3,
            21.9
          ],
          [
            113.2,
            21.9
          ],
          [
            113.1,
            21.9
          ],
          [
            113.0,
            21.8
          ],
          [
            112.9,
            21.8
          ],
          [
            112.8,
            21.7
          ],
          [
            112.6,
            21.7
          ],
          [
            112.5,
            21.7
          ],
          [
            112.3,
            21.7
          ],
          [
            112.2,
            21.7
          ],
          [
            112.1,
            21.7
          ],
          [
            111.9,
            21.7
          ],
          [
            111.8,
            21.8
          ],
          [
            111.6,
            21.8
          ],
          [
            111.5,
            21.8
          ],
          [
            111.0,
            21.7
          ],
          [
            110.6,
            21.6
          ],
          [
            110.2,
            21.5
          ],
          [
            109.9,
            21.3
          ],
          [
            109.6,
            21.2
          ],
          [
            109.5,
            21.2
          ],
          [
            109.4,
            21.1
          ],
          [
            109.3,
            20.9
          ],
          [
            109.2,
            20.7
          ],
          [
            109.1,
            20.5
          ],
          [
            109.1,
            20.3
          ],
          [
            109.1,
            20.1
          ],
          [
            109.1,
            19.9
          ]
        ]
      },
      "properties": {
        "sid": "2023234N18128",
        "name": "SAOLA",
        "start_time": "2023-08-22 00:00:00",
        "end_time": "2023-09-04 00:00:00",
        "max_wind_kt": 105.0
      }
    },
    {
      "type": "Feature",
      "geometry": {
        "type": "LineString",
        "coordinates": [
          [
            144.4,
            18.1
          ],
          [
            144.4,
            18.2
          ],
          [
            144.4,
            18.3
          ],
          [
            144.2,
            18.4
          ],
          [
            144.0,
            18.3
          ],
          [
            143.8,
            18.2
          ],
          [
            143.5,
            18.2
          ],
          [
            143.2,
            18.2
          ],
          [
            142.7,
            18.3
          ],
          [
            142.2,
            18.4
          ],
          [
            141.6,
            18.5
          ],
          [
            141.1,
            18.5
          ],
          [
            140.6,
            18.6
          ],
          [
            140.0,
            18.6
          ],
          [
            139.4,
            18.7
          ],
          [
            138.8,
            18.8
          ],
          [
            138.2,
            19.0
          ],
          [
            137.7,
            19.0
          ],
          [
            137.3,
            19.1
          ],
          [
            137.0,
            19.2
          ],
          [
            136.8,
            19.3
          ],
          [
            136.7,
            19.5
          ],
          [
            136.6,
            19.7
          ],
          [
            136.4,
            19.9
          ],
          [
            136.1,
            20.1
          ],
          [
            135.8,
            20.3
          ],
          [
            135.5,
            20.4
          ],
          [
            135.2,
            20.6
          ],
          [
            134.9,
            20.8
          ],
          [
            134.4,
            20.9
          ],
          [
            133.8,
            21.0
          ],
          [
            133.4,
            21.1
          ],
          [
            133.0,
            21.1
          ],
          [
            132.5,
            21.2
          ],
          [
            132.1,
            21.3
          ],
          [
            131.6,
            21.5
          ],
          [
            131.2,
            21.7
          ],
          [
            130.7,
            21.8
          ],
          [
            130.3,
            21.9
          ],
          [
            129.9,
            22.0
          ],
          [
            129.5,
            22.1
          ],
          [
            129.0,
            22.1
          ],
          [
            128.5,
            22.1
          ],
          [
            128.1,
            22.0
          ],
          [
            127.8,
            21.9
          ],
          [
            127.4,
            21.8
          ],
          [
            127.1,
            21.9
          ],
          [
            126.7,
            22.0
          ],
          [
            126.3,
            22.1
          ],
          [
            125.8,
            22.3
          ],
          [
            125.3,
            22.4
          ],
          [
            124.8,
            22.6
          ],
          [
            124.3,
            22.7
          ],
          [
            123.7,
            22.7
          ],
          [
            123.2,
            22.6
          ],
          [
            122.9,
            22.5
          ],
          [
            122.6,
            22.6
          ],
          [
            122.1,
            22.7
          ],
          [
            121.5,
            22.9
          ],
          [
            120.8,
            22.9
          ],
          [
            120.2,
            22.8
          ],
          [
            120.0,
            22.6
          ],
          [
            120.1,
            22.6
          ],
          [
            120.1,
            22.9
          ],
          [
            119.8,
            23.2
          ],
          [
            119.5,
            23.2
          ],
          [
            119.2,
            23.2
          ],
          [
            119.0,
            23.4
          ],
          [
            118.6,
            23.6
          ],
          [
            118.1,
            23.6
          ],
          [
            117.5,
            23.6
          ],
          [
            117.2,
            23.5
          ],
          [
            116.9,
            23.5
          ],
          [
            116.7,
            23.5
          ],
          [
            116.6,
            23.6
          ],
          [
            116.4,
            23.7
          ],
          [
            116.2,
            23.6
          ],
          [
            115.9,
            23.5
          ],
          [
            115.6,
            23.4
          ],
          [
            115.4,
            23.3
          ],
          [
            115.1,
            23.3
          ],
          [
            114.9,
            23.2
          ],
          [
            114.8,
            23.1
          ],
          [
            114.7,
            23.0
          ],
          [
            114.6,
            22.9
          ],
          [
            114.5,
            22.8
          ],
          [
            114.2,
            22.7
          ],
          [
            113.9,
            22.7
          ],
          [
            113.8,
            23.0
          ],
          [
            113.6,
            23.2
          ],
          [
            113.4,
            23.2
          ],
          [
            113.3,
            23.2
          ],
          [
            113.2,
            23.2
          ],
          [
            113.0,
            23.1
          ],
          [
            112.7,
            23.0
          ],
          [
            112.3,
            22.9
          ],
          [
            111.9,
            22.7
          ],
          [
            111.5,
            22.6
          ],
          [
            111.1,
            22.6
          ],
          [
            111.0,
            22.4
          ],
          [
            110.8,
            22.2
          ],
          [
            110.6,
            21.9
          ],
          [
            110.3,
            21.5
          ],
          [
            110.0,
            21.2
          ],
          [
            109.8,
            21.2
          ],
          [
            109.9,
            21.4
          ],
          [
            110.0,
            21.5
          ],
          [
            110.0,
            21.5
          ],
          [
            110.0,
            21.6
          ],
          [
            110.0,
            21.6
          ],
          [
            110.0,
            21.7
          ],
          [
            110.0,
            21.9
          ],
          [
            110.0,
            22.1
          ],
          [
            109.9,
            22.4
          ],
          [
            109.7,
            22.6
          ],
          [
            109.5,
            22.5
          ],
          [
            109.4,
            22.3
          ]
        ]
      },
      "properties": {
        "sid": "2023239N18144",
        "name": "HAIKUI",
        "start_time": "2023-08-27 00:00:00",
        "end_time": "2023-09-10 12:00:00",
        "max_wind_kt": 85.0
      }
    },
    {
      "type": "Feature",
      "geometry": {
        "type": "LineString",
        "coordinates": [
          [
            143.8,
            14.2
          ],
          [
            143.6,
            14.4
          ],
          [
            143.1,
            14.7
          ],
          [
            142.2,
            15.1
          ],
          [
            141.2,
            15.5
          ],
          [
            140.5,
            15.7
          ],
          [
            139.9,
            15.7
          ],
          [
            139.1,
            15.8
          ],
          [
            138.5,
            15.8
          ],
          [
            137.8,
            15.8
          ],
          [
            137.2,
            15.7
          ],
          [
            136.5,
            15.5
          ],
          [
            135.9,
            15.5
          ],
          [
            135.6,
            15.4
          ],
          [
            135.2,
            15.4
          ],
          [
            134.8,
            15.5
          ],
          [
            134.3,
            15.5
          ],
          [
            133.4,
            15.5
          ],
          [
            132.6,
            15.5
          ],
          [
            132.1,
            15.4
          ],
          [
            131.9,
            15.4
          ],
          [
            131.6,
            15.7
          ],
          [
            131.3,
            16.0
          ],
          [
            131.0,
            16.2
          ],
          [
            130.7,
            16.4
          ],
          [
            130.4,
            16.6
          ],
          [
            130.1,
            16.9
          ],
          [
            129.8,
            17.1
          ],
          [
            129.5,
            17.4
          ],
          [
            129.1,
            17.7
          ],
          [
            128.9,
            17.9
          ],
          [
            128.7,
            18.1
          ],
          [
            128.5,
            18.3
          ],
          [
            128.3,
            18.5
          ],
          [
            128.0,
            18.7
          ],
          [
            127.7,
            18.9
          ],
          [
            127.3,
            19.2
          ],
          [
            127.0,
            19.4
          ],
          [
            126.6,
            19.6
          ],
          [
            126.4,
            19.8
          ],
          [
            126.2,
            19.9
          ],
          [
            125.9,
            20.1
          ],
          [
            125.5,
            20.2
          ],
          [
            125.3,
            20.3
          ],
          [
            125.1,
            20.5
          ],
          [
            125.0,
            20.8
          ],
          [
            124.9,
            21.2
          ],
          [
            124.8,
            21.5
          ],
          [
            124.6,
            21.7
          ],
          [
            124.4,
            21.9
          ],
          [
            124.1,
            22.0
          ],
          [
            123.8,
            22.1
          ],
          [
            123.5,
            22.2
          ],
          [
            123.1,
            22.2
          ],
          [
            122.7,
            22.1
          ],
          [
            122.3,
            22.1
          ],
          [
            122.0,
            22.0
          ],
          [
            121.6,
            22.0
          ],
          [
            121.3,
            21.9
          ],
          [
            121.1,
            21.9
          ],
          [
            120.8,
            22.0
          ],
          [
            120.4,
            22.0
          ],
          [
            120.0,
            22.1
          ],
          [
            119.5,
            22.1
          ],
          [
            119.1,
            22.0
          ],
          [
            118.7,
            22.0
          ],
          [
            118.4,
            21.9
          ],
          [
            118.0,
            21.9
          ],
          [
            117.7,
            21.8
          ],
          [
            117.3,
            21.7
          ],
          [
            116.9,
            21.7
          ],
          [
            116.6,
            21.6
          ],
          [
            116.3,
            21.4
          ],
          [
            116.0,
            21.3
          ],
          [
            115.7,
            21.2
          ],
          [
            115.6,
            21.1
          ],
          [
            115.4,
            21.1
          ],
          [
            115.3,
            21.1
          ],
          [
            115.2,
            21.2
          ],
          [
            115.2,
            21.2
          ],
          [
            115.1,
            21.3
          ],
          [
            115.0,
            21.3
          ],
          [
            114.9,
            21.4
          ],
          [
            114.8,
            21.4
          ],
          [
            114.6,
            21.5
          ],
          [
            114.6,
            21.5
          ],
          [
            114.5,
            21.5
          ],
          [
            114.5,
            21.5
          ],
          [
            114.4,
            21.6
          ],
          [
            114.4,
            21.6
          ],
          [
            114.3,
            21.6
          ],
          [
            114.3,
            21.6
          ],
          [
            114.2,
            21.6
          ],
          [
            114.2,
            21.6
          ],
          [
            114.1,
            21.7
          ],
          [
            114.1,
            21.7
          ],
          [
            114.0,
            21.7
          ],
          [
            114.0,
            21.7
          ],
          [
            113.9,
            21.7
          ],
          [
            113.8,
            21.7
          ],
          [
            113.8,
            21.7
          ],
          [
            113.7,
            21.7
          ],
          [
            113.7,
            21.7
          ],
          [
            113.6,
            21.7
          ],
          [
            113.5,
            21.7
          ],
          [
            113.4,
            21.7
          ],
          [
            113.4,
            21.7
          ],
          [
            113.3,
            21.7
          ],
          [
            113.3,
            21.7
          ],
          [
            113.0,
            21.6
          ],
          [
            112.7,
            21.5
          ],
          [
            112.5,
            21.4
          ],
          [
            112.4,
            21.2
          ],
          [
            112.2,
            21.0
          ],
          [
            111.9,
            20.9
          ],
          [
            111.5,
            20.8
          ],
          [
            111.3,
            20.6
          ]
        ]
      },
      "properties": {
        "sid": "2023271N14144",
        "name": "KOINU",
        "start_time": "2023-09-27 12:00:00",
        "end_time": "2023-10-10 00:00:00",
        "max_wind_kt": 90.0
      }
    },
    {
      "type": "Feature",
      "geometry": {
        "type": "LineString",
        "coordinates": [
          [
            110.5,
            14.6
          ],
          [
            110.6,
            14.6
          ],
          [
            110.7,
            14.7
          ],
          [
            110.8,
            14.8
          ],
          [
            110.9,
            14.9
          ],
          [
            111.0,
            15.0
          ],
          [
            111.1,
            15.1
          ],
          [
            111.0,
            15.2
          ],
          [
            110.8,
            15.3
          ],
          [
            110.7,
            15.3
          ],
          [
            110.6,
            15.5
          ],
          [
            110.4,
            15.6
          ],
          [
            110.3,
            15.8
          ],
          [
            110.2,
            15.8
          ],
          [
            110.1,
            16.0
          ],
          [
            109.9,
            16.2
          ],
          [
            109.8,
            16.4
          ],
          [
            109.7,
            16.7
          ],
          [
            109.5,
            17.0
          ],
          [
            109.3,
            17.3
          ],
          [
            109.0,
            17.6
          ],
          [
            108.7,
            18.0
          ],
          [
            108.5,
            18.3
          ],
          [
            108.5,
            18.5
          ],
          [
            108.5,
            18.7
          ],
          [
            108.5,
            19.0
          ],
          [
            108.6,
            19.3
          ],
          [
            108.7,
            19.6
          ],
          [
            108.9,
            20.0
          ],
          [
            109.1,
            20.6
          ],
          [
            109.2,
            21.0
          ],
          [
            109.3,
            21.2
          ],
          [
            109.4,
            21.3
          ],
          [
            109.6,
            21.4
          ],
          [
            109.7,
            21.3
          ],
          [
            109.7,
            21.0
          ],
          [
            109.8,
            20.7
          ],
          [
            109.7,
            20.4
          ],
          [
            109.6,
            20.1
          ],
          [
            109.2,
            19.9
          ],
          [
            108.9,
            19.8
          ],
          [
            108.7,
            19.7
          ],
          [
            108.2,
            19.9
          ]
        ]
      },
      "properties": {
        "sid": "2023289N15111",
        "name": "SANBA",
        "start_time": "2023-10-15 18:00:00",
        "end_time": "2023-10-21 00:00:00",
        "max_wind_kt": 40.0
      }
    },
    {
      "type": "Feature",
      "geometry": {
        "type": "LineString",
        "coordinates": [
          [
            112.5,
            17.8
          ],
          [
            112.4,
            17.8
          ],
          [
            112.3,
            17.8
          ],
          [
            112.2,
            17.7
          ],
          [
            112.2,
            17.8
          ],
          [
            112.2,
            18.1
          ],
          [
            112.3,
            18.6
          ],
          [
            112.4,
            19.1
          ],
          [
            112.4,
            19.6
          ],
          [
            112.2,
            20.0
          ],
          [
            111.9,
            20.4
          ],
          [
            111.6,
            20.6
          ],
          [
            111.4,
            20.9
          ],
          [
            111.4,
            21.3
          ],
          [
            111.5,
            21.6
          ],
          [
            111.7,
            21.9
          ],
          [
            112.0,
            22.4
          ],
          [
            112.2,
            22.9
          ],
          [
            112.5,
            23.4
          ],
          [
            112.8,
            23.7
          ],
          [
            113.5,
            24.0
          ],
          [
            114.3,
            24.4
          ],
          [
            115.1,
            24.8
          ],
          [
            115.6,
            24.9
          ],
          [
            116.4,
            24.9
          ],
          [
            117.6,
            24.8
          ],
          [
            119.4,
            24.7
          ],
          [
            121.9,
            24.3
          ],
          [
            123.3,
            23.8
          ],
          [
            123.8,
            23.7
          ],
          [
            124.2,
            23.8
          ],
          [
            125.2,
            23.8
          ],
          [
            126.4,
            23.9
          ],
          [
            127.3,
            23.9
          ],
          [
            128.2,
            24.0
          ],
          [
            129.0,
            24.0
          ],
          [
            129.8,
            24.1
          ],
          [
            130.7,
            24.3
          ],
          [
            131.6,
            24.5
          ],
          [
            132.7,
            24.7
          ],
          [
            133.7,
            24.8
          ],
          [
            134.5,
            24.8
          ],
          [
            135.1,
            24.8
          ],
          [
            135.8,
            24.8
          ],
          [
            136.4,
            24.9
          ],
          [
            136.9,
            24.9
          ],
          [
            137.3,
            24.9
          ],
          [
            137.6,
            24.8
          ],
          [
            138.0,
            24.8
          ],
          [
            138.5,
            24.8
          ],
          [
            139.0,
            24.8
          ]
        ]
      },
      "properties": {
        "sid": "2024151N18113",
        "name": "MALIKSI",
        "start_time": "2024-05-30 00:00:00",
        "end_time": "2024-06-05 06:00:00",
        "max_wind_kt": 35.0
      }
    },
    {
      "type": "Feature",
      "geometry": {
        "type": "LineString",
        "coordinates": [
          [
            129.7,
            7.7
          ],
          [
            129.1,
            8.3
          ],
          [
            128.6,
            8.9
          ],
          [
            128.1,
            9.4
          ],
          [
            127.8,
            9.7
          ],
          [
            127.6,
            9.9
          ],
          [
            127.4,
            10.1
          ],
          [
            127.2,
            10.3
          ],
          [
            127.0,
            10.5
          ],
          [
            126.9,
            10.7
          ],
          [
            126.8,
            10.8
          ],
          [
            126.8,
            10.9
          ],
          [
            126.7,
            11.1
          ],
          [
            126.5,
            11.2
          ],
          [
            126.3,
            11.4
          ],
          [
            126.1,
            11.5
          ],
          [
            125.7,
            11.7
          ],
          [
            124.9,
            11.9
          ],
          [
            124.0,
            12.1
          ],
          [
            123.2,
            12.3
          ],
          [
            122.5,
            12.5
          ],
          [
            122.0,
            12.6
          ],
          [
            121.7,
            12.6
          ],
          [
            121.4,
            12.7
          ],
          [
            121.0,
            12.8
          ],
          [
            120.5,
            12.9
          ],
          [
            120.0,
            13.1
          ],
          [
            119.6,
            13.3
          ],
          [
            119.1,
            13.5
          ],
          [
            118.5,
            13.8
          ],
          [
            117.8,
            14.2
          ],
          [
            117.3,
            14.4
          ],
          [
            116.7,
            14.7
          ],
          [
            116.2,
            14.9
          ],
          [
            115.7,
            15.1
          ],
          [
            115.1,
            15.4
          ],
          [
            114.7,
            15.5
          ],
          [
            114.3,
            15.7
          ],
          [
            113.9,
            15.8
          ],
          [
            113.4,
            16.0
          ],
          [
            112.8,
            16.1
          ],
          [
            112.2,
            16.2
          ],
          [
            111.8,
            16.1
          ],
          [
            111.5,
            16.1
          ],
          [
            111.3,
            16.2
          ],
          [
            111.2,
            16.5
          ],
          [
            111.1,
            17.0
          ],
          [
            111.0,
            17.4
          ],
          [
            110.8,
            17.8
          ],
          [
            110.5,
            18.3
          ],
          [
            110.2,
            18.8
          ],
          [
            109.7,
            19.2
          ],
          [
            109.2,
            19.5
          ],
          [
            108.9,
            19.8
          ],
          [
            108.6,
            20.1
          ],
          [
            108.4,
            20.2
          ],
          [
            108.2,
            20.4
          ],
          [
            108.0,
            20.7
          ],
          [
            107.9,
            20.9
          ],
          [
            107.7,
            21.2
          ],
          [
            107.6,
            21.4
          ],
          [
            107.5,
            21.5
          ],
          [
            107.4,
            21.6
          ],
          [
            107.2,
            21.6
          ],
          [
            106.9,
            21.7
          ],
          [
            106.7,
            21.6
          ],
          [
            106.6,
            21.7
          ],
          [
            106.6,
            21.7
          ],
          [
            106.6,
            21.8
          ],
          [
            106.7,
            21.8
          ],
          [
            106.8,
            21.8
          ],
          [
            106.8,
            21.7
          ],
          [
            106.9,
            21.5
          ],
          [
            107.2,
            21.2
          ],
          [
            107.7,
            21.0
          ],
          [
            108.2,
            21.1
          ],
          [
            108.5,
            21.2
          ],
          [
            108.7,
            21.3
          ],
          [
            108.8,
            21.5
          ]
        ]
      },
      "properties": {
        "sid": "2024198N08130",
        "name": "PRAPIROON",
        "start_time": "2024-07-15 12:00:00",
        "end_time": "2024-07-25 06:00:00",
        "max_wind_kt": 55.0
      }
    },
    {
      "type": "Feature",
      "geometry": {
        "type": "LineString",
        "coordinates": [
          [
            133.2,
            11.6
          ],
          [
            132.8,
            12.1
          ],
          [
            132.3,
            12.7
          ],
          [
            131.8,
            13.3
          ],
          [
            131.2,
            13.9
          ],
          [
            130.5,
            14.3
          ],
          [
            129.8,
            14.7
          ],
          [
            129.3,
            15.0
          ],
          [
            128.8,
            15.4
          ],
          [
            128.4,
            15.7
          ],
          [
            127.9,
            15.9
          ],
          [
            127.6,
            16.1
          ],
          [
            127.2,
            16.2
          ],
          [
            126.9,
            16.3
          ],
          [
            126.5,
            16.4
          ],
          [
            126.1,
            16.5
          ],
          [
            125.8,
            16.6
          ],
          [
            125.7,
            16.6
          ],
          [
            125.7,
            16.6
          ],
          [
            125.6,
            16.7
          ],
          [
            125.6,
            16.8
          ],
          [
            125.6,
            16.9
          ],
          [
            125.6,
            17.1
          ],
          [
            125.6,
            17.3
          ],
          [
            125.6,
            17.5
          ],
          [
            125.5,
            17.7
          ],
          [
            125.5,
            17.9
          ],
          [
            125.4,
            18.1
          ],
          [
            125.3,
            18.4
          ],
          [
            125.2,
            18.6
          ],
          [
            125.1,
            18.8
          ],
          [
            125.1,
            19.2
          ],
          [
            125.0,
            19.6
          ],
          [
            125.0,
            20.1
          ],
          [
            125.0,
            20.7
          ],
          [
            124.9,
            21.3
          ],
          [
            124.5,
            21.9
          ],
          [
            124.0,
            22.5
          ],
          [
            123.6,
            22.8
          ],
          [
            123.4,
            23.1
          ],
          [
            123.3,
            23.5
          ],
          [
            122.9,
            23.9
          ],
          [
            122.5,
            24.2
          ],
          [
            121.9,
            24.0
          ],
          [
            121.7,
            23.6
          ],
          [
            121.7,
            24.1
          ],
          [
            121.4,
            24.7
          ],
          [
            120.9,
            25.0
          ],
          [
            120.3,
            25.1
          ],
          [
            120.0,
            25.1
          ],
          [
            119.7,
            25.2
          ],
          [
            119.5,
            25.3
          ],
          [
            119.2,
            25.3
          ],
          [
            119.0,
            25.4
          ],
          [
            118.8,
            25.6
          ],
          [
            118.5,
            25.8
          ],
          [
            118.2,
            26.3
          ],
          [
            118.0,
            26.9
          ],
          [
            117.7,
            27.5
          ],
          [
            117.4,
            27.9
          ],
          [
            117.1,
            28.1
          ],
          [
            116.7,
            28.2
          ],
          [
            116.3,
            28.4
          ],
          [
            116.0,
            28.6
          ],
          [
            115.8,
            28.9
          ],
          [
            115.5,
            29.2
          ],
          [
            115.3,
            29.4
          ],
          [
            115.1,
            29.5
          ],
          [
            114.8,
            29.5
          ],
          [
            114.5,
            29.5
          ],
          [
            114.1,
            29.6
          ],
          [
            113.6,
            29.7
          ],
          [
            112.9,
            29.8
          ],
          [
            111.8,
            29.7
          ],
          [
            110.9,
            29.5
          ],
          [
            110.1,
            29.6
          ],
          [
            109.5,
            29.8
          ],
          [
            109.0,
            30.0
          ],
          [
            108.7,
            30.2
          ]
        ]
      },
      "properties": {
        "sid": "2024201N12133",
        "name": "GAEMI",
        "start_time": "2024-07-19 00:00:00",
        "end_time": "2024-07-28 18:00:00",
        "max_wind_kt": 90.0
      }
    },
    {
      "type": "Feature",
      "geometry": {
        "type": "LineString",
        "coordinates": [
          [
            136.8,
            8.8
          ],
          [
            135.8,
            9.1
          ],
          [
            134.8,
            9.4
          ],
          [
            133.8,
            9.6
          ],
          [
            132.8,
            9.9
          ],
          [
            131.8,
            10.3
          ],
          [
            130.9,
            10.6
          ],
          [
            130.1,
            10.8
          ],
          [
            129.2,
            11.2
          ],
          [
            128.4,
            11.5
          ],
          [
            127.7,
            11.8
          ],
          [
            127.0,
            11.9
          ],
          [
            126.4,
            12.1
          ],
          [
            125.8,
            12.6
          ],
          [
            125.3,
            13.0
          ],
          [
            124.9,
            13.4
          ],
          [
            124.4,
            13.8
          ],
          [
            123.8,
            14.2
          ],
          [
            123.2,
            14.5
          ],
          [
            123.0,
            14.8
          ],
          [
            122.8,
            15.2
          ],
          [
            122.5,
            15.7
          ],
          [
            122.2,
            16.2
          ],
          [
            122.0,
            16.8
          ],
          [
            121.7,
            17.3
          ],
          [
            121.3,
            17.7
          ],
          [
            120.9,
            18.0
          ],
          [
            120.2,
            18.2
          ],
          [
            119.7,
            18.3
          ],
          [
            119.3,
            18.4
          ],
          [
            119.1,
            18.5
          ],
          [
            118.9,
            18.6
          ],
          [
            118.7,
            18.7
          ],
          [
            118.5,
            18.8
          ],
          [
            118.3,
            18.9
          ],
          [
            118.0,
            19.0
          ],
          [
            117.7,
            19.0
          ],
          [
            117.6,
            19.1
          ],
          [
            117.4,
            19.1
          ],
          [
            117.2,
            19.2
          ],
          [
            117.0,
            19.2
          ],
          [
            116.6,
            19.2
          ],
          [
            116.3,
            19.1
          ],
          [
            116.0,
            19.0
          ],
          [
            115.8,
            19.0
          ],
          [
            115.5,
            19.1
          ],
          [
            115.1,
            19.3
          ],
          [
            114.7,
            19.3
          ],
          [
            114.2,
            19.3
          ],
          [
            113.6,
            19.3
          ],
          [
            113.0,
            19.2
          ],
          [
            112.6,
            19.2
          ],
          [
            112.2,
            19.2
          ],
          [
            111.8,
            19.5
          ],
          [
            111.3,
            19.7
          ],
          [
            110.8,
            19.9
          ],
          [
            110.2,
            20.0
          ],
          [
            109.6,
            20.2
          ],
          [
            109.0,
            20.3
          ],
          [
            108.6,
            20.4
          ],
          [
            108.1,
            20.5
          ],
          [
            107.6,
            20.7
          ],
          [
            107.1,
            20.9
          ],
          [
            106.5,
            21.0
          ],
          [
            106.0,
            21.0
          ],
          [
            105.7,
            21.0
          ],
          [
            105.4,
            21.0
          ],
          [
            105.1,
            21.0
          ],
          [
            104.8,
            21.1
          ],
          [
            104.6,
            21.2
          ],
          [
            104.4,
            21.4
          ],
          [
            104.2,
            21.5
          ],
          [
            104.0,
            21.6
          ],
          [
            103.8,
            21.8
          ],
          [
            103.5,
            22.1
          ],
          [
            103.3,
            22.3
          ],
          [
            103.0,
            22.4
          ],
          [
            102.2,
            22.2
          ],
          [
            101.4,
            22.0
          ],
          [
            100.9,
            21.8
          ],
          [
            100.7,
            21.7
          ]
        ]
      },
      "properties": {
        "sid": "2024244N09137",
        "name": "YAGI",
        "start_time": "2024-08-30 12:00:00",
        "end_time": "2024-09-09 12:00:00",
        "max_wind_kt": 105.0
      }
    },
    {
      "type": "Feature",
      "geometry": {
        "type": "LineString",
        "coordinates": [
          [
            148.4,
            10.6
          ],
          [
            148.3,
            10.5
          ],
          [
            148.1,
            10.5
          ],
          [
            147.9,
            10.5
          ],
          [
            147.6,
            10.4
          ],
          [
            147.4,
            10.3
          ],
          [
            147.3,
            10.3
          ],
          [
            147.1,
            10.4
          ],
          [
            147.1,
            10.5
          ],
          [
            146.9,
            10.7
          ],
          [
            146.7,
            11.0
          ],
          [
            146.4,
            11.4
          ],
          [
            146.1,
            11.7
          ],
          [
            145.8,
            12.2
          ],
          [
            145.4,
            12.6
          ],
          [
            144.9,
            12.9
          ],
          [
            144.3,
            13.2
          ],
          [
            143.5,
            13.5
          ],
          [
            142.9,
            13.7
          ],
          [
            142.4,
            14.1
          ],
          [
            142.1,
            14.5
          ],
          [
            141.6,
            14.8
          ],
          [
            141.2,
            15.1
          ],
          [
            140.9,
            15.5
          ],
          [
            140.6,
            16.1
          ],
          [
            140.3,
            16.8
          ],
          [
            140.0,
            17.5
          ],
          [
            139.8,
            18.4
          ],
          [
            139.6,
            19.2
          ],
          [
            139.2,
            19.8
          ],
          [
            138.6,
            20.3
          ],
          [
            138.1,
            20.7
          ],
          [
            137.6,
            21.1
          ],
          [
            137.3,
            21.6
          ],
          [
            136.8,
            22.2
          ],
          [
            136.2,
            22.8
          ],
          [
            135.5,
            23.4
          ],
          [
            134.6,
            24.0
          ],
          [
            133.8,
            24.5
          ],
          [
            133.2,
            24.9
          ],
          [
            132.7,
            25.3
          ],
          [
            132.1,
            25.8
          ],
          [
            131.5,
            26.4
          ],
          [
            130.9,
            26.9
          ],
          [
            130.3,
            27.4
          ],
          [
            129.7,
            27.8
          ],
          [
            129.2,
            28.1
          ],
          [
            128.6,
            28.5
          ],
          [
            128.1,
            28.9
          ],
          [
            127.6,
            29.3
          ],
          [
            127.2,
            29.7
          ],
          [
            126.6,
            29.9
          ],
          [
            126.1,
            30.1
          ],
          [
            125.4,
            30.2
          ],
          [
            124.7,
            30.3
          ],
          [
            124.0,
            30.4
          ],
          [
            123.2,
            30.6
          ],
          [
            122.5,
            30.7
          ],
          [
            121.8,
            30.9
          ],
          [
            121.1,
            31.2
          ],
          [
            120.4,
            31.5
          ],
          [
            119.9,
            31.6
          ],
          [
            119.3,
            31.7
          ],
          [
            118.7,
            31.8
          ],
          [
            118.1,
            32.1
          ],
          [
            117.6,
            32.3
          ],
          [
            117.1,
            32.5
          ],
          [
            116.7,
            32.8
          ],
          [
            116.4,
            33.0
          ],
          [
            116.2,
            33.1
          ],
          [
            116.0,
            33.1
          ],
          [
            115.8,
            33.2
          ],
          [
            115.5,
            33.4
          ],
          [
            115.3,
            33.4
          ],
          [
            115.1,
            33.5
          ],
          [
            115.0,
            33.5
          ],
          [
            114.9,
            33.4
          ],
          [
            114.7,
            33.1
          ],
          [
            114.8,
            32.8
          ]
        ]
      },
      "properties": {
        "sid": "2024253N11148",
        "name": "BEBINCA",
        "start_time": "2024-09-08 18:00:00",
        "end_time": "2024-09-18 12:00:00",
        "max_wind_kt": 75.0
      }
    },
    {
      "type": "Feature",
      "geometry": {
        "type": "LineString",
        "coordinates": [
          [
            144.6,
            12.1
          ],
          [
            144.4,
            12.2
          ],
          [
            144.3,
            12.3
          ],
          [
            144.3,
            12.5
          ],
          [
            144.3,
            13.0
          ],
          [
            144.1,
            13.4
          ],
          [
            143.9,
            13.9
          ],
          [
            143.6,
            14.5
          ],
          [
            143.2,
            15.2
          ],
          [
            142.7,
            15.6
          ],
          [
            142.1,
            15.9
          ],
          [
            141.6,
            16.3
          ],
          [
            141.1,
            16.6
          ],
          [
            140.6,
            17.1
          ],
          [
            140.1,
            17.7
          ],
          [
            139.6,
            18.3
          ],
          [
            138.9,
            19.1
          ],
          [
            137.9,
            20.0
          ],
          [
            136.7,
            20.8
          ],
          [
            135.6,
            21.2
          ],
          [
            134.6,
            21.5
          ],
          [
            133.9,
            21.9
          ],
          [
            133.3,
            22.4
          ],
          [
            132.6,
            22.8
          ],
          [
            131.9,
            23.2
          ],
          [
            131.1,
            23.8
          ],
          [
            130.2,
            24.4
          ],
          [
            129.5,
            25.1
          ],
          [
            128.7,
            25.8
          ],
          [
            127.7,
            26.5
          ],
          [
            126.9,
            27.2
          ],
          [
            126.1,
            27.8
          ],
          [
            125.4,
            28.4
          ],
          [
            124.6,
            29.2
          ],
          [
            123.7,
            29.8
          ],
          [
            122.8,
            30.2
          ],
          [
            122.1,
            30.7
          ],
          [
            121.6,
            31.0
          ],
          [
            121.0,
            31.3
          ],
          [
            120.5,
            31.6
          ],
          [
            120.2,
            31.9
          ],
          [
            120.2,
            32.1
          ],
          [
            120.4,
            32.4
          ],
          [
            120.7,
            32.6
          ],
          [
            121.1,
            32.8
          ],
          [
            121.5,
            33.0
          ],
          [
            122.1,
            33.2
          ],
          [
            122.7,
            33.4
          ],
          [
            123.4,
            33.6
          ],
          [
            124.1,
            33.8
          ],
          [
            125.2,
            34.1
          ],
          [
            126.6,
            34.2
          ],
          [
            128.4,
            34.5
          ],
          [
            130.3,
            35.0
          ],
          [
            132.6,
            35.8
          ],
          [
            135.1,
            36.6
          ],
          [
            138.0,
            37.4
          ],
          [
            140.8,
            38.0
          ],
          [
            143.5,
            38.4
          ],
          [
            145.5,
            38.8
          ],
          [
            147.2,
            39.2
          ],
          [
            148.9,
            39.5
          ],
          [
            150.6,
            39.9
          ],
          [
            152.3,
            40.2
          ],
          [
            154.0,
            40.7
          ],
          [
            156.0,
            41.2
          ],
          [
            158.0,
            41.8
          ],
          [
            159.8,
            42.3
          ],
          [
            161.5,
            42.8
          ],
          [
            163.5,
            43.4
          ],
          [
            165.5,
            43.9
          ],
          [
            167.5,
            44.3
          ],
          [
            169.3,
            44.7
          ],
          [
            170.7,
            44.9
          ],
          [
            172.1,
            45.3
          ],
          [
            174.0,
            45.6
          ],
          [
            176.1,
            45.9
          ],
          [
            178.4,
            46.0
          ],
          [
            180.7,
            45.9
          ]
        ]
      },
      "properties": {
        "sid": "2024259N12145",
        "name": "PULASAN",
        "start_time": "2024-09-15 00:00:00",
        "end_time": "2024-09-24 18:00:00",
        "max_wind_kt": 45.0
      }
    },
    {
      "type": "Feature",
      "geometry": {
        "type": "LineString",
        "coordinates": [
          [
            128.3,
            19.7
          ],
          [
            128.1,
            20.2
          ],
          [
            127.9,
            20.6
          ],
          [
            127.8,
            20.9
          ],
          [
            127.6,
            21.2
          ],
          [
            127.2,
            21.9
          ],
          [
            126.6,
            22.7
          ],
          [
            126.0,
            23.3
          ],
          [
            125.2,
            24.0
          ],
          [
            124.5,
            24.5
          ],
          [
            123.9,
            24.9
          ],
          [
            123.4,
            25.2
          ],
          [
            123.0,
            25.5
          ],
          [
            122.7,
            25.7
          ],
          [
            122.4,
            25.8
          ],
          [
            122.0,
            25.8
          ],
          [
            121.6,
            25.8
          ],
          [
            121.2,
            25.7
          ],
          [
            120.7,
            25.5
          ],
          [
            120.3,
            25.2
          ],
          [
            119.9,
            24.9
          ],
          [
            119.5,
            24.7
          ],
          [
            119.2,
            24.5
          ],
          [
            118.9,
            24.4
          ],
          [
            118.7,
            24.3
          ]
        ]
      },
      "properties": {
        "sid": "2024264N20128",
        "name": "UNNAMED",
        "start_time": "2024-09-19 12:00:00",
        "end_time": "2024-09-22 12:00:00",
        "max_wind_kt": null
      }
    },
    {
      "type": "Feature",
      "geometry": {
        "type": "LineString",
        "coordinates": [
          [
            128.2,
            24.1
          ],
          [
            128.1,
            23.5
          ],
          [
            127.9,
            22.9
          ],
          [
            127.7,
            22.3
          ],
          [
            127.5,
            21.8
          ],
          [
            127.3,
            21.5
          ],
          [
            127.1,
            21.3
          ],
          [
            126.9,
            21.1
          ],
          [
            126.7,
            20.9
          ],
          [
            126.5,
            20.6
          ],
          [
            126.3,
            20.3
          ],
          [
            126.2,
            20.0
          ],
          [
            126.0,
            19.7
          ],
          [
            125.9,
            19.4
          ],
          [
            125.7,
            19.1
          ],
          [
            125.6,
            18.9
          ],
          [
            125.5,
            18.8
          ],
          [
            125.4,
            18.7
          ],
          [
            125.3,
            18.6
          ],
          [
            125.1,
            18.5
          ],
          [
            125.0,
            18.5
          ],
          [
            124.9,
            18.5
          ],
          [
            124.7,
            18.5
          ],
          [
            124.6,
            18.6
          ],
          [
            124.4,
            18.7
          ],
          [
            124.1,
            19.0
          ],
          [
            123.8,
            19.3
          ],
          [
            123.4,
            19.6
          ],
          [
            123.0,
            19.8
          ],
          [
            122.7,
            19.9
          ],
          [
            122.4,
            19.9
          ],
          [
            122.2,
            20.0
          ],
          [
            122.0,
            20.1
          ],
          [
            121.7,
            20.3
          ],
          [
            121.3,
            20.5
          ],
          [
            120.8,
            20.5
          ],
          [
            120.4,
            20.5
          ],
          [
            120.1,
            20.5
          ],
          [
            120.0,
            20.6
          ],
          [
            119.8,
            20.6
          ],
          [
            119.6,
            20.6
          ],
          [
            119.5,
            20.7
          ],
          [
            119.5,
            20.9
          ],
          [
            119.4,
            21.1
          ],
          [
            119.3,
            21.2
          ],
          [
            119.2,
            21.4
          ],
          [
            119.2,
            21.4
          ],
          [
            119.2,
            21.5
          ],
          [
            119.3,
            21.6
          ],
          [
            119.4,
            21.7
          ],
          [
            119.4,
            21.9
          ],
          [
            119.5,
            22.0
          ],
          [
            119.5,
            22.0
          ],
          [
            119.6,
            22.1
          ],
          [
            119.7,
            22.2
          ],
          [
            119.9,
            22.3
          ],
          [
            120.0,
            22.4
          ],
          [
            120.2,
            22.5
          ],
          [
            120.4,
            22.6
          ],
          [
            120.5,
            22.7
          ],
          [
            120.6,
            22.7
          ],
          [
            120.7,
            22.7
          ],
          [
            120.8,
            22.7
          ]
        ]
      },
      "properties": {
        "sid": "2024270N24128",
        "name": "KRATHON",
        "start_time": "2024-09-26 00:00:00",
        "end_time": "2024-10-03 18:00:00",
        "max_wind_kt": 105.0
      }
    },
    {
      "type": "Feature",
      "geometry": {
        "type": "LineString",
        "coordinates": [
          [
            149.8,
            12.7
          ],
          [
            149.0,
            12.9
          ],
          [
            148.3,
            13.1
          ],
          [
            147.6,
            13.2
          ],
          [
            146.9,
            13.3
          ],
          [
            146.3,
            13.4
          ],
          [
            145.9,
            13.5
          ],
          [
            145.5,
            13.7
          ],
          [
            145.0,
            14.0
          ],
          [
            144.1,
            14.4
          ],
          [
            143.1,
            14.8
          ],
          [
            142.1,
            15.0
          ],
          [
            141.2,
            15.3
          ],
          [
            140.4,
            15.9
          ],
          [
            139.6,
            16.3
          ],
          [
            138.5,
            16.4
          ],
          [
            137.5,
            16.4
          ],
          [
            136.7,
            16.5
          ],
          [
            136.2,
            16.5
          ],
          [
            135.6,
            16.5
          ],
          [
            135.0,
            16.5
          ],
          [
            134.2,
            16.5
          ],
          [
            133.6,
            16.5
          ],
          [
            133.1,
            16.5
          ],
          [
            132.8,
            16.5
          ],
          [
            132.4,
            16.5
          ],
          [
            132.1,
            16.5
          ],
          [
            131.7,
            16.4
          ],
          [
            131.3,
            16.4
          ],
          [
            130.9,
            16.5
          ],
          [
            130.4,
            16.6
          ],
          [
            129.9,
            16.6
          ],
          [
            129.5,
            16.6
          ],
          [
            129.2,
            16.6
          ],
          [
            128.9,
            16.5
          ],
          [
            128.6,
            16.6
          ],
          [
            128.4,
            16.7
          ],
          [
            128.2,
            16.9
          ],
          [
            128.0,
            17.1
          ],
          [
            127.6,
            17.3
          ],
          [
            127.3,
            17.5
          ],
          [
            126.9,
            17.6
          ],
          [
            126.6,
            17.9
          ],
          [
            126.3,
            18.2
          ],
          [
            126.0,
            18.5
          ],
          [
            125.7,
            18.7
          ],
          [
            125.4,
            18.8
          ],
          [
            125.1,
            19.0
          ],
          [
            124.9,
            19.1
          ],
          [
            124.6,
            19.4
          ],
          [
            124.3,
            19.8
          ],
          [
            124.0,
            20.1
          ],
          [
            123.6,
            20.4
          ],
          [
            123.2,
            20.7
          ],
          [
            122.8,
            21.0
          ],
          [
            122.5,
            21.4
          ],
          [
            122.2,
            21.9
          ],
          [
            121.7,
            22.4
          ],
          [
            121.3,
            23.1
          ],
          [
            120.6,
            23.6
          ],
          [
            120.1,
            24.1
          ],
          [
            120.0,
            24.5
          ],
          [
            120.0,
            25.0
          ],
          [
            120.3,
            25.8
          ],
          [
            120.6,
            26.6
          ],
          [
            121.0,
            27.4
          ],
          [
            121.6,
            28.3
          ],
          [
            122.3,
            29.3
          ],
          [
            123.2,
            30.3
          ],
          [
            124.6,
            31.1
          ],
          [
            126.3,
            31.8
          ],
          [
            127.9,
            32.2
          ],
          [
            130.4,
            32.7
          ],
          [
            133.9,
            34.0
          ],
          [
            136.8,
            34.7
          ],
          [
            138.9,
            34.9
          ],
          [
            140.5,
            34.7
          ]
        ]
      },
      "properties": {
        "sid": "2024298N13150",
        "name": "KONG-REY",
        "start_time": "2024-10-24 00:00:00",
        "end_time": "2024-11-02 12:00:00",
        "max_wind_kt": 100.0
      }
    },
    {
      "type": "Feature",
      "geometry": {
        "type": "LineString",
        "coordinates": [
          [
            143.2,
            6.0
          ],
          [
            142.7,
            6.4
          ],
          [
            142.1,
            6.8
          ],
          [
            141.2,
            7.2
          ],
          [
            140.2,
            7.7
          ],
          [
            139.4,
            8.1
          ],
          [
            138.9,
            8.6
          ],
          [
            138.5,
            9.1
          ],
          [
            138.0,
            9.7
          ],
          [
            137.2,
            10.3
          ],
          [
            136.2,
            10.8
          ],
          [
            135.4,
            11.1
          ],
          [
            134.7,
            11.4
          ],
          [
            133.8,
            11.7
          ],
          [
            133.0,
            12.1
          ],
          [
            132.2,
            12.5
          ],
          [
            131.5,
            13.0
          ],
          [
            130.8,
            13.6
          ],
          [
            130.2,
            14.2
          ],
          [
            129.5,
            14.8
          ],
          [
            128.9,
            15.3
          ],
          [
            128.2,
            15.7
          ],
          [
            127.5,
            16.1
          ],
          [
            127.0,
            16.5
          ],
          [
            126.5,
            16.9
          ],
          [
            126.1,
            17.1
          ],
          [
            125.7,
            17.3
          ],
          [
            125.4,
            17.6
          ],
          [
            125.1,
            17.8
          ],
          [
            124.9,
            17.9
          ],
          [
            124.7,
            18.0
          ],
          [
            124.5,
            18.0
          ],
          [
            124.4,
            18.1
          ],
          [
            124.2,
            18.1
          ],
          [
            124.0,
            18.2
          ],
          [
            123.8,
            18.2
          ],
          [
            123.6,
            18.3
          ],
          [
            123.4,
            18.4
          ],
          [
            123.1,
            18.5
          ],
          [
            122.7,
            18.5
          ],
          [
            122.4,
            18.5
          ],
          [
            122.0,
            18.6
          ],
          [
            121.5,
            18.6
          ],
          [
            121.0,
            18.6
          ],
          [
            120.4,
            18.5
          ],
          [
            119.9,
            18.4
          ],
          [
            119.4,
            18.3
          ],
          [
            118.8,
            18.3
          ],
          [
            118.1,
            18.4
          ],
          [
            117.5,
            18.4
          ],
          [
            116.9,
            18.4
          ],
          [
            116.4,
            18.5
          ],
          [
            115.8,
            18.6
          ],
          [
            115.4,
            18.7
          ],
          [
            114.9,
            18.8
          ],
          [
            114.5,
            18.9
          ],
          [
            114.1,
            19.0
          ],
          [
            113.9,
            19.0
          ],
          [
            113.7,
            19.1
          ],
          [
            113.5,
            19.1
          ],
          [
            113.3,
            19.1
          ],
          [
            113.3,
            19.1
          ],
          [
            113.2,
            19.0
          ],
          [
            113.1,
            18.9
          ],
          [
            113.0,
            18.9
          ],
          [
            112.9,
            18.8
          ],
          [
            112.7,
            18.6
          ],
          [
            112.4,
            18.2
          ],
          [
            112.1,
            17.8
          ],
          [
            111.8,
            17.5
          ],
          [
            111.4,
            17.1
          ],
          [
            111.1,
            16.8
          ],
          [
            110.8,
            16.4
          ],
          [
            110.6,
            16.0
          ],
          [
            110.4,
            15.7
          ],
          [
            110.2,
            15.3
          ],
          [
            110.0,
            15.0
          ],
          [
            109.8,
            14.7
          ],
          [
            109.6,
            14.4
          ],
          [
            109.5,
            14.2
          ],
          [
            109.3,
            14.1
          ],
          [
            108.9,
            14.0
          ],
          [
            108.4,
            14.0
          ],
          [
            108.0,
            13.8
          ],
          [
            107.6,
            13.7
          ],
          [
            106.9,
            13.5
          ],
          [
            106.0,
            13.6
          ],
          [
            105.2,
            13.7
          ],
          [
            104.4,
            13.8
          ]
        ]
      },
      "properties": {
        "sid": "2024307N06143",
        "name": "YINXING",
        "start_time": "2024-11-02 06:00:00",
        "end_time": "2024-11-13 06:00:00",
        "max_wind_kt": 100.0
      }
    },
    {
      "type": "Feature",
      "geometry": {
        "type": "LineString",
        "coordinates": [
          [
            144.6,
            13.9
          ],
          [
            143.8,
            14.1
          ],
          [
            143.0,
            14.3
          ],
          [
            142.2,
            14.6
          ],
          [
            141.3,
            14.8
          ],
          [
            140.1,
            14.9
          ],
          [
            139.0,
            14.8
          ],
          [
            138.2,
            14.6
          ],
          [
            137.6,
            14.5
          ],
          [
            136.9,
            14.5
          ],
          [
            136.2,
            14.5
          ],
          [
            135.4,
            14.5
          ],
          [
            134.7,
            14.5
          ],
          [
            134.0,
            14.5
          ],
          [
            133.2,
            14.4
          ],
          [
            132.3,
            14.4
          ],
          [
            131.5,
            14.5
          ],
          [
            130.8,
            14.6
          ],
          [
            130.2,
            14.7
          ],
          [
            129.3,
            14.9
          ],
          [
            128.4,
            15.0
          ],
          [
            127.6,
            15.1
          ],
          [
            126.9,
            15.1
          ],
          [
            126.2,
            15.2
          ],
          [
            125.5,
            15.2
          ],
          [
            124.9,
            15.4
          ],
          [
            124.4,
            15.5
          ],
          [
            123.8,
            15.7
          ],
          [
            123.2,
            15.9
          ],
          [
            122.8,
            16.1
          ],
          [
            122.3,
            16.3
          ],
          [
            121.7,
            16.6
          ],
          [
            121.1,
            17.0
          ],
          [
            120.5,
            17.4
          ],
          [
            119.9,
            17.8
          ],
          [
            119.5,
            18.0
          ],
          [
            119.1,
            18.3
          ],
          [
            118.8,
            18.5
          ],
          [
            118.6,
            18.6
          ],
          [
            118.4,
            18.9
          ],
          [
            118.1,
            19.1
          ],
          [
            117.8,
            19.4
          ],
          [
            117.6,
            19.6
          ],
          [
            117.3,
            19.8
          ],
          [
            117.0,
            19.9
          ],
          [
            116.6,
            20.1
          ],
          [
            116.3,
            20.2
          ],
          [
            115.9,
            20.4
          ],
          [
            115.7,
            20.5
          ],
          [
            115.6,
            20.6
          ],
          [
            115.5,
            20.6
          ],
          [
            115.4,
            20.7
          ],
          [
            115.3,
            20.7
          ],
          [
            115.2,
            20.8
          ],
          [
            115.1,
            20.8
          ],
          [
            115.1,
            20.9
          ],
          [
            115.0,
            20.9
          ],
          [
            114.9,
            20.9
          ],
          [
            114.8,
            21.0
          ],
          [
            114.7,
            21.0
          ],
          [
            114.7,
            21.0
          ],
          [
            114.6,
            21.0
          ],
          [
            114.5,
            21.1
          ],
          [
            114.4,
            21.1
          ],
          [
            114.4,
            21.1
          ],
          [
            114.3,
            21.1
          ],
          [
            114.2,
            21.1
          ],
          [
            114.2,
            21.1
          ],
          [
            114.1,
            21.1
          ],
          [
            114.1,
            21.1
          ],
          [
            114.0,
            21.1
          ],
          [
            114.0,
            21.2
          ],
          [
            113.9,
            21.2
          ],
          [
            113.9,
            21.2
          ],
          [
            113.9,
            21.2
          ],
          [
            113.8,
            21.2
          ],
          [
            113.7,
            21.2
          ],
          [
            113.7,
            21.2
          ],
          [
            113.6,
            21.2
          ],
          [
            113.6,
            21.2
          ],
          [
            113.5,
            21.2
          ],
          [
            113.5,
            21.2
          ],
          [
            113.4,
            21.2
          ],
          [
            113.4,
            21.1
          ],
          [
            113.3,
            21.1
          ],
          [
            113.3,
            21.1
          ],
          [
            113.2,
            21.1
          ],
          [
            113.0,
            21.0
          ],
          [
            113.0,
            20.9
          ],
          [
            113.1,
            20.8
          ],
          [
            113.3,
            20.6
          ],
          [
            113.5,
            20.4
          ],
          [
            113.7,
            20.3
          ]
        ]
      },
      "properties": {
        "sid": "2024312N14145",
        "name": "TORAJI",
        "start_time": "2024-11-07 06:00:00",
        "end_time": "2024-11-15 12:00:00",
        "max_wind_kt": 70.0
      }
    },
    {
      "type": "Feature",
      "geometry": {
        "type": "LineString",
        "coordinates": [
          [
            168.5,
            10.3
          ],
          [
            167.4,
            10.6
          ],
          [
            166.4,
            10.8
          ],
          [
            165.7,
            11.2
          ],
          [
            165.0,
            11.5
          ],
          [
            164.2,
            11.9
          ],
          [
            163.5,
            12.1
          ],
          [
            162.6,
            12.3
          ],
          [
            161.8,
            12.6
          ],
          [
            161.0,
            13.1
          ],
          [
            160.2,
            13.7
          ],
          [
            159.6,
            14.2
          ],
          [
            159.1,
            14.6
          ],
          [
            158.6,
            14.9
          ],
          [
            158.2,
            15.2
          ],
          [
            157.7,
            15.5
          ],
          [
            157.1,
            15.7
          ],
          [
            156.6,
            15.8
          ],
          [
            156.1,
            15.8
          ],
          [
            155.8,
            15.8
          ],
          [
            155.6,
            15.7
          ],
          [
            155.3,
            15.7
          ],
          [
            154.9,
            15.7
          ],
          [
            154.5,
            15.6
          ],
          [
            154.0,
            15.4
          ],
          [
            153.5,
            15.2
          ],
          [
            153.0,
            15.0
          ],
          [
            152.7,
            14.8
          ],
          [
            152.5,
            14.6
          ],
          [
            152.2,
            14.4
          ],
          [
            151.8,
            14.3
          ],
          [
            151.2,
            14.2
          ],
          [
            150.5,
            14.1
          ],
          [
            149.8,
            14.1
          ],
          [
            149.0,
            14.1
          ],
          [
            148.2,
            14.2
          ],
          [
            147.5,
            14.2
          ],
          [
            146.9,
            14.1
          ],
          [
            146.3,
            13.9
          ],
          [
            145.7,
            13.6
          ],
          [
            145.1,
            13.2
          ],
          [
            144.6,
            12.8
          ],
          [
            144.1,
            12.4
          ],
          [
            143.6,
            12.3
          ],
          [
            143.0,
            12.2
          ],
          [
            142.2,
            12.1
          ],
          [
            141.2,
            12.0
          ],
          [
            140.4,
            11.6
          ],
          [
            139.5,
            11.2
          ],
          [
            138.8,
            10.9
          ],
          [
            138.1,
            10.7
          ],
          [
            137.5,
            10.5
          ],
          [
            136.9,
            10.4
          ],
          [
            136.0,
            10.3
          ],
          [
            135.1,
            10.4
          ],
          [
            134.3,
            10.4
          ],
          [
            133.5,
            10.4
          ],
          [
            132.7,
            10.4
          ],
          [
            131.9,
            10.5
          ],
          [
            131.1,
            10.7
          ],
          [
            130.4,
            10.9
          ],
          [
            129.7,
            11.1
          ],
          [
            129.0,
            11.4
          ],
          [
            128.4,
            11.7
          ],
          [
            127.8,
            12.0
          ],
          [
            127.2,
            12.3
          ],
          [
            126.7,
            12.6
          ],
          [
            126.1,
            12.9
          ],
          [
            125.6,
            13.2
          ],
          [
            125.1,
            13.6
          ],
          [
            124.6,
            13.9
          ],
          [
            124.2,
            14.1
          ],
          [
            123.8,
            14.3
          ],
          [
            123.4,
            14.6
          ],
          [
            122.9,
            15.0
          ],
          [
            122.4,
            15.4
          ],
          [
            121.9,
            15.8
          ],
          [
            121.3,
            16.1
          ],
          [
            120.7,
            16.5
          ],
          [
            120.0,
            17.1
          ],
          [
            119.4,
            17.6
          ],
          [
            118.8,
            17.9
          ],
          [
            118.3,
            18.1
          ],
          [
            117.7,
            18.3
          ],
          [
            117.1,
            18.5
          ],
          [
            116.6,
            18.6
          ],
          [
            116.1,
            18.7
          ],
          [
            115.7,
            18.8
          ],
          [
            115.3,
            18.9
          ],
          [
            114.8,
            18.9
          ],
          [
            114.2,
            18.9
          ],
          [
            113.6,
            18.9
          ],
          [
            113.1,
            18.7
          ],
          [
            112.5,
            18.5
          ],
          [
            112.0,
            18.1
          ],
          [
            111.6,
            17.8
          ],
          [
            111.3,
            17.4
          ],
          [
            111.0,
            17.1
          ],
          [
            110.8,
            16.8
          ]
        ]
      },
      "properties": {
        "sid": "2024313N10169",
        "name": "MAN-YI",
        "start_time": "2024-11-07 18:00:00",
        "end_time": "2024-11-20 00:00:00",
        "max_wind_kt": 105.0
      }
    },
    {
      "type": "Feature",
      "geometry": {
        "type": "LineString",
        "coordinates": [
          [
            151.4,
            6.7
          ],
          [
            150.9,
            7.0
          ],
          [
            150.3,
            7.3
          ],
          [
            149.7,
            7.6
          ],
          [
            149.1,
            7.9
          ],
          [
            148.5,
            7.9
          ],
          [
            147.9,
            8.0
          ],
          [
            147.0,
            8.6
          ],
          [
            146.2,
            9.2
          ],
          [
            145.3,
            9.7
          ],
          [
            144.3,
            10.0
          ],
          [
            143.4,
            10.4
          ],
          [
            142.5,
            10.8
          ],
          [
            141.6,
            11.1
          ],
          [
            140.9,
            11.3
          ],
          [
            140.2,
            11.6
          ],
          [
            139.6,
            11.9
          ],
          [
            139.0,
            12.1
          ],
          [
            138.2,
            12.3
          ],
          [
            137.4,
            12.4
          ],
          [
            136.6,
            12.5
          ],
          [
            135.7,
            12.6
          ],
          [
            134.9,
            12.8
          ],
          [
            134.2,
            13.1
          ],
          [
            133.5,
            13.4
          ],
          [
            132.7,
            13.7
          ],
          [
            131.9,
            14.0
          ],
          [
            131.2,
            14.1
          ],
          [
            130.5,
            14.3
          ],
          [
            129.7,
            14.5
          ],
          [
            129.0,
            14.7
          ],
          [
            128.4,
            14.8
          ],
          [
            127.9,
            15.0
          ],
          [
            127.2,
            15.3
          ],
          [
            126.4,
            15.6
          ],
          [
            125.9,
            15.9
          ],
          [
            125.3,
            16.2
          ],
          [
            124.6,
            16.4
          ],
          [
            124.0,
            16.6
          ],
          [
            123.5,
            16.9
          ],
          [
            123.1,
            17.2
          ],
          [
            122.6,
            17.5
          ],
          [
            122.1,
            17.9
          ],
          [
            121.8,
            18.3
          ],
          [
            121.4,
            18.7
          ],
          [
            121.1,
            19.2
          ],
          [
            120.7,
            19.6
          ],
          [
            120.3,
            19.9
          ],
          [
            120.1,
            20.3
          ],
          [
            119.8,
            20.7
          ],
          [
            119.7,
            21.1
          ],
          [
            119.7,
            21.4
          ],
          [
            119.8,
            21.6
          ],
          [
            119.8,
            21.9
          ],
          [
            119.9,
            22.1
          ],
          [
            120.1,
            22.3
          ],
          [
            120.3,
            22.5
          ],
          [
            120.5,
            22.4
          ],
          [
            120.5,
            22.3
          ],
          [
            120.5,
            22.1
          ],
          [
            120.4,
            22.0
          ]
        ]
      },
      "properties": {
        "sid": "2024314N07151",
        "name": "USAGI",
        "start_time": "2024-11-09 00:00:00",
        "end_time": "2024-11-16 12:00:00",
        "max_wind_kt": 95.0
      }
    },
    {
      "type": "Feature",
      "geometry": {
        "type": "LineString",
        "coordinates": [
          [
            114.0,
            15.0
          ],
          [
            114.1,
            15.1
          ],
          [
            114.1,
            15.1
          ],
          [
            114.2,
            15.1
          ],
          [
            114.3,
            15.3
          ],
          [
            114.2,
            15.7
          ],
          [
            113.9,
            16.2
          ],
          [
            113.2,
            16.5
          ],
          [
            112.5,
            16.7
          ],
          [
            111.9,
            16.6
          ],
          [
            111.4,
            16.5
          ],
          [
            111.1,
            16.4
          ],
          [
            110.8,
            16.5
          ],
          [
            110.5,
            16.7
          ],
          [
            110.3,
            17.0
          ],
          [
            110.1,
            17.1
          ],
          [
            109.9,
            17.2
          ],
          [
            109.6,
            17.3
          ],
          [
            109.3,
            17.4
          ],
          [
            109.1,
            17.5
          ],
          [
            109.0,
            17.8
          ],
          [
            108.7,
            18.0
          ],
          [
            108.5,
            18.3
          ],
          [
            108.4,
            18.5
          ],
          [
            108.3,
            18.7
          ],
          [
            108.3,
            18.7
          ],
          [
            108.4,
            18.8
          ],
          [
            108.6,
            19.2
          ],
          [
            108.8,
            19.7
          ],
          [
            108.9,
            20.0
          ],
          [
            109.0,
            20.3
          ],
          [
            109.4,
            20.7
          ],
          [
            109.8,
            21.3
          ],
          [
            110.2,
            21.8
          ],
          [
            110.6,
            22.2
          ],
          [
            110.9,
            22.7
          ],
          [
            111.4,
            23.2
          ],
          [
            111.8,
            23.9
          ],
          [
            112.5,
            24.5
          ],
          [
            113.2,
            24.9
          ],
          [
            114.2,
            25.4
          ],
          [
            115.5,
            26.1
          ],
          [
            117.2,
            26.8
          ],
          [
            118.8,
            27.4
          ],
          [
            120.6,
            28.2
          ]
        ]
      },
      "properties": {
        "sid": "2025161N15114",
        "name": "WUTIP",
        "start_time": "2025-06-10 06:00:00",
        "end_time": "2025-06-15 18:00:00",
        "max_wind_kt": 55.0
      }
    },
    {
      "type": "Feature",
      "geometry": {
        "type": "LineString",
        "coordinates": [
          [
            116.8,
            16.0
          ],
          [
            116.6,
            15.9
          ],
          [
            116.4,
            15.9
          ],
          [
            116.2,
            15.9
          ],
          [
            116.0,
            15.9
          ],
          [
            115.6,
            16.0
          ],
          [
            115.0,
            16.2
          ],
          [
            114.3,
            16.7
          ],
          [
            113.7,
            17.3
          ],
          [
            113.4,
            17.6
          ],
          [
            113.1,
            18.0
          ],
          [
            112.7,
            18.6
          ],
          [
            112.3,
            19.0
          ],
          [
            111.8,
            19.2
          ],
          [
            111.4,
            19.4
          ],
          [
            111.0,
            19.7
          ],
          [
            110.7,
            20.1
          ],
          [
            110.5,
            20.6
          ],
          [
            110.3,
            21.0
          ],
          [
            110.0,
            21.3
          ],
          [
            109.8,
            21.6
          ],
          [
            109.4,
            22.0
          ],
          [
            108.9,
            22.5
          ],
          [
            108.6,
            22.9
          ],
          [
            108.1,
            23.6
          ]
        ]
      },
      "properties": {
        "sid": "2025175N16117",
        "name": "UNNAMED",
        "start_time": "2025-06-24 00:00:00",
        "end_time": "2025-06-27 00:00:00",
        "max_wind_kt": null
      }
    },
    {
      "type": "Feature",
      "geometry": {
        "type": "LineString",
        "coordinates": [
          [
            122.5,
            19.7
          ],
          [
            122.1,
            19.9
          ],
          [
            121.7,
            20.1
          ],
          [
            121.0,
            20.0
          ],
          [
            120.4,
            19.9
          ],
          [
            120.0,
            19.8
          ],
          [
            119.6,
            19.7
          ],
          [
            119.2,
            19.5
          ],
          [
            118.8,
            19.5
          ],
          [
            118.5,
            19.5
          ],
          [
            118.2,
            19.6
          ],
          [
            118.0,
            19.8
          ],
          [
            117.9,
            20.0
          ],
          [
            117.7,
            20.0
          ],
          [
            117.6,
            20.0
          ],
          [
            117.6,
            20.1
          ],
          [
            117.6,
            20.1
          ],
          [
            117.7,
            20.3
          ],
          [
            117.8,
            20.4
          ],
          [
            117.9,
            20.6
          ],
          [
            117.9,
            20.7
          ],
          [
            117.9,
            20.8
          ],
          [
            118.0,
            21.0
          ],
          [
            118.1,
            21.3
          ],
          [
            118.3,
            21.6
          ],
          [
            118.5,
            21.9
          ],
          [
            118.8,
            22.2
          ],
          [
            119.2,
            22.5
          ],
          [
            119.6,
            22.9
          ],
          [
            120.1,
            23.4
          ],
          [
            120.6,
            24.0
          ],
          [
            121.0,
            24.9
          ],
          [
            121.2,
            25.7
          ],
          [
            121.3,
            26.3
          ],
          [
            121.5,
            26.7
          ],
          [
            121.7,
            26.9
          ],
          [
            121.9,
            27.0
          ],
          [
            122.1,
            27.3
          ],
          [
            122.3,
            27.6
          ],
          [
            122.3,
            27.9
          ],
          [
            122.3,
            28.0
          ],
          [
            122.1,
            28.0
          ],
          [
            121.9,
            27.9
          ],
          [
            121.6,
            27.9
          ],
          [
            121.3,
            27.8
          ],
          [
            120.8,
            27.7
          ],
          [
            120.2,
            27.4
          ],
          [
            119.5,
            27.1
          ],
          [
            119.1,
            26.9
          ],
          [
            118.6,
            26.8
          ],
          [
            118.1,
            26.6
          ],
          [
            117.3,
            26.3
          ],
          [
            116.7,
            25.9
          ],
          [
            116.2,
            25.5
          ],
          [
            115.9,
            24.9
          ],
          [
            115.7,
            24.5
          ],
          [
            115.6,
            24.1
          ],
          [
            115.4,
            23.7
          ],
          [
            115.3,
            23.4
          ],
          [
            115.1,
            23.1
          ],
          [
            115.0,
            22.9
          ],
          [
            114.6,
            22.8
          ],
          [
            114.3,
            22.8
          ],
          [
            114.0,
            22.7
          ],
          [
            113.8,
            22.5
          ]
        ]
      },
      "properties": {
        "sid": "2025184N20122",
        "name": "DANAS",
        "start_time": "2025-07-03 00:00:00",
        "end_time": "2025-07-11 00:00:00",
        "max_wind_kt": 75.0
      }
    },
    {
      "type": "Feature",
      "geometry": {
        "type": "LineString",
        "coordinates": [
          [
            123.2,
            30.1
          ],
          [
            123.3,
            30.3
          ],
          [
            123.3,
            30.5
          ],
          [
            123.1,
            30.7
          ],
          [
            122.8,
            30.8
          ],
          [
            122.8,
            30.6
          ],
          [
            122.9,
            30.4
          ],
          [
            123.2,
            30.6
          ],
          [
            123.6,
            30.9
          ],
          [
            124.1,
            30.9
          ],
          [
            124.7,
            30.9
          ],
          [
            125.3,
            30.8
          ],
          [
            126.0,
            30.8
          ],
          [
            126.8,
            30.9
          ],
          [
            127.6,
            31.1
          ],
          [
            128.6,
            31.4
          ],
          [
            129.6,
            31.8
          ],
          [
            130.4,
            32.3
          ],
          [
            131.1,
            33.0
          ],
          [
            131.9,
            33.8
          ],
          [
            132.7,
            34.5
          ],
          [
            133.6,
            35.2
          ],
          [
            134.6,
            35.8
          ]
        ]
      },
      "properties": {
        "sid": "2025193N30123",
        "name": "UNNAMED",
        "start_time": "2025-07-11 18:00:00",
        "end_time": "2025-07-14 12:00:00",
        "max_wind_kt": null
      }
    },
    {
      "type": "Feature",
      "geometry": {
        "type": "LineString",
        "coordinates": [
          [
            130.6,
            13.7
          ],
          [
            130.1,
            13.8
          ],
          [
            129.5,
            13.8
          ],
          [
            129.0,
            14.0
          ],
          [
            128.5,
            14.2
          ],
          [
            128.1,
            14.4
          ],
          [
            127.7,
            14.6
          ],
          [
            127.3,
            14.9
          ],
          [
            127.0,
            15.3
          ],
          [
            126.5,
            15.8
          ],
          [
            126.0,
            16.3
          ],
          [
            125.5,
            16.6
          ],
          [
            125.0,
            16.9
          ],
          [
            124.6,
            17.3
          ],
          [
            124.2,
            17.6
          ],
          [
            123.7,
            18.1
          ],
          [
            123.2,
            18.5
          ],
          [
            122.8,
            19.0
          ],
          [
            122.3,
            19.4
          ],
          [
            121.6,
            19.6
          ],
          [
            120.8,
            19.8
          ],
          [
            120.3,
            19.9
          ],
          [
            119.9,
            20.1
          ],
          [
            119.5,
            20.3
          ],
          [
            119.0,
            20.5
          ],
          [
            118.4,
            20.8
          ],
          [
            117.7,
            21.1
          ],
          [
            116.8,
            21.4
          ],
          [
            116.0,
            21.5
          ],
          [
            115.3,
            21.6
          ],
          [
            114.7,
            21.6
          ],
          [
            114.0,
            21.7
          ],
          [
            113.3,
            21.8
          ],
          [
            112.6,
            21.8
          ],
          [
            112.0,
            21.7
          ],
          [
            111.4,
            21.7
          ],
          [
            110.8,
            21.6
          ],
          [
            110.2,
            21.5
          ],
          [
            109.7,
            21.4
          ],
          [
            109.4,
            21.3
          ],
          [
            109.1,
            21.2
          ],
          [
            108.7,
            21.1
          ],
          [
            108.3,
            21.0
          ],
          [
            107.9,
            20.9
          ],
          [
            107.6,
            20.8
          ],
          [
            107.2,
            20.6
          ],
          [
            106.8,
            20.5
          ],
          [
            106.5,
            20.4
          ],
          [
            106.2,
            20.3
          ],
          [
            105.8,
            20.1
          ],
          [
            105.1,
            20.0
          ],
          [
            104.2,
            19.8
          ],
          [
            103.6,
            19.8
          ]
        ]
      },
      "properties": {
        "sid": "2025197N14131",
        "name": "WIPHA",
        "start_time": "2025-07-16 06:00:00",
        "end_time": "2025-07-22 18:00:00",
        "max_wind_kt": 60.0
      }
    },
    {
      "type": "Feature",
      "geometry": {
        "type": "LineString",
        "coordinates": [
          [
            132.6,
            17.9
          ],
          [
            132.3,
            18.6
          ],
          [
            131.9,
            19.2
          ],
          [
            131.5,
            19.6
          ],
          [
            131.0,
            19.9
          ],
          [
            130.5,
            20.2
          ],
          [
            130.1,
            20.7
          ],
          [
            130.0,
            21.3
          ],
          [
            129.9,
            21.9
          ],
          [
            129.6,
            22.1
          ],
          [
            129.3,
            22.3
          ],
          [
            128.8,
            22.7
          ],
          [
            128.4,
            23.1
          ],
          [
            128.1,
            23.6
          ],
          [
            128.0,
            24.0
          ],
          [
            128.0,
            24.4
          ],
          [
            128.0,
            24.8
          ],
          [
            127.7,
            25.4
          ],
          [
            127.1,
            26.0
          ],
          [
            126.1,
            26.5
          ],
          [
            125.1,
            26.7
          ],
          [
            124.3,
            26.8
          ],
          [
            123.7,
            26.7
          ],
          [
            123.1,
            26.6
          ],
          [
            122.6,
            26.5
          ],
          [
            122.2,
            26.4
          ],
          [
            121.8,
            26.3
          ],
          [
            121.4,
            26.3
          ],
          [
            121.1,
            26.3
          ],
          [
            120.9,
            26.4
          ],
          [
            120.8,
            26.6
          ],
          [
            120.6,
            26.6
          ],
          [
            120.3,
            26.7
          ],
          [
            120.0,
            26.6
          ],
          [
            119.7,
            26.6
          ],
          [
            119.7,
            26.6
          ],
          [
            119.7,
            26.5
          ],
          [
            119.8,
            26.4
          ],
          [
            120.0,
            26.3
          ],
          [
            120.2,
            26.2
          ],
          [
            120.4,
            26.1
          ]
        ]
      },
      "properties": {
        "sid": "2025203N18133",
        "name": "FRANCISCO",
        "start_time": "2025-07-22 06:00:00",
        "end_time": "2025-07-27 06:00:00",
        "max_wind_kt": 40.0
      }
    },
    {
      "type": "Feature",
      "geometry": {
        "type": "LineString",
        "coordinates": [
          [
            124.2,
            19.7
          ],
          [
            123.9,
            19.7
          ],
          [
            123.4,
            19.7
          ],
          [
            122.8,
            19.6
          ],
          [
            122.3,
            19.4
          ],
          [
            121.8,
            19.3
          ],
          [
            121.3,
            19.2
          ],
          [
            120.5,
            19.0
          ],
          [
            120.0,
            18.8
          ],
          [
            119.8,
            18.4
          ],
          [
            119.6,
            18.1
          ],
          [
            119.2,
            17.9
          ],
          [
            118.8,
            17.8
          ],
          [
            118.4,
            17.4
          ],
          [
            118.1,
            16.9
          ],
          [
            118.2,
            16.6
          ],
          [
            118.5,
            16.3
          ],
          [
            118.7,
            16.1
          ],
          [
            119.0,
            16.1
          ],
          [
            119.2,
            16.0
          ],
          [
            119.4,
            16.1
          ],
          [
            119.7,
            16.4
          ],
          [
            120.1,
            16.7
          ],
          [
            120.7,
            17.1
          ],
          [
            121.2,
            17.7
          ],
          [
            121.3,
            18.5
          ],
          [
            121.5,
            19.5
          ],
          [
            122.5,
            20.6
          ],
          [
            123.6,
            21.8
          ],
          [
            124.3,
            22.7
          ],
          [
            124.9,
            23.5
          ],
          [
            125.3,
            24.4
          ],
          [
            125.7,
            25.3
          ],
          [
            126.1,
            25.9
          ],
          [
            126.4,
            26.3
          ],
          [
            126.6,
            26.7
          ],
          [
            126.8,
            26.9
          ],
          [
            127.1,
            26.9
          ],
          [
            127.4,
            26.8
          ],
          [
            127.6,
            26.7
          ],
          [
            127.9,
            26.6
          ],
          [
            128.4,
            26.6
          ],
          [
            129.0,
            26.6
          ],
          [
            129.5,
            26.4
          ],
          [
            129.7,
            26.3
          ],
          [
            129.3,
            26.4
          ],
          [
            128.7,
            26.5
          ],
          [
            128.3,
            26.4
          ],
          [
            128.0,
            26.3
          ],
          [
            128.1,
            26.4
          ],
          [
            128.2,
            26.6
          ],
          [
            127.6,
            26.8
          ],
          [
            126.9,
            27.0
          ],
          [
            126.1,
            27.0
          ],
          [
            125.4,
            27.0
          ],
          [
            125.0,
            27.1
          ],
          [
            124.6,
            27.4
          ],
          [
            124.3,
            27.7
          ],
          [
            124.1,
            28.1
          ],
          [
            123.7,
            28.4
          ],
          [
            123.4,
            28.6
          ],
          [
            123.2,
            29.0
          ],
          [
            122.9,
            29.4
          ],
          [
            122.6,
            29.8
          ],
          [
            122.3,
            30.1
          ],
          [
            122.1,
            30.4
          ],
          [
            121.8,
            30.7
          ],
          [
            121.6,
            31.0
          ],
          [
            121.2,
            31.1
          ],
          [
            120.7,
            31.2
          ],
          [
            120.3,
            31.2
          ],
          [
            119.9,
            31.3
          ],
          [
            119.6,
            31.5
          ],
          [
            119.3,
            31.8
          ],
          [
            119.0,
            32.0
          ],
          [
            118.5,
            32.0
          ],
          [
            118.1,
            31.9
          ],
          [
            117.9,
            31.8
          ],
          [
            117.8,
            31.8
          ],
          [
            117.7,
            31.8
          ],
          [
            117.6,
            31.8
          ],
          [
            117.5,
            31.7
          ],
          [
            117.4,
            31.7
          ],
          [
            117.4,
            31.8
          ],
          [
            117.4,
            31.9
          ],
          [
            117.5,
            32.0
          ],
          [
            117.6,
            32.1
          ],
          [
            118.1,
            32.1
          ],
          [
            118.5,
            32.3
          ],
          [
            118.8,
            32.4
          ],
          [
            119.1,
            32.4
          ],
          [
            119.3,
            32.5
          ],
          [
            119.5,
            32.7
          ],
          [
            119.8,
            33.0
          ],
          [
            120.3,
            33.4
          ],
          [
            120.6,
            33.9
          ],
          [
            121.0,
            34.3
          ],
          [
            121.7,
            34.6
          ],
          [
            122.5,
            34.8
          ]
        ]
      },
      "properties": {
        "sid": "2025203N20124",
        "name": "CO-MAY",
        "start_time": "2025-07-22 00:00:00",
        "end_time": "2025-08-03 06:00:00",
        "max_wind_kt": 60.0
      }
    },
    {
      "type": "Feature",
      "geometry": {
        "type": "LineString",
        "coordinates": [
          [
            149.0,
            19.1
          ],
          [
            148.9,
            18.8
          ],
          [
            148.8,
            18.5
          ],
          [
            148.8,
            18.4
          ],
          [
            148.7,
            18.3
          ],
          [
            148.7,
            18.2
          ],
          [
            148.6,
            18.2
          ],
          [
            148.5,
            18.1
          ],
          [
            148.3,
            18.1
          ],
          [
            148.1,
            18.1
          ],
          [
            147.9,
            18.2
          ],
          [
            147.8,
            18.4
          ],
          [
            147.7,
            18.6
          ],
          [
            147.4,
            18.8
          ],
          [
            147.0,
            18.9
          ],
          [
            146.6,
            19.1
          ],
          [
            146.3,
            19.3
          ],
          [
            146.0,
            19.7
          ],
          [
            145.7,
            20.1
          ],
          [
            145.4,
            20.4
          ],
          [
            145.1,
            20.6
          ],
          [
            144.7,
            20.7
          ],
          [
            144.3,
            20.8
          ],
          [
            144.0,
            20.9
          ],
          [
            143.6,
            21.1
          ],
          [
            143.2,
            21.2
          ],
          [
            142.9,
            21.3
          ],
          [
            142.5,
            21.4
          ],
          [
            142.0,
            21.5
          ],
          [
            141.6,
            21.5
          ],
          [
            141.1,
            21.5
          ],
          [
            140.6,
            21.5
          ],
          [
            140.1,
            21.5
          ],
          [
            139.3,
            21.5
          ],
          [
            138.6,
            21.5
          ],
          [
            138.0,
            21.6
          ],
          [
            137.5,
            21.6
          ],
          [
            136.8,
            21.5
          ],
          [
            136.1,
            21.5
          ],
          [
            135.4,
            21.4
          ],
          [
            134.8,
            21.2
          ],
          [
            134.1,
            21.2
          ],
          [
            133.4,
            21.1
          ],
          [
            132.8,
            20.9
          ],
          [
            132.2,
            20.8
          ],
          [
            131.6,
            20.8
          ],
          [
            130.9,
            20.8
          ],
          [
            130.1,
            20.7
          ],
          [
            129.3,
            20.7
          ],
          [
            128.7,
            20.8
          ],
          [
            128.1,
            20.9
          ],
          [
            127.3,
            21.1
          ],
          [
            126.6,
            21.3
          ],
          [
            125.8,
            21.5
          ],
          [
            125.0,
            21.6
          ],
          [
            124.1,
            21.8
          ],
          [
            123.4,
            22.0
          ],
          [
            122.6,
            22.0
          ],
          [
            122.0,
            22.0
          ],
          [
            121.3,
            22.4
          ],
          [
            120.6,
            22.9
          ],
          [
            119.8,
            23.2
          ],
          [
            118.8,
            23.5
          ],
          [
            117.9,
            23.8
          ],
          [
            116.9,
            24.1
          ],
          [
            115.8,
            24.4
          ],
          [
            114.7,
            24.6
          ],
          [
            114.0,
            24.7
          ],
          [
            113.5,
            24.8
          ],
          [
            112.7,
            25.0
          ],
          [
            111.9,
            25.2
          ],
          [
            110.9,
            25.3
          ],
          [
            110.0,
            25.4
          ],
          [
            109.1,
            25.7
          ],
          [
            108.2,
            26.0
          ]
        ]
      },
      "properties": {
        "sid": "2025218N19149",
        "name": "PODUL",
        "start_time": "2025-08-05 18:00:00",
        "end_time": "2025-08-15 00:00:00",
        "max_wind_kt": 80.0
      }
    },
    {
      "type": "Feature",
      "geometry": {
        "type": "LineString",
        "coordinates": [
          [
            111.3,
            16.5
          ],
          [
            111.0,
            16.8
          ],
          [
            110.7,
            17.1
          ],
          [
            110.4,
            17.3
          ],
          [
            110.1,
            17.5
          ],
          [
            109.8,
            17.7
          ],
          [
            109.5,
            17.9
          ],
          [
            109.1,
            18.0
          ],
          [
            108.8,
            18.2
          ],
          [
            108.5,
            18.4
          ],
          [
            108.2,
            18.7
          ],
          [
            108.0,
            18.9
          ],
          [
            107.7,
            19.3
          ],
          [
            107.5,
            19.7
          ],
          [
            107.5,
            20.1
          ],
          [
            107.5,
            20.5
          ],
          [
            107.5,
            20.9
          ],
          [
            107.6,
            21.1
          ],
          [
            107.5,
            21.4
          ],
          [
            107.4,
            22.0
          ],
          [
            107.2,
            22.7
          ],
          [
            107.1,
            23.2
          ],
          [
            107.0,
            23.7
          ]
        ]
      },
      "properties": {
        "sid": "2025229N17111",
        "name": "UNNAMED",
        "start_time": "2025-08-16 18:00:00",
        "end_time": "2025-08-19 12:00:00",
        "max_wind_kt": null
      }
    },
    {
      "type": "Feature",
      "geometry": {
        "type": "LineString",
        "coordinates": [
          [
            126.4,
            15.4
          ],
          [
            125.5,
            15.3
          ],
          [
            124.6,
            15.4
          ],
          [
            123.9,
            15.5
          ],
          [
            123.3,
            15.7
          ],
          [
            122.9,
            15.9
          ],
          [
            122.5,
            16.1
          ],
          [
            122.2,
            16.4
          ],
          [
            121.7,
            16.7
          ],
          [
            120.7,
            17.0
          ],
          [
            119.6,
            17.2
          ],
          [
            118.8,
            17.2
          ],
          [
            117.9,
            17.2
          ],
          [
            117.2,
            17.3
          ],
          [
            116.6,
            17.4
          ],
          [
            115.7,
            17.5
          ],
          [
            114.9,
            17.6
          ],
          [
            114.1,
            17.7
          ],
          [
            113.5,
            17.7
          ],
          [
            112.8,
            17.5
          ],
          [
            112.2,
            17.3
          ],
          [
            111.7,
            17.2
          ],
          [
            111.2,
            17.2
          ],
          [
            110.7,
            17.3
          ],
          [
            110.3,
            17.4
          ],
          [
            109.8,
            17.7
          ],
          [
            109.3,
            17.9
          ],
          [
            108.8,
            18.0
          ],
          [
            108.3,
            18.1
          ],
          [
            107.8,
            18.2
          ],
          [
            107.2,
            18.3
          ],
          [
            106.7,
            18.4
          ],
          [
            106.2,
            18.5
          ],
          [
            106.0,
            18.5
          ],
          [
            105.7,
            18.5
          ],
          [
            105.4,
            18.6
          ],
          [
            104.9,
            18.7
          ],
          [
            104.1,
            18.8
          ],
          [
            103.3,
            18.9
          ],
          [
            102.7,
            18.9
          ],
          [
            102.2,
            19.1
          ],
          [
            101.7,
            19.4
          ],
          [
            101.2,
            19.6
          ],
          [
            100.6,
            19.7
          ],
          [
            100.2,
            19.7
          ],
          [
            99.8,
            19.8
          ],
          [
            99.6,
            20.1
          ]
        ]
      },
      "properties": {
        "sid": "2025233N15126",
        "name": "KAJIKI",
        "start_time": "2025-08-21 06:00:00",
        "end_time": "2025-08-27 00:00:00",
        "max_wind_kt": 80.0
      }
    },
    {
      "type": "Feature",
      "geometry": {
        "type": "LineString",
        "coordinates": [
          [
            120.1,
            17.5
          ],
          [
            119.8,
            17.5
          ],
          [
            119.5,
            17.5
          ],
          [
            119.2,
            17.5
          ],
          [
            118.8,
            17.5
          ],
          [
            118.4,
            17.5
          ],
          [
            117.9,
            17.6
          ],
          [
            117.6,
            17.7
          ],
          [
            117.2,
            17.8
          ],
          [
            116.8,
            17.9
          ],
          [
            116.4,
            18.0
          ],
          [
            116.0,
            18.2
          ],
          [
            115.6,
            18.3
          ],
          [
            115.2,
            18.4
          ],
          [
            114.8,
            18.4
          ],
          [
            114.6,
            18.3
          ],
          [
            114.4,
            18.4
          ],
          [
            114.1,
            18.7
          ],
          [
            113.9,
            19.1
          ],
          [
            113.7,
            19.5
          ],
          [
            113.6,
            19.9
          ],
          [
            113.4,
            20.3
          ],
          [
            113.1,
            20.8
          ],
          [
            112.9,
            21.3
          ],
          [
            112.7,
            21.7
          ],
          [
            112.3,
            22.3
          ],
          [
            111.8,
            22.9
          ],
          [
            111.4,
            23.1
          ],
          [
            111.1,
            23.4
          ],
          [
            110.8,
            23.7
          ],
          [
            110.4,
            24.1
          ],
          [
            110.2,
            24.2
          ],
          [
            109.9,
            24.6
          ],
          [
            109.6,
            24.9
          ]
        ]
      },
      "properties": {
        "sid": "2025248N18120",
        "name": "TAPAH",
        "start_time": "2025-09-05 00:00:00",
        "end_time": "2025-09-09 03:00:00",
        "max_wind_kt": 60.0
      }
    },
    {
      "type": "Feature",
      "geometry": {
        "type": "LineString",
        "coordinates": [
          [
            125.5,
            13.4
          ],
          [
            125.3,
            13.6
          ],
          [
            125.2,
            13.8
          ],
          [
            125.2,
            14.0
          ],
          [
            125.0,
            14.3
          ],
          [
            124.4,
            14.7
          ],
          [
            123.7,
            15.2
          ],
          [
            123.3,
            15.5
          ],
          [
            122.9,
            15.7
          ],
          [
            122.6,
            15.8
          ],
          [
            122.3,
            16.0
          ],
          [
            121.9,
            16.3
          ],
          [
            121.6,
            16.7
          ],
          [
            121.3,
            17.2
          ],
          [
            121.1,
            17.8
          ],
          [
            120.8,
            18.1
          ],
          [
            120.5,
            18.4
          ],
          [
            120.1,
            18.7
          ],
          [
            119.7,
            19.0
          ],
          [
            119.3,
            19.4
          ],
          [
            118.8,
            19.7
          ],
          [
            118.3,
            19.8
          ],
          [
            117.8,
            19.9
          ],
          [
            117.4,
            20.0
          ],
          [
            117.1,
            20.3
          ],
          [
            116.8,
            20.8
          ],
          [
            116.5,
            21.3
          ],
          [
            116.1,
            21.8
          ],
          [
            115.8,
            22.2
          ],
          [
            115.6,
            22.5
          ],
          [
            115.4,
            22.7
          ],
          [
            115.2,
            22.9
          ],
          [
            114.9,
            23.1
          ],
          [
            114.6,
            23.2
          ],
          [
            114.3,
            23.2
          ],
          [
            114.2,
            23.3
          ],
          [
            114.0,
            23.4
          ],
          [
            113.8,
            23.6
          ],
          [
            113.5,
            23.7
          ],
          [
            113.2,
            23.8
          ],
          [
            112.8,
            23.8
          ],
          [
            112.4,
            23.8
          ],
          [
            112.1,
            23.7
          ]
        ]
      },
      "properties": {
        "sid": "2025259N13126",
        "name": "MITAG",
        "start_time": "2025-09-15 12:00:00",
        "end_time": "2025-09-20 18:00:00",
        "max_wind_kt": 50.0
      }
    },
    {
      "type": "Feature",
      "geometry": {
        "type": "LineString",
        "coordinates": [
          [
            137.7,
            13.2
          ],
          [
            137.3,
            13.4
          ],
          [
            136.9,
            13.6
          ],
          [
            136.5,
            14.0
          ],
          [
            136.1,
            14.3
          ],
          [
            135.6,
            14.4
          ],
          [
            135.1,
            14.6
          ],
          [
            134.8,
            14.7
          ],
          [
            134.5,
            14.7
          ],
          [
            134.3,
            14.9
          ],
          [
            134.1,
            15.1
          ],
          [
            133.8,
            15.4
          ],
          [
            133.4,
            15.6
          ],
          [
            133.2,
            15.7
          ],
          [
            133.0,
            15.8
          ],
          [
            132.7,
            16.0
          ],
          [
            132.3,
            16.1
          ],
          [
            131.8,
            16.0
          ],
          [
            131.3,
            15.9
          ],
          [
            131.0,
            15.9
          ],
          [
            130.7,
            16.0
          ],
          [
            130.5,
            16.1
          ],
          [
            130.3,
            16.2
          ],
          [
            130.1,
            16.2
          ],
          [
            130.0,
            16.2
          ],
          [
            129.8,
            16.3
          ],
          [
            129.6,
            16.4
          ],
          [
            129.3,
            16.5
          ],
          [
            129.0,
            16.8
          ],
          [
            128.8,
            17.0
          ],
          [
            128.6,
            17.2
          ],
          [
            128.3,
            17.5
          ],
          [
            127.8,
            17.8
          ],
          [
            127.4,
            17.9
          ],
          [
            127.0,
            17.9
          ],
          [
            126.6,
            18.1
          ],
          [
            126.3,
            18.4
          ],
          [
            125.9,
            18.6
          ],
          [
            125.4,
            18.9
          ],
          [
            124.8,
            19.0
          ],
          [
            124.1,
            19.1
          ],
          [
            123.5,
            19.2
          ],
          [
            122.9,
            19.3
          ],
          [
            122.3,
            19.3
          ],
          [
            121.7,
            19.4
          ],
          [
            121.1,
            19.4
          ],
          [
            120.5,
            19.5
          ],
          [
            119.9,
            19.5
          ],
          [
            119.3,
            19.6
          ],
          [
            118.8,
            19.7
          ],
          [
            118.3,
            19.9
          ],
          [
            117.7,
            20.2
          ],
          [
            117.1,
            20.4
          ],
          [
            116.6,
            20.6
          ],
          [
            116.0,
            20.8
          ],
          [
            115.4,
            21.0
          ],
          [
            114.8,
            21.1
          ],
          [
            114.3,
            21.2
          ],
          [
            113.7,
            21.2
          ],
          [
            113.2,
            21.4
          ],
          [
            112.6,
            21.6
          ],
          [
            111.9,
            21.7
          ],
          [
            111.2,
            21.7
          ],
          [
            110.5,
            21.6
          ],
          [
            109.8,
            21.6
          ],
          [
            109.4,
            21.6
          ],
          [
            109.0,
            21.6
          ],
          [
            108.3,
            21.8
          ],
          [
            107.5,
            21.9
          ],
          [
            107.0,
            21.9
          ],
          [
            106.6,
            21.8
          ]
        ]
      },
      "properties": {
        "sid": "2025260N13138",
        "name": "RAGASA",
        "start_time": "2025-09-16 18:00:00",
        "end_time": "2025-09-25 12:00:00",
        "max_wind_kt": 110.0
      }
    },
    {
      "type": "Feature",
      "geometry": {
        "type": "LineString",
        "coordinates": [
          [
            132.9,
            13.7
          ],
          [
            132.3,
            13.9
          ],
          [
            131.6,
            14.1
          ],
          [
            131.1,
            14.2
          ],
          [
            130.7,
            14.3
          ],
          [
            130.2,
            14.4
          ],
          [
            129.7,
            14.4
          ],
          [
            129.1,
            14.5
          ],
          [
            128.4,
            14.7
          ],
          [
            127.8,
            14.8
          ],
          [
            127.2,
            15.0
          ],
          [
            126.8,
            15.1
          ],
          [
            126.4,
            15.2
          ],
          [
            125.7,
            15.4
          ],
          [
            125.0,
            15.6
          ],
          [
            124.3,
            15.8
          ],
          [
            123.7,
            15.9
          ],
          [
            123.1,
            16.2
          ],
          [
            122.5,
            16.5
          ],
          [
            121.7,
            16.7
          ],
          [
            121.0,
            17.0
          ],
          [
            120.1,
            17.2
          ],
          [
            119.4,
            17.4
          ],
          [
            118.7,
            17.5
          ],
          [
            118.1,
            17.6
          ],
          [
            117.3,
            17.9
          ],
          [
            116.6,
            18.1
          ],
          [
            115.9,
            18.2
          ],
          [
            115.2,
            18.3
          ],
          [
            114.6,
            18.6
          ],
          [
            114.1,
            19.0
          ],
          [
            113.4,
            19.3
          ],
          [
            112.8,
            19.7
          ],
          [
            112.2,
            19.9
          ],
          [
            111.6,
            20.2
          ],
          [
            111.0,
            20.5
          ],
          [
            110.5,
            20.8
          ],
          [
            110.0,
            21.0
          ],
          [
            109.5,
            21.3
          ],
          [
            109.0,
            21.6
          ],
          [
            108.4,
            21.8
          ],
          [
            107.7,
            21.9
          ],
          [
            107.3,
            21.9
          ],
          [
            107.0,
            22.0
          ],
          [
            106.6,
            22.1
          ],
          [
            106.4,
            22.4
          ],
          [
            106.1,
            22.7
          ]
        ]
      },
      "properties": {
        "sid": "2025274N14133",
        "name": "MATMO",
        "start_time": "2025-09-30 18:00:00",
        "end_time": "2025-10-06 12:00:00",
        "max_wind_kt": 70.0
      }
    },
    {
      "type": "Feature",
      "geometry": {
        "type": "LineString",
        "coordinates": [
          [
            139.7,
            13.1
          ],
          [
            139.0,
            13.7
          ],
          [
            138.2,
            14.1
          ],
          [
            137.2,
            14.2
          ],
          [
            136.3,
            14.1
          ],
          [
            135.7,
            14.1
          ],
          [
            135.2,
            14.1
          ],
          [
            134.6,
            14.1
          ],
          [
            133.9,
            14.1
          ],
          [
            133.2,
            14.0
          ],
          [
            132.6,
            13.8
          ],
          [
            132.1,
            13.7
          ],
          [
            131.6,
            13.6
          ],
          [
            130.9,
            13.5
          ],
          [
            130.2,
            13.3
          ],
          [
            129.5,
            13.3
          ],
          [
            128.8,
            13.2
          ],
          [
            128.1,
            13.1
          ],
          [
            127.3,
            12.9
          ],
          [
            126.6,
            12.8
          ],
          [
            125.9,
            12.9
          ],
          [
            125.2,
            12.9
          ],
          [
            124.6,
            13.0
          ],
          [
            124.2,
            13.2
          ],
          [
            123.7,
            13.6
          ],
          [
            123.1,
            13.8
          ],
          [
            122.5,
            14.0
          ],
          [
            122.0,
            14.2
          ],
          [
            121.4,
            14.4
          ],
          [
            120.6,
            14.7
          ],
          [
            119.8,
            15.0
          ],
          [
            119.3,
            15.5
          ],
          [
            118.8,
            16.1
          ],
          [
            118.2,
            16.7
          ],
          [
            117.6,
            17.2
          ],
          [
            117.1,
            17.7
          ],
          [
            116.5,
            18.0
          ],
          [
            116.0,
            18.3
          ],
          [
            115.4,
            18.4
          ],
          [
            114.8,
            18.5
          ],
          [
            114.2,
            18.4
          ],
          [
            113.6,
            18.2
          ],
          [
            113.0,
            18.0
          ],
          [
            112.7,
            17.8
          ],
          [
            112.5,
            17.6
          ],
          [
            112.2,
            17.5
          ],
          [
            112.0,
            17.5
          ],
          [
            111.8,
            17.4
          ],
          [
            111.7,
            17.4
          ],
          [
            111.6,
            17.4
          ],
          [
            111.6,
            17.4
          ],
          [
            111.5,
            17.4
          ],
          [
            111.3,
            17.4
          ],
          [
            110.8,
            17.4
          ],
          [
            110.3,
            17.4
          ],
          [
            109.9,
            17.2
          ],
          [
            109.6,
            17.0
          ],
          [
            109.2,
            16.7
          ],
          [
            108.9,
            16.4
          ],
          [
            108.7,
            16.2
          ],
          [
            108.6,
            16.1
          ],
          [
            108.3,
            16.0
          ],
          [
            108.2,
            15.8
          ]
        ]
      },
      "properties": {
        "sid": "2025289N13140",
        "name": "FENGSHEN",
        "start_time": "2025-10-15 12:00:00",
        "end_time": "2025-10-23 06:00:00",
        "max_wind_kt": 50.0
      }
    },
    {
      "type": "Feature",
      "geometry": {
        "type": "LineString",
        "coordinates": [
          [
            143.5,
            9.2
          ],
          [
            143.0,
            8.9
          ],
          [
            142.5,
            8.7
          ],
          [
            142.3,
            8.4
          ],
          [
            142.5,
            8.2
          ],
          [
            143.0,
            8.2
          ],
          [
            143.4,
            8.2
          ],
          [
            143.3,
            8.4
          ],
          [
            143.0,
            8.5
          ],
          [
            142.7,
            8.7
          ],
          [
            142.3,
            8.8
          ],
          [
            141.8,
            9.1
          ],
          [
            141.3,
            9.4
          ],
          [
            140.8,
            9.7
          ],
          [
            140.5,
            9.9
          ],
          [
            140.5,
            9.9
          ],
          [
            140.4,
            9.9
          ],
          [
            140.0,
            10.0
          ],
          [
            139.5,
            10.3
          ],
          [
            139.2,
            10.5
          ],
          [
            138.8,
            10.8
          ],
          [
            138.4,
            11.1
          ],
          [
            138.0,
            11.4
          ],
          [
            137.3,
            11.6
          ],
          [
            136.6,
            11.7
          ],
          [
            136.0,
            11.8
          ],
          [
            135.4,
            12.0
          ],
          [
            134.7,
            12.1
          ],
          [
            134.0,
            12.2
          ],
          [
            133.1,
            12.3
          ],
          [
            132.1,
            12.5
          ],
          [
            131.4,
            12.7
          ],
          [
            130.5,
            12.9
          ],
          [
            129.4,
            13.1
          ],
          [
            128.2,
            13.3
          ],
          [
            127.3,
            13.5
          ],
          [
            126.5,
            13.7
          ],
          [
            125.6,
            13.9
          ],
          [
            124.8,
            14.2
          ],
          [
            124.0,
            14.5
          ],
          [
            123.3,
            14.8
          ],
          [
            122.6,
            15.4
          ],
          [
            121.8,
            16.0
          ],
          [
            121.0,
            16.3
          ],
          [
            120.2,
            16.5
          ],
          [
            119.6,
            16.8
          ],
          [
            119.2,
            17.1
          ],
          [
            119.0,
            17.4
          ],
          [
            118.9,
            17.6
          ],
          [
            118.7,
            17.9
          ],
          [
            118.5,
            18.3
          ],
          [
            118.4,
            18.6
          ],
          [
            118.3,
            18.9
          ],
          [
            118.3,
            19.1
          ],
          [
            118.3,
            19.4
          ],
          [
            118.4,
            19.8
          ],
          [
            118.5,
            20.2
          ],
          [
            118.7,
            20.4
          ],
          [
            118.9,
            20.7
          ],
          [
            118.9,
            21.0
          ],
          [
            119.0,
            21.3
          ],
          [
            119.1,
            21.4
          ],
          [
            119.3,
            21.4
          ],
          [
            119.5,
            21.6
          ],
          [
            119.8,
            21.8
          ],
          [
            120.2,
            22.0
          ],
          [
            120.8,
            22.2
          ],
          [
            121.3,
            22.6
          ],
          [
            121.8,
            23.1
          ],
          [
            122.3,
            23.9
          ],
          [
            122.9,
            24.7
          ],
          [
            123.8,
            25.2
          ],
          [
            125.0,
            25.6
          ],
          [
            126.1,
            25.7
          ],
          [
            127.3,
            25.8
          ],
          [
            128.3,
            25.8
          ],
          [
            130.0,
            26.2
          ]
        ]
      },
      "properties": {
        "sid": "2025308N09144",
        "name": "FUNG-WONG",
        "start_time": "2025-11-04 06:00:00",
        "end_time": "2025-11-13 18:00:00",
        "max_wind_kt": 95.0
      }
    },
    {
      "type": "Feature",
      "geometry": {
        "type": "LineString",
        "coordinates": [
          [
            163.3,
            8.7
          ],
          [
            163.2,
            8.9
          ],
          [
            163.0,
            9.2
          ],
          [
            162.7,
            9.5
          ],
          [
            162.3,
            9.8
          ],
          [
            161.9,
            10.2
          ],
          [
            161.4,
            10.5
          ],
          [
            160.8,
            10.7
          ],
          [
            160.2,
            10.9
          ],
          [
            159.6,
            11.3
          ],
          [
            159.0,
            11.7
          ],
          [
            158.5,
            12.0
          ],
          [
            158.0,
            12.3
          ],
          [
            157.3,
            12.5
          ],
          [
            156.6,
            12.6
          ],
          [
            155.9,
            12.7
          ],
          [
            155.3,
            12.7
          ],
          [
            154.7,
            12.8
          ],
          [
            154.2,
            12.9
          ],
          [
            153.6,
            12.9
          ],
          [
            153.1,
            12.8
          ],
          [
            152.6,
            12.8
          ],
          [
            152.2,
            12.7
          ],
          [
            151.8,
            12.6
          ],
          [
            151.5,
            12.5
          ],
          [
            151.1,
            12.5
          ],
          [
            150.8,
            12.5
          ],
          [
            150.5,
            12.6
          ],
          [
            150.2,
            12.7
          ],
          [
            149.9,
            12.7
          ],
          [
            149.6,
            12.7
          ],
          [
            149.3,
            12.8
          ],
          [
            148.9,
            12.9
          ],
          [
            148.5,
            13.1
          ],
          [
            148.1,
            13.4
          ],
          [
            147.5,
            13.6
          ],
          [
            146.9,
            13.7
          ],
          [
            146.5,
            13.8
          ],
          [
            146.1,
            14.0
          ],
          [
            145.6,
            14.1
          ],
          [
            145.0,
            14.3
          ],
          [
            144.5,
            14.6
          ],
          [
            144.0,
            14.9
          ],
          [
            143.4,
            15.2
          ],
          [
            142.7,
            15.4
          ],
          [
            141.9,
            15.7
          ],
          [
            141.1,
            15.9
          ],
          [
            140.5,
            16.1
          ],
          [
            139.9,
            16.2
          ],
          [
            139.2,
            16.3
          ],
          [
            138.4,
            16.5
          ],
          [
            137.5,
            16.7
          ],
          [
            136.7,
            16.8
          ],
          [
            136.0,
            16.8
          ],
          [
            135.3,
            16.8
          ],
          [
            134.7,
            16.8
          ],
          [
            134.1,
            16.9
          ],
          [
            133.5,
            16.9
          ],
          [
            133.0,
            16.9
          ],
          [
            132.4,
            17.1
          ],
          [
            131.8,
            17.3
          ],
          [
            131.3,
            17.4
          ],
          [
            130.8,
            17.6
          ],
          [
            130.3,
            17.9
          ],
          [
            129.9,
            18.3
          ],
          [
            129.4,
            18.5
          ],
          [
            129.0,
            18.7
          ],
          [
            128.9,
            18.9
          ],
          [
            128.8,
            19.2
          ],
          [
            128.6,
            19.6
          ],
          [
            128.2,
            20.1
          ],
          [
            127.7,
            20.4
          ],
          [
            127.3,
            20.8
          ],
          [
            127.1,
            21.3
          ],
          [
            126.9,
            21.9
          ],
          [
            126.5,
            22.3
          ],
          [
            126.0,
            22.7
          ],
          [
            125.6,
            23.2
          ],
          [
            125.2,
            23.8
          ],
          [
            124.9,
            24.4
          ],
          [
            124.6,
            25.0
          ],
          [
            124.0,
            25.8
          ],
          [
            123.2,
            26.6
          ],
          [
            122.5,
            27.1
          ],
          [
            121.8,
            27.6
          ],
          [
            121.1,
            28.1
          ],
          [
            120.4,
            28.7
          ],
          [
            119.9,
            29.3
          ],
          [
            119.5,
            29.9
          ],
          [
            118.8,
            30.5
          ],
          [
            118.3,
            31.0
          ],
          [
            118.1,
            31.5
          ],
          [
            118.1,
            32.0
          ],
          [
            118.0,
            32.3
          ],
          [
            117.9,
            32.6
          ],
          [
            117.9,
            33.0
          ],
          [
            118.0,
            33.4
          ],
          [
            117.9,
            33.9
          ],
          [
            117.8,
            34.3
          ],
          [
            118.0,
            34.5
          ],
          [
            118.5,
            34.7
          ],
          [
            119.2,
            35.2
          ],
          [
            119.9,
            35.7
          ],
          [
            120.5,
            36.2
          ],
          [
            121.2,
            36.6
          ],
          [
            122.1,
            37.0
          ],
          [
            123.0,
            37.5
          ],
          [
            123.8,
            38.0
          ],
          [
            124.8,
            38.5
          ],
          [
            126.3,
            39.1
          ],
          [
            128.1,
            39.7
          ]
        ]
      },
      "properties": {
        "sid": "2026182N09163",
        "name": "BAVI",
        "start_time": "2026-07-01 00:00:00",
        "end_time": "2026-07-14 18:00:00",
        "max_wind_kt": null
      }
    },
    {
      "type": "Feature",
      "geometry": {
        "type": "LineString",
        "coordinates": [
          [
            115.0,
            17.3
          ],
          [
            114.0,
            17.5
          ],
          [
            113.1,
            17.6
          ],
          [
            112.3,
            17.7
          ],
          [
            111.6,
            17.8
          ],
          [
            111.2,
            17.7
          ],
          [
            111.0,
            17.6
          ],
          [
            110.7,
            17.5
          ],
          [
            110.4,
            17.4
          ],
          [
            110.2,
            17.3
          ],
          [
            110.1,
            17.3
          ],
          [
            109.9,
            17.4
          ],
          [
            109.7,
            17.6
          ],
          [
            109.6,
            18.0
          ],
          [
            109.5,
            18.5
          ],
          [
            109.1,
            19.2
          ],
          [
            108.7,
            19.8
          ],
          [
            108.5,
            20.1
          ],
          [
            108.4,
            20.2
          ],
          [
            108.1,
            20.4
          ],
          [
            107.8,
            20.6
          ],
          [
            107.7,
            21.0
          ],
          [
            107.8,
            21.3
          ],
          [
            107.8,
            21.5
          ],
          [
            107.9,
            21.6
          ],
          [
            107.9,
            21.8
          ],
          [
            107.9,
            22.1
          ],
          [
            108.1,
            22.5
          ],
          [
            108.3,
            23.0
          ]
        ]
      },
      "properties": {
        "sid": "2026183N17115",
        "name": "MAYSAK",
        "start_time": "2026-07-01 18:00:00",
        "end_time": "2026-07-05 06:00:00",
        "max_wind_kt": null
      }
    },
    {
      "type": "Feature",
      "geometry": {
        "type": "LineString",
        "coordinates": [
          [
            128.4,
            17.4
          ],
          [
            127.7,
            17.7
          ],
          [
            126.9,
            18.0
          ],
          [
            126.0,
            18.2
          ],
          [
            125.1,
            18.3
          ],
          [
            124.3,
            18.5
          ],
          [
            123.5,
            18.7
          ],
          [
            122.6,
            18.7
          ],
          [
            121.8,
            18.8
          ],
          [
            121.1,
            19.2
          ],
          [
            120.4,
            19.7
          ],
          [
            119.8,
            19.9
          ],
          [
            119.3,
            20.0
          ],
          [
            118.8,
            20.4
          ],
          [
            118.3,
            20.8
          ],
          [
            117.4,
            21.1
          ],
          [
            116.6,
            21.3
          ],
          [
            116.2,
            21.5
          ],
          [
            115.9,
            21.8
          ],
          [
            115.5,
            22.1
          ],
          [
            115.1,
            22.4
          ],
          [
            114.8,
            22.6
          ],
          [
            114.5,
            22.9
          ],
          [
            114.3,
            23.3
          ],
          [
            114.2,
            23.9
          ]
        ]
      },
      "properties": {
        "sid": "2026204N17128",
        "name": "NOUL",
        "start_time": "2026-07-23 06:00:00",
        "end_time": "2026-07-26 06:00:00",
        "max_wind_kt": null
      }
    },
    {
      "type": "Feature",
      "geometry": {
        "type": "LineString",
        "coordinates": [
          [
            178.3,
            12.8
          ],
          [
            177.5,
            13.1
          ],
          [
            176.7,
            13.4
          ],
          [
            175.9,
            13.6
          ],
          [
            175.2,
            13.6
          ],
          [
            174.4,
            13.4
          ],
          [
            173.7,
            13.2
          ],
          [
            173.2,
            13.0
          ],
          [
            172.8,
            13.0
          ],
          [
            172.3,
            13.1
          ],
          [
            171.7,
            13.3
          ],
          [
            171.2,
            13.3
          ],
          [
            170.7,
            13.4
          ],
          [
            170.3,
            13.5
          ],
          [
            169.9,
            13.7
          ],
          [
            169.5,
            13.9
          ],
          [
            169.1,
            14.1
          ],
          [
            168.7,
            14.3
          ],
          [
            168.4,
            14.5
          ],
          [
            168.1,
            14.8
          ],
          [
            167.7,
            15.2
          ],
          [
            167.3,
            15.5
          ],
          [
            166.8,
            15.8
          ],
          [
            166.2,
            16.1
          ],
          [
            165.7,
            16.4
          ],
          [
            165.3,
            16.6
          ],
          [
            164.9,
            16.9
          ],
          [
            164.4,
            17.2
          ],
          [
            163.9,
            17.5
          ],
          [
            163.4,
            17.7
          ],
          [
            162.9,
            17.9
          ],
          [
            162.4,
            18.1
          ],
          [
            161.9,
            18.3
          ],
          [
            161.4,
            18.4
          ],
          [
            161.0,
            18.6
          ],
          [
            160.6,
            18.8
          ],
          [
            160.1,
            19.1
          ],
          [
            159.6,
            19.5
          ],
          [
            159.1,
            19.8
          ],
          [
            158.7,
            20.0
          ],
          [
            158.3,
            20.2
          ],
          [
            157.9,
            20.5
          ],
          [
            157.5,
            20.8
          ],
          [
            156.9,
            21.2
          ],
          [
            156.2,
            21.6
          ],
          [
            155.6,
            21.9
          ],
          [
            154.9,
            22.1
          ],
          [
            154.2,
            22.4
          ],
          [
            153.5,
            22.7
          ],
          [
            152.8,
            23.0
          ],
          [
            152.2,
            23.2
          ],
          [
            151.6,
            23.4
          ],
          [
            150.9,
            23.6
          ],
          [
            150.1,
            23.8
          ],
          [
            149.4,
            24.0
          ],
          [
            148.9,
            24.2
          ],
          [
            148.4,
            24.4
          ],
          [
            147.8,
            24.7
          ],
          [
            147.1,
            25.0
          ],
          [
            146.4,
            25.0
          ],
          [
            145.7,
            25.0
          ],
          [
            144.9,
            25.1
          ],
          [
            144.2,
            25.1
          ],
          [
            143.7,
            25.1
          ],
          [
            143.2,
            25.1
          ],
          [
            142.6,
            25.2
          ],
          [
            141.9,
            25.3
          ],
          [
            141.2,
            25.3
          ],
          [
            140.6,
            25.2
          ],
          [
            139.9,
            25.2
          ],
          [
            139.3,
            25.3
          ],
          [
            138.8,
            25.3
          ],
          [
            138.3,
            25.4
          ],
          [
            137.7,
            25.5
          ],
          [
            137.2,
            25.6
          ],
          [
            136.7,
            25.7
          ],
          [
            136.2,
            25.9
          ],
          [
            135.6,
            26.1
          ],
          [
            135.0,
            26.3
          ],
          [
            134.2,
            26.3
          ],
          [
            133.5,
            26.2
          ],
          [
            133.0,
            26.4
          ],
          [
            132.6,
            26.6
          ],
          [
            132.1,
            26.5
          ],
          [
            131.5,
            26.5
          ],
          [
            131.0,
            26.7
          ],
          [
            130.4,
            26.9
          ],
          [
            129.6,
            27.1
          ],
          [
            128.8,
            27.2
          ],
          [
            128.4,
            26.9
          ],
          [
            128.1,
            26.7
          ],
          [
            127.7,
            27.0
          ],
          [
            127.2,
            27.2
          ],
          [
            126.8,
            26.9
          ],
          [
            126.5,
            26.6
          ],
          [
            126.3,
            26.8
          ],
          [
            126.0,
            27.0
          ],
          [
            125.6,
            27.0
          ],
          [
            125.2,
            26.9
          ],
          [
            125.0,
            26.9
          ],
          [
            124.8,
            27.0
          ],
          [
            124.4,
            27.1
          ],
          [
            124.0,
            27.2
          ],
          [
            123.6,
            27.5
          ],
          [
            123.2,
            27.8
          ],
          [
            122.6,
            28.0
          ],
          [
            121.9,
            28.1
          ],
          [
            121.2,
            28.0
          ],
          [
            120.6,
            27.9
          ],
          [
            120.1,
            27.9
          ],
          [
            119.7,
            27.9
          ]
        ]
      },
      "properties": {
        "sid": "2026208N13178",
        "name": "DOLPHIN",
        "start_time": "2026-07-27 00:00:00",
        "end_time": "2026-08-09 18:00:00",
        "max_wind_kt": null
      }
    }
  ]
}